proteome_id	source	ecosystem	domain	mag_id_candidate	source_analysis_accession	analysis_alias	filename	proteome_faa_stem	mag_fasta_matched	mag_fasta_best_key	mag_fasta_match_count	mag_fasta_best_path	mag_fasta_all_paths	proteome_faa_matched	proteome_faa_best_key	proteome_faa_match_count	proteome_faa_best_path
mucc__2162886008_15	mucc	wetland	Unknown	2162886008_15				mucc__2162886008_15	True	mag_id_candidate	3	data/assemblies/2162886008_15.fasta	data/assemblies/2162886008_15.fasta;data/blue_catalyst_poc/mucc/extracted/Methanoregula_MAGs_DB/2162886008_15.fna;data/mucc/Methanoregula_MAGs_DB/Methanoregula_MAGs_DB/2162886008_15.fna	True	proteome_faa_stem	1	data/blue_catalyst_poc/proteomes/mucc__2162886008_15.faa
mucc__3300001784_29	mucc	wetland	Unknown	3300001784_29				mucc__3300001784_29	True	mag_id_candidate	3	data/assemblies/3300001784_29.fasta	data/assemblies/3300001784_29.fasta;data/blue_catalyst_poc/mucc/extracted/Methanoregula_MAGs_DB/3300001784_29.fna;data/mucc/Methanoregula_MAGs_DB/Methanoregula_MAGs_DB/3300001784_29.fna	True	proteome_faa_stem	1	data/blue_catalyst_poc/proteomes/mucc__3300001784_29.faa
mucc__3300004775_9	mucc	wetland	Unknown	3300004775_9				mucc__3300004775_9	True	mag_id_candidate	3	data/assemblies/3300004775_9.fasta	data/assemblies/3300004775_9.fasta;data/blue_catalyst_poc/mucc/extracted/Methanoregula_MAGs_DB/3300004775_9.fna;data/mucc/Methanoregula_MAGs_DB/Methanoregula_MAGs_DB/3300004775_9.fna	True	proteome_faa_stem	1	data/blue_catalyst_poc/proteomes/mucc__3300004775_9.faa
mucc__3300005325_23	mucc	wetland	Unknown	3300005325_23				mucc__3300005325_23	True	mag_id_candidate	3	data/assemblies/3300005325_23.fasta	data/assemblies/3300005325_23.fasta;data/blue_catalyst_poc/mucc/extracted/Methanoregula_MAGs_DB/3300005325_23.fna;data/mucc/Methanoregula_MAGs_DB/Methanoregula_MAGs_DB/3300005325_23.fna	True	proteome_faa_stem	1	data/blue_catalyst_poc/proteomes/mucc__3300005325_23.faa
mucc__3300005326_54	mucc	wetland	Unknown	3300005326_54				mucc__3300005326_54	True	mag_id_candidate	3	data/assemblies/3300005326_54.fasta	data/assemblies/3300005326_54.fasta;data/blue_catalyst_poc/mucc/extracted/Methanoregula_MAGs_DB/3300005326_54.fna;data/mucc/Methanoregula_MAGs_DB/Methanoregula_MAGs_DB/3300005326_54.fna	True	proteome_faa_stem	1	data/blue_catalyst_poc/proteomes/mucc__3300005326_54.faa
mucc__3300009053_19	mucc	wetland	Unknown	3300009053_19				mucc__3300009053_19	True	mag_id_candidate	3	data/assemblies/3300009053_19.fasta	data/assemblies/3300009053_19.fasta;data/blue_catalyst_poc/mucc/extracted/Methanoregula_MAGs_DB/3300009053_19.fna;data/mucc/Methanoregula_MAGs_DB/Methanoregula_MAGs_DB/3300009053_19.fna	True	proteome_faa_stem	1	data/blue_catalyst_poc/proteomes/mucc__3300009053_19.faa
mucc__3300009081_10	mucc	wetland	Unknown	3300009081_10				mucc__3300009081_10	True	mag_id_candidate	3	data/assemblies/3300009081_10.fasta	data/assemblies/3300009081_10.fasta;data/blue_catalyst_poc/mucc/extracted/Methanoregula_MAGs_DB/3300009081_10.fna;data/mucc/Methanoregula_MAGs_DB/Methanoregula_MAGs_DB/3300009081_10.fna	True	proteome_faa_stem	1	data/blue_catalyst_poc/proteomes/mucc__3300009081_10.faa
mucc__3300009153_19	mucc	wetland	Unknown	3300009153_19				mucc__3300009153_19	True	mag_id_candidate	3	data/assemblies/3300009153_19.fasta	data/assemblies/3300009153_19.fasta;data/blue_catalyst_poc/mucc/extracted/Methanoregula_MAGs_DB/3300009153_19.fna;data/mucc/Methanoregula_MAGs_DB/Methanoregula_MAGs_DB/3300009153_19.fna	True	proteome_faa_stem	1	data/blue_catalyst_poc/proteomes/mucc__3300009153_19.faa
mucc__3300010293_30	mucc	wetland	Unknown	3300010293_30				mucc__3300010293_30	True	mag_id_candidate	3	data/assemblies/3300010293_30.fasta	data/assemblies/3300010293_30.fasta;data/blue_catalyst_poc/mucc/extracted/Methanoregula_MAGs_DB/3300010293_30.fna;data/mucc/Methanoregula_MAGs_DB/Methanoregula_MAGs_DB/3300010293_30.fna	True	proteome_faa_stem	1	data/blue_catalyst_poc/proteomes/mucc__3300010293_30.faa
mucc__3300013126_82	mucc	wetland	Unknown	3300013126_82				mucc__3300013126_82	True	mag_id_candidate	3	data/assemblies/3300013126_82.fasta	data/assemblies/3300013126_82.fasta;data/blue_catalyst_poc/mucc/extracted/Methanoregula_MAGs_DB/3300013126_82.fna;data/mucc/Methanoregula_MAGs_DB/Methanoregula_MAGs_DB/3300013126_82.fna	True	proteome_faa_stem	1	data/blue_catalyst_poc/proteomes/mucc__3300013126_82.faa
mucc__3300013126_97	mucc	wetland	Unknown	3300013126_97				mucc__3300013126_97	True	mag_id_candidate	3	data/assemblies/3300013126_97.fasta	data/assemblies/3300013126_97.fasta;data/blue_catalyst_poc/mucc/extracted/Methanoregula_MAGs_DB/3300013126_97.fna;data/mucc/Methanoregula_MAGs_DB/Methanoregula_MAGs_DB/3300013126_97.fna	True	proteome_faa_stem	1	data/blue_catalyst_poc/proteomes/mucc__3300013126_97.faa
mucc__3300014199_19	mucc	wetland	Unknown	3300014199_19				mucc__3300014199_19	True	mag_id_candidate	3	data/assemblies/3300014199_19.fasta	data/assemblies/3300014199_19.fasta;data/blue_catalyst_poc/mucc/extracted/Methanoregula_MAGs_DB/3300014199_19.fna;data/mucc/Methanoregula_MAGs_DB/Methanoregula_MAGs_DB/3300014199_19.fna	True	proteome_faa_stem	1	data/blue_catalyst_poc/proteomes/mucc__3300014199_19.faa
mucc__3300014205_53	mucc	wetland	Unknown	3300014205_53				mucc__3300014205_53	True	mag_id_candidate	3	data/assemblies/3300014205_53.fasta	data/assemblies/3300014205_53.fasta;data/blue_catalyst_poc/mucc/extracted/Methanoregula_MAGs_DB/3300014205_53.fna;data/mucc/Methanoregula_MAGs_DB/Methanoregula_MAGs_DB/3300014205_53.fna	True	proteome_faa_stem	1	data/blue_catalyst_poc/proteomes/mucc__3300014205_53.faa
mucc__3300016725_15	mucc	wetland	Unknown	3300016725_15				mucc__3300016725_15	True	mag_id_candidate	3	data/assemblies/3300016725_15.fasta	data/assemblies/3300016725_15.fasta;data/blue_catalyst_poc/mucc/extracted/Methanoregula_MAGs_DB/3300016725_15.fna;data/mucc/Methanoregula_MAGs_DB/Methanoregula_MAGs_DB/3300016725_15.fna	True	proteome_faa_stem	1	data/blue_catalyst_poc/proteomes/mucc__3300016725_15.faa
mucc__3300017643_20	mucc	wetland	Unknown	3300017643_20				mucc__3300017643_20	True	mag_id_candidate	3	data/assemblies/3300017643_20.fasta	data/assemblies/3300017643_20.fasta;data/blue_catalyst_poc/mucc/extracted/Methanoregula_MAGs_DB/3300017643_20.fna;data/mucc/Methanoregula_MAGs_DB/Methanoregula_MAGs_DB/3300017643_20.fna	True	proteome_faa_stem	1	data/blue_catalyst_poc/proteomes/mucc__3300017643_20.faa
mucc__3300017947_8	mucc	wetland	Unknown	3300017947_8				mucc__3300017947_8	True	mag_id_candidate	3	data/assemblies/3300017947_8.fasta	data/assemblies/3300017947_8.fasta;data/blue_catalyst_poc/mucc/extracted/Methanoregula_MAGs_DB/3300017947_8.fna;data/mucc/Methanoregula_MAGs_DB/Methanoregula_MAGs_DB/3300017947_8.fna	True	proteome_faa_stem	1	data/blue_catalyst_poc/proteomes/mucc__3300017947_8.faa
mucc__3300017959_16	mucc	wetland	Unknown	3300017959_16				mucc__3300017959_16	True	mag_id_candidate	3	data/assemblies/3300017959_16.fasta	data/assemblies/3300017959_16.fasta;data/blue_catalyst_poc/mucc/extracted/Methanoregula_MAGs_DB/3300017959_16.fna;data/mucc/Methanoregula_MAGs_DB/Methanoregula_MAGs_DB/3300017959_16.fna	True	proteome_faa_stem	1	data/blue_catalyst_poc/proteomes/mucc__3300017959_16.faa
mucc__3300017975_11	mucc	wetland	Unknown	3300017975_11				mucc__3300017975_11	True	mag_id_candidate	3	data/assemblies/3300017975_11.fasta	data/assemblies/3300017975_11.fasta;data/blue_catalyst_poc/mucc/extracted/Methanoregula_MAGs_DB/3300017975_11.fna;data/mucc/Methanoregula_MAGs_DB/Methanoregula_MAGs_DB/3300017975_11.fna	True	proteome_faa_stem	1	data/blue_catalyst_poc/proteomes/mucc__3300017975_11.faa
mucc__3300018012_6	mucc	wetland	Unknown	3300018012_6				mucc__3300018012_6	True	mag_id_candidate	3	data/assemblies/3300018012_6.fasta	data/assemblies/3300018012_6.fasta;data/blue_catalyst_poc/mucc/extracted/Methanoregula_MAGs_DB/3300018012_6.fna;data/mucc/Methanoregula_MAGs_DB/Methanoregula_MAGs_DB/3300018012_6.fna	True	proteome_faa_stem	1	data/blue_catalyst_poc/proteomes/mucc__3300018012_6.faa
mucc__3300018019_17	mucc	wetland	Unknown	3300018019_17				mucc__3300018019_17	True	mag_id_candidate	3	data/assemblies/3300018019_17.fasta	data/assemblies/3300018019_17.fasta;data/blue_catalyst_poc/mucc/extracted/Methanoregula_MAGs_DB/3300018019_17.fna;data/mucc/Methanoregula_MAGs_DB/Methanoregula_MAGs_DB/3300018019_17.fna	True	proteome_faa_stem	1	data/blue_catalyst_poc/proteomes/mucc__3300018019_17.faa
mucc__3300021071_20	mucc	wetland	Unknown	3300021071_20				mucc__3300021071_20	True	mag_id_candidate	3	data/assemblies/3300021071_20.fasta	data/assemblies/3300021071_20.fasta;data/blue_catalyst_poc/mucc/extracted/Methanoregula_MAGs_DB/3300021071_20.fna;data/mucc/Methanoregula_MAGs_DB/Methanoregula_MAGs_DB/3300021071_20.fna	True	proteome_faa_stem	1	data/blue_catalyst_poc/proteomes/mucc__3300021071_20.faa
mucc__3300025858_29	mucc	wetland	Unknown	3300025858_29				mucc__3300025858_29	True	mag_id_candidate	3	data/assemblies/3300025858_29.fasta	data/assemblies/3300025858_29.fasta;data/blue_catalyst_poc/mucc/extracted/Methanoregula_MAGs_DB/3300025858_29.fna;data/mucc/Methanoregula_MAGs_DB/Methanoregula_MAGs_DB/3300025858_29.fna	True	proteome_faa_stem	1	data/blue_catalyst_poc/proteomes/mucc__3300025858_29.faa
mucc__3300025963_1	mucc	wetland	Unknown	3300025963_1				mucc__3300025963_1	True	mag_id_candidate	3	data/assemblies/3300025963_1.fasta	data/assemblies/3300025963_1.fasta;data/blue_catalyst_poc/mucc/extracted/Methanoregula_MAGs_DB/3300025963_1.fna;data/mucc/Methanoregula_MAGs_DB/Methanoregula_MAGs_DB/3300025963_1.fna	True	proteome_faa_stem	1	data/blue_catalyst_poc/proteomes/mucc__3300025963_1.faa
mucc__3300025975_1	mucc	wetland	Unknown	3300025975_1				mucc__3300025975_1	True	mag_id_candidate	3	data/assemblies/3300025975_1.fasta	data/assemblies/3300025975_1.fasta;data/blue_catalyst_poc/mucc/extracted/Methanoregula_MAGs_DB/3300025975_1.fna;data/mucc/Methanoregula_MAGs_DB/Methanoregula_MAGs_DB/3300025975_1.fna	True	proteome_faa_stem	1	data/blue_catalyst_poc/proteomes/mucc__3300025975_1.faa
mucc__3300026026_4	mucc	wetland	Unknown	3300026026_4				mucc__3300026026_4	True	mag_id_candidate	3	data/assemblies/3300026026_4.fasta	data/assemblies/3300026026_4.fasta;data/blue_catalyst_poc/mucc/extracted/Methanoregula_MAGs_DB/3300026026_4.fna;data/mucc/Methanoregula_MAGs_DB/Methanoregula_MAGs_DB/3300026026_4.fna	True	proteome_faa_stem	1	data/blue_catalyst_poc/proteomes/mucc__3300026026_4.faa
mucc__3300027825_24	mucc	wetland	Unknown	3300027825_24				mucc__3300027825_24	True	mag_id_candidate	3	data/assemblies/3300027825_24.fasta	data/assemblies/3300027825_24.fasta;data/blue_catalyst_poc/mucc/extracted/Methanoregula_MAGs_DB/3300027825_24.fna;data/mucc/Methanoregula_MAGs_DB/Methanoregula_MAGs_DB/3300027825_24.fna	True	proteome_faa_stem	1	data/blue_catalyst_poc/proteomes/mucc__3300027825_24.faa
mucc__3300027972_11	mucc	wetland	Unknown	3300027972_11				mucc__3300027972_11	True	mag_id_candidate	3	data/assemblies/3300027972_11.fasta	data/assemblies/3300027972_11.fasta;data/blue_catalyst_poc/mucc/extracted/Methanoregula_MAGs_DB/3300027972_11.fna;data/mucc/Methanoregula_MAGs_DB/Methanoregula_MAGs_DB/3300027972_11.fna	True	proteome_faa_stem	1	data/blue_catalyst_poc/proteomes/mucc__3300027972_11.faa
mucc__3300027979_35	mucc	wetland	Unknown	3300027979_35				mucc__3300027979_35	True	mag_id_candidate	3	data/assemblies/3300027979_35.fasta	data/assemblies/3300027979_35.fasta;data/blue_catalyst_poc/mucc/extracted/Methanoregula_MAGs_DB/3300027979_35.fna;data/mucc/Methanoregula_MAGs_DB/Methanoregula_MAGs_DB/3300027979_35.fna	True	proteome_faa_stem	1	data/blue_catalyst_poc/proteomes/mucc__3300027979_35.faa
mucc__3300028669_5	mucc	wetland	Unknown	3300028669_5				mucc__3300028669_5	True	mag_id_candidate	3	data/assemblies/3300028669_5.fasta	data/assemblies/3300028669_5.fasta;data/blue_catalyst_poc/mucc/extracted/Methanoregula_MAGs_DB/3300028669_5.fna;data/mucc/Methanoregula_MAGs_DB/Methanoregula_MAGs_DB/3300028669_5.fna	True	proteome_faa_stem	1	data/blue_catalyst_poc/proteomes/mucc__3300028669_5.faa
mucc__3300032805_20	mucc	wetland	Unknown	3300032805_20				mucc__3300032805_20	True	mag_id_candidate	3	data/assemblies/3300032805_20.fasta	data/assemblies/3300032805_20.fasta;data/blue_catalyst_poc/mucc/extracted/Methanoregula_MAGs_DB/3300032805_20.fna;data/mucc/Methanoregula_MAGs_DB/Methanoregula_MAGs_DB/3300032805_20.fna	True	proteome_faa_stem	1	data/blue_catalyst_poc/proteomes/mucc__3300032805_20.faa
mucc__3300032892_32	mucc	wetland	Unknown	3300032892_32				mucc__3300032892_32	True	mag_id_candidate	3	data/assemblies/3300032892_32.fasta	data/assemblies/3300032892_32.fasta;data/blue_catalyst_poc/mucc/extracted/Methanoregula_MAGs_DB/3300032892_32.fna;data/mucc/Methanoregula_MAGs_DB/Methanoregula_MAGs_DB/3300032892_32.fna	True	proteome_faa_stem	1	data/blue_catalyst_poc/proteomes/mucc__3300032892_32.faa
mucc__3300034281_6	mucc	wetland	Unknown	3300034281_6				mucc__3300034281_6	True	mag_id_candidate	3	data/assemblies/3300034281_6.fasta	data/assemblies/3300034281_6.fasta;data/blue_catalyst_poc/mucc/extracted/Methanoregula_MAGs_DB/3300034281_6.fna;data/mucc/Methanoregula_MAGs_DB/Methanoregula_MAGs_DB/3300034281_6.fna	True	proteome_faa_stem	1	data/blue_catalyst_poc/proteomes/mucc__3300034281_6.faa
mucc__3300036760_62	mucc	wetland	Unknown	3300036760_62				mucc__3300036760_62	True	mag_id_candidate	3	data/assemblies/3300036760_62.fasta	data/assemblies/3300036760_62.fasta;data/blue_catalyst_poc/mucc/extracted/Methanoregula_MAGs_DB/3300036760_62.fna;data/mucc/Methanoregula_MAGs_DB/Methanoregula_MAGs_DB/3300036760_62.fna	True	proteome_faa_stem	1	data/blue_catalyst_poc/proteomes/mucc__3300036760_62.faa
mucc__3300036886_19	mucc	wetland	Unknown	3300036886_19				mucc__3300036886_19	True	mag_id_candidate	3	data/assemblies/3300036886_19.fasta	data/assemblies/3300036886_19.fasta;data/blue_catalyst_poc/mucc/extracted/Methanoregula_MAGs_DB/3300036886_19.fna;data/mucc/Methanoregula_MAGs_DB/Methanoregula_MAGs_DB/3300036886_19.fna	True	proteome_faa_stem	1	data/blue_catalyst_poc/proteomes/mucc__3300036886_19.faa
mucc__3300037043_48	mucc	wetland	Unknown	3300037043_48				mucc__3300037043_48	True	mag_id_candidate	3	data/assemblies/3300037043_48.fasta	data/assemblies/3300037043_48.fasta;data/blue_catalyst_poc/mucc/extracted/Methanoregula_MAGs_DB/3300037043_48.fna;data/mucc/Methanoregula_MAGs_DB/Methanoregula_MAGs_DB/3300037043_48.fna	True	proteome_faa_stem	1	data/blue_catalyst_poc/proteomes/mucc__3300037043_48.faa
mucc__3300037062_11	mucc	wetland	Unknown	3300037062_11				mucc__3300037062_11	True	mag_id_candidate	3	data/assemblies/3300037062_11.fasta	data/assemblies/3300037062_11.fasta;data/blue_catalyst_poc/mucc/extracted/Methanoregula_MAGs_DB/3300037062_11.fna;data/mucc/Methanoregula_MAGs_DB/Methanoregula_MAGs_DB/3300037062_11.fna	True	proteome_faa_stem	1	data/blue_catalyst_poc/proteomes/mucc__3300037062_11.faa
mucc__3300037089_14	mucc	wetland	Unknown	3300037089_14				mucc__3300037089_14	True	mag_id_candidate	3	data/assemblies/3300037089_14.fasta	data/assemblies/3300037089_14.fasta;data/blue_catalyst_poc/mucc/extracted/Methanoregula_MAGs_DB/3300037089_14.fna;data/mucc/Methanoregula_MAGs_DB/Methanoregula_MAGs_DB/3300037089_14.fna	True	proteome_faa_stem	1	data/blue_catalyst_poc/proteomes/mucc__3300037089_14.faa
mucc__3300037104_21	mucc	wetland	Unknown	3300037104_21				mucc__3300037104_21	True	mag_id_candidate	3	data/assemblies/3300037104_21.fasta	data/assemblies/3300037104_21.fasta;data/blue_catalyst_poc/mucc/extracted/Methanoregula_MAGs_DB/3300037104_21.fna;data/mucc/Methanoregula_MAGs_DB/Methanoregula_MAGs_DB/3300037104_21.fna	True	proteome_faa_stem	1	data/blue_catalyst_poc/proteomes/mucc__3300037104_21.faa
mucc__3300037264_32	mucc	wetland	Unknown	3300037264_32				mucc__3300037264_32	True	mag_id_candidate	3	data/assemblies/3300037264_32.fasta	data/assemblies/3300037264_32.fasta;data/blue_catalyst_poc/mucc/extracted/Methanoregula_MAGs_DB/3300037264_32.fna;data/mucc/Methanoregula_MAGs_DB/Methanoregula_MAGs_DB/3300037264_32.fna	True	proteome_faa_stem	1	data/blue_catalyst_poc/proteomes/mucc__3300037264_32.faa
mucc__3300037365_14	mucc	wetland	Unknown	3300037365_14				mucc__3300037365_14	True	mag_id_candidate	3	data/assemblies/3300037365_14.fasta	data/assemblies/3300037365_14.fasta;data/blue_catalyst_poc/mucc/extracted/Methanoregula_MAGs_DB/3300037365_14.fna;data/mucc/Methanoregula_MAGs_DB/Methanoregula_MAGs_DB/3300037365_14.fna	True	proteome_faa_stem	1	data/blue_catalyst_poc/proteomes/mucc__3300037365_14.faa
mucc__3300038415_26	mucc	wetland	Unknown	3300038415_26				mucc__3300038415_26	True	mag_id_candidate	3	data/assemblies/3300038415_26.fasta	data/assemblies/3300038415_26.fasta;data/blue_catalyst_poc/mucc/extracted/Methanoregula_MAGs_DB/3300038415_26.fna;data/mucc/Methanoregula_MAGs_DB/Methanoregula_MAGs_DB/3300038415_26.fna	True	proteome_faa_stem	1	data/blue_catalyst_poc/proteomes/mucc__3300038415_26.faa
mucc__3300038427_21	mucc	wetland	Unknown	3300038427_21				mucc__3300038427_21	True	mag_id_candidate	3	data/assemblies/3300038427_21.fasta	data/assemblies/3300038427_21.fasta;data/blue_catalyst_poc/mucc/extracted/Methanoregula_MAGs_DB/3300038427_21.fna;data/mucc/Methanoregula_MAGs_DB/Methanoregula_MAGs_DB/3300038427_21.fna	True	proteome_faa_stem	1	data/blue_catalyst_poc/proteomes/mucc__3300038427_21.faa
mucc__3300038429_25	mucc	wetland	Unknown	3300038429_25				mucc__3300038429_25	True	mag_id_candidate	3	data/assemblies/3300038429_25.fasta	data/assemblies/3300038429_25.fasta;data/blue_catalyst_poc/mucc/extracted/Methanoregula_MAGs_DB/3300038429_25.fna;data/mucc/Methanoregula_MAGs_DB/Methanoregula_MAGs_DB/3300038429_25.fna	True	proteome_faa_stem	1	data/blue_catalyst_poc/proteomes/mucc__3300038429_25.faa
mucc__3300038469_39	mucc	wetland	Unknown	3300038469_39				mucc__3300038469_39	True	mag_id_candidate	3	data/assemblies/3300038469_39.fasta	data/assemblies/3300038469_39.fasta;data/blue_catalyst_poc/mucc/extracted/Methanoregula_MAGs_DB/3300038469_39.fna;data/mucc/Methanoregula_MAGs_DB/Methanoregula_MAGs_DB/3300038469_39.fna	True	proteome_faa_stem	1	data/blue_catalyst_poc/proteomes/mucc__3300038469_39.faa
mucc__3300038619_18	mucc	wetland	Unknown	3300038619_18				mucc__3300038619_18	True	mag_id_candidate	3	data/assemblies/3300038619_18.fasta	data/assemblies/3300038619_18.fasta;data/blue_catalyst_poc/mucc/extracted/Methanoregula_MAGs_DB/3300038619_18.fna;data/mucc/Methanoregula_MAGs_DB/Methanoregula_MAGs_DB/3300038619_18.fna	True	proteome_faa_stem	1	data/blue_catalyst_poc/proteomes/mucc__3300038619_18.faa
mucc__3300040758_18	mucc	wetland	Unknown	3300040758_18				mucc__3300040758_18	True	mag_id_candidate	3	data/assemblies/3300040758_18.fasta	data/assemblies/3300040758_18.fasta;data/blue_catalyst_poc/mucc/extracted/Methanoregula_MAGs_DB/3300040758_18.fna;data/mucc/Methanoregula_MAGs_DB/Methanoregula_MAGs_DB/3300040758_18.fna	True	proteome_faa_stem	1	data/blue_catalyst_poc/proteomes/mucc__3300040758_18.faa
mucc__3300043294_37	mucc	wetland	Unknown	3300043294_37				mucc__3300043294_37	True	mag_id_candidate	3	data/assemblies/3300043294_37.fasta	data/assemblies/3300043294_37.fasta;data/blue_catalyst_poc/mucc/extracted/Methanoregula_MAGs_DB/3300043294_37.fna;data/mucc/Methanoregula_MAGs_DB/Methanoregula_MAGs_DB/3300043294_37.fna	True	proteome_faa_stem	1	data/blue_catalyst_poc/proteomes/mucc__3300043294_37.faa
mucc__3300044712_168	mucc	wetland	Unknown	3300044712_168				mucc__3300044712_168	True	mag_id_candidate	3	data/assemblies/3300044712_168.fasta	data/assemblies/3300044712_168.fasta;data/blue_catalyst_poc/mucc/extracted/Methanoregula_MAGs_DB/3300044712_168.fna;data/mucc/Methanoregula_MAGs_DB/Methanoregula_MAGs_DB/3300044712_168.fna	True	proteome_faa_stem	1	data/blue_catalyst_poc/proteomes/mucc__3300044712_168.faa
mucc__3300044712_309	mucc	wetland	Unknown	3300044712_309				mucc__3300044712_309	True	mag_id_candidate	3	data/assemblies/3300044712_309.fasta	data/assemblies/3300044712_309.fasta;data/blue_catalyst_poc/mucc/extracted/Methanoregula_MAGs_DB/3300044712_309.fna;data/mucc/Methanoregula_MAGs_DB/Methanoregula_MAGs_DB/3300044712_309.fna	True	proteome_faa_stem	1	data/blue_catalyst_poc/proteomes/mucc__3300044712_309.faa
mucc__3300044798_59	mucc	wetland	Unknown	3300044798_59				mucc__3300044798_59	True	mag_id_candidate	3	data/assemblies/3300044798_59.fasta	data/assemblies/3300044798_59.fasta;data/blue_catalyst_poc/mucc/extracted/Methanoregula_MAGs_DB/3300044798_59.fna;data/mucc/Methanoregula_MAGs_DB/Methanoregula_MAGs_DB/3300044798_59.fna	True	proteome_faa_stem	1	data/blue_catalyst_poc/proteomes/mucc__3300044798_59.faa
mucc__3300045007_113	mucc	wetland	Unknown	3300045007_113				mucc__3300045007_113	True	mag_id_candidate	3	data/assemblies/3300045007_113.fasta	data/assemblies/3300045007_113.fasta;data/blue_catalyst_poc/mucc/extracted/Methanoregula_MAGs_DB/3300045007_113.fna;data/mucc/Methanoregula_MAGs_DB/Methanoregula_MAGs_DB/3300045007_113.fna	True	proteome_faa_stem	1	data/blue_catalyst_poc/proteomes/mucc__3300045007_113.faa
mucc__3300045146_47	mucc	wetland	Unknown	3300045146_47				mucc__3300045146_47	True	mag_id_candidate	3	data/assemblies/3300045146_47.fasta	data/assemblies/3300045146_47.fasta;data/blue_catalyst_poc/mucc/extracted/Methanoregula_MAGs_DB/3300045146_47.fna;data/mucc/Methanoregula_MAGs_DB/Methanoregula_MAGs_DB/3300045146_47.fna	True	proteome_faa_stem	1	data/blue_catalyst_poc/proteomes/mucc__3300045146_47.faa
mucc__3300046504_2	mucc	wetland	Unknown	3300046504_2				mucc__3300046504_2	True	mag_id_candidate	3	data/assemblies/3300046504_2.fasta	data/assemblies/3300046504_2.fasta;data/blue_catalyst_poc/mucc/extracted/Methanoregula_MAGs_DB/3300046504_2.fna;data/mucc/Methanoregula_MAGs_DB/Methanoregula_MAGs_DB/3300046504_2.fna	True	proteome_faa_stem	1	data/blue_catalyst_poc/proteomes/mucc__3300046504_2.faa
mucc__3300046652_21	mucc	wetland	Unknown	3300046652_21				mucc__3300046652_21	True	mag_id_candidate	3	data/assemblies/3300046652_21.fasta	data/assemblies/3300046652_21.fasta;data/blue_catalyst_poc/mucc/extracted/Methanoregula_MAGs_DB/3300046652_21.fna;data/mucc/Methanoregula_MAGs_DB/Methanoregula_MAGs_DB/3300046652_21.fna	True	proteome_faa_stem	1	data/blue_catalyst_poc/proteomes/mucc__3300046652_21.faa
mucc__3300046710_16	mucc	wetland	Unknown	3300046710_16				mucc__3300046710_16	True	mag_id_candidate	3	data/assemblies/3300046710_16.fasta	data/assemblies/3300046710_16.fasta;data/blue_catalyst_poc/mucc/extracted/Methanoregula_MAGs_DB/3300046710_16.fna;data/mucc/Methanoregula_MAGs_DB/Methanoregula_MAGs_DB/3300046710_16.fna	True	proteome_faa_stem	1	data/blue_catalyst_poc/proteomes/mucc__3300046710_16.faa
mucc__3300047187_12	mucc	wetland	Unknown	3300047187_12				mucc__3300047187_12	True	mag_id_candidate	3	data/assemblies/3300047187_12.fasta	data/assemblies/3300047187_12.fasta;data/blue_catalyst_poc/mucc/extracted/Methanoregula_MAGs_DB/3300047187_12.fna;data/mucc/Methanoregula_MAGs_DB/Methanoregula_MAGs_DB/3300047187_12.fna	True	proteome_faa_stem	1	data/blue_catalyst_poc/proteomes/mucc__3300047187_12.faa
mucc__3300047644_14	mucc	wetland	Unknown	3300047644_14				mucc__3300047644_14	True	mag_id_candidate	3	data/assemblies/3300047644_14.fasta	data/assemblies/3300047644_14.fasta;data/blue_catalyst_poc/mucc/extracted/Methanoregula_MAGs_DB/3300047644_14.fna;data/mucc/Methanoregula_MAGs_DB/Methanoregula_MAGs_DB/3300047644_14.fna	True	proteome_faa_stem	1	data/blue_catalyst_poc/proteomes/mucc__3300047644_14.faa
mucc__3300048599_34	mucc	wetland	Unknown	3300048599_34				mucc__3300048599_34	True	mag_id_candidate	3	data/assemblies/3300048599_34.fasta	data/assemblies/3300048599_34.fasta;data/blue_catalyst_poc/mucc/extracted/Methanoregula_MAGs_DB/3300048599_34.fna;data/mucc/Methanoregula_MAGs_DB/Methanoregula_MAGs_DB/3300048599_34.fna	True	proteome_faa_stem	1	data/blue_catalyst_poc/proteomes/mucc__3300048599_34.faa
mucc__3300049718_33	mucc	wetland	Unknown	3300049718_33				mucc__3300049718_33	True	mag_id_candidate	3	data/assemblies/3300049718_33.fasta	data/assemblies/3300049718_33.fasta;data/blue_catalyst_poc/mucc/extracted/Methanoregula_MAGs_DB/3300049718_33.fna;data/mucc/Methanoregula_MAGs_DB/Methanoregula_MAGs_DB/3300049718_33.fna	True	proteome_faa_stem	1	data/blue_catalyst_poc/proteomes/mucc__3300049718_33.faa
mucc__3300050014_5	mucc	wetland	Unknown	3300050014_5				mucc__3300050014_5	True	mag_id_candidate	3	data/assemblies/3300050014_5.fasta	data/assemblies/3300050014_5.fasta;data/blue_catalyst_poc/mucc/extracted/Methanoregula_MAGs_DB/3300050014_5.fna;data/mucc/Methanoregula_MAGs_DB/Methanoregula_MAGs_DB/3300050014_5.fna	True	proteome_faa_stem	1	data/blue_catalyst_poc/proteomes/mucc__3300050014_5.faa
mucc__3300052918_29	mucc	wetland	Unknown	3300052918_29				mucc__3300052918_29	True	mag_id_candidate	3	data/assemblies/3300052918_29.fasta	data/assemblies/3300052918_29.fasta;data/blue_catalyst_poc/mucc/extracted/Methanoregula_MAGs_DB/3300052918_29.fna;data/mucc/Methanoregula_MAGs_DB/Methanoregula_MAGs_DB/3300052918_29.fna	True	proteome_faa_stem	1	data/blue_catalyst_poc/proteomes/mucc__3300052918_29.faa
mucc__GCA_002067035.1_genomic	mucc	wetland	Unknown	GCA_002067035.1_genomic				mucc__GCA_002067035.1_genomic	True	mag_id_candidate	3	data/assemblies/GCA_002067035.1_genomic.fasta	data/assemblies/GCA_002067035.1_genomic.fasta;data/blue_catalyst_poc/mucc/extracted/Methanoregula_MAGs_DB/GCA_002067035.1_genomic.fna;data/mucc/Methanoregula_MAGs_DB/Methanoregula_MAGs_DB/GCA_002067035.1_genomic.fna	True	proteome_faa_stem	1	data/blue_catalyst_poc/proteomes/mucc__GCA_002067035.1_genomic.faa
mucc__GCA_002495055.1_genomic	mucc	wetland	Unknown	GCA_002495055.1_genomic				mucc__GCA_002495055.1_genomic	True	mag_id_candidate	3	data/assemblies/GCA_002495055.1_genomic.fasta	data/assemblies/GCA_002495055.1_genomic.fasta;data/blue_catalyst_poc/mucc/extracted/Methanoregula_MAGs_DB/GCA_002495055.1_genomic.fna;data/mucc/Methanoregula_MAGs_DB/Methanoregula_MAGs_DB/GCA_002495055.1_genomic.fna	True	proteome_faa_stem	1	data/blue_catalyst_poc/proteomes/mucc__GCA_002495055.1_genomic.faa
mucc__GCA_002495065.1_genomic	mucc	wetland	Unknown	GCA_002495065.1_genomic				mucc__GCA_002495065.1_genomic	True	mag_id_candidate	3	data/assemblies/GCA_002495065.1_genomic.fasta	data/assemblies/GCA_002495065.1_genomic.fasta;data/blue_catalyst_poc/mucc/extracted/Methanoregula_MAGs_DB/GCA_002495065.1_genomic.fna;data/mucc/Methanoregula_MAGs_DB/Methanoregula_MAGs_DB/GCA_002495065.1_genomic.fna	True	proteome_faa_stem	1	data/blue_catalyst_poc/proteomes/mucc__GCA_002495065.1_genomic.faa
mucc__GCA_002495465.1_ASM249546v1_genomic	mucc	wetland	Unknown	GCA_002495465.1_ASM249546v1_genomic				mucc__GCA_002495465.1_ASM249546v1_genomic	True	mag_id_candidate	3	data/assemblies/GCA_002495465.1_ASM249546v1_genomic.fasta	data/assemblies/GCA_002495465.1_ASM249546v1_genomic.fasta;data/blue_catalyst_poc/mucc/extracted/Methanoregula_MAGs_DB/GCA_002495465.1_ASM249546v1_genomic.fna;data/mucc/Methanoregula_MAGs_DB/Methanoregula_MAGs_DB/GCA_002495465.1_ASM249546v1_genomic.fna	True	proteome_faa_stem	1	data/blue_catalyst_poc/proteomes/mucc__GCA_002495465.1_ASM249546v1_genomic.faa
mucc__GCA_002497485.1_genomic	mucc	wetland	Unknown	GCA_002497485.1_genomic				mucc__GCA_002497485.1_genomic	True	mag_id_candidate	3	data/assemblies/GCA_002497485.1_genomic.fasta	data/assemblies/GCA_002497485.1_genomic.fasta;data/blue_catalyst_poc/mucc/extracted/Methanoregula_MAGs_DB/GCA_002497485.1_genomic.fna;data/mucc/Methanoregula_MAGs_DB/Methanoregula_MAGs_DB/GCA_002497485.1_genomic.fna	True	proteome_faa_stem	1	data/blue_catalyst_poc/proteomes/mucc__GCA_002497485.1_genomic.faa
mucc__GCA_002502245.1_genomic	mucc	wetland	Unknown	GCA_002502245.1_genomic				mucc__GCA_002502245.1_genomic	True	mag_id_candidate	3	data/assemblies/GCA_002502245.1_genomic.fasta	data/assemblies/GCA_002502245.1_genomic.fasta;data/blue_catalyst_poc/mucc/extracted/Methanoregula_MAGs_DB/GCA_002502245.1_genomic.fna;data/mucc/Methanoregula_MAGs_DB/Methanoregula_MAGs_DB/GCA_002502245.1_genomic.fna	True	proteome_faa_stem	1	data/blue_catalyst_poc/proteomes/mucc__GCA_002502245.1_genomic.faa
mucc__GCA_002502735.1_genomic	mucc	wetland	Unknown	GCA_002502735.1_genomic				mucc__GCA_002502735.1_genomic	True	mag_id_candidate	3	data/assemblies/GCA_002502735.1_genomic.fasta	data/assemblies/GCA_002502735.1_genomic.fasta;data/blue_catalyst_poc/mucc/extracted/Methanoregula_MAGs_DB/GCA_002502735.1_genomic.fna;data/mucc/Methanoregula_MAGs_DB/Methanoregula_MAGs_DB/GCA_002502735.1_genomic.fna	True	proteome_faa_stem	1	data/blue_catalyst_poc/proteomes/mucc__GCA_002502735.1_genomic.faa
mucc__GCA_002508495.1_genomic	mucc	wetland	Unknown	GCA_002508495.1_genomic				mucc__GCA_002508495.1_genomic	True	mag_id_candidate	3	data/assemblies/GCA_002508495.1_genomic.fasta	data/assemblies/GCA_002508495.1_genomic.fasta;data/blue_catalyst_poc/mucc/extracted/Methanoregula_MAGs_DB/GCA_002508495.1_genomic.fna;data/mucc/Methanoregula_MAGs_DB/Methanoregula_MAGs_DB/GCA_002508495.1_genomic.fna	True	proteome_faa_stem	1	data/blue_catalyst_poc/proteomes/mucc__GCA_002508495.1_genomic.faa
mucc__GCA_002835825.1_genomic	mucc	wetland	Unknown	GCA_002835825.1_genomic				mucc__GCA_002835825.1_genomic	True	mag_id_candidate	3	data/assemblies/GCA_002835825.1_genomic.fasta	data/assemblies/GCA_002835825.1_genomic.fasta;data/blue_catalyst_poc/mucc/extracted/Methanoregula_MAGs_DB/GCA_002835825.1_genomic.fna;data/mucc/Methanoregula_MAGs_DB/Methanoregula_MAGs_DB/GCA_002835825.1_genomic.fna	True	proteome_faa_stem	1	data/blue_catalyst_poc/proteomes/mucc__GCA_002835825.1_genomic.faa
mucc__GCA_002839605.1_genomic	mucc	wetland	Unknown	GCA_002839605.1_genomic				mucc__GCA_002839605.1_genomic	True	mag_id_candidate	3	data/assemblies/GCA_002839605.1_genomic.fasta	data/assemblies/GCA_002839605.1_genomic.fasta;data/blue_catalyst_poc/mucc/extracted/Methanoregula_MAGs_DB/GCA_002839605.1_genomic.fna;data/mucc/Methanoregula_MAGs_DB/Methanoregula_MAGs_DB/GCA_002839605.1_genomic.fna	True	proteome_faa_stem	1	data/blue_catalyst_poc/proteomes/mucc__GCA_002839605.1_genomic.faa
mucc__GCA_002839675.1_genomic	mucc	wetland	Unknown	GCA_002839675.1_genomic				mucc__GCA_002839675.1_genomic	True	mag_id_candidate	3	data/assemblies/GCA_002839675.1_genomic.fasta	data/assemblies/GCA_002839675.1_genomic.fasta;data/blue_catalyst_poc/mucc/extracted/Methanoregula_MAGs_DB/GCA_002839675.1_genomic.fna;data/mucc/Methanoregula_MAGs_DB/Methanoregula_MAGs_DB/GCA_002839675.1_genomic.fna	True	proteome_faa_stem	1	data/blue_catalyst_poc/proteomes/mucc__GCA_002839675.1_genomic.faa
mucc__GCA_003136075.1_genomic	mucc	wetland	Unknown	GCA_003136075.1_genomic				mucc__GCA_003136075.1_genomic	True	mag_id_candidate	3	data/assemblies/GCA_003136075.1_genomic.fasta	data/assemblies/GCA_003136075.1_genomic.fasta;data/blue_catalyst_poc/mucc/extracted/Methanoregula_MAGs_DB/GCA_003136075.1_genomic.fna;data/mucc/Methanoregula_MAGs_DB/Methanoregula_MAGs_DB/GCA_003136075.1_genomic.fna	True	proteome_faa_stem	1	data/blue_catalyst_poc/proteomes/mucc__GCA_003136075.1_genomic.faa
mucc__GCA_003154335.1_genomic	mucc	wetland	Unknown	GCA_003154335.1_genomic				mucc__GCA_003154335.1_genomic	True	mag_id_candidate	3	data/assemblies/GCA_003154335.1_genomic.fasta	data/assemblies/GCA_003154335.1_genomic.fasta;data/blue_catalyst_poc/mucc/extracted/Methanoregula_MAGs_DB/GCA_003154335.1_genomic.fna;data/mucc/Methanoregula_MAGs_DB/Methanoregula_MAGs_DB/GCA_003154335.1_genomic.fna	True	proteome_faa_stem	1	data/blue_catalyst_poc/proteomes/mucc__GCA_003154335.1_genomic.faa
mucc__GCA_003157895.1_genomic	mucc	wetland	Unknown	GCA_003157895.1_genomic				mucc__GCA_003157895.1_genomic	True	mag_id_candidate	3	data/assemblies/GCA_003157895.1_genomic.fasta	data/assemblies/GCA_003157895.1_genomic.fasta;data/blue_catalyst_poc/mucc/extracted/Methanoregula_MAGs_DB/GCA_003157895.1_genomic.fna;data/mucc/Methanoregula_MAGs_DB/Methanoregula_MAGs_DB/GCA_003157895.1_genomic.fna	True	proteome_faa_stem	1	data/blue_catalyst_poc/proteomes/mucc__GCA_003157895.1_genomic.faa
mucc__GCA_003170075.1_genomic	mucc	wetland	Unknown	GCA_003170075.1_genomic				mucc__GCA_003170075.1_genomic	True	mag_id_candidate	3	data/assemblies/GCA_003170075.1_genomic.fasta	data/assemblies/GCA_003170075.1_genomic.fasta;data/blue_catalyst_poc/mucc/extracted/Methanoregula_MAGs_DB/GCA_003170075.1_genomic.fna;data/mucc/Methanoregula_MAGs_DB/Methanoregula_MAGs_DB/GCA_003170075.1_genomic.fna	True	proteome_faa_stem	1	data/blue_catalyst_poc/proteomes/mucc__GCA_003170075.1_genomic.faa
mucc__GCA_012798365.1_genomic	mucc	wetland	Unknown	GCA_012798365.1_genomic				mucc__GCA_012798365.1_genomic	True	mag_id_candidate	3	data/assemblies/GCA_012798365.1_genomic.fasta	data/assemblies/GCA_012798365.1_genomic.fasta;data/blue_catalyst_poc/mucc/extracted/Methanoregula_MAGs_DB/GCA_012798365.1_genomic.fna;data/mucc/Methanoregula_MAGs_DB/Methanoregula_MAGs_DB/GCA_012798365.1_genomic.fna	True	proteome_faa_stem	1	data/blue_catalyst_poc/proteomes/mucc__GCA_012798365.1_genomic.faa
mucc__GCA_013331015.1_genomic	mucc	wetland	Unknown	GCA_013331015.1_genomic				mucc__GCA_013331015.1_genomic	True	mag_id_candidate	3	data/assemblies/GCA_013331015.1_genomic.fasta	data/assemblies/GCA_013331015.1_genomic.fasta;data/blue_catalyst_poc/mucc/extracted/Methanoregula_MAGs_DB/GCA_013331015.1_genomic.fna;data/mucc/Methanoregula_MAGs_DB/Methanoregula_MAGs_DB/GCA_013331015.1_genomic.fna	True	proteome_faa_stem	1	data/blue_catalyst_poc/proteomes/mucc__GCA_013331015.1_genomic.faa
mucc__GCA_903832665.1_genomic	mucc	wetland	Unknown	GCA_903832665.1_genomic				mucc__GCA_903832665.1_genomic	True	mag_id_candidate	3	data/assemblies/GCA_903832665.1_genomic.fasta	data/assemblies/GCA_903832665.1_genomic.fasta;data/blue_catalyst_poc/mucc/extracted/Methanoregula_MAGs_DB/GCA_903832665.1_genomic.fna;data/mucc/Methanoregula_MAGs_DB/Methanoregula_MAGs_DB/GCA_903832665.1_genomic.fna	True	proteome_faa_stem	1	data/blue_catalyst_poc/proteomes/mucc__GCA_903832665.1_genomic.faa
mucc__GCF_000017625.1_genomic	mucc	wetland	Unknown	GCF_000017625.1_genomic				mucc__GCF_000017625.1_genomic	True	mag_id_candidate	3	data/assemblies/GCF_000017625.1_genomic.fasta	data/assemblies/GCF_000017625.1_genomic.fasta;data/blue_catalyst_poc/mucc/extracted/Methanoregula_MAGs_DB/GCF_000017625.1_genomic.fna;data/mucc/Methanoregula_MAGs_DB/Methanoregula_MAGs_DB/GCF_000017625.1_genomic.fna	True	proteome_faa_stem	1	data/blue_catalyst_poc/proteomes/mucc__GCF_000017625.1_genomic.faa
mucc__GCF_000327485.1_genomic	mucc	wetland	Unknown	GCF_000327485.1_genomic				mucc__GCF_000327485.1_genomic	True	mag_id_candidate	3	data/assemblies/GCF_000327485.1_genomic.fasta	data/assemblies/GCF_000327485.1_genomic.fasta;data/blue_catalyst_poc/mucc/extracted/Methanoregula_MAGs_DB/GCF_000327485.1_genomic.fna;data/mucc/Methanoregula_MAGs_DB/Methanoregula_MAGs_DB/GCF_000327485.1_genomic.fna	True	proteome_faa_stem	1	data/blue_catalyst_poc/proteomes/mucc__GCF_000327485.1_genomic.faa
mucc__OWC_0039	mucc	wetland	Unknown	OWC_0039				mucc__OWC_0039	True	mag_id_candidate	3	data/assemblies/OWC_0039.fasta	data/assemblies/OWC_0039.fasta;data/blue_catalyst_poc/mucc/extracted/Methanoregula_MAGs_DB/OWC_0039.fna;data/mucc/Methanoregula_MAGs_DB/Methanoregula_MAGs_DB/OWC_0039.fna	True	proteome_faa_stem	1	data/blue_catalyst_poc/proteomes/mucc__OWC_0039.faa
mucc__OWC_0040	mucc	wetland	Unknown	OWC_0040				mucc__OWC_0040	True	mag_id_candidate	3	data/assemblies/OWC_0040.fasta	data/assemblies/OWC_0040.fasta;data/blue_catalyst_poc/mucc/extracted/Methanoregula_MAGs_DB/OWC_0040.fna;data/mucc/Methanoregula_MAGs_DB/Methanoregula_MAGs_DB/OWC_0040.fna	True	proteome_faa_stem	1	data/blue_catalyst_poc/proteomes/mucc__OWC_0040.faa
mucc__OWC_0041	mucc	wetland	Unknown	OWC_0041				mucc__OWC_0041	True	mag_id_candidate	3	data/assemblies/OWC_0041.fasta	data/assemblies/OWC_0041.fasta;data/blue_catalyst_poc/mucc/extracted/Methanoregula_MAGs_DB/OWC_0041.fna;data/mucc/Methanoregula_MAGs_DB/Methanoregula_MAGs_DB/OWC_0041.fna	True	proteome_faa_stem	1	data/blue_catalyst_poc/proteomes/mucc__OWC_0041.faa
mucc__OWC_0042	mucc	wetland	Unknown	OWC_0042				mucc__OWC_0042	True	mag_id_candidate	3	data/assemblies/OWC_0042.fasta	data/assemblies/OWC_0042.fasta;data/blue_catalyst_poc/mucc/extracted/Methanoregula_MAGs_DB/OWC_0042.fna;data/mucc/Methanoregula_MAGs_DB/Methanoregula_MAGs_DB/OWC_0042.fna	True	proteome_faa_stem	1	data/blue_catalyst_poc/proteomes/mucc__OWC_0042.faa
mucc__OWC_0043	mucc	wetland	Unknown	OWC_0043				mucc__OWC_0043	True	mag_id_candidate	3	data/assemblies/OWC_0043.fasta	data/assemblies/OWC_0043.fasta;data/blue_catalyst_poc/mucc/extracted/Methanoregula_MAGs_DB/OWC_0043.fna;data/mucc/Methanoregula_MAGs_DB/Methanoregula_MAGs_DB/OWC_0043.fna	True	proteome_faa_stem	1	data/blue_catalyst_poc/proteomes/mucc__OWC_0043.faa
mucc__OWC_0044	mucc	wetland	Unknown	OWC_0044				mucc__OWC_0044	True	mag_id_candidate	3	data/assemblies/OWC_0044.fasta	data/assemblies/OWC_0044.fasta;data/blue_catalyst_poc/mucc/extracted/Methanoregula_MAGs_DB/OWC_0044.fna;data/mucc/Methanoregula_MAGs_DB/Methanoregula_MAGs_DB/OWC_0044.fna	True	proteome_faa_stem	1	data/blue_catalyst_poc/proteomes/mucc__OWC_0044.faa
mucc__OWC_0045	mucc	wetland	Unknown	OWC_0045				mucc__OWC_0045	True	mag_id_candidate	3	data/assemblies/OWC_0045.fasta	data/assemblies/OWC_0045.fasta;data/blue_catalyst_poc/mucc/extracted/Methanoregula_MAGs_DB/OWC_0045.fna;data/mucc/Methanoregula_MAGs_DB/Methanoregula_MAGs_DB/OWC_0045.fna	True	proteome_faa_stem	1	data/blue_catalyst_poc/proteomes/mucc__OWC_0045.faa
mucc__OWC_0046	mucc	wetland	Unknown	OWC_0046				mucc__OWC_0046	True	mag_id_candidate	3	data/assemblies/OWC_0046.fasta	data/assemblies/OWC_0046.fasta;data/blue_catalyst_poc/mucc/extracted/Methanoregula_MAGs_DB/OWC_0046.fna;data/mucc/Methanoregula_MAGs_DB/Methanoregula_MAGs_DB/OWC_0046.fna	True	proteome_faa_stem	1	data/blue_catalyst_poc/proteomes/mucc__OWC_0046.faa
mucc__OWC_0047	mucc	wetland	Unknown	OWC_0047				mucc__OWC_0047	True	mag_id_candidate	3	data/assemblies/OWC_0047.fasta	data/assemblies/OWC_0047.fasta;data/blue_catalyst_poc/mucc/extracted/Methanoregula_MAGs_DB/OWC_0047.fna;data/mucc/Methanoregula_MAGs_DB/Methanoregula_MAGs_DB/OWC_0047.fna	True	proteome_faa_stem	1	data/blue_catalyst_poc/proteomes/mucc__OWC_0047.faa
mucc__OWC_0048	mucc	wetland	Unknown	OWC_0048				mucc__OWC_0048	True	mag_id_candidate	3	data/assemblies/OWC_0048.fasta	data/assemblies/OWC_0048.fasta;data/blue_catalyst_poc/mucc/extracted/Methanoregula_MAGs_DB/OWC_0048.fna;data/mucc/Methanoregula_MAGs_DB/Methanoregula_MAGs_DB/OWC_0048.fna	True	proteome_faa_stem	1	data/blue_catalyst_poc/proteomes/mucc__OWC_0048.faa
mucc__OWC_0049	mucc	wetland	Unknown	OWC_0049				mucc__OWC_0049	True	mag_id_candidate	3	data/assemblies/OWC_0049.fasta	data/assemblies/OWC_0049.fasta;data/blue_catalyst_poc/mucc/extracted/Methanoregula_MAGs_DB/OWC_0049.fna;data/mucc/Methanoregula_MAGs_DB/Methanoregula_MAGs_DB/OWC_0049.fna	True	proteome_faa_stem	1	data/blue_catalyst_poc/proteomes/mucc__OWC_0049.faa
mucc__OWC_0050	mucc	wetland	Unknown	OWC_0050				mucc__OWC_0050	True	mag_id_candidate	3	data/assemblies/OWC_0050.fasta	data/assemblies/OWC_0050.fasta;data/blue_catalyst_poc/mucc/extracted/Methanoregula_MAGs_DB/OWC_0050.fna;data/mucc/Methanoregula_MAGs_DB/Methanoregula_MAGs_DB/OWC_0050.fna	True	proteome_faa_stem	1	data/blue_catalyst_poc/proteomes/mucc__OWC_0050.faa
mucc__OWC_0051	mucc	wetland	Unknown	OWC_0051				mucc__OWC_0051	True	mag_id_candidate	3	data/assemblies/OWC_0051.fasta	data/assemblies/OWC_0051.fasta;data/blue_catalyst_poc/mucc/extracted/Methanoregula_MAGs_DB/OWC_0051.fna;data/mucc/Methanoregula_MAGs_DB/Methanoregula_MAGs_DB/OWC_0051.fna	True	proteome_faa_stem	1	data/blue_catalyst_poc/proteomes/mucc__OWC_0051.faa
mucc__OWC_0052	mucc	wetland	Unknown	OWC_0052				mucc__OWC_0052	True	mag_id_candidate	3	data/assemblies/OWC_0052.fasta	data/assemblies/OWC_0052.fasta;data/blue_catalyst_poc/mucc/extracted/Methanoregula_MAGs_DB/OWC_0052.fna;data/mucc/Methanoregula_MAGs_DB/Methanoregula_MAGs_DB/OWC_0052.fna	True	proteome_faa_stem	1	data/blue_catalyst_poc/proteomes/mucc__OWC_0052.faa
mucc__OWC_0053	mucc	wetland	Unknown	OWC_0053				mucc__OWC_0053	True	mag_id_candidate	3	data/assemblies/OWC_0053.fasta	data/assemblies/OWC_0053.fasta;data/blue_catalyst_poc/mucc/extracted/Methanoregula_MAGs_DB/OWC_0053.fna;data/mucc/Methanoregula_MAGs_DB/Methanoregula_MAGs_DB/OWC_0053.fna	True	proteome_faa_stem	1	data/blue_catalyst_poc/proteomes/mucc__OWC_0053.faa
mucc__OWC_0054	mucc	wetland	Unknown	OWC_0054				mucc__OWC_0054	True	mag_id_candidate	3	data/assemblies/OWC_0054.fasta	data/assemblies/OWC_0054.fasta;data/blue_catalyst_poc/mucc/extracted/Methanoregula_MAGs_DB/OWC_0054.fna;data/mucc/Methanoregula_MAGs_DB/Methanoregula_MAGs_DB/OWC_0054.fna	True	proteome_faa_stem	1	data/blue_catalyst_poc/proteomes/mucc__OWC_0054.faa
mucc__OWC_0055	mucc	wetland	Unknown	OWC_0055				mucc__OWC_0055	True	mag_id_candidate	3	data/assemblies/OWC_0055.fasta	data/assemblies/OWC_0055.fasta;data/blue_catalyst_poc/mucc/extracted/Methanoregula_MAGs_DB/OWC_0055.fna;data/mucc/Methanoregula_MAGs_DB/Methanoregula_MAGs_DB/OWC_0055.fna	True	proteome_faa_stem	1	data/blue_catalyst_poc/proteomes/mucc__OWC_0055.faa
mucc__OWC_0056	mucc	wetland	Unknown	OWC_0056				mucc__OWC_0056	True	mag_id_candidate	3	data/assemblies/OWC_0056.fasta	data/assemblies/OWC_0056.fasta;data/blue_catalyst_poc/mucc/extracted/Methanoregula_MAGs_DB/OWC_0056.fna;data/mucc/Methanoregula_MAGs_DB/Methanoregula_MAGs_DB/OWC_0056.fna	True	proteome_faa_stem	1	data/blue_catalyst_poc/proteomes/mucc__OWC_0056.faa
mucc__OWC_0057	mucc	wetland	Unknown	OWC_0057				mucc__OWC_0057	True	mag_id_candidate	3	data/assemblies/OWC_0057.fasta	data/assemblies/OWC_0057.fasta;data/blue_catalyst_poc/mucc/extracted/Methanoregula_MAGs_DB/OWC_0057.fna;data/mucc/Methanoregula_MAGs_DB/Methanoregula_MAGs_DB/OWC_0057.fna	True	proteome_faa_stem	1	data/blue_catalyst_poc/proteomes/mucc__OWC_0057.faa
mucc__OWC_0058	mucc	wetland	Unknown	OWC_0058				mucc__OWC_0058	True	mag_id_candidate	3	data/assemblies/OWC_0058.fasta	data/assemblies/OWC_0058.fasta;data/blue_catalyst_poc/mucc/extracted/Methanoregula_MAGs_DB/OWC_0058.fna;data/mucc/Methanoregula_MAGs_DB/Methanoregula_MAGs_DB/OWC_0058.fna	True	proteome_faa_stem	1	data/blue_catalyst_poc/proteomes/mucc__OWC_0058.faa
mucc__OWC_0059	mucc	wetland	Unknown	OWC_0059				mucc__OWC_0059	True	mag_id_candidate	3	data/assemblies/OWC_0059.fasta	data/assemblies/OWC_0059.fasta;data/blue_catalyst_poc/mucc/extracted/Methanoregula_MAGs_DB/OWC_0059.fna;data/mucc/Methanoregula_MAGs_DB/Methanoregula_MAGs_DB/OWC_0059.fna	True	proteome_faa_stem	1	data/blue_catalyst_poc/proteomes/mucc__OWC_0059.faa
mucc__OWC_0060	mucc	wetland	Unknown	OWC_0060				mucc__OWC_0060	True	mag_id_candidate	3	data/assemblies/OWC_0060.fasta	data/assemblies/OWC_0060.fasta;data/blue_catalyst_poc/mucc/extracted/Methanoregula_MAGs_DB/OWC_0060.fna;data/mucc/Methanoregula_MAGs_DB/Methanoregula_MAGs_DB/OWC_0060.fna	True	proteome_faa_stem	1	data/blue_catalyst_poc/proteomes/mucc__OWC_0060.faa
mucc__OWC_0061	mucc	wetland	Unknown	OWC_0061				mucc__OWC_0061	True	mag_id_candidate	3	data/assemblies/OWC_0061.fasta	data/assemblies/OWC_0061.fasta;data/blue_catalyst_poc/mucc/extracted/Methanoregula_MAGs_DB/OWC_0061.fna;data/mucc/Methanoregula_MAGs_DB/Methanoregula_MAGs_DB/OWC_0061.fna	True	proteome_faa_stem	1	data/blue_catalyst_poc/proteomes/mucc__OWC_0061.faa
mucc__PMBL01	mucc	wetland	Unknown	PMBL01				mucc__PMBL01	True	mag_id_candidate	3	data/assemblies/PMBL01.fasta	data/assemblies/PMBL01.fasta;data/blue_catalyst_poc/mucc/extracted/Methanoregula_MAGs_DB/PMBL01.fna;data/mucc/Methanoregula_MAGs_DB/Methanoregula_MAGs_DB/PMBL01.fna	True	proteome_faa_stem	1	data/blue_catalyst_poc/proteomes/mucc__PMBL01.faa
mucc__PMXY01	mucc	wetland	Unknown	PMXY01				mucc__PMXY01	True	mag_id_candidate	3	data/assemblies/PMXY01.fasta	data/assemblies/PMXY01.fasta;data/blue_catalyst_poc/mucc/extracted/Methanoregula_MAGs_DB/PMXY01.fna;data/mucc/Methanoregula_MAGs_DB/Methanoregula_MAGs_DB/PMXY01.fna	True	proteome_faa_stem	1	data/blue_catalyst_poc/proteomes/mucc__PMXY01.faa
mucc__PPR_1022_P8D_M_E_Formate2_Day30_megahit_bin.13	mucc	wetland	Unknown	PPR_1022_P8D_M_E_Formate2_Day30_megahit_bin.13				mucc__PPR_1022_P8D_M_E_Formate2_Day30_megahit_bin.13	True	mag_id_candidate	3	data/assemblies/PPR_1022_P8D_M_E_Formate2_Day30_megahit_bin.13.fasta	data/assemblies/PPR_1022_P8D_M_E_Formate2_Day30_megahit_bin.13.fasta;data/blue_catalyst_poc/mucc/extracted/Methanoregula_MAGs_DB/PPR_1022_P8D_M_E_Formate2_Day30_megahit_bin.13.fna;data/mucc/Methanoregula_MAGs_DB/Methanoregula_MAGs_DB/PPR_1022_P8D_M_E_Formate2_Day30_megahit_bin.13.fna	True	proteome_faa_stem	1	data/blue_catalyst_poc/proteomes/mucc__PPR_1022_P8D_M_E_Formate2_Day30_megahit_bin.13.faa
rumen__10676_0001_idba	rumen	rumen	Bacteria	10676_0001_idba	ERZ1024255	webin-genome-10676_0001_idba_1kb	10676_0001_idba.fa.gz	rumen__10676_0001_idba	True	filename	3	data/blue_catalyst_poc/rumen/raw/10676_0001_idba.fa.gz	data/blue_catalyst_poc/rumen/raw/10676_0001_idba.fa.gz;data/blue_catalyst_poc/proteomes/_tmp_rumen_nuc/10676_0001_idba.fa;data/blue_catalyst_poc/proteomes/_tmp_rumen/10676_0001_idba.fa	True	proteome_faa_stem	1	data/blue_catalyst_poc/proteomes/rumen__10676_0001_idba.faa
rumen__10676_0002_idba	rumen	rumen	Bacteria	10676_0002_idba	ERZ1024256	webin-genome-10676_0002_idba_1kb	10676_0002_idba.fa.gz	rumen__10676_0002_idba	True	filename	2	data/blue_catalyst_poc/rumen/raw/10676_0002_idba.fa.gz	data/blue_catalyst_poc/rumen/raw/10676_0002_idba.fa.gz;data/blue_catalyst_poc/proteomes/_tmp_rumen/10676_0002_idba.fa	True	proteome_faa_stem	1	data/blue_catalyst_poc/proteomes/rumen__10676_0002_idba.faa
rumen__10676_0006_idba	rumen	rumen	Bacteria	10676_0006_idba	ERZ1024258	webin-genome-10676_0006_idba_1kb	10676_0006_idba.fa.gz	rumen__10676_0006_idba	True	filename	2	data/blue_catalyst_poc/rumen/raw/10676_0006_idba.fa.gz	data/blue_catalyst_poc/rumen/raw/10676_0006_idba.fa.gz;data/blue_catalyst_poc/proteomes/_tmp_rumen/10676_0006_idba.fa	True	proteome_faa_stem	1	data/blue_catalyst_poc/proteomes/rumen__10676_0006_idba.faa
rumen__10676_0004_idba	rumen	rumen	Bacteria	10676_0004_idba	ERZ1024259	webin-genome-10676_0004_idba_1kb	10676_0004_idba.fa.gz	rumen__10676_0004_idba	True	filename	2	data/blue_catalyst_poc/rumen/raw/10676_0004_idba.fa.gz	data/blue_catalyst_poc/rumen/raw/10676_0004_idba.fa.gz;data/blue_catalyst_poc/proteomes/_tmp_rumen/10676_0004_idba.fa	True	proteome_faa_stem	1	data/blue_catalyst_poc/proteomes/rumen__10676_0004_idba.faa
rumen__10676_0015_idba	rumen	rumen	Bacteria	10676_0015_idba	ERZ1024260	webin-genome-10676_0015_idba_1kb	10676_0015_idba.fa.gz	rumen__10676_0015_idba	True	filename	2	data/blue_catalyst_poc/rumen/raw/10676_0015_idba.fa.gz	data/blue_catalyst_poc/rumen/raw/10676_0015_idba.fa.gz;data/blue_catalyst_poc/proteomes/_tmp_rumen/10676_0015_idba.fa	True	proteome_faa_stem	1	data/blue_catalyst_poc/proteomes/rumen__10676_0015_idba.faa
rumen__10676_0011_idba	rumen	rumen	Bacteria	10676_0011_idba	ERZ1024261	webin-genome-10676_0011_idba_1kb	10676_0011_idba.fa.gz	rumen__10676_0011_idba	True	filename	2	data/blue_catalyst_poc/rumen/raw/10676_0011_idba.fa.gz	data/blue_catalyst_poc/rumen/raw/10676_0011_idba.fa.gz;data/blue_catalyst_poc/proteomes/_tmp_rumen/10676_0011_idba.fa	True	proteome_faa_stem	1	data/blue_catalyst_poc/proteomes/rumen__10676_0011_idba.faa
rumen__10676_0010_idba	rumen	rumen	Bacteria	10676_0010_idba	ERZ1024262	webin-genome-10676_0010_idba_1kb	10676_0010_idba.fa.gz	rumen__10676_0010_idba	True	filename	2	data/blue_catalyst_poc/rumen/raw/10676_0010_idba.fa.gz	data/blue_catalyst_poc/rumen/raw/10676_0010_idba.fa.gz;data/blue_catalyst_poc/proteomes/_tmp_rumen/10676_0010_idba.fa	True	proteome_faa_stem	1	data/blue_catalyst_poc/proteomes/rumen__10676_0010_idba.faa
rumen__10676_0012_idba	rumen	rumen	Bacteria	10676_0012_idba	ERZ1024263	webin-genome-10676_0012_idba_1kb	10676_0012_idba.fa.gz	rumen__10676_0012_idba	True	filename	2	data/blue_catalyst_poc/rumen/raw/10676_0012_idba.fa.gz	data/blue_catalyst_poc/rumen/raw/10676_0012_idba.fa.gz;data/blue_catalyst_poc/proteomes/_tmp_rumen/10676_0012_idba.fa	True	proteome_faa_stem	1	data/blue_catalyst_poc/proteomes/rumen__10676_0012_idba.faa
rumen__10676_0018_idba	rumen	rumen	Bacteria	10676_0018_idba	ERZ1024264	webin-genome-10676_0018_idba_1kb	10676_0018_idba.fa.gz	rumen__10676_0018_idba	True	filename	2	data/blue_catalyst_poc/rumen/raw/10676_0018_idba.fa.gz	data/blue_catalyst_poc/rumen/raw/10676_0018_idba.fa.gz;data/blue_catalyst_poc/proteomes/_tmp_rumen/10676_0018_idba.fa	True	proteome_faa_stem	1	data/blue_catalyst_poc/proteomes/rumen__10676_0018_idba.faa
rumen__10676_0017_idba	rumen	rumen	Bacteria	10676_0017_idba	ERZ1024265	webin-genome-10676_0017_idba_1kb	10676_0017_idba.fa.gz	rumen__10676_0017_idba	True	filename	2	data/blue_catalyst_poc/rumen/raw/10676_0017_idba.fa.gz	data/blue_catalyst_poc/rumen/raw/10676_0017_idba.fa.gz;data/blue_catalyst_poc/proteomes/_tmp_rumen/10676_0017_idba.fa	True	proteome_faa_stem	1	data/blue_catalyst_poc/proteomes/rumen__10676_0017_idba.faa
rumen__10676_0022_idba	rumen	rumen	Bacteria	10676_0022_idba	ERZ1024266	webin-genome-10676_0022_idba_1kb	10676_0022_idba.fa.gz	rumen__10676_0022_idba	True	filename	2	data/blue_catalyst_poc/rumen/raw/10676_0022_idba.fa.gz	data/blue_catalyst_poc/rumen/raw/10676_0022_idba.fa.gz;data/blue_catalyst_poc/proteomes/_tmp_rumen/10676_0022_idba.fa	True	proteome_faa_stem	1	data/blue_catalyst_poc/proteomes/rumen__10676_0022_idba.faa
rumen__10676_0021_idba	rumen	rumen	Bacteria	10676_0021_idba	ERZ1024267	webin-genome-10676_0021_idba_1kb	10676_0021_idba.fa.gz	rumen__10676_0021_idba	True	filename	2	data/blue_catalyst_poc/rumen/raw/10676_0021_idba.fa.gz	data/blue_catalyst_poc/rumen/raw/10676_0021_idba.fa.gz;data/blue_catalyst_poc/proteomes/_tmp_rumen/10676_0021_idba.fa	True	proteome_faa_stem	1	data/blue_catalyst_poc/proteomes/rumen__10676_0021_idba.faa
rumen__10676_0025_idba	rumen	rumen	Bacteria	10676_0025_idba	ERZ1024268	webin-genome-10676_0025_idba_1kb	10676_0025_idba.fa.gz	rumen__10676_0025_idba	True	filename	2	data/blue_catalyst_poc/rumen/raw/10676_0025_idba.fa.gz	data/blue_catalyst_poc/rumen/raw/10676_0025_idba.fa.gz;data/blue_catalyst_poc/proteomes/_tmp_rumen/10676_0025_idba.fa	True	proteome_faa_stem	1	data/blue_catalyst_poc/proteomes/rumen__10676_0025_idba.faa
rumen__10676_0028_idba	rumen	rumen	Bacteria	10676_0028_idba	ERZ1024269	webin-genome-10676_0028_idba_1kb	10676_0028_idba.fa.gz	rumen__10676_0028_idba	True	filename	2	data/blue_catalyst_poc/rumen/raw/10676_0028_idba.fa.gz	data/blue_catalyst_poc/rumen/raw/10676_0028_idba.fa.gz;data/blue_catalyst_poc/proteomes/_tmp_rumen/10676_0028_idba.fa	True	proteome_faa_stem	1	data/blue_catalyst_poc/proteomes/rumen__10676_0028_idba.faa
rumen__10676_0020_idba	rumen	rumen	Bacteria	10676_0020_idba	ERZ1024270	webin-genome-10676_0020_idba_1kb	10676_0020_idba.fa.gz	rumen__10676_0020_idba	True	filename	2	data/blue_catalyst_poc/rumen/raw/10676_0020_idba.fa.gz	data/blue_catalyst_poc/rumen/raw/10676_0020_idba.fa.gz;data/blue_catalyst_poc/proteomes/_tmp_rumen/10676_0020_idba.fa	True	proteome_faa_stem	1	data/blue_catalyst_poc/proteomes/rumen__10676_0020_idba.faa
rumen__10676_0029_idba	rumen	rumen	Bacteria	10676_0029_idba	ERZ1024271	webin-genome-10676_0029_idba_1kb	10676_0029_idba.fa.gz	rumen__10676_0029_idba	True	filename	2	data/blue_catalyst_poc/rumen/raw/10676_0029_idba.fa.gz	data/blue_catalyst_poc/rumen/raw/10676_0029_idba.fa.gz;data/blue_catalyst_poc/proteomes/_tmp_rumen/10676_0029_idba.fa	True	proteome_faa_stem	1	data/blue_catalyst_poc/proteomes/rumen__10676_0029_idba.faa
rumen__10676_0035_idba	rumen	rumen	Bacteria	10676_0035_idba	ERZ1024272	webin-genome-10676_0035_idba_1kb	10676_0035_idba.fa.gz	rumen__10676_0035_idba	True	filename	2	data/blue_catalyst_poc/rumen/raw/10676_0035_idba.fa.gz	data/blue_catalyst_poc/rumen/raw/10676_0035_idba.fa.gz;data/blue_catalyst_poc/proteomes/_tmp_rumen/10676_0035_idba.fa	True	proteome_faa_stem	1	data/blue_catalyst_poc/proteomes/rumen__10676_0035_idba.faa
rumen__10676_0034_idba	rumen	rumen	Bacteria	10676_0034_idba	ERZ1024273	webin-genome-10676_0034_idba_1kb	10676_0034_idba.fa.gz	rumen__10676_0034_idba	True	filename	2	data/blue_catalyst_poc/rumen/raw/10676_0034_idba.fa.gz	data/blue_catalyst_poc/rumen/raw/10676_0034_idba.fa.gz;data/blue_catalyst_poc/proteomes/_tmp_rumen/10676_0034_idba.fa	True	proteome_faa_stem	1	data/blue_catalyst_poc/proteomes/rumen__10676_0034_idba.faa
rumen__10676_0030_idba	rumen	rumen	Bacteria	10676_0030_idba	ERZ1024274	webin-genome-10676_0030_idba_1kb	10676_0030_idba.fa.gz	rumen__10676_0030_idba	True	filename	2	data/blue_catalyst_poc/rumen/raw/10676_0030_idba.fa.gz	data/blue_catalyst_poc/rumen/raw/10676_0030_idba.fa.gz;data/blue_catalyst_poc/proteomes/_tmp_rumen/10676_0030_idba.fa	True	proteome_faa_stem	1	data/blue_catalyst_poc/proteomes/rumen__10676_0030_idba.faa
rumen__10676_0036_idba	rumen	rumen	Bacteria	10676_0036_idba	ERZ1024275	webin-genome-10676_0036_idba_1kb	10676_0036_idba.fa.gz	rumen__10676_0036_idba	True	filename	2	data/blue_catalyst_poc/rumen/raw/10676_0036_idba.fa.gz	data/blue_catalyst_poc/rumen/raw/10676_0036_idba.fa.gz;data/blue_catalyst_poc/proteomes/_tmp_rumen/10676_0036_idba.fa	True	proteome_faa_stem	1	data/blue_catalyst_poc/proteomes/rumen__10676_0036_idba.faa
rumen__10676_0032_idba	rumen	rumen	Bacteria	10676_0032_idba	ERZ1024276	webin-genome-10676_0032_idba_1kb	10676_0032_idba.fa.gz	rumen__10676_0032_idba	True	filename	2	data/blue_catalyst_poc/rumen/raw/10676_0032_idba.fa.gz	data/blue_catalyst_poc/rumen/raw/10676_0032_idba.fa.gz;data/blue_catalyst_poc/proteomes/_tmp_rumen/10676_0032_idba.fa	True	proteome_faa_stem	1	data/blue_catalyst_poc/proteomes/rumen__10676_0032_idba.faa
rumen__10676_0026_idba	rumen	rumen	Bacteria	10676_0026_idba	ERZ1024277	webin-genome-10676_0026_idba_1kb	10676_0026_idba.fa.gz	rumen__10676_0026_idba	True	filename	2	data/blue_catalyst_poc/rumen/raw/10676_0026_idba.fa.gz	data/blue_catalyst_poc/rumen/raw/10676_0026_idba.fa.gz;data/blue_catalyst_poc/proteomes/_tmp_rumen/10676_0026_idba.fa	True	proteome_faa_stem	1	data/blue_catalyst_poc/proteomes/rumen__10676_0026_idba.faa
rumen__10676_0033_idba	rumen	rumen	Bacteria	10676_0033_idba	ERZ1024278	webin-genome-10676_0033_idba_1kb	10676_0033_idba.fa.gz	rumen__10676_0033_idba	True	filename	2	data/blue_catalyst_poc/rumen/raw/10676_0033_idba.fa.gz	data/blue_catalyst_poc/rumen/raw/10676_0033_idba.fa.gz;data/blue_catalyst_poc/proteomes/_tmp_rumen/10676_0033_idba.fa	True	proteome_faa_stem	1	data/blue_catalyst_poc/proteomes/rumen__10676_0033_idba.faa
rumen__10676_0027_idba	rumen	rumen	Bacteria	10676_0027_idba	ERZ1024280	webin-genome-10676_0027_idba_1kb	10676_0027_idba.fa.gz	rumen__10676_0027_idba	True	filename	2	data/blue_catalyst_poc/rumen/raw/10676_0027_idba.fa.gz	data/blue_catalyst_poc/rumen/raw/10676_0027_idba.fa.gz;data/blue_catalyst_poc/proteomes/_tmp_rumen/10676_0027_idba.fa	True	proteome_faa_stem	1	data/blue_catalyst_poc/proteomes/rumen__10676_0027_idba.faa
rumen__10676_0048_idba	rumen	rumen	Bacteria	10676_0048_idba	ERZ1024281	webin-genome-10676_0048_idba_1kb	10676_0048_idba.fa.gz	rumen__10676_0048_idba	True	filename	2	data/blue_catalyst_poc/rumen/raw/10676_0048_idba.fa.gz	data/blue_catalyst_poc/rumen/raw/10676_0048_idba.fa.gz;data/blue_catalyst_poc/proteomes/_tmp_rumen/10676_0048_idba.fa	True	proteome_faa_stem	1	data/blue_catalyst_poc/proteomes/rumen__10676_0048_idba.faa
rumen__10676_0046_idba	rumen	rumen	Bacteria	10676_0046_idba	ERZ1024282	webin-genome-10676_0046_idba_1kb	10676_0046_idba.fa.gz	rumen__10676_0046_idba	True	filename	2	data/blue_catalyst_poc/rumen/raw/10676_0046_idba.fa.gz	data/blue_catalyst_poc/rumen/raw/10676_0046_idba.fa.gz;data/blue_catalyst_poc/proteomes/_tmp_rumen/10676_0046_idba.fa	True	proteome_faa_stem	1	data/blue_catalyst_poc/proteomes/rumen__10676_0046_idba.faa
rumen__10676_0049_idba	rumen	rumen	Bacteria	10676_0049_idba	ERZ1024284	webin-genome-10676_0049_idba_1kb	10676_0049_idba.fa.gz	rumen__10676_0049_idba	True	filename	2	data/blue_catalyst_poc/rumen/raw/10676_0049_idba.fa.gz	data/blue_catalyst_poc/rumen/raw/10676_0049_idba.fa.gz;data/blue_catalyst_poc/proteomes/_tmp_rumen/10676_0049_idba.fa	True	proteome_faa_stem	1	data/blue_catalyst_poc/proteomes/rumen__10676_0049_idba.faa
rumen__10676_0042_idba	rumen	rumen	Bacteria	10676_0042_idba	ERZ1024285	webin-genome-10676_0042_idba_1kb	10676_0042_idba.fa.gz	rumen__10676_0042_idba	True	filename	2	data/blue_catalyst_poc/rumen/raw/10676_0042_idba.fa.gz	data/blue_catalyst_poc/rumen/raw/10676_0042_idba.fa.gz;data/blue_catalyst_poc/proteomes/_tmp_rumen/10676_0042_idba.fa	True	proteome_faa_stem	1	data/blue_catalyst_poc/proteomes/rumen__10676_0042_idba.faa
rumen__10676_0043_idba	rumen	rumen	Bacteria	10676_0043_idba	ERZ1024286	webin-genome-10676_0043_idba_1kb	10676_0043_idba.fa.gz	rumen__10676_0043_idba	True	filename	2	data/blue_catalyst_poc/rumen/raw/10676_0043_idba.fa.gz	data/blue_catalyst_poc/rumen/raw/10676_0043_idba.fa.gz;data/blue_catalyst_poc/proteomes/_tmp_rumen/10676_0043_idba.fa	True	proteome_faa_stem	1	data/blue_catalyst_poc/proteomes/rumen__10676_0043_idba.faa
rumen__10676_0051_idba	rumen	rumen	Bacteria	10676_0051_idba	ERZ1024287	webin-genome-10676_0051_idba_1kb	10676_0051_idba.fa.gz	rumen__10676_0051_idba	True	filename	2	data/blue_catalyst_poc/rumen/raw/10676_0051_idba.fa.gz	data/blue_catalyst_poc/rumen/raw/10676_0051_idba.fa.gz;data/blue_catalyst_poc/proteomes/_tmp_rumen/10676_0051_idba.fa	True	proteome_faa_stem	1	data/blue_catalyst_poc/proteomes/rumen__10676_0051_idba.faa
rumen__10676_0039_idba	rumen	rumen	Bacteria	10676_0039_idba	ERZ1024290	webin-genome-10676_0039_idba_1kb	10676_0039_idba.fa.gz	rumen__10676_0039_idba	True	filename	2	data/blue_catalyst_poc/rumen/raw/10676_0039_idba.fa.gz	data/blue_catalyst_poc/rumen/raw/10676_0039_idba.fa.gz;data/blue_catalyst_poc/proteomes/_tmp_rumen/10676_0039_idba.fa	True	proteome_faa_stem	1	data/blue_catalyst_poc/proteomes/rumen__10676_0039_idba.faa
rumen__10676_0050_idba	rumen	rumen	Bacteria	10676_0050_idba	ERZ1024291	webin-genome-10676_0050_idba_1kb	10676_0050_idba.fa.gz	rumen__10676_0050_idba	True	filename	2	data/blue_catalyst_poc/rumen/raw/10676_0050_idba.fa.gz	data/blue_catalyst_poc/rumen/raw/10676_0050_idba.fa.gz;data/blue_catalyst_poc/proteomes/_tmp_rumen/10676_0050_idba.fa	True	proteome_faa_stem	1	data/blue_catalyst_poc/proteomes/rumen__10676_0050_idba.faa
rumen__10676_0047_idba	rumen	rumen	Bacteria	10676_0047_idba	ERZ1024292	webin-genome-10676_0047_idba_1kb	10676_0047_idba.fa.gz	rumen__10676_0047_idba	True	filename	2	data/blue_catalyst_poc/rumen/raw/10676_0047_idba.fa.gz	data/blue_catalyst_poc/rumen/raw/10676_0047_idba.fa.gz;data/blue_catalyst_poc/proteomes/_tmp_rumen/10676_0047_idba.fa	True	proteome_faa_stem	1	data/blue_catalyst_poc/proteomes/rumen__10676_0047_idba.faa
rumen__10676_0023_idba	rumen	rumen	Bacteria	10676_0023_idba	ERZ1024293	webin-genome-10676_0023_idba_1kb	10676_0023_idba.fa.gz	rumen__10676_0023_idba	True	filename	2	data/blue_catalyst_poc/rumen/raw/10676_0023_idba.fa.gz	data/blue_catalyst_poc/rumen/raw/10676_0023_idba.fa.gz;data/blue_catalyst_poc/proteomes/_tmp_rumen/10676_0023_idba.fa	True	proteome_faa_stem	1	data/blue_catalyst_poc/proteomes/rumen__10676_0023_idba.faa
rumen__10676_0009_idba	rumen	rumen	Bacteria	10676_0009_idba	ERZ1024294	webin-genome-10676_0009_idba_1kb	10676_0009_idba.fa.gz	rumen__10676_0009_idba	True	filename	2	data/blue_catalyst_poc/rumen/raw/10676_0009_idba.fa.gz	data/blue_catalyst_poc/rumen/raw/10676_0009_idba.fa.gz;data/blue_catalyst_poc/proteomes/_tmp_rumen/10676_0009_idba.fa	True	proteome_faa_stem	1	data/blue_catalyst_poc/proteomes/rumen__10676_0009_idba.faa
rumen__10676_0024_idba	rumen	rumen	Bacteria	10676_0024_idba	ERZ1024295	webin-genome-10676_0024_idba_1kb	10676_0024_idba.fa.gz	rumen__10676_0024_idba	True	filename	2	data/blue_catalyst_poc/rumen/raw/10676_0024_idba.fa.gz	data/blue_catalyst_poc/rumen/raw/10676_0024_idba.fa.gz;data/blue_catalyst_poc/proteomes/_tmp_rumen/10676_0024_idba.fa	True	proteome_faa_stem	1	data/blue_catalyst_poc/proteomes/rumen__10676_0024_idba.faa
rumen__10676_0014_idba	rumen	rumen	Bacteria	10676_0014_idba	ERZ1024302	webin-genome-10676_0014_idba_1kb	10676_0014_idba.fa.gz	rumen__10676_0014_idba	True	filename	2	data/blue_catalyst_poc/rumen/raw/10676_0014_idba.fa.gz	data/blue_catalyst_poc/rumen/raw/10676_0014_idba.fa.gz;data/blue_catalyst_poc/proteomes/_tmp_rumen/10676_0014_idba.fa	True	proteome_faa_stem	1	data/blue_catalyst_poc/proteomes/rumen__10676_0014_idba.faa
rumen__10674_0001_idba_bin.10	rumen	rumen	Bacteria	10674_0001_idba_bin.10	ERZ1036795	webin-genome-10674_0001_idba_bin.10	10674_0001_idba_bin.10.fa.gz	rumen__10674_0001_idba_bin.10	True	filename	2	data/blue_catalyst_poc/rumen/raw/10674_0001_idba_bin.10.fa.gz	data/blue_catalyst_poc/rumen/raw/10674_0001_idba_bin.10.fa.gz;data/blue_catalyst_poc/proteomes/_tmp_rumen_nuc/10674_0001_idba_bin.10.fa	True	proteome_faa_stem	1	data/blue_catalyst_poc/proteomes/rumen__10674_0001_idba_bin.10.faa
rumen__10674_0001_idba_bin.100	rumen	rumen	Bacteria	10674_0001_idba_bin.100	ERZ1037592	webin-genome-10674_0001_idba_bin.100	10674_0001_idba_bin.100.fa.gz	rumen__10674_0001_idba_bin.100	True	filename	2	data/blue_catalyst_poc/rumen/raw/10674_0001_idba_bin.100.fa.gz	data/blue_catalyst_poc/rumen/raw/10674_0001_idba_bin.100.fa.gz;data/blue_catalyst_poc/proteomes/_tmp_rumen/10674_0001_idba_bin.100.fa	True	proteome_faa_stem	1	data/blue_catalyst_poc/proteomes/rumen__10674_0001_idba_bin.100.faa
rumen__10674_0001_idba_bin.102	rumen	rumen	Bacteria	10674_0001_idba_bin.102	ERZ1037593	webin-genome-10674_0001_idba_bin.102	10674_0001_idba_bin.102.fa.gz	rumen__10674_0001_idba_bin.102	True	filename	2	data/blue_catalyst_poc/rumen/raw/10674_0001_idba_bin.102.fa.gz	data/blue_catalyst_poc/rumen/raw/10674_0001_idba_bin.102.fa.gz;data/blue_catalyst_poc/proteomes/_tmp_rumen_nuc/10674_0001_idba_bin.102.fa	True	proteome_faa_stem	1	data/blue_catalyst_poc/proteomes/rumen__10674_0001_idba_bin.102.faa
rumen__10674_0001_idba_bin.11	rumen	rumen	Bacteria	10674_0001_idba_bin.11	ERZ1037594	webin-genome-10674_0001_idba_bin.11	10674_0001_idba_bin.11.fa.gz	rumen__10674_0001_idba_bin.11	True	filename	2	data/blue_catalyst_poc/rumen/raw/10674_0001_idba_bin.11.fa.gz	data/blue_catalyst_poc/rumen/raw/10674_0001_idba_bin.11.fa.gz;data/blue_catalyst_poc/proteomes/_tmp_rumen_nuc/10674_0001_idba_bin.11.fa	True	proteome_faa_stem	1	data/blue_catalyst_poc/proteomes/rumen__10674_0001_idba_bin.11.faa
rumen__10674_0001_idba_bin.20	rumen	rumen	Bacteria	10674_0001_idba_bin.20	ERZ1037595	webin-genome-10674_0001_idba_bin.20	10674_0001_idba_bin.20.fa.gz	rumen__10674_0001_idba_bin.20	True	filename	2	data/blue_catalyst_poc/rumen/raw/10674_0001_idba_bin.20.fa.gz	data/blue_catalyst_poc/rumen/raw/10674_0001_idba_bin.20.fa.gz;data/blue_catalyst_poc/proteomes/_tmp_rumen_nuc/10674_0001_idba_bin.20.fa	True	proteome_faa_stem	1	data/blue_catalyst_poc/proteomes/rumen__10674_0001_idba_bin.20.faa
rumen__10674_0001_idba_bin.23	rumen	rumen	Archaea	10674_0001_idba_bin.23	ERZ1037596	webin-genome-10674_0001_idba_bin.23	10674_0001_idba_bin.23.fa.gz	rumen__10674_0001_idba_bin.23	True	filename	2	data/blue_catalyst_poc/rumen/raw/10674_0001_idba_bin.23.fa.gz	data/blue_catalyst_poc/rumen/raw/10674_0001_idba_bin.23.fa.gz;data/blue_catalyst_poc/proteomes/_tmp_rumen_nuc/10674_0001_idba_bin.23.fa	True	proteome_faa_stem	1	data/blue_catalyst_poc/proteomes/rumen__10674_0001_idba_bin.23.faa
rumen__10674_0001_idba_bin.24	rumen	rumen	Bacteria	10674_0001_idba_bin.24	ERZ1037597	webin-genome-10674_0001_idba_bin.24	10674_0001_idba_bin.24.fa.gz	rumen__10674_0001_idba_bin.24	True	filename	2	data/blue_catalyst_poc/rumen/raw/10674_0001_idba_bin.24.fa.gz	data/blue_catalyst_poc/rumen/raw/10674_0001_idba_bin.24.fa.gz;data/blue_catalyst_poc/proteomes/_tmp_rumen/10674_0001_idba_bin.24.fa	True	proteome_faa_stem	1	data/blue_catalyst_poc/proteomes/rumen__10674_0001_idba_bin.24.faa
rumen__10674_0001_idba_bin.26	rumen	rumen	Bacteria	10674_0001_idba_bin.26	ERZ1037598	webin-genome-10674_0001_idba_bin.26	10674_0001_idba_bin.26.fa.gz	rumen__10674_0001_idba_bin.26	True	filename	2	data/blue_catalyst_poc/rumen/raw/10674_0001_idba_bin.26.fa.gz	data/blue_catalyst_poc/rumen/raw/10674_0001_idba_bin.26.fa.gz;data/blue_catalyst_poc/proteomes/_tmp_rumen/10674_0001_idba_bin.26.fa	True	proteome_faa_stem	1	data/blue_catalyst_poc/proteomes/rumen__10674_0001_idba_bin.26.faa
rumen__10674_0001_idba_bin.37	rumen	rumen	Bacteria	10674_0001_idba_bin.37	ERZ1037599	webin-genome-10674_0001_idba_bin.37	10674_0001_idba_bin.37.fa.gz	rumen__10674_0001_idba_bin.37	True	filename	2	data/blue_catalyst_poc/rumen/raw/10674_0001_idba_bin.37.fa.gz	data/blue_catalyst_poc/rumen/raw/10674_0001_idba_bin.37.fa.gz;data/blue_catalyst_poc/proteomes/_tmp_rumen/10674_0001_idba_bin.37.fa	True	proteome_faa_stem	1	data/blue_catalyst_poc/proteomes/rumen__10674_0001_idba_bin.37.faa
rumen__10674_0001_idba_bin.4	rumen	rumen	Bacteria	10674_0001_idba_bin.4	ERZ1037600	webin-genome-10674_0001_idba_bin.4	10674_0001_idba_bin.4.fa.gz	rumen__10674_0001_idba_bin.4	True	filename	2	data/blue_catalyst_poc/rumen/raw/10674_0001_idba_bin.4.fa.gz	data/blue_catalyst_poc/rumen/raw/10674_0001_idba_bin.4.fa.gz;data/blue_catalyst_poc/proteomes/_tmp_rumen_nuc/10674_0001_idba_bin.4.fa	True	proteome_faa_stem	1	data/blue_catalyst_poc/proteomes/rumen__10674_0001_idba_bin.4.faa
rumen__10674_0001_idba_bin.45	rumen	rumen	Bacteria	10674_0001_idba_bin.45	ERZ1037601	webin-genome-10674_0001_idba_bin.45	10674_0001_idba_bin.45.fa.gz	rumen__10674_0001_idba_bin.45	True	filename	2	data/blue_catalyst_poc/rumen/raw/10674_0001_idba_bin.45.fa.gz	data/blue_catalyst_poc/rumen/raw/10674_0001_idba_bin.45.fa.gz;data/blue_catalyst_poc/proteomes/_tmp_rumen_nuc/10674_0001_idba_bin.45.fa	True	proteome_faa_stem	1	data/blue_catalyst_poc/proteomes/rumen__10674_0001_idba_bin.45.faa
rumen__10674_0001_idba_bin.49	rumen	rumen	Bacteria	10674_0001_idba_bin.49	ERZ1037602	webin-genome-10674_0001_idba_bin.49	10674_0001_idba_bin.49.fa.gz	rumen__10674_0001_idba_bin.49	True	filename	2	data/blue_catalyst_poc/rumen/raw/10674_0001_idba_bin.49.fa.gz	data/blue_catalyst_poc/rumen/raw/10674_0001_idba_bin.49.fa.gz;data/blue_catalyst_poc/proteomes/_tmp_rumen/10674_0001_idba_bin.49.fa	True	proteome_faa_stem	1	data/blue_catalyst_poc/proteomes/rumen__10674_0001_idba_bin.49.faa
rumen__10674_0001_idba_bin.52	rumen	rumen	Bacteria	10674_0001_idba_bin.52	ERZ1037603	webin-genome-10674_0001_idba_bin.52	10674_0001_idba_bin.52.fa.gz	rumen__10674_0001_idba_bin.52	True	filename	2	data/blue_catalyst_poc/rumen/raw/10674_0001_idba_bin.52.fa.gz	data/blue_catalyst_poc/rumen/raw/10674_0001_idba_bin.52.fa.gz;data/blue_catalyst_poc/proteomes/_tmp_rumen_nuc/10674_0001_idba_bin.52.fa	True	proteome_faa_stem	1	data/blue_catalyst_poc/proteomes/rumen__10674_0001_idba_bin.52.faa
rumen__10674_0001_idba_bin.54	rumen	rumen	Bacteria	10674_0001_idba_bin.54	ERZ1037604	webin-genome-10674_0001_idba_bin.54	10674_0001_idba_bin.54.fa.gz	rumen__10674_0001_idba_bin.54	True	filename	2	data/blue_catalyst_poc/rumen/raw/10674_0001_idba_bin.54.fa.gz	data/blue_catalyst_poc/rumen/raw/10674_0001_idba_bin.54.fa.gz;data/blue_catalyst_poc/proteomes/_tmp_rumen/10674_0001_idba_bin.54.fa	True	proteome_faa_stem	1	data/blue_catalyst_poc/proteomes/rumen__10674_0001_idba_bin.54.faa
rumen__10674_0001_idba_bin.56	rumen	rumen	Bacteria	10674_0001_idba_bin.56	ERZ1037605	webin-genome-10674_0001_idba_bin.56	10674_0001_idba_bin.56.fa.gz	rumen__10674_0001_idba_bin.56	True	filename	2	data/blue_catalyst_poc/rumen/raw/10674_0001_idba_bin.56.fa.gz	data/blue_catalyst_poc/rumen/raw/10674_0001_idba_bin.56.fa.gz;data/blue_catalyst_poc/proteomes/_tmp_rumen_nuc/10674_0001_idba_bin.56.fa	True	proteome_faa_stem	1	data/blue_catalyst_poc/proteomes/rumen__10674_0001_idba_bin.56.faa
rumen__10674_0001_idba_bin.6	rumen	rumen	Bacteria	10674_0001_idba_bin.6	ERZ1037606	webin-genome-10674_0001_idba_bin.6	10674_0001_idba_bin.6.fa.gz	rumen__10674_0001_idba_bin.6	True	filename	2	data/blue_catalyst_poc/rumen/raw/10674_0001_idba_bin.6.fa.gz	data/blue_catalyst_poc/rumen/raw/10674_0001_idba_bin.6.fa.gz;data/blue_catalyst_poc/proteomes/_tmp_rumen/10674_0001_idba_bin.6.fa	True	proteome_faa_stem	1	data/blue_catalyst_poc/proteomes/rumen__10674_0001_idba_bin.6.faa
rumen__10674_0001_idba_bin.66	rumen	rumen	Bacteria	10674_0001_idba_bin.66	ERZ1037607	webin-genome-10674_0001_idba_bin.66	10674_0001_idba_bin.66.fa.gz	rumen__10674_0001_idba_bin.66	True	filename	2	data/blue_catalyst_poc/rumen/raw/10674_0001_idba_bin.66.fa.gz	data/blue_catalyst_poc/rumen/raw/10674_0001_idba_bin.66.fa.gz;data/blue_catalyst_poc/proteomes/_tmp_rumen/10674_0001_idba_bin.66.fa	True	proteome_faa_stem	1	data/blue_catalyst_poc/proteomes/rumen__10674_0001_idba_bin.66.faa
rumen__10674_0001_idba_bin.72	rumen	rumen	Bacteria	10674_0001_idba_bin.72	ERZ1037608	webin-genome-10674_0001_idba_bin.72	10674_0001_idba_bin.72.fa.gz	rumen__10674_0001_idba_bin.72	True	filename	2	data/blue_catalyst_poc/rumen/raw/10674_0001_idba_bin.72.fa.gz	data/blue_catalyst_poc/rumen/raw/10674_0001_idba_bin.72.fa.gz;data/blue_catalyst_poc/proteomes/_tmp_rumen_nuc/10674_0001_idba_bin.72.fa	True	proteome_faa_stem	1	data/blue_catalyst_poc/proteomes/rumen__10674_0001_idba_bin.72.faa
rumen__10674_0001_idba_bin.73	rumen	rumen	Bacteria	10674_0001_idba_bin.73	ERZ1037609	webin-genome-10674_0001_idba_bin.73	10674_0001_idba_bin.73.fa.gz	rumen__10674_0001_idba_bin.73	True	filename	2	data/blue_catalyst_poc/rumen/raw/10674_0001_idba_bin.73.fa.gz	data/blue_catalyst_poc/rumen/raw/10674_0001_idba_bin.73.fa.gz;data/blue_catalyst_poc/proteomes/_tmp_rumen/10674_0001_idba_bin.73.fa	True	proteome_faa_stem	1	data/blue_catalyst_poc/proteomes/rumen__10674_0001_idba_bin.73.faa
rumen__10674_0001_idba_bin.75	rumen	rumen	Bacteria	10674_0001_idba_bin.75	ERZ1037610	webin-genome-10674_0001_idba_bin.75	10674_0001_idba_bin.75.fa.gz	rumen__10674_0001_idba_bin.75	True	filename	2	data/blue_catalyst_poc/rumen/raw/10674_0001_idba_bin.75.fa.gz	data/blue_catalyst_poc/rumen/raw/10674_0001_idba_bin.75.fa.gz;data/blue_catalyst_poc/proteomes/_tmp_rumen/10674_0001_idba_bin.75.fa	True	proteome_faa_stem	1	data/blue_catalyst_poc/proteomes/rumen__10674_0001_idba_bin.75.faa
rumen__10674_0001_idba_bin.78	rumen	rumen	Bacteria	10674_0001_idba_bin.78	ERZ1037611	webin-genome-10674_0001_idba_bin.78	10674_0001_idba_bin.78.fa.gz	rumen__10674_0001_idba_bin.78	True	filename	2	data/blue_catalyst_poc/rumen/raw/10674_0001_idba_bin.78.fa.gz	data/blue_catalyst_poc/rumen/raw/10674_0001_idba_bin.78.fa.gz;data/blue_catalyst_poc/proteomes/_tmp_rumen_nuc/10674_0001_idba_bin.78.fa	True	proteome_faa_stem	1	data/blue_catalyst_poc/proteomes/rumen__10674_0001_idba_bin.78.faa
rumen__10674_0001_idba_bin.79	rumen	rumen	Bacteria	10674_0001_idba_bin.79	ERZ1037612	webin-genome-10674_0001_idba_bin.79	10674_0001_idba_bin.79.fa.gz	rumen__10674_0001_idba_bin.79	True	filename	2	data/blue_catalyst_poc/rumen/raw/10674_0001_idba_bin.79.fa.gz	data/blue_catalyst_poc/rumen/raw/10674_0001_idba_bin.79.fa.gz;data/blue_catalyst_poc/proteomes/_tmp_rumen/10674_0001_idba_bin.79.fa	True	proteome_faa_stem	1	data/blue_catalyst_poc/proteomes/rumen__10674_0001_idba_bin.79.faa
rumen__10674_0001_idba_bin.80	rumen	rumen	Bacteria	10674_0001_idba_bin.80	ERZ1037613	webin-genome-10674_0001_idba_bin.80	10674_0001_idba_bin.80.fa.gz	rumen__10674_0001_idba_bin.80	True	filename	2	data/blue_catalyst_poc/rumen/raw/10674_0001_idba_bin.80.fa.gz	data/blue_catalyst_poc/rumen/raw/10674_0001_idba_bin.80.fa.gz;data/blue_catalyst_poc/proteomes/_tmp_rumen/10674_0001_idba_bin.80.fa	True	proteome_faa_stem	1	data/blue_catalyst_poc/proteomes/rumen__10674_0001_idba_bin.80.faa
rumen__10674_0001_idba_bin.88	rumen	rumen	Bacteria	10674_0001_idba_bin.88	ERZ1037614	webin-genome-10674_0001_idba_bin.88	10674_0001_idba_bin.88.fa.gz	rumen__10674_0001_idba_bin.88	True	filename	2	data/blue_catalyst_poc/rumen/raw/10674_0001_idba_bin.88.fa.gz	data/blue_catalyst_poc/rumen/raw/10674_0001_idba_bin.88.fa.gz;data/blue_catalyst_poc/proteomes/_tmp_rumen/10674_0001_idba_bin.88.fa	True	proteome_faa_stem	1	data/blue_catalyst_poc/proteomes/rumen__10674_0001_idba_bin.88.faa
rumen__10674_0001_idba_bin.92	rumen	rumen	Bacteria	10674_0001_idba_bin.92	ERZ1037615	webin-genome-10674_0001_idba_bin.92	10674_0001_idba_bin.92.fa.gz	rumen__10674_0001_idba_bin.92	True	filename	2	data/blue_catalyst_poc/rumen/raw/10674_0001_idba_bin.92.fa.gz	data/blue_catalyst_poc/rumen/raw/10674_0001_idba_bin.92.fa.gz;data/blue_catalyst_poc/proteomes/_tmp_rumen_nuc/10674_0001_idba_bin.92.fa	True	proteome_faa_stem	1	data/blue_catalyst_poc/proteomes/rumen__10674_0001_idba_bin.92.faa
rumen__10674_0001_idba_bin.93	rumen	rumen	Bacteria	10674_0001_idba_bin.93	ERZ1037616	webin-genome-10674_0001_idba_bin.93	10674_0001_idba_bin.93.fa.gz	rumen__10674_0001_idba_bin.93	True	filename	2	data/blue_catalyst_poc/rumen/raw/10674_0001_idba_bin.93.fa.gz	data/blue_catalyst_poc/rumen/raw/10674_0001_idba_bin.93.fa.gz;data/blue_catalyst_poc/proteomes/_tmp_rumen/10674_0001_idba_bin.93.fa	True	proteome_faa_stem	1	data/blue_catalyst_poc/proteomes/rumen__10674_0001_idba_bin.93.faa
rumen__10674_0001_idba_bin.96	rumen	rumen	Bacteria	10674_0001_idba_bin.96	ERZ1037617	webin-genome-10674_0001_idba_bin.96	10674_0001_idba_bin.96.fa.gz	rumen__10674_0001_idba_bin.96	True	filename	2	data/blue_catalyst_poc/rumen/raw/10674_0001_idba_bin.96.fa.gz	data/blue_catalyst_poc/rumen/raw/10674_0001_idba_bin.96.fa.gz;data/blue_catalyst_poc/proteomes/_tmp_rumen/10674_0001_idba_bin.96.fa	True	proteome_faa_stem	1	data/blue_catalyst_poc/proteomes/rumen__10674_0001_idba_bin.96.faa
rumen__10674_0002_idba_bin.1	rumen	rumen	Bacteria	10674_0002_idba_bin.1	ERZ1037618	webin-genome-10674_0002_idba_bin.1	10674_0002_idba_bin.1.fa.gz	rumen__10674_0002_idba_bin.1	True	filename	2	data/blue_catalyst_poc/rumen/raw/10674_0002_idba_bin.1.fa.gz	data/blue_catalyst_poc/rumen/raw/10674_0002_idba_bin.1.fa.gz;data/blue_catalyst_poc/proteomes/_tmp_rumen_nuc/10674_0002_idba_bin.1.fa	True	proteome_faa_stem	1	data/blue_catalyst_poc/proteomes/rumen__10674_0002_idba_bin.1.faa
rumen__10674_0002_idba_bin.10	rumen	rumen	Bacteria	10674_0002_idba_bin.10	ERZ1037619	webin-genome-10674_0002_idba_bin.10	10674_0002_idba_bin.10.fa.gz	rumen__10674_0002_idba_bin.10	True	filename	2	data/blue_catalyst_poc/rumen/raw/10674_0002_idba_bin.10.fa.gz	data/blue_catalyst_poc/rumen/raw/10674_0002_idba_bin.10.fa.gz;data/blue_catalyst_poc/proteomes/_tmp_rumen/10674_0002_idba_bin.10.fa	True	proteome_faa_stem	1	data/blue_catalyst_poc/proteomes/rumen__10674_0002_idba_bin.10.faa
rumen__10674_0002_idba_bin.100	rumen	rumen	Bacteria	10674_0002_idba_bin.100	ERZ1037620	webin-genome-10674_0002_idba_bin.100	10674_0002_idba_bin.100.fa.gz	rumen__10674_0002_idba_bin.100	True	filename	2	data/blue_catalyst_poc/rumen/raw/10674_0002_idba_bin.100.fa.gz	data/blue_catalyst_poc/rumen/raw/10674_0002_idba_bin.100.fa.gz;data/blue_catalyst_poc/proteomes/_tmp_rumen/10674_0002_idba_bin.100.fa	True	proteome_faa_stem	1	data/blue_catalyst_poc/proteomes/rumen__10674_0002_idba_bin.100.faa
rumen__10674_0002_idba_bin.104	rumen	rumen	Bacteria	10674_0002_idba_bin.104	ERZ1037621	webin-genome-10674_0002_idba_bin.104	10674_0002_idba_bin.104.fa.gz	rumen__10674_0002_idba_bin.104	True	filename	2	data/blue_catalyst_poc/rumen/raw/10674_0002_idba_bin.104.fa.gz	data/blue_catalyst_poc/rumen/raw/10674_0002_idba_bin.104.fa.gz;data/blue_catalyst_poc/proteomes/_tmp_rumen/10674_0002_idba_bin.104.fa	True	proteome_faa_stem	1	data/blue_catalyst_poc/proteomes/rumen__10674_0002_idba_bin.104.faa
rumen__10674_0002_idba_bin.106	rumen	rumen	Bacteria	10674_0002_idba_bin.106	ERZ1037622	webin-genome-10674_0002_idba_bin.106	10674_0002_idba_bin.106.fa.gz	rumen__10674_0002_idba_bin.106	True	filename	2	data/blue_catalyst_poc/rumen/raw/10674_0002_idba_bin.106.fa.gz	data/blue_catalyst_poc/rumen/raw/10674_0002_idba_bin.106.fa.gz;data/blue_catalyst_poc/proteomes/_tmp_rumen/10674_0002_idba_bin.106.fa	True	proteome_faa_stem	1	data/blue_catalyst_poc/proteomes/rumen__10674_0002_idba_bin.106.faa
rumen__10674_0002_idba_bin.107	rumen	rumen	Bacteria	10674_0002_idba_bin.107	ERZ1037623	webin-genome-10674_0002_idba_bin.107	10674_0002_idba_bin.107.fa.gz	rumen__10674_0002_idba_bin.107	True	filename	2	data/blue_catalyst_poc/rumen/raw/10674_0002_idba_bin.107.fa.gz	data/blue_catalyst_poc/rumen/raw/10674_0002_idba_bin.107.fa.gz;data/blue_catalyst_poc/proteomes/_tmp_rumen_nuc/10674_0002_idba_bin.107.fa	True	proteome_faa_stem	1	data/blue_catalyst_poc/proteomes/rumen__10674_0002_idba_bin.107.faa
rumen__10674_0002_idba_bin.108	rumen	rumen	Bacteria	10674_0002_idba_bin.108	ERZ1037624	webin-genome-10674_0002_idba_bin.108	10674_0002_idba_bin.108.fa.gz	rumen__10674_0002_idba_bin.108	True	filename	2	data/blue_catalyst_poc/rumen/raw/10674_0002_idba_bin.108.fa.gz	data/blue_catalyst_poc/rumen/raw/10674_0002_idba_bin.108.fa.gz;data/blue_catalyst_poc/proteomes/_tmp_rumen/10674_0002_idba_bin.108.fa	True	proteome_faa_stem	1	data/blue_catalyst_poc/proteomes/rumen__10674_0002_idba_bin.108.faa
rumen__10674_0002_idba_bin.109	rumen	rumen	Bacteria	10674_0002_idba_bin.109	ERZ1037625	webin-genome-10674_0002_idba_bin.109	10674_0002_idba_bin.109.fa.gz	rumen__10674_0002_idba_bin.109	True	filename	2	data/blue_catalyst_poc/rumen/raw/10674_0002_idba_bin.109.fa.gz	data/blue_catalyst_poc/rumen/raw/10674_0002_idba_bin.109.fa.gz;data/blue_catalyst_poc/proteomes/_tmp_rumen_nuc/10674_0002_idba_bin.109.fa	True	proteome_faa_stem	1	data/blue_catalyst_poc/proteomes/rumen__10674_0002_idba_bin.109.faa
rumen__10674_0002_idba_bin.110	rumen	rumen	Bacteria	10674_0002_idba_bin.110	ERZ1037626	webin-genome-10674_0002_idba_bin.110	10674_0002_idba_bin.110.fa.gz	rumen__10674_0002_idba_bin.110	True	filename	2	data/blue_catalyst_poc/rumen/raw/10674_0002_idba_bin.110.fa.gz	data/blue_catalyst_poc/rumen/raw/10674_0002_idba_bin.110.fa.gz;data/blue_catalyst_poc/proteomes/_tmp_rumen/10674_0002_idba_bin.110.fa	True	proteome_faa_stem	1	data/blue_catalyst_poc/proteomes/rumen__10674_0002_idba_bin.110.faa
rumen__10674_0002_idba_bin.111	rumen	rumen	Bacteria	10674_0002_idba_bin.111	ERZ1037627	webin-genome-10674_0002_idba_bin.111	10674_0002_idba_bin.111.fa.gz	rumen__10674_0002_idba_bin.111	True	filename	2	data/blue_catalyst_poc/rumen/raw/10674_0002_idba_bin.111.fa.gz	data/blue_catalyst_poc/rumen/raw/10674_0002_idba_bin.111.fa.gz;data/blue_catalyst_poc/proteomes/_tmp_rumen/10674_0002_idba_bin.111.fa	True	proteome_faa_stem	1	data/blue_catalyst_poc/proteomes/rumen__10674_0002_idba_bin.111.faa
rumen__10674_0002_idba_bin.112	rumen	rumen	Bacteria	10674_0002_idba_bin.112	ERZ1037628	webin-genome-10674_0002_idba_bin.112	10674_0002_idba_bin.112.fa.gz	rumen__10674_0002_idba_bin.112	True	filename	2	data/blue_catalyst_poc/rumen/raw/10674_0002_idba_bin.112.fa.gz	data/blue_catalyst_poc/rumen/raw/10674_0002_idba_bin.112.fa.gz;data/blue_catalyst_poc/proteomes/_tmp_rumen/10674_0002_idba_bin.112.fa	True	proteome_faa_stem	1	data/blue_catalyst_poc/proteomes/rumen__10674_0002_idba_bin.112.faa
rumen__10674_0002_idba_bin.113	rumen	rumen	Bacteria	10674_0002_idba_bin.113	ERZ1037629	webin-genome-10674_0002_idba_bin.113	10674_0002_idba_bin.113.fa.gz	rumen__10674_0002_idba_bin.113	True	filename	2	data/blue_catalyst_poc/rumen/raw/10674_0002_idba_bin.113.fa.gz	data/blue_catalyst_poc/rumen/raw/10674_0002_idba_bin.113.fa.gz;data/blue_catalyst_poc/proteomes/_tmp_rumen/10674_0002_idba_bin.113.fa	True	proteome_faa_stem	1	data/blue_catalyst_poc/proteomes/rumen__10674_0002_idba_bin.113.faa
rumen__10674_0002_idba_bin.114	rumen	rumen	Bacteria	10674_0002_idba_bin.114	ERZ1037630	webin-genome-10674_0002_idba_bin.114	10674_0002_idba_bin.114.fa.gz	rumen__10674_0002_idba_bin.114	True	filename	2	data/blue_catalyst_poc/rumen/raw/10674_0002_idba_bin.114.fa.gz	data/blue_catalyst_poc/rumen/raw/10674_0002_idba_bin.114.fa.gz;data/blue_catalyst_poc/proteomes/_tmp_rumen/10674_0002_idba_bin.114.fa	True	proteome_faa_stem	1	data/blue_catalyst_poc/proteomes/rumen__10674_0002_idba_bin.114.faa
rumen__10674_0002_idba_bin.116	rumen	rumen	Bacteria	10674_0002_idba_bin.116	ERZ1037631	webin-genome-10674_0002_idba_bin.116	10674_0002_idba_bin.116.fa.gz	rumen__10674_0002_idba_bin.116	True	filename	2	data/blue_catalyst_poc/rumen/raw/10674_0002_idba_bin.116.fa.gz	data/blue_catalyst_poc/rumen/raw/10674_0002_idba_bin.116.fa.gz;data/blue_catalyst_poc/proteomes/_tmp_rumen/10674_0002_idba_bin.116.fa	True	proteome_faa_stem	1	data/blue_catalyst_poc/proteomes/rumen__10674_0002_idba_bin.116.faa
rumen__10674_0002_idba_bin.117	rumen	rumen	Bacteria	10674_0002_idba_bin.117	ERZ1037632	webin-genome-10674_0002_idba_bin.117	10674_0002_idba_bin.117.fa.gz	rumen__10674_0002_idba_bin.117	True	filename	2	data/blue_catalyst_poc/rumen/raw/10674_0002_idba_bin.117.fa.gz	data/blue_catalyst_poc/rumen/raw/10674_0002_idba_bin.117.fa.gz;data/blue_catalyst_poc/proteomes/_tmp_rumen/10674_0002_idba_bin.117.fa	True	proteome_faa_stem	1	data/blue_catalyst_poc/proteomes/rumen__10674_0002_idba_bin.117.faa
rumen__10674_0002_idba_bin.121	rumen	rumen	Bacteria	10674_0002_idba_bin.121	ERZ1037633	webin-genome-10674_0002_idba_bin.121	10674_0002_idba_bin.121.fa.gz	rumen__10674_0002_idba_bin.121	True	filename	2	data/blue_catalyst_poc/rumen/raw/10674_0002_idba_bin.121.fa.gz	data/blue_catalyst_poc/rumen/raw/10674_0002_idba_bin.121.fa.gz;data/blue_catalyst_poc/proteomes/_tmp_rumen_nuc/10674_0002_idba_bin.121.fa	True	proteome_faa_stem	1	data/blue_catalyst_poc/proteomes/rumen__10674_0002_idba_bin.121.faa
rumen__10674_0002_idba_bin.125	rumen	rumen	Bacteria	10674_0002_idba_bin.125	ERZ1037634	webin-genome-10674_0002_idba_bin.125	10674_0002_idba_bin.125.fa.gz	rumen__10674_0002_idba_bin.125	True	filename	2	data/blue_catalyst_poc/rumen/raw/10674_0002_idba_bin.125.fa.gz	data/blue_catalyst_poc/rumen/raw/10674_0002_idba_bin.125.fa.gz;data/blue_catalyst_poc/proteomes/_tmp_rumen_nuc/10674_0002_idba_bin.125.fa	True	proteome_faa_stem	1	data/blue_catalyst_poc/proteomes/rumen__10674_0002_idba_bin.125.faa
rumen__10674_0002_idba_bin.126	rumen	rumen	Bacteria	10674_0002_idba_bin.126	ERZ1037635	webin-genome-10674_0002_idba_bin.126	10674_0002_idba_bin.126.fa.gz	rumen__10674_0002_idba_bin.126	True	filename	2	data/blue_catalyst_poc/rumen/raw/10674_0002_idba_bin.126.fa.gz	data/blue_catalyst_poc/rumen/raw/10674_0002_idba_bin.126.fa.gz;data/blue_catalyst_poc/proteomes/_tmp_rumen/10674_0002_idba_bin.126.fa	True	proteome_faa_stem	1	data/blue_catalyst_poc/proteomes/rumen__10674_0002_idba_bin.126.faa
rumen__10674_0002_idba_bin.14	rumen	rumen	Bacteria	10674_0002_idba_bin.14	ERZ1037636	webin-genome-10674_0002_idba_bin.14	10674_0002_idba_bin.14.fa.gz	rumen__10674_0002_idba_bin.14	True	filename	2	data/blue_catalyst_poc/rumen/raw/10674_0002_idba_bin.14.fa.gz	data/blue_catalyst_poc/rumen/raw/10674_0002_idba_bin.14.fa.gz;data/blue_catalyst_poc/proteomes/_tmp_rumen/10674_0002_idba_bin.14.fa	True	proteome_faa_stem	1	data/blue_catalyst_poc/proteomes/rumen__10674_0002_idba_bin.14.faa
rumen__10674_0002_idba_bin.2	rumen	rumen	Bacteria	10674_0002_idba_bin.2	ERZ1037637	webin-genome-10674_0002_idba_bin.2	10674_0002_idba_bin.2.fa.gz	rumen__10674_0002_idba_bin.2	True	filename	2	data/blue_catalyst_poc/rumen/raw/10674_0002_idba_bin.2.fa.gz	data/blue_catalyst_poc/rumen/raw/10674_0002_idba_bin.2.fa.gz;data/blue_catalyst_poc/proteomes/_tmp_rumen/10674_0002_idba_bin.2.fa	True	proteome_faa_stem	1	data/blue_catalyst_poc/proteomes/rumen__10674_0002_idba_bin.2.faa
rumen__10674_0002_idba_bin.20	rumen	rumen	Bacteria	10674_0002_idba_bin.20	ERZ1037638	webin-genome-10674_0002_idba_bin.20	10674_0002_idba_bin.20.fa.gz	rumen__10674_0002_idba_bin.20	True	filename	2	data/blue_catalyst_poc/rumen/raw/10674_0002_idba_bin.20.fa.gz	data/blue_catalyst_poc/rumen/raw/10674_0002_idba_bin.20.fa.gz;data/blue_catalyst_poc/proteomes/_tmp_rumen/10674_0002_idba_bin.20.fa	True	proteome_faa_stem	1	data/blue_catalyst_poc/proteomes/rumen__10674_0002_idba_bin.20.faa
rumen__10674_0002_idba_bin.22	rumen	rumen	Bacteria	10674_0002_idba_bin.22	ERZ1037639	webin-genome-10674_0002_idba_bin.22	10674_0002_idba_bin.22.fa.gz	rumen__10674_0002_idba_bin.22	True	filename	2	data/blue_catalyst_poc/rumen/raw/10674_0002_idba_bin.22.fa.gz	data/blue_catalyst_poc/rumen/raw/10674_0002_idba_bin.22.fa.gz;data/blue_catalyst_poc/proteomes/_tmp_rumen_nuc/10674_0002_idba_bin.22.fa	True	proteome_faa_stem	1	data/blue_catalyst_poc/proteomes/rumen__10674_0002_idba_bin.22.faa
rumen__10674_0002_idba_bin.25	rumen	rumen	Bacteria	10674_0002_idba_bin.25	ERZ1037640	webin-genome-10674_0002_idba_bin.25	10674_0002_idba_bin.25.fa.gz	rumen__10674_0002_idba_bin.25	True	filename	2	data/blue_catalyst_poc/rumen/raw/10674_0002_idba_bin.25.fa.gz	data/blue_catalyst_poc/rumen/raw/10674_0002_idba_bin.25.fa.gz;data/blue_catalyst_poc/proteomes/_tmp_rumen/10674_0002_idba_bin.25.fa	True	proteome_faa_stem	1	data/blue_catalyst_poc/proteomes/rumen__10674_0002_idba_bin.25.faa
rumen__10674_0002_idba_bin.26	rumen	rumen	Bacteria	10674_0002_idba_bin.26	ERZ1037641	webin-genome-10674_0002_idba_bin.26	10674_0002_idba_bin.26.fa.gz	rumen__10674_0002_idba_bin.26	True	filename	2	data/blue_catalyst_poc/rumen/raw/10674_0002_idba_bin.26.fa.gz	data/blue_catalyst_poc/rumen/raw/10674_0002_idba_bin.26.fa.gz;data/blue_catalyst_poc/proteomes/_tmp_rumen/10674_0002_idba_bin.26.fa	True	proteome_faa_stem	1	data/blue_catalyst_poc/proteomes/rumen__10674_0002_idba_bin.26.faa
rumen__10674_0002_idba_bin.28	rumen	rumen	Bacteria	10674_0002_idba_bin.28	ERZ1037642	webin-genome-10674_0002_idba_bin.28	10674_0002_idba_bin.28.fa.gz	rumen__10674_0002_idba_bin.28	True	filename	2	data/blue_catalyst_poc/rumen/raw/10674_0002_idba_bin.28.fa.gz	data/blue_catalyst_poc/rumen/raw/10674_0002_idba_bin.28.fa.gz;data/blue_catalyst_poc/proteomes/_tmp_rumen/10674_0002_idba_bin.28.fa	True	proteome_faa_stem	1	data/blue_catalyst_poc/proteomes/rumen__10674_0002_idba_bin.28.faa
rumen__10674_0002_idba_bin.3	rumen	rumen	Bacteria	10674_0002_idba_bin.3	ERZ1037643	webin-genome-10674_0002_idba_bin.3	10674_0002_idba_bin.3.fa.gz	rumen__10674_0002_idba_bin.3	True	filename	2	data/blue_catalyst_poc/rumen/raw/10674_0002_idba_bin.3.fa.gz	data/blue_catalyst_poc/rumen/raw/10674_0002_idba_bin.3.fa.gz;data/blue_catalyst_poc/proteomes/_tmp_rumen/10674_0002_idba_bin.3.fa	True	proteome_faa_stem	1	data/blue_catalyst_poc/proteomes/rumen__10674_0002_idba_bin.3.faa
rumen__10674_0002_idba_bin.30	rumen	rumen	Bacteria	10674_0002_idba_bin.30	ERZ1037644	webin-genome-10674_0002_idba_bin.30	10674_0002_idba_bin.30.fa.gz	rumen__10674_0002_idba_bin.30	True	filename	2	data/blue_catalyst_poc/rumen/raw/10674_0002_idba_bin.30.fa.gz	data/blue_catalyst_poc/rumen/raw/10674_0002_idba_bin.30.fa.gz;data/blue_catalyst_poc/proteomes/_tmp_rumen/10674_0002_idba_bin.30.fa	True	proteome_faa_stem	1	data/blue_catalyst_poc/proteomes/rumen__10674_0002_idba_bin.30.faa
rumen__10674_0002_idba_bin.32	rumen	rumen	Bacteria	10674_0002_idba_bin.32	ERZ1037645	webin-genome-10674_0002_idba_bin.32	10674_0002_idba_bin.32.fa.gz	rumen__10674_0002_idba_bin.32	True	filename	2	data/blue_catalyst_poc/rumen/raw/10674_0002_idba_bin.32.fa.gz	data/blue_catalyst_poc/rumen/raw/10674_0002_idba_bin.32.fa.gz;data/blue_catalyst_poc/proteomes/_tmp_rumen/10674_0002_idba_bin.32.fa	True	proteome_faa_stem	1	data/blue_catalyst_poc/proteomes/rumen__10674_0002_idba_bin.32.faa
rumen__10674_0002_idba_bin.33	rumen	rumen	Bacteria	10674_0002_idba_bin.33	ERZ1037646	webin-genome-10674_0002_idba_bin.33	10674_0002_idba_bin.33.fa.gz	rumen__10674_0002_idba_bin.33	True	filename	2	data/blue_catalyst_poc/rumen/raw/10674_0002_idba_bin.33.fa.gz	data/blue_catalyst_poc/rumen/raw/10674_0002_idba_bin.33.fa.gz;data/blue_catalyst_poc/proteomes/_tmp_rumen/10674_0002_idba_bin.33.fa	True	proteome_faa_stem	1	data/blue_catalyst_poc/proteomes/rumen__10674_0002_idba_bin.33.faa
rumen__10674_0002_idba_bin.37	rumen	rumen	Bacteria	10674_0002_idba_bin.37	ERZ1037647	webin-genome-10674_0002_idba_bin.37	10674_0002_idba_bin.37.fa.gz	rumen__10674_0002_idba_bin.37	True	filename	2	data/blue_catalyst_poc/rumen/raw/10674_0002_idba_bin.37.fa.gz	data/blue_catalyst_poc/rumen/raw/10674_0002_idba_bin.37.fa.gz;data/blue_catalyst_poc/proteomes/_tmp_rumen_nuc/10674_0002_idba_bin.37.fa	True	proteome_faa_stem	1	data/blue_catalyst_poc/proteomes/rumen__10674_0002_idba_bin.37.faa
rumen__10674_0002_idba_bin.39	rumen	rumen	Bacteria	10674_0002_idba_bin.39	ERZ1037648	webin-genome-10674_0002_idba_bin.39	10674_0002_idba_bin.39.fa.gz	rumen__10674_0002_idba_bin.39	True	filename	2	data/blue_catalyst_poc/rumen/raw/10674_0002_idba_bin.39.fa.gz	data/blue_catalyst_poc/rumen/raw/10674_0002_idba_bin.39.fa.gz;data/blue_catalyst_poc/proteomes/_tmp_rumen/10674_0002_idba_bin.39.fa	True	proteome_faa_stem	1	data/blue_catalyst_poc/proteomes/rumen__10674_0002_idba_bin.39.faa
rumen__10674_0002_idba_bin.4	rumen	rumen	Bacteria	10674_0002_idba_bin.4	ERZ1037649	webin-genome-10674_0002_idba_bin.4	10674_0002_idba_bin.4.fa.gz	rumen__10674_0002_idba_bin.4	True	filename	2	data/blue_catalyst_poc/rumen/raw/10674_0002_idba_bin.4.fa.gz	data/blue_catalyst_poc/rumen/raw/10674_0002_idba_bin.4.fa.gz;data/blue_catalyst_poc/proteomes/_tmp_rumen/10674_0002_idba_bin.4.fa	True	proteome_faa_stem	1	data/blue_catalyst_poc/proteomes/rumen__10674_0002_idba_bin.4.faa
rumen__10674_0002_idba_bin.40	rumen	rumen	Bacteria	10674_0002_idba_bin.40	ERZ1037650	webin-genome-10674_0002_idba_bin.40	10674_0002_idba_bin.40.fa.gz	rumen__10674_0002_idba_bin.40	True	filename	2	data/blue_catalyst_poc/rumen/raw/10674_0002_idba_bin.40.fa.gz	data/blue_catalyst_poc/rumen/raw/10674_0002_idba_bin.40.fa.gz;data/blue_catalyst_poc/proteomes/_tmp_rumen/10674_0002_idba_bin.40.fa	True	proteome_faa_stem	1	data/blue_catalyst_poc/proteomes/rumen__10674_0002_idba_bin.40.faa
rumen__10674_0002_idba_bin.41	rumen	rumen	Bacteria	10674_0002_idba_bin.41	ERZ1037651	webin-genome-10674_0002_idba_bin.41	10674_0002_idba_bin.41.fa.gz	rumen__10674_0002_idba_bin.41	True	filename	2	data/blue_catalyst_poc/rumen/raw/10674_0002_idba_bin.41.fa.gz	data/blue_catalyst_poc/rumen/raw/10674_0002_idba_bin.41.fa.gz;data/blue_catalyst_poc/proteomes/_tmp_rumen_nuc/10674_0002_idba_bin.41.fa	True	proteome_faa_stem	1	data/blue_catalyst_poc/proteomes/rumen__10674_0002_idba_bin.41.faa
rumen__10674_0002_idba_bin.43	rumen	rumen	Bacteria	10674_0002_idba_bin.43	ERZ1037652	webin-genome-10674_0002_idba_bin.43	10674_0002_idba_bin.43.fa.gz	rumen__10674_0002_idba_bin.43	True	filename	2	data/blue_catalyst_poc/rumen/raw/10674_0002_idba_bin.43.fa.gz	data/blue_catalyst_poc/rumen/raw/10674_0002_idba_bin.43.fa.gz;data/blue_catalyst_poc/proteomes/_tmp_rumen_nuc/10674_0002_idba_bin.43.fa	True	proteome_faa_stem	1	data/blue_catalyst_poc/proteomes/rumen__10674_0002_idba_bin.43.faa
rumen__10674_0002_idba_bin.46	rumen	rumen	Bacteria	10674_0002_idba_bin.46	ERZ1037653	webin-genome-10674_0002_idba_bin.46	10674_0002_idba_bin.46.fa.gz	rumen__10674_0002_idba_bin.46	True	filename	2	data/blue_catalyst_poc/rumen/raw/10674_0002_idba_bin.46.fa.gz	data/blue_catalyst_poc/rumen/raw/10674_0002_idba_bin.46.fa.gz;data/blue_catalyst_poc/proteomes/_tmp_rumen_nuc/10674_0002_idba_bin.46.fa	True	proteome_faa_stem	1	data/blue_catalyst_poc/proteomes/rumen__10674_0002_idba_bin.46.faa
rumen__10674_0002_idba_bin.47	rumen	rumen	Bacteria	10674_0002_idba_bin.47	ERZ1037654	webin-genome-10674_0002_idba_bin.47	10674_0002_idba_bin.47.fa.gz	rumen__10674_0002_idba_bin.47	True	filename	2	data/blue_catalyst_poc/rumen/raw/10674_0002_idba_bin.47.fa.gz	data/blue_catalyst_poc/rumen/raw/10674_0002_idba_bin.47.fa.gz;data/blue_catalyst_poc/proteomes/_tmp_rumen/10674_0002_idba_bin.47.fa	True	proteome_faa_stem	1	data/blue_catalyst_poc/proteomes/rumen__10674_0002_idba_bin.47.faa
rumen__10674_0002_idba_bin.51	rumen	rumen	Bacteria	10674_0002_idba_bin.51	ERZ1037655	webin-genome-10674_0002_idba_bin.51	10674_0002_idba_bin.51.fa.gz	rumen__10674_0002_idba_bin.51	True	filename	2	data/blue_catalyst_poc/rumen/raw/10674_0002_idba_bin.51.fa.gz	data/blue_catalyst_poc/rumen/raw/10674_0002_idba_bin.51.fa.gz;data/blue_catalyst_poc/proteomes/_tmp_rumen/10674_0002_idba_bin.51.fa	True	proteome_faa_stem	1	data/blue_catalyst_poc/proteomes/rumen__10674_0002_idba_bin.51.faa
rumen__10674_0002_idba_bin.52	rumen	rumen	Bacteria	10674_0002_idba_bin.52	ERZ1037656	webin-genome-10674_0002_idba_bin.52	10674_0002_idba_bin.52.fa.gz	rumen__10674_0002_idba_bin.52	True	filename	2	data/blue_catalyst_poc/rumen/raw/10674_0002_idba_bin.52.fa.gz	data/blue_catalyst_poc/rumen/raw/10674_0002_idba_bin.52.fa.gz;data/blue_catalyst_poc/proteomes/_tmp_rumen/10674_0002_idba_bin.52.fa	True	proteome_faa_stem	1	data/blue_catalyst_poc/proteomes/rumen__10674_0002_idba_bin.52.faa
rumen__10674_0002_idba_bin.55	rumen	rumen	Bacteria	10674_0002_idba_bin.55	ERZ1037657	webin-genome-10674_0002_idba_bin.55	10674_0002_idba_bin.55.fa.gz	rumen__10674_0002_idba_bin.55	True	filename	2	data/blue_catalyst_poc/rumen/raw/10674_0002_idba_bin.55.fa.gz	data/blue_catalyst_poc/rumen/raw/10674_0002_idba_bin.55.fa.gz;data/blue_catalyst_poc/proteomes/_tmp_rumen/10674_0002_idba_bin.55.fa	True	proteome_faa_stem	1	data/blue_catalyst_poc/proteomes/rumen__10674_0002_idba_bin.55.faa
rumen__10674_0002_idba_bin.57	rumen	rumen	Bacteria	10674_0002_idba_bin.57	ERZ1037658	webin-genome-10674_0002_idba_bin.57	10674_0002_idba_bin.57.fa.gz	rumen__10674_0002_idba_bin.57	True	filename	2	data/blue_catalyst_poc/rumen/raw/10674_0002_idba_bin.57.fa.gz	data/blue_catalyst_poc/rumen/raw/10674_0002_idba_bin.57.fa.gz;data/blue_catalyst_poc/proteomes/_tmp_rumen/10674_0002_idba_bin.57.fa	True	proteome_faa_stem	1	data/blue_catalyst_poc/proteomes/rumen__10674_0002_idba_bin.57.faa
rumen__10674_0002_idba_bin.6	rumen	rumen	Bacteria	10674_0002_idba_bin.6	ERZ1037659	webin-genome-10674_0002_idba_bin.6	10674_0002_idba_bin.6.fa.gz	rumen__10674_0002_idba_bin.6	True	filename	2	data/blue_catalyst_poc/rumen/raw/10674_0002_idba_bin.6.fa.gz	data/blue_catalyst_poc/rumen/raw/10674_0002_idba_bin.6.fa.gz;data/blue_catalyst_poc/proteomes/_tmp_rumen/10674_0002_idba_bin.6.fa	True	proteome_faa_stem	1	data/blue_catalyst_poc/proteomes/rumen__10674_0002_idba_bin.6.faa
rumen__10674_0002_idba_bin.61	rumen	rumen	Bacteria	10674_0002_idba_bin.61	ERZ1037660	webin-genome-10674_0002_idba_bin.61	10674_0002_idba_bin.61.fa.gz	rumen__10674_0002_idba_bin.61	True	filename	2	data/blue_catalyst_poc/rumen/raw/10674_0002_idba_bin.61.fa.gz	data/blue_catalyst_poc/rumen/raw/10674_0002_idba_bin.61.fa.gz;data/blue_catalyst_poc/proteomes/_tmp_rumen_nuc/10674_0002_idba_bin.61.fa	True	proteome_faa_stem	1	data/blue_catalyst_poc/proteomes/rumen__10674_0002_idba_bin.61.faa
rumen__10674_0002_idba_bin.62	rumen	rumen	Bacteria	10674_0002_idba_bin.62	ERZ1037661	webin-genome-10674_0002_idba_bin.62	10674_0002_idba_bin.62.fa.gz	rumen__10674_0002_idba_bin.62	True	filename	2	data/blue_catalyst_poc/rumen/raw/10674_0002_idba_bin.62.fa.gz	data/blue_catalyst_poc/rumen/raw/10674_0002_idba_bin.62.fa.gz;data/blue_catalyst_poc/proteomes/_tmp_rumen/10674_0002_idba_bin.62.fa	True	proteome_faa_stem	1	data/blue_catalyst_poc/proteomes/rumen__10674_0002_idba_bin.62.faa
rumen__10674_0002_idba_bin.67	rumen	rumen	Bacteria	10674_0002_idba_bin.67	ERZ1037662	webin-genome-10674_0002_idba_bin.67	10674_0002_idba_bin.67.fa.gz	rumen__10674_0002_idba_bin.67	True	filename	2	data/blue_catalyst_poc/rumen/raw/10674_0002_idba_bin.67.fa.gz	data/blue_catalyst_poc/rumen/raw/10674_0002_idba_bin.67.fa.gz;data/blue_catalyst_poc/proteomes/_tmp_rumen/10674_0002_idba_bin.67.fa	True	proteome_faa_stem	1	data/blue_catalyst_poc/proteomes/rumen__10674_0002_idba_bin.67.faa
rumen__10674_0002_idba_bin.68	rumen	rumen	Bacteria	10674_0002_idba_bin.68	ERZ1037663	webin-genome-10674_0002_idba_bin.68	10674_0002_idba_bin.68.fa.gz	rumen__10674_0002_idba_bin.68	True	filename	2	data/blue_catalyst_poc/rumen/raw/10674_0002_idba_bin.68.fa.gz	data/blue_catalyst_poc/rumen/raw/10674_0002_idba_bin.68.fa.gz;data/blue_catalyst_poc/proteomes/_tmp_rumen/10674_0002_idba_bin.68.fa	True	proteome_faa_stem	1	data/blue_catalyst_poc/proteomes/rumen__10674_0002_idba_bin.68.faa
rumen__10674_0002_idba_bin.7	rumen	rumen	Bacteria	10674_0002_idba_bin.7	ERZ1037664	webin-genome-10674_0002_idba_bin.7	10674_0002_idba_bin.7.fa.gz	rumen__10674_0002_idba_bin.7	True	filename	2	data/blue_catalyst_poc/rumen/raw/10674_0002_idba_bin.7.fa.gz	data/blue_catalyst_poc/rumen/raw/10674_0002_idba_bin.7.fa.gz;data/blue_catalyst_poc/proteomes/_tmp_rumen/10674_0002_idba_bin.7.fa	True	proteome_faa_stem	1	data/blue_catalyst_poc/proteomes/rumen__10674_0002_idba_bin.7.faa
rumen__10674_0002_idba_bin.70	rumen	rumen	Bacteria	10674_0002_idba_bin.70	ERZ1037665	webin-genome-10674_0002_idba_bin.70	10674_0002_idba_bin.70.fa.gz	rumen__10674_0002_idba_bin.70	True	filename	2	data/blue_catalyst_poc/rumen/raw/10674_0002_idba_bin.70.fa.gz	data/blue_catalyst_poc/rumen/raw/10674_0002_idba_bin.70.fa.gz;data/blue_catalyst_poc/proteomes/_tmp_rumen/10674_0002_idba_bin.70.fa	True	proteome_faa_stem	1	data/blue_catalyst_poc/proteomes/rumen__10674_0002_idba_bin.70.faa
rumen__10674_0002_idba_bin.73	rumen	rumen	Bacteria	10674_0002_idba_bin.73	ERZ1037666	webin-genome-10674_0002_idba_bin.73	10674_0002_idba_bin.73.fa.gz	rumen__10674_0002_idba_bin.73	True	filename	2	data/blue_catalyst_poc/rumen/raw/10674_0002_idba_bin.73.fa.gz	data/blue_catalyst_poc/rumen/raw/10674_0002_idba_bin.73.fa.gz;data/blue_catalyst_poc/proteomes/_tmp_rumen/10674_0002_idba_bin.73.fa	True	proteome_faa_stem	1	data/blue_catalyst_poc/proteomes/rumen__10674_0002_idba_bin.73.faa
rumen__10674_0002_idba_bin.74	rumen	rumen	Bacteria	10674_0002_idba_bin.74	ERZ1037667	webin-genome-10674_0002_idba_bin.74	10674_0002_idba_bin.74.fa.gz	rumen__10674_0002_idba_bin.74	True	filename	2	data/blue_catalyst_poc/rumen/raw/10674_0002_idba_bin.74.fa.gz	data/blue_catalyst_poc/rumen/raw/10674_0002_idba_bin.74.fa.gz;data/blue_catalyst_poc/proteomes/_tmp_rumen/10674_0002_idba_bin.74.fa	True	proteome_faa_stem	1	data/blue_catalyst_poc/proteomes/rumen__10674_0002_idba_bin.74.faa
rumen__10674_0002_idba_bin.76	rumen	rumen	Bacteria	10674_0002_idba_bin.76	ERZ1037669	webin-genome-10674_0002_idba_bin.76	10674_0002_idba_bin.76.fa.gz	rumen__10674_0002_idba_bin.76	True	filename	2	data/blue_catalyst_poc/rumen/raw/10674_0002_idba_bin.76.fa.gz	data/blue_catalyst_poc/rumen/raw/10674_0002_idba_bin.76.fa.gz;data/blue_catalyst_poc/proteomes/_tmp_rumen/10674_0002_idba_bin.76.fa	True	proteome_faa_stem	1	data/blue_catalyst_poc/proteomes/rumen__10674_0002_idba_bin.76.faa
rumen__10674_0002_idba_bin.78	rumen	rumen	Bacteria	10674_0002_idba_bin.78	ERZ1037670	webin-genome-10674_0002_idba_bin.78	10674_0002_idba_bin.78.fa.gz	rumen__10674_0002_idba_bin.78	True	filename	2	data/blue_catalyst_poc/rumen/raw/10674_0002_idba_bin.78.fa.gz	data/blue_catalyst_poc/rumen/raw/10674_0002_idba_bin.78.fa.gz;data/blue_catalyst_poc/proteomes/_tmp_rumen_nuc/10674_0002_idba_bin.78.fa	True	proteome_faa_stem	1	data/blue_catalyst_poc/proteomes/rumen__10674_0002_idba_bin.78.faa
rumen__10674_0002_idba_bin.79	rumen	rumen	Bacteria	10674_0002_idba_bin.79	ERZ1037671	webin-genome-10674_0002_idba_bin.79	10674_0002_idba_bin.79.fa.gz	rumen__10674_0002_idba_bin.79	True	filename	2	data/blue_catalyst_poc/rumen/raw/10674_0002_idba_bin.79.fa.gz	data/blue_catalyst_poc/rumen/raw/10674_0002_idba_bin.79.fa.gz;data/blue_catalyst_poc/proteomes/_tmp_rumen_nuc/10674_0002_idba_bin.79.fa	True	proteome_faa_stem	1	data/blue_catalyst_poc/proteomes/rumen__10674_0002_idba_bin.79.faa
rumen__10674_0002_idba_bin.8	rumen	rumen	Archaea	10674_0002_idba_bin.8	ERZ1037672	webin-genome-10674_0002_idba_bin.8	10674_0002_idba_bin.8.fa.gz	rumen__10674_0002_idba_bin.8	True	filename	2	data/blue_catalyst_poc/rumen/raw/10674_0002_idba_bin.8.fa.gz	data/blue_catalyst_poc/rumen/raw/10674_0002_idba_bin.8.fa.gz;data/blue_catalyst_poc/proteomes/_tmp_rumen/10674_0002_idba_bin.8.fa	True	proteome_faa_stem	1	data/blue_catalyst_poc/proteomes/rumen__10674_0002_idba_bin.8.faa
rumen__10674_0002_idba_bin.81	rumen	rumen	Bacteria	10674_0002_idba_bin.81	ERZ1037673	webin-genome-10674_0002_idba_bin.81	10674_0002_idba_bin.81.fa.gz	rumen__10674_0002_idba_bin.81	True	filename	2	data/blue_catalyst_poc/rumen/raw/10674_0002_idba_bin.81.fa.gz	data/blue_catalyst_poc/rumen/raw/10674_0002_idba_bin.81.fa.gz;data/blue_catalyst_poc/proteomes/_tmp_rumen/10674_0002_idba_bin.81.fa	True	proteome_faa_stem	1	data/blue_catalyst_poc/proteomes/rumen__10674_0002_idba_bin.81.faa
rumen__10674_0002_idba_bin.82	rumen	rumen	Bacteria	10674_0002_idba_bin.82	ERZ1037674	webin-genome-10674_0002_idba_bin.82	10674_0002_idba_bin.82.fa.gz	rumen__10674_0002_idba_bin.82	True	filename	2	data/blue_catalyst_poc/rumen/raw/10674_0002_idba_bin.82.fa.gz	data/blue_catalyst_poc/rumen/raw/10674_0002_idba_bin.82.fa.gz;data/blue_catalyst_poc/proteomes/_tmp_rumen_nuc/10674_0002_idba_bin.82.fa	True	proteome_faa_stem	1	data/blue_catalyst_poc/proteomes/rumen__10674_0002_idba_bin.82.faa
rumen__10674_0002_idba_bin.84	rumen	rumen	Bacteria	10674_0002_idba_bin.84	ERZ1037675	webin-genome-10674_0002_idba_bin.84	10674_0002_idba_bin.84.fa.gz	rumen__10674_0002_idba_bin.84	True	filename	2	data/blue_catalyst_poc/rumen/raw/10674_0002_idba_bin.84.fa.gz	data/blue_catalyst_poc/rumen/raw/10674_0002_idba_bin.84.fa.gz;data/blue_catalyst_poc/proteomes/_tmp_rumen/10674_0002_idba_bin.84.fa	True	proteome_faa_stem	1	data/blue_catalyst_poc/proteomes/rumen__10674_0002_idba_bin.84.faa
rumen__10674_0002_idba_bin.87	rumen	rumen	Bacteria	10674_0002_idba_bin.87	ERZ1037676	webin-genome-10674_0002_idba_bin.87	10674_0002_idba_bin.87.fa.gz	rumen__10674_0002_idba_bin.87	True	filename	2	data/blue_catalyst_poc/rumen/raw/10674_0002_idba_bin.87.fa.gz	data/blue_catalyst_poc/rumen/raw/10674_0002_idba_bin.87.fa.gz;data/blue_catalyst_poc/proteomes/_tmp_rumen_nuc/10674_0002_idba_bin.87.fa	True	proteome_faa_stem	1	data/blue_catalyst_poc/proteomes/rumen__10674_0002_idba_bin.87.faa
rumen__10674_0002_idba_bin.88	rumen	rumen	Bacteria	10674_0002_idba_bin.88	ERZ1037677	webin-genome-10674_0002_idba_bin.88	10674_0002_idba_bin.88.fa.gz	rumen__10674_0002_idba_bin.88	True	filename	2	data/blue_catalyst_poc/rumen/raw/10674_0002_idba_bin.88.fa.gz	data/blue_catalyst_poc/rumen/raw/10674_0002_idba_bin.88.fa.gz;data/blue_catalyst_poc/proteomes/_tmp_rumen_nuc/10674_0002_idba_bin.88.fa	True	proteome_faa_stem	1	data/blue_catalyst_poc/proteomes/rumen__10674_0002_idba_bin.88.faa
rumen__10674_0002_idba_bin.89	rumen	rumen	Bacteria	10674_0002_idba_bin.89	ERZ1037678	webin-genome-10674_0002_idba_bin.89	10674_0002_idba_bin.89.fa.gz	rumen__10674_0002_idba_bin.89	True	filename	2	data/blue_catalyst_poc/rumen/raw/10674_0002_idba_bin.89.fa.gz	data/blue_catalyst_poc/rumen/raw/10674_0002_idba_bin.89.fa.gz;data/blue_catalyst_poc/proteomes/_tmp_rumen_nuc/10674_0002_idba_bin.89.fa	True	proteome_faa_stem	1	data/blue_catalyst_poc/proteomes/rumen__10674_0002_idba_bin.89.faa
rumen__10674_0002_idba_bin.92	rumen	rumen	Bacteria	10674_0002_idba_bin.92	ERZ1037679	webin-genome-10674_0002_idba_bin.92	10674_0002_idba_bin.92.fa.gz	rumen__10674_0002_idba_bin.92	True	filename	2	data/blue_catalyst_poc/rumen/raw/10674_0002_idba_bin.92.fa.gz	data/blue_catalyst_poc/rumen/raw/10674_0002_idba_bin.92.fa.gz;data/blue_catalyst_poc/proteomes/_tmp_rumen/10674_0002_idba_bin.92.fa	True	proteome_faa_stem	1	data/blue_catalyst_poc/proteomes/rumen__10674_0002_idba_bin.92.faa
rumen__10674_0002_idba_bin.93	rumen	rumen	Bacteria	10674_0002_idba_bin.93	ERZ1037680	webin-genome-10674_0002_idba_bin.93	10674_0002_idba_bin.93.fa.gz	rumen__10674_0002_idba_bin.93	True	filename	2	data/blue_catalyst_poc/rumen/raw/10674_0002_idba_bin.93.fa.gz	data/blue_catalyst_poc/rumen/raw/10674_0002_idba_bin.93.fa.gz;data/blue_catalyst_poc/proteomes/_tmp_rumen/10674_0002_idba_bin.93.fa	True	proteome_faa_stem	1	data/blue_catalyst_poc/proteomes/rumen__10674_0002_idba_bin.93.faa
rumen__10674_0002_idba_bin.94	rumen	rumen	Bacteria	10674_0002_idba_bin.94	ERZ1037681	webin-genome-10674_0002_idba_bin.94	10674_0002_idba_bin.94.fa.gz	rumen__10674_0002_idba_bin.94	True	filename	2	data/blue_catalyst_poc/rumen/raw/10674_0002_idba_bin.94.fa.gz	data/blue_catalyst_poc/rumen/raw/10674_0002_idba_bin.94.fa.gz;data/blue_catalyst_poc/proteomes/_tmp_rumen_nuc/10674_0002_idba_bin.94.fa	True	proteome_faa_stem	1	data/blue_catalyst_poc/proteomes/rumen__10674_0002_idba_bin.94.faa
rumen__10674_0002_idba_bin.95	rumen	rumen	Bacteria	10674_0002_idba_bin.95	ERZ1037682	webin-genome-10674_0002_idba_bin.95	10674_0002_idba_bin.95.fa.gz	rumen__10674_0002_idba_bin.95	True	filename	2	data/blue_catalyst_poc/rumen/raw/10674_0002_idba_bin.95.fa.gz	data/blue_catalyst_poc/rumen/raw/10674_0002_idba_bin.95.fa.gz;data/blue_catalyst_poc/proteomes/_tmp_rumen/10674_0002_idba_bin.95.fa	True	proteome_faa_stem	1	data/blue_catalyst_poc/proteomes/rumen__10674_0002_idba_bin.95.faa
rumen__10674_0002_idba_bin.96	rumen	rumen	Bacteria	10674_0002_idba_bin.96	ERZ1037683	webin-genome-10674_0002_idba_bin.96	10674_0002_idba_bin.96.fa.gz	rumen__10674_0002_idba_bin.96	True	filename	2	data/blue_catalyst_poc/rumen/raw/10674_0002_idba_bin.96.fa.gz	data/blue_catalyst_poc/rumen/raw/10674_0002_idba_bin.96.fa.gz;data/blue_catalyst_poc/proteomes/_tmp_rumen_nuc/10674_0002_idba_bin.96.fa	True	proteome_faa_stem	1	data/blue_catalyst_poc/proteomes/rumen__10674_0002_idba_bin.96.faa
rumen__10674_0002_idba_bin.97	rumen	rumen	Bacteria	10674_0002_idba_bin.97	ERZ1037685	webin-genome-10674_0002_idba_bin.97	10674_0002_idba_bin.97.fa.gz	rumen__10674_0002_idba_bin.97	True	filename	2	data/blue_catalyst_poc/rumen/raw/10674_0002_idba_bin.97.fa.gz	data/blue_catalyst_poc/rumen/raw/10674_0002_idba_bin.97.fa.gz;data/blue_catalyst_poc/proteomes/_tmp_rumen_nuc/10674_0002_idba_bin.97.fa	True	proteome_faa_stem	1	data/blue_catalyst_poc/proteomes/rumen__10674_0002_idba_bin.97.faa
rumen__10674_0002_idba_bin.98	rumen	rumen	Bacteria	10674_0002_idba_bin.98	ERZ1037686	webin-genome-10674_0002_idba_bin.98	10674_0002_idba_bin.98.fa.gz	rumen__10674_0002_idba_bin.98	True	filename	2	data/blue_catalyst_poc/rumen/raw/10674_0002_idba_bin.98.fa.gz	data/blue_catalyst_poc/rumen/raw/10674_0002_idba_bin.98.fa.gz;data/blue_catalyst_poc/proteomes/_tmp_rumen_nuc/10674_0002_idba_bin.98.fa	True	proteome_faa_stem	1	data/blue_catalyst_poc/proteomes/rumen__10674_0002_idba_bin.98.faa
rumen__10674_0003_idba_bin.1	rumen	rumen	Bacteria	10674_0003_idba_bin.1	ERZ1037687	webin-genome-10674_0003_idba_bin.1	10674_0003_idba_bin.1.fa.gz	rumen__10674_0003_idba_bin.1	True	filename	2	data/blue_catalyst_poc/rumen/raw/10674_0003_idba_bin.1.fa.gz	data/blue_catalyst_poc/rumen/raw/10674_0003_idba_bin.1.fa.gz;data/blue_catalyst_poc/proteomes/_tmp_rumen/10674_0003_idba_bin.1.fa	True	proteome_faa_stem	1	data/blue_catalyst_poc/proteomes/rumen__10674_0003_idba_bin.1.faa
rumen__10674_0003_idba_bin.10	rumen	rumen	Bacteria	10674_0003_idba_bin.10	ERZ1037688	webin-genome-10674_0003_idba_bin.10	10674_0003_idba_bin.10.fa.gz	rumen__10674_0003_idba_bin.10	True	filename	2	data/blue_catalyst_poc/rumen/raw/10674_0003_idba_bin.10.fa.gz	data/blue_catalyst_poc/rumen/raw/10674_0003_idba_bin.10.fa.gz;data/blue_catalyst_poc/proteomes/_tmp_rumen/10674_0003_idba_bin.10.fa	True	proteome_faa_stem	1	data/blue_catalyst_poc/proteomes/rumen__10674_0003_idba_bin.10.faa
rumen__10674_0003_idba_bin.102	rumen	rumen	Bacteria	10674_0003_idba_bin.102	ERZ1037689	webin-genome-10674_0003_idba_bin.102	10674_0003_idba_bin.102.fa.gz	rumen__10674_0003_idba_bin.102	True	filename	2	data/blue_catalyst_poc/rumen/raw/10674_0003_idba_bin.102.fa.gz	data/blue_catalyst_poc/rumen/raw/10674_0003_idba_bin.102.fa.gz;data/blue_catalyst_poc/proteomes/_tmp_rumen_nuc/10674_0003_idba_bin.102.fa	True	proteome_faa_stem	1	data/blue_catalyst_poc/proteomes/rumen__10674_0003_idba_bin.102.faa
rumen__10674_0003_idba_bin.103	rumen	rumen	Bacteria	10674_0003_idba_bin.103	ERZ1037690	webin-genome-10674_0003_idba_bin.103	10674_0003_idba_bin.103.fa.gz	rumen__10674_0003_idba_bin.103	True	filename	2	data/blue_catalyst_poc/rumen/raw/10674_0003_idba_bin.103.fa.gz	data/blue_catalyst_poc/rumen/raw/10674_0003_idba_bin.103.fa.gz;data/blue_catalyst_poc/proteomes/_tmp_rumen/10674_0003_idba_bin.103.fa	True	proteome_faa_stem	1	data/blue_catalyst_poc/proteomes/rumen__10674_0003_idba_bin.103.faa
rumen__10674_0003_idba_bin.104	rumen	rumen	Bacteria	10674_0003_idba_bin.104	ERZ1037691	webin-genome-10674_0003_idba_bin.104	10674_0003_idba_bin.104.fa.gz	rumen__10674_0003_idba_bin.104	True	filename	2	data/blue_catalyst_poc/rumen/raw/10674_0003_idba_bin.104.fa.gz	data/blue_catalyst_poc/rumen/raw/10674_0003_idba_bin.104.fa.gz;data/blue_catalyst_poc/proteomes/_tmp_rumen/10674_0003_idba_bin.104.fa	True	proteome_faa_stem	1	data/blue_catalyst_poc/proteomes/rumen__10674_0003_idba_bin.104.faa
rumen__10674_0003_idba_bin.106	rumen	rumen	Bacteria	10674_0003_idba_bin.106	ERZ1037692	webin-genome-10674_0003_idba_bin.106	10674_0003_idba_bin.106.fa.gz	rumen__10674_0003_idba_bin.106	True	filename	2	data/blue_catalyst_poc/rumen/raw/10674_0003_idba_bin.106.fa.gz	data/blue_catalyst_poc/rumen/raw/10674_0003_idba_bin.106.fa.gz;data/blue_catalyst_poc/proteomes/_tmp_rumen_nuc/10674_0003_idba_bin.106.fa	True	proteome_faa_stem	1	data/blue_catalyst_poc/proteomes/rumen__10674_0003_idba_bin.106.faa
rumen__10674_0003_idba_bin.108	rumen	rumen	Bacteria	10674_0003_idba_bin.108	ERZ1037693	webin-genome-10674_0003_idba_bin.108	10674_0003_idba_bin.108.fa.gz	rumen__10674_0003_idba_bin.108	True	filename	2	data/blue_catalyst_poc/rumen/raw/10674_0003_idba_bin.108.fa.gz	data/blue_catalyst_poc/rumen/raw/10674_0003_idba_bin.108.fa.gz;data/blue_catalyst_poc/proteomes/_tmp_rumen/10674_0003_idba_bin.108.fa	True	proteome_faa_stem	1	data/blue_catalyst_poc/proteomes/rumen__10674_0003_idba_bin.108.faa
rumen__10674_0003_idba_bin.109	rumen	rumen	Bacteria	10674_0003_idba_bin.109	ERZ1037694	webin-genome-10674_0003_idba_bin.109	10674_0003_idba_bin.109.fa.gz	rumen__10674_0003_idba_bin.109	True	filename	2	data/blue_catalyst_poc/rumen/raw/10674_0003_idba_bin.109.fa.gz	data/blue_catalyst_poc/rumen/raw/10674_0003_idba_bin.109.fa.gz;data/blue_catalyst_poc/proteomes/_tmp_rumen/10674_0003_idba_bin.109.fa	True	proteome_faa_stem	1	data/blue_catalyst_poc/proteomes/rumen__10674_0003_idba_bin.109.faa
rumen__10674_0003_idba_bin.110	rumen	rumen	Bacteria	10674_0003_idba_bin.110	ERZ1037695	webin-genome-10674_0003_idba_bin.110	10674_0003_idba_bin.110.fa.gz	rumen__10674_0003_idba_bin.110	True	filename	2	data/blue_catalyst_poc/rumen/raw/10674_0003_idba_bin.110.fa.gz	data/blue_catalyst_poc/rumen/raw/10674_0003_idba_bin.110.fa.gz;data/blue_catalyst_poc/proteomes/_tmp_rumen/10674_0003_idba_bin.110.fa	True	proteome_faa_stem	1	data/blue_catalyst_poc/proteomes/rumen__10674_0003_idba_bin.110.faa
rumen__10674_0003_idba_bin.113	rumen	rumen	Bacteria	10674_0003_idba_bin.113	ERZ1037696	webin-genome-10674_0003_idba_bin.113	10674_0003_idba_bin.113.fa.gz	rumen__10674_0003_idba_bin.113	True	filename	2	data/blue_catalyst_poc/rumen/raw/10674_0003_idba_bin.113.fa.gz	data/blue_catalyst_poc/rumen/raw/10674_0003_idba_bin.113.fa.gz;data/blue_catalyst_poc/proteomes/_tmp_rumen/10674_0003_idba_bin.113.fa	True	proteome_faa_stem	1	data/blue_catalyst_poc/proteomes/rumen__10674_0003_idba_bin.113.faa
rumen__10674_0003_idba_bin.115	rumen	rumen	Bacteria	10674_0003_idba_bin.115	ERZ1037697	webin-genome-10674_0003_idba_bin.115	10674_0003_idba_bin.115.fa.gz	rumen__10674_0003_idba_bin.115	True	filename	2	data/blue_catalyst_poc/rumen/raw/10674_0003_idba_bin.115.fa.gz	data/blue_catalyst_poc/rumen/raw/10674_0003_idba_bin.115.fa.gz;data/blue_catalyst_poc/proteomes/_tmp_rumen_nuc/10674_0003_idba_bin.115.fa	True	proteome_faa_stem	1	data/blue_catalyst_poc/proteomes/rumen__10674_0003_idba_bin.115.faa
rumen__10674_0003_idba_bin.118	rumen	rumen	Bacteria	10674_0003_idba_bin.118	ERZ1037698	webin-genome-10674_0003_idba_bin.118	10674_0003_idba_bin.118.fa.gz	rumen__10674_0003_idba_bin.118	True	filename	2	data/blue_catalyst_poc/rumen/raw/10674_0003_idba_bin.118.fa.gz	data/blue_catalyst_poc/rumen/raw/10674_0003_idba_bin.118.fa.gz;data/blue_catalyst_poc/proteomes/_tmp_rumen_nuc/10674_0003_idba_bin.118.fa	True	proteome_faa_stem	1	data/blue_catalyst_poc/proteomes/rumen__10674_0003_idba_bin.118.faa
rumen__10674_0003_idba_bin.120	rumen	rumen	Bacteria	10674_0003_idba_bin.120	ERZ1037699	webin-genome-10674_0003_idba_bin.120	10674_0003_idba_bin.120.fa.gz	rumen__10674_0003_idba_bin.120	True	filename	2	data/blue_catalyst_poc/rumen/raw/10674_0003_idba_bin.120.fa.gz	data/blue_catalyst_poc/rumen/raw/10674_0003_idba_bin.120.fa.gz;data/blue_catalyst_poc/proteomes/_tmp_rumen/10674_0003_idba_bin.120.fa	True	proteome_faa_stem	1	data/blue_catalyst_poc/proteomes/rumen__10674_0003_idba_bin.120.faa
rumen__10674_0003_idba_bin.125	rumen	rumen	Bacteria	10674_0003_idba_bin.125	ERZ1037700	webin-genome-10674_0003_idba_bin.125	10674_0003_idba_bin.125.fa.gz	rumen__10674_0003_idba_bin.125	True	filename	2	data/blue_catalyst_poc/rumen/raw/10674_0003_idba_bin.125.fa.gz	data/blue_catalyst_poc/rumen/raw/10674_0003_idba_bin.125.fa.gz;data/blue_catalyst_poc/proteomes/_tmp_rumen/10674_0003_idba_bin.125.fa	True	proteome_faa_stem	1	data/blue_catalyst_poc/proteomes/rumen__10674_0003_idba_bin.125.faa
rumen__10674_0003_idba_bin.127	rumen	rumen	Bacteria	10674_0003_idba_bin.127	ERZ1037701	webin-genome-10674_0003_idba_bin.127	10674_0003_idba_bin.127.fa.gz	rumen__10674_0003_idba_bin.127	True	filename	2	data/blue_catalyst_poc/rumen/raw/10674_0003_idba_bin.127.fa.gz	data/blue_catalyst_poc/rumen/raw/10674_0003_idba_bin.127.fa.gz;data/blue_catalyst_poc/proteomes/_tmp_rumen/10674_0003_idba_bin.127.fa	True	proteome_faa_stem	1	data/blue_catalyst_poc/proteomes/rumen__10674_0003_idba_bin.127.faa
rumen__10674_0003_idba_bin.128	rumen	rumen	Bacteria	10674_0003_idba_bin.128	ERZ1037702	webin-genome-10674_0003_idba_bin.128	10674_0003_idba_bin.128.fa.gz	rumen__10674_0003_idba_bin.128	True	filename	2	data/blue_catalyst_poc/rumen/raw/10674_0003_idba_bin.128.fa.gz	data/blue_catalyst_poc/rumen/raw/10674_0003_idba_bin.128.fa.gz;data/blue_catalyst_poc/proteomes/_tmp_rumen/10674_0003_idba_bin.128.fa	True	proteome_faa_stem	1	data/blue_catalyst_poc/proteomes/rumen__10674_0003_idba_bin.128.faa
rumen__10674_0003_idba_bin.135	rumen	rumen	Bacteria	10674_0003_idba_bin.135	ERZ1037703	webin-genome-10674_0003_idba_bin.135	10674_0003_idba_bin.135.fa.gz	rumen__10674_0003_idba_bin.135	True	filename	2	data/blue_catalyst_poc/rumen/raw/10674_0003_idba_bin.135.fa.gz	data/blue_catalyst_poc/rumen/raw/10674_0003_idba_bin.135.fa.gz;data/blue_catalyst_poc/proteomes/_tmp_rumen/10674_0003_idba_bin.135.fa	True	proteome_faa_stem	1	data/blue_catalyst_poc/proteomes/rumen__10674_0003_idba_bin.135.faa
rumen__10674_0003_idba_bin.144	rumen	rumen	Bacteria	10674_0003_idba_bin.144	ERZ1037704	webin-genome-10674_0003_idba_bin.144	10674_0003_idba_bin.144.fa.gz	rumen__10674_0003_idba_bin.144	True	filename	2	data/blue_catalyst_poc/rumen/raw/10674_0003_idba_bin.144.fa.gz	data/blue_catalyst_poc/rumen/raw/10674_0003_idba_bin.144.fa.gz;data/blue_catalyst_poc/proteomes/_tmp_rumen/10674_0003_idba_bin.144.fa	True	proteome_faa_stem	1	data/blue_catalyst_poc/proteomes/rumen__10674_0003_idba_bin.144.faa
rumen__10674_0003_idba_bin.145	rumen	rumen	Bacteria	10674_0003_idba_bin.145	ERZ1037705	webin-genome-10674_0003_idba_bin.145	10674_0003_idba_bin.145.fa.gz	rumen__10674_0003_idba_bin.145	True	filename	2	data/blue_catalyst_poc/rumen/raw/10674_0003_idba_bin.145.fa.gz	data/blue_catalyst_poc/rumen/raw/10674_0003_idba_bin.145.fa.gz;data/blue_catalyst_poc/proteomes/_tmp_rumen/10674_0003_idba_bin.145.fa	True	proteome_faa_stem	1	data/blue_catalyst_poc/proteomes/rumen__10674_0003_idba_bin.145.faa
rumen__10674_0003_idba_bin.148	rumen	rumen	Bacteria	10674_0003_idba_bin.148	ERZ1037706	webin-genome-10674_0003_idba_bin.148	10674_0003_idba_bin.148.fa.gz	rumen__10674_0003_idba_bin.148	True	filename	2	data/blue_catalyst_poc/rumen/raw/10674_0003_idba_bin.148.fa.gz	data/blue_catalyst_poc/rumen/raw/10674_0003_idba_bin.148.fa.gz;data/blue_catalyst_poc/proteomes/_tmp_rumen/10674_0003_idba_bin.148.fa	True	proteome_faa_stem	1	data/blue_catalyst_poc/proteomes/rumen__10674_0003_idba_bin.148.faa
rumen__10674_0003_idba_bin.15	rumen	rumen	Bacteria	10674_0003_idba_bin.15	ERZ1037707	webin-genome-10674_0003_idba_bin.15	10674_0003_idba_bin.15.fa.gz	rumen__10674_0003_idba_bin.15	True	filename	2	data/blue_catalyst_poc/rumen/raw/10674_0003_idba_bin.15.fa.gz	data/blue_catalyst_poc/rumen/raw/10674_0003_idba_bin.15.fa.gz;data/blue_catalyst_poc/proteomes/_tmp_rumen/10674_0003_idba_bin.15.fa	True	proteome_faa_stem	1	data/blue_catalyst_poc/proteomes/rumen__10674_0003_idba_bin.15.faa
rumen__10674_0003_idba_bin.150	rumen	rumen	Bacteria	10674_0003_idba_bin.150	ERZ1037708	webin-genome-10674_0003_idba_bin.150	10674_0003_idba_bin.150.fa.gz	rumen__10674_0003_idba_bin.150	True	filename	2	data/blue_catalyst_poc/rumen/raw/10674_0003_idba_bin.150.fa.gz	data/blue_catalyst_poc/rumen/raw/10674_0003_idba_bin.150.fa.gz;data/blue_catalyst_poc/proteomes/_tmp_rumen_nuc/10674_0003_idba_bin.150.fa	True	proteome_faa_stem	1	data/blue_catalyst_poc/proteomes/rumen__10674_0003_idba_bin.150.faa
rumen__10674_0003_idba_bin.151	rumen	rumen	Bacteria	10674_0003_idba_bin.151	ERZ1037709	webin-genome-10674_0003_idba_bin.151	10674_0003_idba_bin.151.fa.gz	rumen__10674_0003_idba_bin.151	True	filename	2	data/blue_catalyst_poc/rumen/raw/10674_0003_idba_bin.151.fa.gz	data/blue_catalyst_poc/rumen/raw/10674_0003_idba_bin.151.fa.gz;data/blue_catalyst_poc/proteomes/_tmp_rumen_nuc/10674_0003_idba_bin.151.fa	True	proteome_faa_stem	1	data/blue_catalyst_poc/proteomes/rumen__10674_0003_idba_bin.151.faa
rumen__10674_0003_idba_bin.152	rumen	rumen	Bacteria	10674_0003_idba_bin.152	ERZ1037710	webin-genome-10674_0003_idba_bin.152	10674_0003_idba_bin.152.fa.gz	rumen__10674_0003_idba_bin.152	True	filename	2	data/blue_catalyst_poc/rumen/raw/10674_0003_idba_bin.152.fa.gz	data/blue_catalyst_poc/rumen/raw/10674_0003_idba_bin.152.fa.gz;data/blue_catalyst_poc/proteomes/_tmp_rumen_nuc/10674_0003_idba_bin.152.fa	True	proteome_faa_stem	1	data/blue_catalyst_poc/proteomes/rumen__10674_0003_idba_bin.152.faa
rumen__10674_0003_idba_bin.155	rumen	rumen	Bacteria	10674_0003_idba_bin.155	ERZ1037711	webin-genome-10674_0003_idba_bin.155	10674_0003_idba_bin.155.fa.gz	rumen__10674_0003_idba_bin.155	True	filename	2	data/blue_catalyst_poc/rumen/raw/10674_0003_idba_bin.155.fa.gz	data/blue_catalyst_poc/rumen/raw/10674_0003_idba_bin.155.fa.gz;data/blue_catalyst_poc/proteomes/_tmp_rumen/10674_0003_idba_bin.155.fa	True	proteome_faa_stem	1	data/blue_catalyst_poc/proteomes/rumen__10674_0003_idba_bin.155.faa
rumen__10674_0003_idba_bin.160	rumen	rumen	Bacteria	10674_0003_idba_bin.160	ERZ1037712	webin-genome-10674_0003_idba_bin.160	10674_0003_idba_bin.160.fa.gz	rumen__10674_0003_idba_bin.160	True	filename	2	data/blue_catalyst_poc/rumen/raw/10674_0003_idba_bin.160.fa.gz	data/blue_catalyst_poc/rumen/raw/10674_0003_idba_bin.160.fa.gz;data/blue_catalyst_poc/proteomes/_tmp_rumen/10674_0003_idba_bin.160.fa	True	proteome_faa_stem	1	data/blue_catalyst_poc/proteomes/rumen__10674_0003_idba_bin.160.faa
rumen__10674_0003_idba_bin.162	rumen	rumen	Bacteria	10674_0003_idba_bin.162	ERZ1037713	webin-genome-10674_0003_idba_bin.162	10674_0003_idba_bin.162.fa.gz	rumen__10674_0003_idba_bin.162	True	filename	2	data/blue_catalyst_poc/rumen/raw/10674_0003_idba_bin.162.fa.gz	data/blue_catalyst_poc/rumen/raw/10674_0003_idba_bin.162.fa.gz;data/blue_catalyst_poc/proteomes/_tmp_rumen/10674_0003_idba_bin.162.fa	True	proteome_faa_stem	1	data/blue_catalyst_poc/proteomes/rumen__10674_0003_idba_bin.162.faa
rumen__10674_0003_idba_bin.163	rumen	rumen	Bacteria	10674_0003_idba_bin.163	ERZ1037714	webin-genome-10674_0003_idba_bin.163	10674_0003_idba_bin.163.fa.gz	rumen__10674_0003_idba_bin.163	True	filename	2	data/blue_catalyst_poc/rumen/raw/10674_0003_idba_bin.163.fa.gz	data/blue_catalyst_poc/rumen/raw/10674_0003_idba_bin.163.fa.gz;data/blue_catalyst_poc/proteomes/_tmp_rumen/10674_0003_idba_bin.163.fa	True	proteome_faa_stem	1	data/blue_catalyst_poc/proteomes/rumen__10674_0003_idba_bin.163.faa
rumen__10674_0003_idba_bin.165	rumen	rumen	Bacteria	10674_0003_idba_bin.165	ERZ1037715	webin-genome-10674_0003_idba_bin.165	10674_0003_idba_bin.165.fa.gz	rumen__10674_0003_idba_bin.165	True	filename	2	data/blue_catalyst_poc/rumen/raw/10674_0003_idba_bin.165.fa.gz	data/blue_catalyst_poc/rumen/raw/10674_0003_idba_bin.165.fa.gz;data/blue_catalyst_poc/proteomes/_tmp_rumen_nuc/10674_0003_idba_bin.165.fa	True	proteome_faa_stem	1	data/blue_catalyst_poc/proteomes/rumen__10674_0003_idba_bin.165.faa
rumen__10674_0003_idba_bin.166	rumen	rumen	Bacteria	10674_0003_idba_bin.166	ERZ1037716	webin-genome-10674_0003_idba_bin.166	10674_0003_idba_bin.166.fa.gz	rumen__10674_0003_idba_bin.166	True	filename	2	data/blue_catalyst_poc/rumen/raw/10674_0003_idba_bin.166.fa.gz	data/blue_catalyst_poc/rumen/raw/10674_0003_idba_bin.166.fa.gz;data/blue_catalyst_poc/proteomes/_tmp_rumen/10674_0003_idba_bin.166.fa	True	proteome_faa_stem	1	data/blue_catalyst_poc/proteomes/rumen__10674_0003_idba_bin.166.faa
rumen__10674_0003_idba_bin.167	rumen	rumen	Bacteria	10674_0003_idba_bin.167	ERZ1037717	webin-genome-10674_0003_idba_bin.167	10674_0003_idba_bin.167.fa.gz	rumen__10674_0003_idba_bin.167	True	filename	2	data/blue_catalyst_poc/rumen/raw/10674_0003_idba_bin.167.fa.gz	data/blue_catalyst_poc/rumen/raw/10674_0003_idba_bin.167.fa.gz;data/blue_catalyst_poc/proteomes/_tmp_rumen/10674_0003_idba_bin.167.fa	True	proteome_faa_stem	1	data/blue_catalyst_poc/proteomes/rumen__10674_0003_idba_bin.167.faa
rumen__10674_0003_idba_bin.17	rumen	rumen	Bacteria	10674_0003_idba_bin.17	ERZ1037718	webin-genome-10674_0003_idba_bin.17	10674_0003_idba_bin.17.fa.gz	rumen__10674_0003_idba_bin.17	True	filename	2	data/blue_catalyst_poc/rumen/raw/10674_0003_idba_bin.17.fa.gz	data/blue_catalyst_poc/rumen/raw/10674_0003_idba_bin.17.fa.gz;data/blue_catalyst_poc/proteomes/_tmp_rumen_nuc/10674_0003_idba_bin.17.fa	True	proteome_faa_stem	1	data/blue_catalyst_poc/proteomes/rumen__10674_0003_idba_bin.17.faa
rumen__10674_0003_idba_bin.171	rumen	rumen	Bacteria	10674_0003_idba_bin.171	ERZ1037719	webin-genome-10674_0003_idba_bin.171	10674_0003_idba_bin.171.fa.gz	rumen__10674_0003_idba_bin.171	True	filename	2	data/blue_catalyst_poc/rumen/raw/10674_0003_idba_bin.171.fa.gz	data/blue_catalyst_poc/rumen/raw/10674_0003_idba_bin.171.fa.gz;data/blue_catalyst_poc/proteomes/_tmp_rumen/10674_0003_idba_bin.171.fa	True	proteome_faa_stem	1	data/blue_catalyst_poc/proteomes/rumen__10674_0003_idba_bin.171.faa
rumen__10674_0003_idba_bin.175	rumen	rumen	Bacteria	10674_0003_idba_bin.175	ERZ1037720	webin-genome-10674_0003_idba_bin.175	10674_0003_idba_bin.175.fa.gz	rumen__10674_0003_idba_bin.175	True	filename	2	data/blue_catalyst_poc/rumen/raw/10674_0003_idba_bin.175.fa.gz	data/blue_catalyst_poc/rumen/raw/10674_0003_idba_bin.175.fa.gz;data/blue_catalyst_poc/proteomes/_tmp_rumen_nuc/10674_0003_idba_bin.175.fa	True	proteome_faa_stem	1	data/blue_catalyst_poc/proteomes/rumen__10674_0003_idba_bin.175.faa
rumen__10674_0003_idba_bin.178	rumen	rumen	Bacteria	10674_0003_idba_bin.178	ERZ1037721	webin-genome-10674_0003_idba_bin.178	10674_0003_idba_bin.178.fa.gz	rumen__10674_0003_idba_bin.178	True	filename	2	data/blue_catalyst_poc/rumen/raw/10674_0003_idba_bin.178.fa.gz	data/blue_catalyst_poc/rumen/raw/10674_0003_idba_bin.178.fa.gz;data/blue_catalyst_poc/proteomes/_tmp_rumen_nuc/10674_0003_idba_bin.178.fa	True	proteome_faa_stem	1	data/blue_catalyst_poc/proteomes/rumen__10674_0003_idba_bin.178.faa
rumen__10674_0003_idba_bin.179	rumen	rumen	Bacteria	10674_0003_idba_bin.179	ERZ1037722	webin-genome-10674_0003_idba_bin.179	10674_0003_idba_bin.179.fa.gz	rumen__10674_0003_idba_bin.179	True	filename	2	data/blue_catalyst_poc/rumen/raw/10674_0003_idba_bin.179.fa.gz	data/blue_catalyst_poc/rumen/raw/10674_0003_idba_bin.179.fa.gz;data/blue_catalyst_poc/proteomes/_tmp_rumen/10674_0003_idba_bin.179.fa	True	proteome_faa_stem	1	data/blue_catalyst_poc/proteomes/rumen__10674_0003_idba_bin.179.faa
rumen__10674_0003_idba_bin.18	rumen	rumen	Bacteria	10674_0003_idba_bin.18	ERZ1037723	webin-genome-10674_0003_idba_bin.18	10674_0003_idba_bin.18.fa.gz	rumen__10674_0003_idba_bin.18	True	filename	2	data/blue_catalyst_poc/rumen/raw/10674_0003_idba_bin.18.fa.gz	data/blue_catalyst_poc/rumen/raw/10674_0003_idba_bin.18.fa.gz;data/blue_catalyst_poc/proteomes/_tmp_rumen/10674_0003_idba_bin.18.fa	True	proteome_faa_stem	1	data/blue_catalyst_poc/proteomes/rumen__10674_0003_idba_bin.18.faa
rumen__10674_0003_idba_bin.182	rumen	rumen	Bacteria	10674_0003_idba_bin.182	ERZ1037724	webin-genome-10674_0003_idba_bin.182	10674_0003_idba_bin.182.fa.gz	rumen__10674_0003_idba_bin.182	True	filename	2	data/blue_catalyst_poc/rumen/raw/10674_0003_idba_bin.182.fa.gz	data/blue_catalyst_poc/rumen/raw/10674_0003_idba_bin.182.fa.gz;data/blue_catalyst_poc/proteomes/_tmp_rumen/10674_0003_idba_bin.182.fa	True	proteome_faa_stem	1	data/blue_catalyst_poc/proteomes/rumen__10674_0003_idba_bin.182.faa
rumen__10674_0003_idba_bin.184	rumen	rumen	Bacteria	10674_0003_idba_bin.184	ERZ1037725	webin-genome-10674_0003_idba_bin.184	10674_0003_idba_bin.184.fa.gz	rumen__10674_0003_idba_bin.184	True	filename	2	data/blue_catalyst_poc/rumen/raw/10674_0003_idba_bin.184.fa.gz	data/blue_catalyst_poc/rumen/raw/10674_0003_idba_bin.184.fa.gz;data/blue_catalyst_poc/proteomes/_tmp_rumen/10674_0003_idba_bin.184.fa	True	proteome_faa_stem	1	data/blue_catalyst_poc/proteomes/rumen__10674_0003_idba_bin.184.faa
rumen__10674_0003_idba_bin.185	rumen	rumen	Bacteria	10674_0003_idba_bin.185	ERZ1037726	webin-genome-10674_0003_idba_bin.185	10674_0003_idba_bin.185.fa.gz	rumen__10674_0003_idba_bin.185	True	filename	2	data/blue_catalyst_poc/rumen/raw/10674_0003_idba_bin.185.fa.gz	data/blue_catalyst_poc/rumen/raw/10674_0003_idba_bin.185.fa.gz;data/blue_catalyst_poc/proteomes/_tmp_rumen/10674_0003_idba_bin.185.fa	True	proteome_faa_stem	1	data/blue_catalyst_poc/proteomes/rumen__10674_0003_idba_bin.185.faa
rumen__10674_0003_idba_bin.186	rumen	rumen	Bacteria	10674_0003_idba_bin.186	ERZ1037727	webin-genome-10674_0003_idba_bin.186	10674_0003_idba_bin.186.fa.gz	rumen__10674_0003_idba_bin.186	True	filename	2	data/blue_catalyst_poc/rumen/raw/10674_0003_idba_bin.186.fa.gz	data/blue_catalyst_poc/rumen/raw/10674_0003_idba_bin.186.fa.gz;data/blue_catalyst_poc/proteomes/_tmp_rumen_nuc/10674_0003_idba_bin.186.fa	True	proteome_faa_stem	1	data/blue_catalyst_poc/proteomes/rumen__10674_0003_idba_bin.186.faa
rumen__10674_0003_idba_bin.187	rumen	rumen	Bacteria	10674_0003_idba_bin.187	ERZ1037728	webin-genome-10674_0003_idba_bin.187	10674_0003_idba_bin.187.fa.gz	rumen__10674_0003_idba_bin.187	True	filename	2	data/blue_catalyst_poc/rumen/raw/10674_0003_idba_bin.187.fa.gz	data/blue_catalyst_poc/rumen/raw/10674_0003_idba_bin.187.fa.gz;data/blue_catalyst_poc/proteomes/_tmp_rumen_nuc/10674_0003_idba_bin.187.fa	True	proteome_faa_stem	1	data/blue_catalyst_poc/proteomes/rumen__10674_0003_idba_bin.187.faa
rumen__10674_0003_idba_bin.189	rumen	rumen	Bacteria	10674_0003_idba_bin.189	ERZ1037729	webin-genome-10674_0003_idba_bin.189	10674_0003_idba_bin.189.fa.gz	rumen__10674_0003_idba_bin.189	True	filename	2	data/blue_catalyst_poc/rumen/raw/10674_0003_idba_bin.189.fa.gz	data/blue_catalyst_poc/rumen/raw/10674_0003_idba_bin.189.fa.gz;data/blue_catalyst_poc/proteomes/_tmp_rumen/10674_0003_idba_bin.189.fa	True	proteome_faa_stem	1	data/blue_catalyst_poc/proteomes/rumen__10674_0003_idba_bin.189.faa
rumen__10674_0003_idba_bin.19	rumen	rumen	Bacteria	10674_0003_idba_bin.19	ERZ1037730	webin-genome-10674_0003_idba_bin.19	10674_0003_idba_bin.19.fa.gz	rumen__10674_0003_idba_bin.19	True	filename	2	data/blue_catalyst_poc/rumen/raw/10674_0003_idba_bin.19.fa.gz	data/blue_catalyst_poc/rumen/raw/10674_0003_idba_bin.19.fa.gz;data/blue_catalyst_poc/proteomes/_tmp_rumen/10674_0003_idba_bin.19.fa	True	proteome_faa_stem	1	data/blue_catalyst_poc/proteomes/rumen__10674_0003_idba_bin.19.faa
rumen__10674_0003_idba_bin.2	rumen	rumen	Bacteria	10674_0003_idba_bin.2	ERZ1037731	webin-genome-10674_0003_idba_bin.2	10674_0003_idba_bin.2.fa.gz	rumen__10674_0003_idba_bin.2	True	filename	2	data/blue_catalyst_poc/rumen/raw/10674_0003_idba_bin.2.fa.gz	data/blue_catalyst_poc/rumen/raw/10674_0003_idba_bin.2.fa.gz;data/blue_catalyst_poc/proteomes/_tmp_rumen/10674_0003_idba_bin.2.fa	True	proteome_faa_stem	1	data/blue_catalyst_poc/proteomes/rumen__10674_0003_idba_bin.2.faa
rumen__10674_0003_idba_bin.20	rumen	rumen	Bacteria	10674_0003_idba_bin.20	ERZ1037732	webin-genome-10674_0003_idba_bin.20	10674_0003_idba_bin.20.fa.gz	rumen__10674_0003_idba_bin.20	True	filename	2	data/blue_catalyst_poc/rumen/raw/10674_0003_idba_bin.20.fa.gz	data/blue_catalyst_poc/rumen/raw/10674_0003_idba_bin.20.fa.gz;data/blue_catalyst_poc/proteomes/_tmp_rumen/10674_0003_idba_bin.20.fa	True	proteome_faa_stem	1	data/blue_catalyst_poc/proteomes/rumen__10674_0003_idba_bin.20.faa
rumen__10674_0003_idba_bin.24	rumen	rumen	Bacteria	10674_0003_idba_bin.24	ERZ1037733	webin-genome-10674_0003_idba_bin.24	10674_0003_idba_bin.24.fa.gz	rumen__10674_0003_idba_bin.24	True	filename	2	data/blue_catalyst_poc/rumen/raw/10674_0003_idba_bin.24.fa.gz	data/blue_catalyst_poc/rumen/raw/10674_0003_idba_bin.24.fa.gz;data/blue_catalyst_poc/proteomes/_tmp_rumen/10674_0003_idba_bin.24.fa	True	proteome_faa_stem	1	data/blue_catalyst_poc/proteomes/rumen__10674_0003_idba_bin.24.faa
rumen__10674_0003_idba_bin.27	rumen	rumen	Bacteria	10674_0003_idba_bin.27	ERZ1037734	webin-genome-10674_0003_idba_bin.27	10674_0003_idba_bin.27.fa.gz	rumen__10674_0003_idba_bin.27	True	filename	2	data/blue_catalyst_poc/rumen/raw/10674_0003_idba_bin.27.fa.gz	data/blue_catalyst_poc/rumen/raw/10674_0003_idba_bin.27.fa.gz;data/blue_catalyst_poc/proteomes/_tmp_rumen_nuc/10674_0003_idba_bin.27.fa	True	proteome_faa_stem	1	data/blue_catalyst_poc/proteomes/rumen__10674_0003_idba_bin.27.faa
rumen__10674_0003_idba_bin.28	rumen	rumen	Bacteria	10674_0003_idba_bin.28	ERZ1037735	webin-genome-10674_0003_idba_bin.28	10674_0003_idba_bin.28.fa.gz	rumen__10674_0003_idba_bin.28	True	filename	2	data/blue_catalyst_poc/rumen/raw/10674_0003_idba_bin.28.fa.gz	data/blue_catalyst_poc/rumen/raw/10674_0003_idba_bin.28.fa.gz;data/blue_catalyst_poc/proteomes/_tmp_rumen/10674_0003_idba_bin.28.fa	True	proteome_faa_stem	1	data/blue_catalyst_poc/proteomes/rumen__10674_0003_idba_bin.28.faa
rumen__10674_0003_idba_bin.29	rumen	rumen	Bacteria	10674_0003_idba_bin.29	ERZ1037736	webin-genome-10674_0003_idba_bin.29	10674_0003_idba_bin.29.fa.gz	rumen__10674_0003_idba_bin.29	True	filename	2	data/blue_catalyst_poc/rumen/raw/10674_0003_idba_bin.29.fa.gz	data/blue_catalyst_poc/rumen/raw/10674_0003_idba_bin.29.fa.gz;data/blue_catalyst_poc/proteomes/_tmp_rumen/10674_0003_idba_bin.29.fa	True	proteome_faa_stem	1	data/blue_catalyst_poc/proteomes/rumen__10674_0003_idba_bin.29.faa
rumen__10674_0003_idba_bin.3	rumen	rumen	Bacteria	10674_0003_idba_bin.3	ERZ1037737	webin-genome-10674_0003_idba_bin.3	10674_0003_idba_bin.3.fa.gz	rumen__10674_0003_idba_bin.3	True	filename	2	data/blue_catalyst_poc/rumen/raw/10674_0003_idba_bin.3.fa.gz	data/blue_catalyst_poc/rumen/raw/10674_0003_idba_bin.3.fa.gz;data/blue_catalyst_poc/proteomes/_tmp_rumen_nuc/10674_0003_idba_bin.3.fa	True	proteome_faa_stem	1	data/blue_catalyst_poc/proteomes/rumen__10674_0003_idba_bin.3.faa
rumen__10674_0003_idba_bin.31	rumen	rumen	Bacteria	10674_0003_idba_bin.31	ERZ1037738	webin-genome-10674_0003_idba_bin.31	10674_0003_idba_bin.31.fa.gz	rumen__10674_0003_idba_bin.31	True	filename	2	data/blue_catalyst_poc/rumen/raw/10674_0003_idba_bin.31.fa.gz	data/blue_catalyst_poc/rumen/raw/10674_0003_idba_bin.31.fa.gz;data/blue_catalyst_poc/proteomes/_tmp_rumen/10674_0003_idba_bin.31.fa	True	proteome_faa_stem	1	data/blue_catalyst_poc/proteomes/rumen__10674_0003_idba_bin.31.faa
rumen__10674_0003_idba_bin.33	rumen	rumen	Bacteria	10674_0003_idba_bin.33	ERZ1037739	webin-genome-10674_0003_idba_bin.33	10674_0003_idba_bin.33.fa.gz	rumen__10674_0003_idba_bin.33	True	filename	2	data/blue_catalyst_poc/rumen/raw/10674_0003_idba_bin.33.fa.gz	data/blue_catalyst_poc/rumen/raw/10674_0003_idba_bin.33.fa.gz;data/blue_catalyst_poc/proteomes/_tmp_rumen/10674_0003_idba_bin.33.fa	True	proteome_faa_stem	1	data/blue_catalyst_poc/proteomes/rumen__10674_0003_idba_bin.33.faa
rumen__10674_0003_idba_bin.36	rumen	rumen	Bacteria	10674_0003_idba_bin.36	ERZ1037740	webin-genome-10674_0003_idba_bin.36	10674_0003_idba_bin.36.fa.gz	rumen__10674_0003_idba_bin.36	True	filename	2	data/blue_catalyst_poc/rumen/raw/10674_0003_idba_bin.36.fa.gz	data/blue_catalyst_poc/rumen/raw/10674_0003_idba_bin.36.fa.gz;data/blue_catalyst_poc/proteomes/_tmp_rumen/10674_0003_idba_bin.36.fa	True	proteome_faa_stem	1	data/blue_catalyst_poc/proteomes/rumen__10674_0003_idba_bin.36.faa
rumen__10674_0003_idba_bin.41	rumen	rumen	Bacteria	10674_0003_idba_bin.41	ERZ1037741	webin-genome-10674_0003_idba_bin.41	10674_0003_idba_bin.41.fa.gz	rumen__10674_0003_idba_bin.41	True	filename	2	data/blue_catalyst_poc/rumen/raw/10674_0003_idba_bin.41.fa.gz	data/blue_catalyst_poc/rumen/raw/10674_0003_idba_bin.41.fa.gz;data/blue_catalyst_poc/proteomes/_tmp_rumen/10674_0003_idba_bin.41.fa	True	proteome_faa_stem	1	data/blue_catalyst_poc/proteomes/rumen__10674_0003_idba_bin.41.faa
rumen__10674_0003_idba_bin.44	rumen	rumen	Bacteria	10674_0003_idba_bin.44	ERZ1037742	webin-genome-10674_0003_idba_bin.44	10674_0003_idba_bin.44.fa.gz	rumen__10674_0003_idba_bin.44	True	filename	2	data/blue_catalyst_poc/rumen/raw/10674_0003_idba_bin.44.fa.gz	data/blue_catalyst_poc/rumen/raw/10674_0003_idba_bin.44.fa.gz;data/blue_catalyst_poc/proteomes/_tmp_rumen/10674_0003_idba_bin.44.fa	True	proteome_faa_stem	1	data/blue_catalyst_poc/proteomes/rumen__10674_0003_idba_bin.44.faa
rumen__10674_0003_idba_bin.46	rumen	rumen	Bacteria	10674_0003_idba_bin.46	ERZ1037743	webin-genome-10674_0003_idba_bin.46	10674_0003_idba_bin.46.fa.gz	rumen__10674_0003_idba_bin.46	True	filename	2	data/blue_catalyst_poc/rumen/raw/10674_0003_idba_bin.46.fa.gz	data/blue_catalyst_poc/rumen/raw/10674_0003_idba_bin.46.fa.gz;data/blue_catalyst_poc/proteomes/_tmp_rumen_nuc/10674_0003_idba_bin.46.fa	True	proteome_faa_stem	1	data/blue_catalyst_poc/proteomes/rumen__10674_0003_idba_bin.46.faa
rumen__10674_0003_idba_bin.47	rumen	rumen	Bacteria	10674_0003_idba_bin.47	ERZ1037745	webin-genome-10674_0003_idba_bin.47	10674_0003_idba_bin.47.fa.gz	rumen__10674_0003_idba_bin.47	True	filename	2	data/blue_catalyst_poc/rumen/raw/10674_0003_idba_bin.47.fa.gz	data/blue_catalyst_poc/rumen/raw/10674_0003_idba_bin.47.fa.gz;data/blue_catalyst_poc/proteomes/_tmp_rumen/10674_0003_idba_bin.47.fa	True	proteome_faa_stem	1	data/blue_catalyst_poc/proteomes/rumen__10674_0003_idba_bin.47.faa
rumen__10674_0003_idba_bin.48	rumen	rumen	Bacteria	10674_0003_idba_bin.48	ERZ1037746	webin-genome-10674_0003_idba_bin.48	10674_0003_idba_bin.48.fa.gz	rumen__10674_0003_idba_bin.48	True	filename	2	data/blue_catalyst_poc/rumen/raw/10674_0003_idba_bin.48.fa.gz	data/blue_catalyst_poc/rumen/raw/10674_0003_idba_bin.48.fa.gz;data/blue_catalyst_poc/proteomes/_tmp_rumen/10674_0003_idba_bin.48.fa	True	proteome_faa_stem	1	data/blue_catalyst_poc/proteomes/rumen__10674_0003_idba_bin.48.faa
rumen__10674_0003_idba_bin.49	rumen	rumen	Bacteria	10674_0003_idba_bin.49	ERZ1037748	webin-genome-10674_0003_idba_bin.49	10674_0003_idba_bin.49.fa.gz	rumen__10674_0003_idba_bin.49	True	filename	2	data/blue_catalyst_poc/rumen/raw/10674_0003_idba_bin.49.fa.gz	data/blue_catalyst_poc/rumen/raw/10674_0003_idba_bin.49.fa.gz;data/blue_catalyst_poc/proteomes/_tmp_rumen/10674_0003_idba_bin.49.fa	True	proteome_faa_stem	1	data/blue_catalyst_poc/proteomes/rumen__10674_0003_idba_bin.49.faa
rumen__10674_0003_idba_bin.5	rumen	rumen	Bacteria	10674_0003_idba_bin.5	ERZ1037749	webin-genome-10674_0003_idba_bin.5	10674_0003_idba_bin.5.fa.gz	rumen__10674_0003_idba_bin.5	True	filename	2	data/blue_catalyst_poc/rumen/raw/10674_0003_idba_bin.5.fa.gz	data/blue_catalyst_poc/rumen/raw/10674_0003_idba_bin.5.fa.gz;data/blue_catalyst_poc/proteomes/_tmp_rumen/10674_0003_idba_bin.5.fa	True	proteome_faa_stem	1	data/blue_catalyst_poc/proteomes/rumen__10674_0003_idba_bin.5.faa
rumen__10674_0003_idba_bin.52	rumen	rumen	Bacteria	10674_0003_idba_bin.52	ERZ1037750	webin-genome-10674_0003_idba_bin.52	10674_0003_idba_bin.52.fa.gz	rumen__10674_0003_idba_bin.52	True	filename	2	data/blue_catalyst_poc/rumen/raw/10674_0003_idba_bin.52.fa.gz	data/blue_catalyst_poc/rumen/raw/10674_0003_idba_bin.52.fa.gz;data/blue_catalyst_poc/proteomes/_tmp_rumen_nuc/10674_0003_idba_bin.52.fa	True	proteome_faa_stem	1	data/blue_catalyst_poc/proteomes/rumen__10674_0003_idba_bin.52.faa
rumen__10674_0003_idba_bin.53	rumen	rumen	Bacteria	10674_0003_idba_bin.53	ERZ1037751	webin-genome-10674_0003_idba_bin.53	10674_0003_idba_bin.53.fa.gz	rumen__10674_0003_idba_bin.53	True	filename	2	data/blue_catalyst_poc/rumen/raw/10674_0003_idba_bin.53.fa.gz	data/blue_catalyst_poc/rumen/raw/10674_0003_idba_bin.53.fa.gz;data/blue_catalyst_poc/proteomes/_tmp_rumen_nuc/10674_0003_idba_bin.53.fa	True	proteome_faa_stem	1	data/blue_catalyst_poc/proteomes/rumen__10674_0003_idba_bin.53.faa
rumen__10674_0003_idba_bin.56	rumen	rumen	Bacteria	10674_0003_idba_bin.56	ERZ1037752	webin-genome-10674_0003_idba_bin.56	10674_0003_idba_bin.56.fa.gz	rumen__10674_0003_idba_bin.56	True	filename	2	data/blue_catalyst_poc/rumen/raw/10674_0003_idba_bin.56.fa.gz	data/blue_catalyst_poc/rumen/raw/10674_0003_idba_bin.56.fa.gz;data/blue_catalyst_poc/proteomes/_tmp_rumen_nuc/10674_0003_idba_bin.56.fa	True	proteome_faa_stem	1	data/blue_catalyst_poc/proteomes/rumen__10674_0003_idba_bin.56.faa
rumen__10674_0003_idba_bin.60	rumen	rumen	Bacteria	10674_0003_idba_bin.60	ERZ1037753	webin-genome-10674_0003_idba_bin.60	10674_0003_idba_bin.60.fa.gz	rumen__10674_0003_idba_bin.60	True	filename	2	data/blue_catalyst_poc/rumen/raw/10674_0003_idba_bin.60.fa.gz	data/blue_catalyst_poc/rumen/raw/10674_0003_idba_bin.60.fa.gz;data/blue_catalyst_poc/proteomes/_tmp_rumen/10674_0003_idba_bin.60.fa	True	proteome_faa_stem	1	data/blue_catalyst_poc/proteomes/rumen__10674_0003_idba_bin.60.faa
rumen__10674_0003_idba_bin.61	rumen	rumen	Bacteria	10674_0003_idba_bin.61	ERZ1037754	webin-genome-10674_0003_idba_bin.61	10674_0003_idba_bin.61.fa.gz	rumen__10674_0003_idba_bin.61	True	filename	2	data/blue_catalyst_poc/rumen/raw/10674_0003_idba_bin.61.fa.gz	data/blue_catalyst_poc/rumen/raw/10674_0003_idba_bin.61.fa.gz;data/blue_catalyst_poc/proteomes/_tmp_rumen/10674_0003_idba_bin.61.fa	True	proteome_faa_stem	1	data/blue_catalyst_poc/proteomes/rumen__10674_0003_idba_bin.61.faa
rumen__10674_0003_idba_bin.62	rumen	rumen	Bacteria	10674_0003_idba_bin.62	ERZ1037755	webin-genome-10674_0003_idba_bin.62	10674_0003_idba_bin.62.fa.gz	rumen__10674_0003_idba_bin.62	True	filename	2	data/blue_catalyst_poc/rumen/raw/10674_0003_idba_bin.62.fa.gz	data/blue_catalyst_poc/rumen/raw/10674_0003_idba_bin.62.fa.gz;data/blue_catalyst_poc/proteomes/_tmp_rumen_nuc/10674_0003_idba_bin.62.fa	True	proteome_faa_stem	1	data/blue_catalyst_poc/proteomes/rumen__10674_0003_idba_bin.62.faa
rumen__10674_0003_idba_bin.64	rumen	rumen	Bacteria	10674_0003_idba_bin.64	ERZ1037756	webin-genome-10674_0003_idba_bin.64	10674_0003_idba_bin.64.fa.gz	rumen__10674_0003_idba_bin.64	True	filename	2	data/blue_catalyst_poc/rumen/raw/10674_0003_idba_bin.64.fa.gz	data/blue_catalyst_poc/rumen/raw/10674_0003_idba_bin.64.fa.gz;data/blue_catalyst_poc/proteomes/_tmp_rumen/10674_0003_idba_bin.64.fa	True	proteome_faa_stem	1	data/blue_catalyst_poc/proteomes/rumen__10674_0003_idba_bin.64.faa
rumen__10674_0003_idba_bin.65	rumen	rumen	Bacteria	10674_0003_idba_bin.65	ERZ1037757	webin-genome-10674_0003_idba_bin.65	10674_0003_idba_bin.65.fa.gz	rumen__10674_0003_idba_bin.65	True	filename	2	data/blue_catalyst_poc/rumen/raw/10674_0003_idba_bin.65.fa.gz	data/blue_catalyst_poc/rumen/raw/10674_0003_idba_bin.65.fa.gz;data/blue_catalyst_poc/proteomes/_tmp_rumen/10674_0003_idba_bin.65.fa	True	proteome_faa_stem	1	data/blue_catalyst_poc/proteomes/rumen__10674_0003_idba_bin.65.faa
rumen__10674_0003_idba_bin.67	rumen	rumen	Bacteria	10674_0003_idba_bin.67	ERZ1037758	webin-genome-10674_0003_idba_bin.67	10674_0003_idba_bin.67.fa.gz	rumen__10674_0003_idba_bin.67	True	filename	2	data/blue_catalyst_poc/rumen/raw/10674_0003_idba_bin.67.fa.gz	data/blue_catalyst_poc/rumen/raw/10674_0003_idba_bin.67.fa.gz;data/blue_catalyst_poc/proteomes/_tmp_rumen/10674_0003_idba_bin.67.fa	True	proteome_faa_stem	1	data/blue_catalyst_poc/proteomes/rumen__10674_0003_idba_bin.67.faa
rumen__10674_0003_idba_bin.69	rumen	rumen	Bacteria	10674_0003_idba_bin.69	ERZ1037759	webin-genome-10674_0003_idba_bin.69	10674_0003_idba_bin.69.fa.gz	rumen__10674_0003_idba_bin.69	True	filename	2	data/blue_catalyst_poc/rumen/raw/10674_0003_idba_bin.69.fa.gz	data/blue_catalyst_poc/rumen/raw/10674_0003_idba_bin.69.fa.gz;data/blue_catalyst_poc/proteomes/_tmp_rumen/10674_0003_idba_bin.69.fa	True	proteome_faa_stem	1	data/blue_catalyst_poc/proteomes/rumen__10674_0003_idba_bin.69.faa
rumen__10674_0003_idba_bin.7	rumen	rumen	Bacteria	10674_0003_idba_bin.7	ERZ1037760	webin-genome-10674_0003_idba_bin.7	10674_0003_idba_bin.7.fa.gz	rumen__10674_0003_idba_bin.7	True	filename	2	data/blue_catalyst_poc/rumen/raw/10674_0003_idba_bin.7.fa.gz	data/blue_catalyst_poc/rumen/raw/10674_0003_idba_bin.7.fa.gz;data/blue_catalyst_poc/proteomes/_tmp_rumen/10674_0003_idba_bin.7.fa	True	proteome_faa_stem	1	data/blue_catalyst_poc/proteomes/rumen__10674_0003_idba_bin.7.faa
rumen__10674_0003_idba_bin.71	rumen	rumen	Bacteria	10674_0003_idba_bin.71	ERZ1037761	webin-genome-10674_0003_idba_bin.71	10674_0003_idba_bin.71.fa.gz	rumen__10674_0003_idba_bin.71	True	filename	2	data/blue_catalyst_poc/rumen/raw/10674_0003_idba_bin.71.fa.gz	data/blue_catalyst_poc/rumen/raw/10674_0003_idba_bin.71.fa.gz;data/blue_catalyst_poc/proteomes/_tmp_rumen_nuc/10674_0003_idba_bin.71.fa	True	proteome_faa_stem	1	data/blue_catalyst_poc/proteomes/rumen__10674_0003_idba_bin.71.faa
rumen__10674_0003_idba_bin.72	rumen	rumen	Bacteria	10674_0003_idba_bin.72	ERZ1037762	webin-genome-10674_0003_idba_bin.72	10674_0003_idba_bin.72.fa.gz	rumen__10674_0003_idba_bin.72	True	filename	2	data/blue_catalyst_poc/rumen/raw/10674_0003_idba_bin.72.fa.gz	data/blue_catalyst_poc/rumen/raw/10674_0003_idba_bin.72.fa.gz;data/blue_catalyst_poc/proteomes/_tmp_rumen/10674_0003_idba_bin.72.fa	True	proteome_faa_stem	1	data/blue_catalyst_poc/proteomes/rumen__10674_0003_idba_bin.72.faa
rumen__10674_0003_idba_bin.73	rumen	rumen	Bacteria	10674_0003_idba_bin.73	ERZ1037763	webin-genome-10674_0003_idba_bin.73	10674_0003_idba_bin.73.fa.gz	rumen__10674_0003_idba_bin.73	True	filename	2	data/blue_catalyst_poc/rumen/raw/10674_0003_idba_bin.73.fa.gz	data/blue_catalyst_poc/rumen/raw/10674_0003_idba_bin.73.fa.gz;data/blue_catalyst_poc/proteomes/_tmp_rumen_nuc/10674_0003_idba_bin.73.fa	True	proteome_faa_stem	1	data/blue_catalyst_poc/proteomes/rumen__10674_0003_idba_bin.73.faa
rumen__10674_0003_idba_bin.74	rumen	rumen	Bacteria	10674_0003_idba_bin.74	ERZ1037764	webin-genome-10674_0003_idba_bin.74	10674_0003_idba_bin.74.fa.gz	rumen__10674_0003_idba_bin.74	True	filename	2	data/blue_catalyst_poc/rumen/raw/10674_0003_idba_bin.74.fa.gz	data/blue_catalyst_poc/rumen/raw/10674_0003_idba_bin.74.fa.gz;data/blue_catalyst_poc/proteomes/_tmp_rumen_nuc/10674_0003_idba_bin.74.fa	True	proteome_faa_stem	1	data/blue_catalyst_poc/proteomes/rumen__10674_0003_idba_bin.74.faa
rumen__10674_0003_idba_bin.75	rumen	rumen	Bacteria	10674_0003_idba_bin.75	ERZ1037765	webin-genome-10674_0003_idba_bin.75	10674_0003_idba_bin.75.fa.gz	rumen__10674_0003_idba_bin.75	True	filename	2	data/blue_catalyst_poc/rumen/raw/10674_0003_idba_bin.75.fa.gz	data/blue_catalyst_poc/rumen/raw/10674_0003_idba_bin.75.fa.gz;data/blue_catalyst_poc/proteomes/_tmp_rumen/10674_0003_idba_bin.75.fa	True	proteome_faa_stem	1	data/blue_catalyst_poc/proteomes/rumen__10674_0003_idba_bin.75.faa
rumen__10674_0003_idba_bin.77	rumen	rumen	Bacteria	10674_0003_idba_bin.77	ERZ1037766	webin-genome-10674_0003_idba_bin.77	10674_0003_idba_bin.77.fa.gz	rumen__10674_0003_idba_bin.77	True	filename	2	data/blue_catalyst_poc/rumen/raw/10674_0003_idba_bin.77.fa.gz	data/blue_catalyst_poc/rumen/raw/10674_0003_idba_bin.77.fa.gz;data/blue_catalyst_poc/proteomes/_tmp_rumen_nuc/10674_0003_idba_bin.77.fa	True	proteome_faa_stem	1	data/blue_catalyst_poc/proteomes/rumen__10674_0003_idba_bin.77.faa
rumen__10674_0003_idba_bin.78	rumen	rumen	Bacteria	10674_0003_idba_bin.78	ERZ1037767	webin-genome-10674_0003_idba_bin.78	10674_0003_idba_bin.78.fa.gz	rumen__10674_0003_idba_bin.78	True	filename	2	data/blue_catalyst_poc/rumen/raw/10674_0003_idba_bin.78.fa.gz	data/blue_catalyst_poc/rumen/raw/10674_0003_idba_bin.78.fa.gz;data/blue_catalyst_poc/proteomes/_tmp_rumen/10674_0003_idba_bin.78.fa	True	proteome_faa_stem	1	data/blue_catalyst_poc/proteomes/rumen__10674_0003_idba_bin.78.faa
rumen__10674_0003_idba_bin.80	rumen	rumen	Bacteria	10674_0003_idba_bin.80	ERZ1037768	webin-genome-10674_0003_idba_bin.80	10674_0003_idba_bin.80.fa.gz	rumen__10674_0003_idba_bin.80	True	filename	2	data/blue_catalyst_poc/rumen/raw/10674_0003_idba_bin.80.fa.gz	data/blue_catalyst_poc/rumen/raw/10674_0003_idba_bin.80.fa.gz;data/blue_catalyst_poc/proteomes/_tmp_rumen/10674_0003_idba_bin.80.fa	True	proteome_faa_stem	1	data/blue_catalyst_poc/proteomes/rumen__10674_0003_idba_bin.80.faa
rumen__10674_0003_idba_bin.83	rumen	rumen	Bacteria	10674_0003_idba_bin.83	ERZ1037769	webin-genome-10674_0003_idba_bin.83	10674_0003_idba_bin.83.fa.gz	rumen__10674_0003_idba_bin.83	True	filename	2	data/blue_catalyst_poc/rumen/raw/10674_0003_idba_bin.83.fa.gz	data/blue_catalyst_poc/rumen/raw/10674_0003_idba_bin.83.fa.gz;data/blue_catalyst_poc/proteomes/_tmp_rumen/10674_0003_idba_bin.83.fa	True	proteome_faa_stem	1	data/blue_catalyst_poc/proteomes/rumen__10674_0003_idba_bin.83.faa
rumen__10674_0003_idba_bin.84	rumen	rumen	Bacteria	10674_0003_idba_bin.84	ERZ1037770	webin-genome-10674_0003_idba_bin.84	10674_0003_idba_bin.84.fa.gz	rumen__10674_0003_idba_bin.84	True	filename	2	data/blue_catalyst_poc/rumen/raw/10674_0003_idba_bin.84.fa.gz	data/blue_catalyst_poc/rumen/raw/10674_0003_idba_bin.84.fa.gz;data/blue_catalyst_poc/proteomes/_tmp_rumen/10674_0003_idba_bin.84.fa	True	proteome_faa_stem	1	data/blue_catalyst_poc/proteomes/rumen__10674_0003_idba_bin.84.faa
rumen__10674_0003_idba_bin.85	rumen	rumen	Bacteria	10674_0003_idba_bin.85	ERZ1037771	webin-genome-10674_0003_idba_bin.85	10674_0003_idba_bin.85.fa.gz	rumen__10674_0003_idba_bin.85	True	filename	2	data/blue_catalyst_poc/rumen/raw/10674_0003_idba_bin.85.fa.gz	data/blue_catalyst_poc/rumen/raw/10674_0003_idba_bin.85.fa.gz;data/blue_catalyst_poc/proteomes/_tmp_rumen/10674_0003_idba_bin.85.fa	True	proteome_faa_stem	1	data/blue_catalyst_poc/proteomes/rumen__10674_0003_idba_bin.85.faa
rumen__10674_0003_idba_bin.86	rumen	rumen	Bacteria	10674_0003_idba_bin.86	ERZ1037772	webin-genome-10674_0003_idba_bin.86	10674_0003_idba_bin.86.fa.gz	rumen__10674_0003_idba_bin.86	True	filename	2	data/blue_catalyst_poc/rumen/raw/10674_0003_idba_bin.86.fa.gz	data/blue_catalyst_poc/rumen/raw/10674_0003_idba_bin.86.fa.gz;data/blue_catalyst_poc/proteomes/_tmp_rumen/10674_0003_idba_bin.86.fa	True	proteome_faa_stem	1	data/blue_catalyst_poc/proteomes/rumen__10674_0003_idba_bin.86.faa
rumen__10674_0003_idba_bin.87	rumen	rumen	Bacteria	10674_0003_idba_bin.87	ERZ1037773	webin-genome-10674_0003_idba_bin.87	10674_0003_idba_bin.87.fa.gz	rumen__10674_0003_idba_bin.87	True	filename	2	data/blue_catalyst_poc/rumen/raw/10674_0003_idba_bin.87.fa.gz	data/blue_catalyst_poc/rumen/raw/10674_0003_idba_bin.87.fa.gz;data/blue_catalyst_poc/proteomes/_tmp_rumen/10674_0003_idba_bin.87.fa	True	proteome_faa_stem	1	data/blue_catalyst_poc/proteomes/rumen__10674_0003_idba_bin.87.faa
rumen__10674_0003_idba_bin.88	rumen	rumen	Bacteria	10674_0003_idba_bin.88	ERZ1037774	webin-genome-10674_0003_idba_bin.88	10674_0003_idba_bin.88.fa.gz	rumen__10674_0003_idba_bin.88	True	filename	2	data/blue_catalyst_poc/rumen/raw/10674_0003_idba_bin.88.fa.gz	data/blue_catalyst_poc/rumen/raw/10674_0003_idba_bin.88.fa.gz;data/blue_catalyst_poc/proteomes/_tmp_rumen_nuc/10674_0003_idba_bin.88.fa	True	proteome_faa_stem	1	data/blue_catalyst_poc/proteomes/rumen__10674_0003_idba_bin.88.faa
rumen__10674_0003_idba_bin.89	rumen	rumen	Bacteria	10674_0003_idba_bin.89	ERZ1037775	webin-genome-10674_0003_idba_bin.89	10674_0003_idba_bin.89.fa.gz	rumen__10674_0003_idba_bin.89	True	filename	2	data/blue_catalyst_poc/rumen/raw/10674_0003_idba_bin.89.fa.gz	data/blue_catalyst_poc/rumen/raw/10674_0003_idba_bin.89.fa.gz;data/blue_catalyst_poc/proteomes/_tmp_rumen/10674_0003_idba_bin.89.fa	True	proteome_faa_stem	1	data/blue_catalyst_poc/proteomes/rumen__10674_0003_idba_bin.89.faa
rumen__10674_0003_idba_bin.9	rumen	rumen	Bacteria	10674_0003_idba_bin.9	ERZ1037776	webin-genome-10674_0003_idba_bin.9	10674_0003_idba_bin.9.fa.gz	rumen__10674_0003_idba_bin.9	True	filename	2	data/blue_catalyst_poc/rumen/raw/10674_0003_idba_bin.9.fa.gz	data/blue_catalyst_poc/rumen/raw/10674_0003_idba_bin.9.fa.gz;data/blue_catalyst_poc/proteomes/_tmp_rumen/10674_0003_idba_bin.9.fa	True	proteome_faa_stem	1	data/blue_catalyst_poc/proteomes/rumen__10674_0003_idba_bin.9.faa
rumen__10674_0003_idba_bin.93	rumen	rumen	Bacteria	10674_0003_idba_bin.93	ERZ1037777	webin-genome-10674_0003_idba_bin.93	10674_0003_idba_bin.93.fa.gz	rumen__10674_0003_idba_bin.93	True	filename	2	data/blue_catalyst_poc/rumen/raw/10674_0003_idba_bin.93.fa.gz	data/blue_catalyst_poc/rumen/raw/10674_0003_idba_bin.93.fa.gz;data/blue_catalyst_poc/proteomes/_tmp_rumen_nuc/10674_0003_idba_bin.93.fa	True	proteome_faa_stem	1	data/blue_catalyst_poc/proteomes/rumen__10674_0003_idba_bin.93.faa
rumen__10674_0003_idba_bin.96	rumen	rumen	Bacteria	10674_0003_idba_bin.96	ERZ1037778	webin-genome-10674_0003_idba_bin.96	10674_0003_idba_bin.96.fa.gz	rumen__10674_0003_idba_bin.96	True	filename	2	data/blue_catalyst_poc/rumen/raw/10674_0003_idba_bin.96.fa.gz	data/blue_catalyst_poc/rumen/raw/10674_0003_idba_bin.96.fa.gz;data/blue_catalyst_poc/proteomes/_tmp_rumen/10674_0003_idba_bin.96.fa	True	proteome_faa_stem	1	data/blue_catalyst_poc/proteomes/rumen__10674_0003_idba_bin.96.faa
rumen__10674_0003_idba_bin.98	rumen	rumen	Bacteria	10674_0003_idba_bin.98	ERZ1037779	webin-genome-10674_0003_idba_bin.98	10674_0003_idba_bin.98.fa.gz	rumen__10674_0003_idba_bin.98	True	filename	2	data/blue_catalyst_poc/rumen/raw/10674_0003_idba_bin.98.fa.gz	data/blue_catalyst_poc/rumen/raw/10674_0003_idba_bin.98.fa.gz;data/blue_catalyst_poc/proteomes/_tmp_rumen_nuc/10674_0003_idba_bin.98.fa	True	proteome_faa_stem	1	data/blue_catalyst_poc/proteomes/rumen__10674_0003_idba_bin.98.faa
rumen__10674_0004_idba_bin.103	rumen	rumen	Bacteria	10674_0004_idba_bin.103	ERZ1037780	webin-genome-10674_0004_idba_bin.103	10674_0004_idba_bin.103.fa.gz	rumen__10674_0004_idba_bin.103	True	filename	2	data/blue_catalyst_poc/rumen/raw/10674_0004_idba_bin.103.fa.gz	data/blue_catalyst_poc/rumen/raw/10674_0004_idba_bin.103.fa.gz;data/blue_catalyst_poc/proteomes/_tmp_rumen_nuc/10674_0004_idba_bin.103.fa	True	proteome_faa_stem	1	data/blue_catalyst_poc/proteomes/rumen__10674_0004_idba_bin.103.faa
rumen__10674_0004_idba_bin.105	rumen	rumen	Bacteria	10674_0004_idba_bin.105	ERZ1037781	webin-genome-10674_0004_idba_bin.105	10674_0004_idba_bin.105.fa.gz	rumen__10674_0004_idba_bin.105	True	filename	2	data/blue_catalyst_poc/rumen/raw/10674_0004_idba_bin.105.fa.gz	data/blue_catalyst_poc/rumen/raw/10674_0004_idba_bin.105.fa.gz;data/blue_catalyst_poc/proteomes/_tmp_rumen/10674_0004_idba_bin.105.fa	True	proteome_faa_stem	1	data/blue_catalyst_poc/proteomes/rumen__10674_0004_idba_bin.105.faa
rumen__10674_0004_idba_bin.107	rumen	rumen	Bacteria	10674_0004_idba_bin.107	ERZ1037782	webin-genome-10674_0004_idba_bin.107	10674_0004_idba_bin.107.fa.gz	rumen__10674_0004_idba_bin.107	True	filename	2	data/blue_catalyst_poc/rumen/raw/10674_0004_idba_bin.107.fa.gz	data/blue_catalyst_poc/rumen/raw/10674_0004_idba_bin.107.fa.gz;data/blue_catalyst_poc/proteomes/_tmp_rumen/10674_0004_idba_bin.107.fa	True	proteome_faa_stem	1	data/blue_catalyst_poc/proteomes/rumen__10674_0004_idba_bin.107.faa
rumen__10674_0004_idba_bin.108	rumen	rumen	Bacteria	10674_0004_idba_bin.108	ERZ1037783	webin-genome-10674_0004_idba_bin.108	10674_0004_idba_bin.108.fa.gz	rumen__10674_0004_idba_bin.108	True	filename	2	data/blue_catalyst_poc/rumen/raw/10674_0004_idba_bin.108.fa.gz	data/blue_catalyst_poc/rumen/raw/10674_0004_idba_bin.108.fa.gz;data/blue_catalyst_poc/proteomes/_tmp_rumen/10674_0004_idba_bin.108.fa	True	proteome_faa_stem	1	data/blue_catalyst_poc/proteomes/rumen__10674_0004_idba_bin.108.faa
rumen__10674_0004_idba_bin.110	rumen	rumen	Bacteria	10674_0004_idba_bin.110	ERZ1037784	webin-genome-10674_0004_idba_bin.110	10674_0004_idba_bin.110.fa.gz	rumen__10674_0004_idba_bin.110	True	filename	2	data/blue_catalyst_poc/rumen/raw/10674_0004_idba_bin.110.fa.gz	data/blue_catalyst_poc/rumen/raw/10674_0004_idba_bin.110.fa.gz;data/blue_catalyst_poc/proteomes/_tmp_rumen_nuc/10674_0004_idba_bin.110.fa	True	proteome_faa_stem	1	data/blue_catalyst_poc/proteomes/rumen__10674_0004_idba_bin.110.faa
rumen__10674_0004_idba_bin.116	rumen	rumen	Bacteria	10674_0004_idba_bin.116	ERZ1037785	webin-genome-10674_0004_idba_bin.116	10674_0004_idba_bin.116.fa.gz	rumen__10674_0004_idba_bin.116	True	filename	2	data/blue_catalyst_poc/rumen/raw/10674_0004_idba_bin.116.fa.gz	data/blue_catalyst_poc/rumen/raw/10674_0004_idba_bin.116.fa.gz;data/blue_catalyst_poc/proteomes/_tmp_rumen_nuc/10674_0004_idba_bin.116.fa	True	proteome_faa_stem	1	data/blue_catalyst_poc/proteomes/rumen__10674_0004_idba_bin.116.faa
rumen__10674_0004_idba_bin.118	rumen	rumen	Bacteria	10674_0004_idba_bin.118	ERZ1037786	webin-genome-10674_0004_idba_bin.118	10674_0004_idba_bin.118.fa.gz	rumen__10674_0004_idba_bin.118	True	filename	2	data/blue_catalyst_poc/rumen/raw/10674_0004_idba_bin.118.fa.gz	data/blue_catalyst_poc/rumen/raw/10674_0004_idba_bin.118.fa.gz;data/blue_catalyst_poc/proteomes/_tmp_rumen_nuc/10674_0004_idba_bin.118.fa	True	proteome_faa_stem	1	data/blue_catalyst_poc/proteomes/rumen__10674_0004_idba_bin.118.faa
rumen__10674_0004_idba_bin.119	rumen	rumen	Bacteria	10674_0004_idba_bin.119	ERZ1037787	webin-genome-10674_0004_idba_bin.119	10674_0004_idba_bin.119.fa.gz	rumen__10674_0004_idba_bin.119	True	filename	2	data/blue_catalyst_poc/rumen/raw/10674_0004_idba_bin.119.fa.gz	data/blue_catalyst_poc/rumen/raw/10674_0004_idba_bin.119.fa.gz;data/blue_catalyst_poc/proteomes/_tmp_rumen/10674_0004_idba_bin.119.fa	True	proteome_faa_stem	1	data/blue_catalyst_poc/proteomes/rumen__10674_0004_idba_bin.119.faa
rumen__10674_0004_idba_bin.12	rumen	rumen	Bacteria	10674_0004_idba_bin.12	ERZ1037788	webin-genome-10674_0004_idba_bin.12	10674_0004_idba_bin.12.fa.gz	rumen__10674_0004_idba_bin.12	True	filename	2	data/blue_catalyst_poc/rumen/raw/10674_0004_idba_bin.12.fa.gz	data/blue_catalyst_poc/rumen/raw/10674_0004_idba_bin.12.fa.gz;data/blue_catalyst_poc/proteomes/_tmp_rumen/10674_0004_idba_bin.12.fa	True	proteome_faa_stem	1	data/blue_catalyst_poc/proteomes/rumen__10674_0004_idba_bin.12.faa
rumen__10674_0004_idba_bin.120	rumen	rumen	Bacteria	10674_0004_idba_bin.120	ERZ1037789	webin-genome-10674_0004_idba_bin.120	10674_0004_idba_bin.120.fa.gz	rumen__10674_0004_idba_bin.120	True	filename	2	data/blue_catalyst_poc/rumen/raw/10674_0004_idba_bin.120.fa.gz	data/blue_catalyst_poc/rumen/raw/10674_0004_idba_bin.120.fa.gz;data/blue_catalyst_poc/proteomes/_tmp_rumen/10674_0004_idba_bin.120.fa	True	proteome_faa_stem	1	data/blue_catalyst_poc/proteomes/rumen__10674_0004_idba_bin.120.faa
rumen__10674_0004_idba_bin.121	rumen	rumen	Bacteria	10674_0004_idba_bin.121	ERZ1037790	webin-genome-10674_0004_idba_bin.121	10674_0004_idba_bin.121.fa.gz	rumen__10674_0004_idba_bin.121	True	filename	2	data/blue_catalyst_poc/rumen/raw/10674_0004_idba_bin.121.fa.gz	data/blue_catalyst_poc/rumen/raw/10674_0004_idba_bin.121.fa.gz;data/blue_catalyst_poc/proteomes/_tmp_rumen_nuc/10674_0004_idba_bin.121.fa	True	proteome_faa_stem	1	data/blue_catalyst_poc/proteomes/rumen__10674_0004_idba_bin.121.faa
rumen__10674_0004_idba_bin.122	rumen	rumen	Bacteria	10674_0004_idba_bin.122	ERZ1037791	webin-genome-10674_0004_idba_bin.122	10674_0004_idba_bin.122.fa.gz	rumen__10674_0004_idba_bin.122	True	filename	2	data/blue_catalyst_poc/rumen/raw/10674_0004_idba_bin.122.fa.gz	data/blue_catalyst_poc/rumen/raw/10674_0004_idba_bin.122.fa.gz;data/blue_catalyst_poc/proteomes/_tmp_rumen_nuc/10674_0004_idba_bin.122.fa	True	proteome_faa_stem	1	data/blue_catalyst_poc/proteomes/rumen__10674_0004_idba_bin.122.faa
rumen__10674_0004_idba_bin.123	rumen	rumen	Bacteria	10674_0004_idba_bin.123	ERZ1037792	webin-genome-10674_0004_idba_bin.123	10674_0004_idba_bin.123.fa.gz	rumen__10674_0004_idba_bin.123	True	filename	2	data/blue_catalyst_poc/rumen/raw/10674_0004_idba_bin.123.fa.gz	data/blue_catalyst_poc/rumen/raw/10674_0004_idba_bin.123.fa.gz;data/blue_catalyst_poc/proteomes/_tmp_rumen/10674_0004_idba_bin.123.fa	True	proteome_faa_stem	1	data/blue_catalyst_poc/proteomes/rumen__10674_0004_idba_bin.123.faa
rumen__10674_0004_idba_bin.124	rumen	rumen	Bacteria	10674_0004_idba_bin.124	ERZ1037793	webin-genome-10674_0004_idba_bin.124	10674_0004_idba_bin.124.fa.gz	rumen__10674_0004_idba_bin.124	True	filename	2	data/blue_catalyst_poc/rumen/raw/10674_0004_idba_bin.124.fa.gz	data/blue_catalyst_poc/rumen/raw/10674_0004_idba_bin.124.fa.gz;data/blue_catalyst_poc/proteomes/_tmp_rumen_nuc/10674_0004_idba_bin.124.fa	True	proteome_faa_stem	1	data/blue_catalyst_poc/proteomes/rumen__10674_0004_idba_bin.124.faa
rumen__10674_0004_idba_bin.125	rumen	rumen	Bacteria	10674_0004_idba_bin.125	ERZ1037794	webin-genome-10674_0004_idba_bin.125	10674_0004_idba_bin.125.fa.gz	rumen__10674_0004_idba_bin.125	True	filename	2	data/blue_catalyst_poc/rumen/raw/10674_0004_idba_bin.125.fa.gz	data/blue_catalyst_poc/rumen/raw/10674_0004_idba_bin.125.fa.gz;data/blue_catalyst_poc/proteomes/_tmp_rumen/10674_0004_idba_bin.125.fa	True	proteome_faa_stem	1	data/blue_catalyst_poc/proteomes/rumen__10674_0004_idba_bin.125.faa
rumen__10674_0004_idba_bin.126	rumen	rumen	Bacteria	10674_0004_idba_bin.126	ERZ1037795	webin-genome-10674_0004_idba_bin.126	10674_0004_idba_bin.126.fa.gz	rumen__10674_0004_idba_bin.126	True	filename	2	data/blue_catalyst_poc/rumen/raw/10674_0004_idba_bin.126.fa.gz	data/blue_catalyst_poc/rumen/raw/10674_0004_idba_bin.126.fa.gz;data/blue_catalyst_poc/proteomes/_tmp_rumen/10674_0004_idba_bin.126.fa	True	proteome_faa_stem	1	data/blue_catalyst_poc/proteomes/rumen__10674_0004_idba_bin.126.faa
rumen__10674_0004_idba_bin.127	rumen	rumen	Bacteria	10674_0004_idba_bin.127	ERZ1037796	webin-genome-10674_0004_idba_bin.127	10674_0004_idba_bin.127.fa.gz	rumen__10674_0004_idba_bin.127	True	filename	2	data/blue_catalyst_poc/rumen/raw/10674_0004_idba_bin.127.fa.gz	data/blue_catalyst_poc/rumen/raw/10674_0004_idba_bin.127.fa.gz;data/blue_catalyst_poc/proteomes/_tmp_rumen/10674_0004_idba_bin.127.fa	True	proteome_faa_stem	1	data/blue_catalyst_poc/proteomes/rumen__10674_0004_idba_bin.127.faa
rumen__10674_0004_idba_bin.130	rumen	rumen	Bacteria	10674_0004_idba_bin.130	ERZ1037797	webin-genome-10674_0004_idba_bin.130	10674_0004_idba_bin.130.fa.gz	rumen__10674_0004_idba_bin.130	True	filename	2	data/blue_catalyst_poc/rumen/raw/10674_0004_idba_bin.130.fa.gz	data/blue_catalyst_poc/rumen/raw/10674_0004_idba_bin.130.fa.gz;data/blue_catalyst_poc/proteomes/_tmp_rumen/10674_0004_idba_bin.130.fa	True	proteome_faa_stem	1	data/blue_catalyst_poc/proteomes/rumen__10674_0004_idba_bin.130.faa
rumen__10674_0004_idba_bin.134	rumen	rumen	Bacteria	10674_0004_idba_bin.134	ERZ1037798	webin-genome-10674_0004_idba_bin.134	10674_0004_idba_bin.134.fa.gz	rumen__10674_0004_idba_bin.134	True	filename	2	data/blue_catalyst_poc/rumen/raw/10674_0004_idba_bin.134.fa.gz	data/blue_catalyst_poc/rumen/raw/10674_0004_idba_bin.134.fa.gz;data/blue_catalyst_poc/proteomes/_tmp_rumen_nuc/10674_0004_idba_bin.134.fa	True	proteome_faa_stem	1	data/blue_catalyst_poc/proteomes/rumen__10674_0004_idba_bin.134.faa
rumen__10674_0004_idba_bin.138	rumen	rumen	Bacteria	10674_0004_idba_bin.138	ERZ1037799	webin-genome-10674_0004_idba_bin.138	10674_0004_idba_bin.138.fa.gz	rumen__10674_0004_idba_bin.138	True	filename	2	data/blue_catalyst_poc/rumen/raw/10674_0004_idba_bin.138.fa.gz	data/blue_catalyst_poc/rumen/raw/10674_0004_idba_bin.138.fa.gz;data/blue_catalyst_poc/proteomes/_tmp_rumen_nuc/10674_0004_idba_bin.138.fa	True	proteome_faa_stem	1	data/blue_catalyst_poc/proteomes/rumen__10674_0004_idba_bin.138.faa
rumen__10674_0004_idba_bin.14	rumen	rumen	Bacteria	10674_0004_idba_bin.14	ERZ1037800	webin-genome-10674_0004_idba_bin.14	10674_0004_idba_bin.14.fa.gz	rumen__10674_0004_idba_bin.14	True	filename	2	data/blue_catalyst_poc/rumen/raw/10674_0004_idba_bin.14.fa.gz	data/blue_catalyst_poc/rumen/raw/10674_0004_idba_bin.14.fa.gz;data/blue_catalyst_poc/proteomes/_tmp_rumen_nuc/10674_0004_idba_bin.14.fa	True	proteome_faa_stem	1	data/blue_catalyst_poc/proteomes/rumen__10674_0004_idba_bin.14.faa
rumen__10674_0004_idba_bin.143	rumen	rumen	Bacteria	10674_0004_idba_bin.143	ERZ1037801	webin-genome-10674_0004_idba_bin.143	10674_0004_idba_bin.143.fa.gz	rumen__10674_0004_idba_bin.143	True	filename	2	data/blue_catalyst_poc/rumen/raw/10674_0004_idba_bin.143.fa.gz	data/blue_catalyst_poc/rumen/raw/10674_0004_idba_bin.143.fa.gz;data/blue_catalyst_poc/proteomes/_tmp_rumen/10674_0004_idba_bin.143.fa	True	proteome_faa_stem	1	data/blue_catalyst_poc/proteomes/rumen__10674_0004_idba_bin.143.faa
rumen__10674_0004_idba_bin.144	rumen	rumen	Bacteria	10674_0004_idba_bin.144	ERZ1037802	webin-genome-10674_0004_idba_bin.144	10674_0004_idba_bin.144.fa.gz	rumen__10674_0004_idba_bin.144	True	filename	2	data/blue_catalyst_poc/rumen/raw/10674_0004_idba_bin.144.fa.gz	data/blue_catalyst_poc/rumen/raw/10674_0004_idba_bin.144.fa.gz;data/blue_catalyst_poc/proteomes/_tmp_rumen/10674_0004_idba_bin.144.fa	True	proteome_faa_stem	1	data/blue_catalyst_poc/proteomes/rumen__10674_0004_idba_bin.144.faa
rumen__10674_0004_idba_bin.145	rumen	rumen	Bacteria	10674_0004_idba_bin.145	ERZ1037803	webin-genome-10674_0004_idba_bin.145	10674_0004_idba_bin.145.fa.gz	rumen__10674_0004_idba_bin.145	True	filename	2	data/blue_catalyst_poc/rumen/raw/10674_0004_idba_bin.145.fa.gz	data/blue_catalyst_poc/rumen/raw/10674_0004_idba_bin.145.fa.gz;data/blue_catalyst_poc/proteomes/_tmp_rumen/10674_0004_idba_bin.145.fa	True	proteome_faa_stem	1	data/blue_catalyst_poc/proteomes/rumen__10674_0004_idba_bin.145.faa
rumen__10674_0004_idba_bin.146	rumen	rumen	Bacteria	10674_0004_idba_bin.146	ERZ1037804	webin-genome-10674_0004_idba_bin.146	10674_0004_idba_bin.146.fa.gz	rumen__10674_0004_idba_bin.146	True	filename	2	data/blue_catalyst_poc/rumen/raw/10674_0004_idba_bin.146.fa.gz	data/blue_catalyst_poc/rumen/raw/10674_0004_idba_bin.146.fa.gz;data/blue_catalyst_poc/proteomes/_tmp_rumen_nuc/10674_0004_idba_bin.146.fa	True	proteome_faa_stem	1	data/blue_catalyst_poc/proteomes/rumen__10674_0004_idba_bin.146.faa
rumen__10674_0004_idba_bin.147	rumen	rumen	Bacteria	10674_0004_idba_bin.147	ERZ1037805	webin-genome-10674_0004_idba_bin.147	10674_0004_idba_bin.147.fa.gz	rumen__10674_0004_idba_bin.147	True	filename	2	data/blue_catalyst_poc/rumen/raw/10674_0004_idba_bin.147.fa.gz	data/blue_catalyst_poc/rumen/raw/10674_0004_idba_bin.147.fa.gz;data/blue_catalyst_poc/proteomes/_tmp_rumen/10674_0004_idba_bin.147.fa	True	proteome_faa_stem	1	data/blue_catalyst_poc/proteomes/rumen__10674_0004_idba_bin.147.faa
rumen__10674_0004_idba_bin.148	rumen	rumen	Bacteria	10674_0004_idba_bin.148	ERZ1037806	webin-genome-10674_0004_idba_bin.148	10674_0004_idba_bin.148.fa.gz	rumen__10674_0004_idba_bin.148	True	filename	2	data/blue_catalyst_poc/rumen/raw/10674_0004_idba_bin.148.fa.gz	data/blue_catalyst_poc/rumen/raw/10674_0004_idba_bin.148.fa.gz;data/blue_catalyst_poc/proteomes/_tmp_rumen/10674_0004_idba_bin.148.fa	True	proteome_faa_stem	1	data/blue_catalyst_poc/proteomes/rumen__10674_0004_idba_bin.148.faa
rumen__10674_0004_idba_bin.149	rumen	rumen	Bacteria	10674_0004_idba_bin.149	ERZ1037807	webin-genome-10674_0004_idba_bin.149	10674_0004_idba_bin.149.fa.gz	rumen__10674_0004_idba_bin.149	True	filename	2	data/blue_catalyst_poc/rumen/raw/10674_0004_idba_bin.149.fa.gz	data/blue_catalyst_poc/rumen/raw/10674_0004_idba_bin.149.fa.gz;data/blue_catalyst_poc/proteomes/_tmp_rumen_nuc/10674_0004_idba_bin.149.fa	True	proteome_faa_stem	1	data/blue_catalyst_poc/proteomes/rumen__10674_0004_idba_bin.149.faa
rumen__10674_0004_idba_bin.15	rumen	rumen	Bacteria	10674_0004_idba_bin.15	ERZ1037808	webin-genome-10674_0004_idba_bin.15	10674_0004_idba_bin.15.fa.gz	rumen__10674_0004_idba_bin.15	True	filename	2	data/blue_catalyst_poc/rumen/raw/10674_0004_idba_bin.15.fa.gz	data/blue_catalyst_poc/rumen/raw/10674_0004_idba_bin.15.fa.gz;data/blue_catalyst_poc/proteomes/_tmp_rumen/10674_0004_idba_bin.15.fa	True	proteome_faa_stem	1	data/blue_catalyst_poc/proteomes/rumen__10674_0004_idba_bin.15.faa
rumen__10674_0004_idba_bin.152	rumen	rumen	Bacteria	10674_0004_idba_bin.152	ERZ1037809	webin-genome-10674_0004_idba_bin.152	10674_0004_idba_bin.152.fa.gz	rumen__10674_0004_idba_bin.152	True	filename	2	data/blue_catalyst_poc/rumen/raw/10674_0004_idba_bin.152.fa.gz	data/blue_catalyst_poc/rumen/raw/10674_0004_idba_bin.152.fa.gz;data/blue_catalyst_poc/proteomes/_tmp_rumen/10674_0004_idba_bin.152.fa	True	proteome_faa_stem	1	data/blue_catalyst_poc/proteomes/rumen__10674_0004_idba_bin.152.faa
rumen__10674_0004_idba_bin.153	rumen	rumen	Bacteria	10674_0004_idba_bin.153	ERZ1037810	webin-genome-10674_0004_idba_bin.153	10674_0004_idba_bin.153.fa.gz	rumen__10674_0004_idba_bin.153	True	filename	2	data/blue_catalyst_poc/rumen/raw/10674_0004_idba_bin.153.fa.gz	data/blue_catalyst_poc/rumen/raw/10674_0004_idba_bin.153.fa.gz;data/blue_catalyst_poc/proteomes/_tmp_rumen/10674_0004_idba_bin.153.fa	True	proteome_faa_stem	1	data/blue_catalyst_poc/proteomes/rumen__10674_0004_idba_bin.153.faa
rumen__10674_0004_idba_bin.156	rumen	rumen	Bacteria	10674_0004_idba_bin.156	ERZ1037811	webin-genome-10674_0004_idba_bin.156	10674_0004_idba_bin.156.fa.gz	rumen__10674_0004_idba_bin.156	True	filename	2	data/blue_catalyst_poc/rumen/raw/10674_0004_idba_bin.156.fa.gz	data/blue_catalyst_poc/rumen/raw/10674_0004_idba_bin.156.fa.gz;data/blue_catalyst_poc/proteomes/_tmp_rumen/10674_0004_idba_bin.156.fa	True	proteome_faa_stem	1	data/blue_catalyst_poc/proteomes/rumen__10674_0004_idba_bin.156.faa
rumen__10674_0004_idba_bin.159	rumen	rumen	Bacteria	10674_0004_idba_bin.159	ERZ1037812	webin-genome-10674_0004_idba_bin.159	10674_0004_idba_bin.159.fa.gz	rumen__10674_0004_idba_bin.159	True	filename	2	data/blue_catalyst_poc/rumen/raw/10674_0004_idba_bin.159.fa.gz	data/blue_catalyst_poc/rumen/raw/10674_0004_idba_bin.159.fa.gz;data/blue_catalyst_poc/proteomes/_tmp_rumen_nuc/10674_0004_idba_bin.159.fa	True	proteome_faa_stem	1	data/blue_catalyst_poc/proteomes/rumen__10674_0004_idba_bin.159.faa
rumen__10674_0004_idba_bin.160	rumen	rumen	Bacteria	10674_0004_idba_bin.160	ERZ1037813	webin-genome-10674_0004_idba_bin.160	10674_0004_idba_bin.160.fa.gz	rumen__10674_0004_idba_bin.160	True	filename	2	data/blue_catalyst_poc/rumen/raw/10674_0004_idba_bin.160.fa.gz	data/blue_catalyst_poc/rumen/raw/10674_0004_idba_bin.160.fa.gz;data/blue_catalyst_poc/proteomes/_tmp_rumen/10674_0004_idba_bin.160.fa	True	proteome_faa_stem	1	data/blue_catalyst_poc/proteomes/rumen__10674_0004_idba_bin.160.faa
rumen__10674_0004_idba_bin.163	rumen	rumen	Bacteria	10674_0004_idba_bin.163	ERZ1037814	webin-genome-10674_0004_idba_bin.163	10674_0004_idba_bin.163.fa.gz	rumen__10674_0004_idba_bin.163	True	filename	2	data/blue_catalyst_poc/rumen/raw/10674_0004_idba_bin.163.fa.gz	data/blue_catalyst_poc/rumen/raw/10674_0004_idba_bin.163.fa.gz;data/blue_catalyst_poc/proteomes/_tmp_rumen_nuc/10674_0004_idba_bin.163.fa	True	proteome_faa_stem	1	data/blue_catalyst_poc/proteomes/rumen__10674_0004_idba_bin.163.faa
rumen__10674_0004_idba_bin.164	rumen	rumen	Bacteria	10674_0004_idba_bin.164	ERZ1037815	webin-genome-10674_0004_idba_bin.164	10674_0004_idba_bin.164.fa.gz	rumen__10674_0004_idba_bin.164	True	filename	2	data/blue_catalyst_poc/rumen/raw/10674_0004_idba_bin.164.fa.gz	data/blue_catalyst_poc/rumen/raw/10674_0004_idba_bin.164.fa.gz;data/blue_catalyst_poc/proteomes/_tmp_rumen_nuc/10674_0004_idba_bin.164.fa	True	proteome_faa_stem	1	data/blue_catalyst_poc/proteomes/rumen__10674_0004_idba_bin.164.faa
rumen__10674_0004_idba_bin.165	rumen	rumen	Bacteria	10674_0004_idba_bin.165	ERZ1037816	webin-genome-10674_0004_idba_bin.165	10674_0004_idba_bin.165.fa.gz	rumen__10674_0004_idba_bin.165	True	filename	2	data/blue_catalyst_poc/rumen/raw/10674_0004_idba_bin.165.fa.gz	data/blue_catalyst_poc/rumen/raw/10674_0004_idba_bin.165.fa.gz;data/blue_catalyst_poc/proteomes/_tmp_rumen/10674_0004_idba_bin.165.fa	True	proteome_faa_stem	1	data/blue_catalyst_poc/proteomes/rumen__10674_0004_idba_bin.165.faa
rumen__10674_0004_idba_bin.166	rumen	rumen	Bacteria	10674_0004_idba_bin.166	ERZ1037817	webin-genome-10674_0004_idba_bin.166	10674_0004_idba_bin.166.fa.gz	rumen__10674_0004_idba_bin.166	True	filename	2	data/blue_catalyst_poc/rumen/raw/10674_0004_idba_bin.166.fa.gz	data/blue_catalyst_poc/rumen/raw/10674_0004_idba_bin.166.fa.gz;data/blue_catalyst_poc/proteomes/_tmp_rumen/10674_0004_idba_bin.166.fa	True	proteome_faa_stem	1	data/blue_catalyst_poc/proteomes/rumen__10674_0004_idba_bin.166.faa
rumen__10674_0004_idba_bin.168	rumen	rumen	Bacteria	10674_0004_idba_bin.168	ERZ1037818	webin-genome-10674_0004_idba_bin.168	10674_0004_idba_bin.168.fa.gz	rumen__10674_0004_idba_bin.168	True	filename	2	data/blue_catalyst_poc/rumen/raw/10674_0004_idba_bin.168.fa.gz	data/blue_catalyst_poc/rumen/raw/10674_0004_idba_bin.168.fa.gz;data/blue_catalyst_poc/proteomes/_tmp_rumen_nuc/10674_0004_idba_bin.168.fa	True	proteome_faa_stem	1	data/blue_catalyst_poc/proteomes/rumen__10674_0004_idba_bin.168.faa
rumen__10674_0004_idba_bin.17	rumen	rumen	Bacteria	10674_0004_idba_bin.17	ERZ1037819	webin-genome-10674_0004_idba_bin.17	10674_0004_idba_bin.17.fa.gz	rumen__10674_0004_idba_bin.17	True	filename	2	data/blue_catalyst_poc/rumen/raw/10674_0004_idba_bin.17.fa.gz	data/blue_catalyst_poc/rumen/raw/10674_0004_idba_bin.17.fa.gz;data/blue_catalyst_poc/proteomes/_tmp_rumen/10674_0004_idba_bin.17.fa	True	proteome_faa_stem	1	data/blue_catalyst_poc/proteomes/rumen__10674_0004_idba_bin.17.faa
rumen__10674_0004_idba_bin.170	rumen	rumen	Bacteria	10674_0004_idba_bin.170	ERZ1037820	webin-genome-10674_0004_idba_bin.170	10674_0004_idba_bin.170.fa.gz	rumen__10674_0004_idba_bin.170	True	filename	2	data/blue_catalyst_poc/rumen/raw/10674_0004_idba_bin.170.fa.gz	data/blue_catalyst_poc/rumen/raw/10674_0004_idba_bin.170.fa.gz;data/blue_catalyst_poc/proteomes/_tmp_rumen/10674_0004_idba_bin.170.fa	True	proteome_faa_stem	1	data/blue_catalyst_poc/proteomes/rumen__10674_0004_idba_bin.170.faa
rumen__10674_0004_idba_bin.171	rumen	rumen	Bacteria	10674_0004_idba_bin.171	ERZ1037821	webin-genome-10674_0004_idba_bin.171	10674_0004_idba_bin.171.fa.gz	rumen__10674_0004_idba_bin.171	True	filename	2	data/blue_catalyst_poc/rumen/raw/10674_0004_idba_bin.171.fa.gz	data/blue_catalyst_poc/rumen/raw/10674_0004_idba_bin.171.fa.gz;data/blue_catalyst_poc/proteomes/_tmp_rumen_nuc/10674_0004_idba_bin.171.fa	True	proteome_faa_stem	1	data/blue_catalyst_poc/proteomes/rumen__10674_0004_idba_bin.171.faa
rumen__10674_0004_idba_bin.172	rumen	rumen	Bacteria	10674_0004_idba_bin.172	ERZ1037822	webin-genome-10674_0004_idba_bin.172	10674_0004_idba_bin.172.fa.gz	rumen__10674_0004_idba_bin.172	True	filename	2	data/blue_catalyst_poc/rumen/raw/10674_0004_idba_bin.172.fa.gz	data/blue_catalyst_poc/rumen/raw/10674_0004_idba_bin.172.fa.gz;data/blue_catalyst_poc/proteomes/_tmp_rumen/10674_0004_idba_bin.172.fa	True	proteome_faa_stem	1	data/blue_catalyst_poc/proteomes/rumen__10674_0004_idba_bin.172.faa
rumen__10674_0004_idba_bin.175	rumen	rumen	Bacteria	10674_0004_idba_bin.175	ERZ1037823	webin-genome-10674_0004_idba_bin.175	10674_0004_idba_bin.175.fa.gz	rumen__10674_0004_idba_bin.175	True	filename	2	data/blue_catalyst_poc/rumen/raw/10674_0004_idba_bin.175.fa.gz	data/blue_catalyst_poc/rumen/raw/10674_0004_idba_bin.175.fa.gz;data/blue_catalyst_poc/proteomes/_tmp_rumen_nuc/10674_0004_idba_bin.175.fa	True	proteome_faa_stem	1	data/blue_catalyst_poc/proteomes/rumen__10674_0004_idba_bin.175.faa
rumen__10674_0004_idba_bin.178	rumen	rumen	Bacteria	10674_0004_idba_bin.178	ERZ1037824	webin-genome-10674_0004_idba_bin.178	10674_0004_idba_bin.178.fa.gz	rumen__10674_0004_idba_bin.178	True	filename	2	data/blue_catalyst_poc/rumen/raw/10674_0004_idba_bin.178.fa.gz	data/blue_catalyst_poc/rumen/raw/10674_0004_idba_bin.178.fa.gz;data/blue_catalyst_poc/proteomes/_tmp_rumen/10674_0004_idba_bin.178.fa	True	proteome_faa_stem	1	data/blue_catalyst_poc/proteomes/rumen__10674_0004_idba_bin.178.faa
rumen__10674_0004_idba_bin.18	rumen	rumen	Bacteria	10674_0004_idba_bin.18	ERZ1037825	webin-genome-10674_0004_idba_bin.18	10674_0004_idba_bin.18.fa.gz	rumen__10674_0004_idba_bin.18	True	filename	2	data/blue_catalyst_poc/rumen/raw/10674_0004_idba_bin.18.fa.gz	data/blue_catalyst_poc/rumen/raw/10674_0004_idba_bin.18.fa.gz;data/blue_catalyst_poc/proteomes/_tmp_rumen/10674_0004_idba_bin.18.fa	True	proteome_faa_stem	1	data/blue_catalyst_poc/proteomes/rumen__10674_0004_idba_bin.18.faa
rumen__10674_0004_idba_bin.182	rumen	rumen	Bacteria	10674_0004_idba_bin.182	ERZ1037826	webin-genome-10674_0004_idba_bin.182	10674_0004_idba_bin.182.fa.gz	rumen__10674_0004_idba_bin.182	True	filename	2	data/blue_catalyst_poc/rumen/raw/10674_0004_idba_bin.182.fa.gz	data/blue_catalyst_poc/rumen/raw/10674_0004_idba_bin.182.fa.gz;data/blue_catalyst_poc/proteomes/_tmp_rumen_nuc/10674_0004_idba_bin.182.fa	True	proteome_faa_stem	1	data/blue_catalyst_poc/proteomes/rumen__10674_0004_idba_bin.182.faa
rumen__10674_0004_idba_bin.186	rumen	rumen	Bacteria	10674_0004_idba_bin.186	ERZ1037827	webin-genome-10674_0004_idba_bin.186	10674_0004_idba_bin.186.fa.gz	rumen__10674_0004_idba_bin.186	True	filename	2	data/blue_catalyst_poc/rumen/raw/10674_0004_idba_bin.186.fa.gz	data/blue_catalyst_poc/rumen/raw/10674_0004_idba_bin.186.fa.gz;data/blue_catalyst_poc/proteomes/_tmp_rumen/10674_0004_idba_bin.186.fa	True	proteome_faa_stem	1	data/blue_catalyst_poc/proteomes/rumen__10674_0004_idba_bin.186.faa
rumen__10674_0004_idba_bin.187	rumen	rumen	Bacteria	10674_0004_idba_bin.187	ERZ1037828	webin-genome-10674_0004_idba_bin.187	10674_0004_idba_bin.187.fa.gz	rumen__10674_0004_idba_bin.187	True	filename	2	data/blue_catalyst_poc/rumen/raw/10674_0004_idba_bin.187.fa.gz	data/blue_catalyst_poc/rumen/raw/10674_0004_idba_bin.187.fa.gz;data/blue_catalyst_poc/proteomes/_tmp_rumen/10674_0004_idba_bin.187.fa	True	proteome_faa_stem	1	data/blue_catalyst_poc/proteomes/rumen__10674_0004_idba_bin.187.faa
rumen__10674_0004_idba_bin.189	rumen	rumen	Bacteria	10674_0004_idba_bin.189	ERZ1037829	webin-genome-10674_0004_idba_bin.189	10674_0004_idba_bin.189.fa.gz	rumen__10674_0004_idba_bin.189	True	filename	2	data/blue_catalyst_poc/rumen/raw/10674_0004_idba_bin.189.fa.gz	data/blue_catalyst_poc/rumen/raw/10674_0004_idba_bin.189.fa.gz;data/blue_catalyst_poc/proteomes/_tmp_rumen_nuc/10674_0004_idba_bin.189.fa	True	proteome_faa_stem	1	data/blue_catalyst_poc/proteomes/rumen__10674_0004_idba_bin.189.faa
rumen__10674_0004_idba_bin.19	rumen	rumen	Bacteria	10674_0004_idba_bin.19	ERZ1037830	webin-genome-10674_0004_idba_bin.19	10674_0004_idba_bin.19.fa.gz	rumen__10674_0004_idba_bin.19	True	filename	2	data/blue_catalyst_poc/rumen/raw/10674_0004_idba_bin.19.fa.gz	data/blue_catalyst_poc/rumen/raw/10674_0004_idba_bin.19.fa.gz;data/blue_catalyst_poc/proteomes/_tmp_rumen/10674_0004_idba_bin.19.fa	True	proteome_faa_stem	1	data/blue_catalyst_poc/proteomes/rumen__10674_0004_idba_bin.19.faa
rumen__10674_0004_idba_bin.191	rumen	rumen	Bacteria	10674_0004_idba_bin.191	ERZ1037831	webin-genome-10674_0004_idba_bin.191	10674_0004_idba_bin.191.fa.gz	rumen__10674_0004_idba_bin.191	True	filename	2	data/blue_catalyst_poc/rumen/raw/10674_0004_idba_bin.191.fa.gz	data/blue_catalyst_poc/rumen/raw/10674_0004_idba_bin.191.fa.gz;data/blue_catalyst_poc/proteomes/_tmp_rumen/10674_0004_idba_bin.191.fa	True	proteome_faa_stem	1	data/blue_catalyst_poc/proteomes/rumen__10674_0004_idba_bin.191.faa
rumen__10674_0004_idba_bin.193	rumen	rumen	Bacteria	10674_0004_idba_bin.193	ERZ1037832	webin-genome-10674_0004_idba_bin.193	10674_0004_idba_bin.193.fa.gz	rumen__10674_0004_idba_bin.193	True	filename	2	data/blue_catalyst_poc/rumen/raw/10674_0004_idba_bin.193.fa.gz	data/blue_catalyst_poc/rumen/raw/10674_0004_idba_bin.193.fa.gz;data/blue_catalyst_poc/proteomes/_tmp_rumen/10674_0004_idba_bin.193.fa	True	proteome_faa_stem	1	data/blue_catalyst_poc/proteomes/rumen__10674_0004_idba_bin.193.faa
rumen__10674_0004_idba_bin.194	rumen	rumen	Bacteria	10674_0004_idba_bin.194	ERZ1037833	webin-genome-10674_0004_idba_bin.194	10674_0004_idba_bin.194.fa.gz	rumen__10674_0004_idba_bin.194	True	filename	2	data/blue_catalyst_poc/rumen/raw/10674_0004_idba_bin.194.fa.gz	data/blue_catalyst_poc/rumen/raw/10674_0004_idba_bin.194.fa.gz;data/blue_catalyst_poc/proteomes/_tmp_rumen/10674_0004_idba_bin.194.fa	True	proteome_faa_stem	1	data/blue_catalyst_poc/proteomes/rumen__10674_0004_idba_bin.194.faa
rumen__10674_0004_idba_bin.196	rumen	rumen	Bacteria	10674_0004_idba_bin.196	ERZ1037834	webin-genome-10674_0004_idba_bin.196	10674_0004_idba_bin.196.fa.gz	rumen__10674_0004_idba_bin.196	True	filename	2	data/blue_catalyst_poc/rumen/raw/10674_0004_idba_bin.196.fa.gz	data/blue_catalyst_poc/rumen/raw/10674_0004_idba_bin.196.fa.gz;data/blue_catalyst_poc/proteomes/_tmp_rumen_nuc/10674_0004_idba_bin.196.fa	True	proteome_faa_stem	1	data/blue_catalyst_poc/proteomes/rumen__10674_0004_idba_bin.196.faa
rumen__10674_0004_idba_bin.198	rumen	rumen	Bacteria	10674_0004_idba_bin.198	ERZ1037835	webin-genome-10674_0004_idba_bin.198	10674_0004_idba_bin.198.fa.gz	rumen__10674_0004_idba_bin.198	True	filename	2	data/blue_catalyst_poc/rumen/raw/10674_0004_idba_bin.198.fa.gz	data/blue_catalyst_poc/rumen/raw/10674_0004_idba_bin.198.fa.gz;data/blue_catalyst_poc/proteomes/_tmp_rumen_nuc/10674_0004_idba_bin.198.fa	True	proteome_faa_stem	1	data/blue_catalyst_poc/proteomes/rumen__10674_0004_idba_bin.198.faa
rumen__10674_0004_idba_bin.199	rumen	rumen	Bacteria	10674_0004_idba_bin.199	ERZ1037836	webin-genome-10674_0004_idba_bin.199	10674_0004_idba_bin.199.fa.gz	rumen__10674_0004_idba_bin.199	True	filename	2	data/blue_catalyst_poc/rumen/raw/10674_0004_idba_bin.199.fa.gz	data/blue_catalyst_poc/rumen/raw/10674_0004_idba_bin.199.fa.gz;data/blue_catalyst_poc/proteomes/_tmp_rumen/10674_0004_idba_bin.199.fa	True	proteome_faa_stem	1	data/blue_catalyst_poc/proteomes/rumen__10674_0004_idba_bin.199.faa
rumen__10674_0004_idba_bin.2	rumen	rumen	Bacteria	10674_0004_idba_bin.2	ERZ1037837	webin-genome-10674_0004_idba_bin.2	10674_0004_idba_bin.2.fa.gz	rumen__10674_0004_idba_bin.2	True	filename	2	data/blue_catalyst_poc/rumen/raw/10674_0004_idba_bin.2.fa.gz	data/blue_catalyst_poc/rumen/raw/10674_0004_idba_bin.2.fa.gz;data/blue_catalyst_poc/proteomes/_tmp_rumen_nuc/10674_0004_idba_bin.2.fa	True	proteome_faa_stem	1	data/blue_catalyst_poc/proteomes/rumen__10674_0004_idba_bin.2.faa
rumen__10674_0004_idba_bin.200	rumen	rumen	Bacteria	10674_0004_idba_bin.200	ERZ1037838	webin-genome-10674_0004_idba_bin.200	10674_0004_idba_bin.200.fa.gz	rumen__10674_0004_idba_bin.200	True	filename	2	data/blue_catalyst_poc/rumen/raw/10674_0004_idba_bin.200.fa.gz	data/blue_catalyst_poc/rumen/raw/10674_0004_idba_bin.200.fa.gz;data/blue_catalyst_poc/proteomes/_tmp_rumen_nuc/10674_0004_idba_bin.200.fa	True	proteome_faa_stem	1	data/blue_catalyst_poc/proteomes/rumen__10674_0004_idba_bin.200.faa
rumen__10674_0004_idba_bin.201	rumen	rumen	Bacteria	10674_0004_idba_bin.201	ERZ1037839	webin-genome-10674_0004_idba_bin.201	10674_0004_idba_bin.201.fa.gz	rumen__10674_0004_idba_bin.201	True	filename	2	data/blue_catalyst_poc/rumen/raw/10674_0004_idba_bin.201.fa.gz	data/blue_catalyst_poc/rumen/raw/10674_0004_idba_bin.201.fa.gz;data/blue_catalyst_poc/proteomes/_tmp_rumen/10674_0004_idba_bin.201.fa	True	proteome_faa_stem	1	data/blue_catalyst_poc/proteomes/rumen__10674_0004_idba_bin.201.faa
rumen__10674_0004_idba_bin.202	rumen	rumen	Bacteria	10674_0004_idba_bin.202	ERZ1037840	webin-genome-10674_0004_idba_bin.202	10674_0004_idba_bin.202.fa.gz	rumen__10674_0004_idba_bin.202	True	filename	2	data/blue_catalyst_poc/rumen/raw/10674_0004_idba_bin.202.fa.gz	data/blue_catalyst_poc/rumen/raw/10674_0004_idba_bin.202.fa.gz;data/blue_catalyst_poc/proteomes/_tmp_rumen/10674_0004_idba_bin.202.fa	True	proteome_faa_stem	1	data/blue_catalyst_poc/proteomes/rumen__10674_0004_idba_bin.202.faa
rumen__10674_0004_idba_bin.206	rumen	rumen	Bacteria	10674_0004_idba_bin.206	ERZ1037841	webin-genome-10674_0004_idba_bin.206	10674_0004_idba_bin.206.fa.gz	rumen__10674_0004_idba_bin.206	True	filename	2	data/blue_catalyst_poc/rumen/raw/10674_0004_idba_bin.206.fa.gz	data/blue_catalyst_poc/rumen/raw/10674_0004_idba_bin.206.fa.gz;data/blue_catalyst_poc/proteomes/_tmp_rumen_nuc/10674_0004_idba_bin.206.fa	True	proteome_faa_stem	1	data/blue_catalyst_poc/proteomes/rumen__10674_0004_idba_bin.206.faa
rumen__10674_0004_idba_bin.21	rumen	rumen	Bacteria	10674_0004_idba_bin.21	ERZ1037842	webin-genome-10674_0004_idba_bin.21	10674_0004_idba_bin.21.fa.gz	rumen__10674_0004_idba_bin.21	True	filename	2	data/blue_catalyst_poc/rumen/raw/10674_0004_idba_bin.21.fa.gz	data/blue_catalyst_poc/rumen/raw/10674_0004_idba_bin.21.fa.gz;data/blue_catalyst_poc/proteomes/_tmp_rumen_nuc/10674_0004_idba_bin.21.fa	True	proteome_faa_stem	1	data/blue_catalyst_poc/proteomes/rumen__10674_0004_idba_bin.21.faa
rumen__10674_0004_idba_bin.22	rumen	rumen	Bacteria	10674_0004_idba_bin.22	ERZ1037843	webin-genome-10674_0004_idba_bin.22	10674_0004_idba_bin.22.fa.gz	rumen__10674_0004_idba_bin.22	True	filename	2	data/blue_catalyst_poc/rumen/raw/10674_0004_idba_bin.22.fa.gz	data/blue_catalyst_poc/rumen/raw/10674_0004_idba_bin.22.fa.gz;data/blue_catalyst_poc/proteomes/_tmp_rumen/10674_0004_idba_bin.22.fa	True	proteome_faa_stem	1	data/blue_catalyst_poc/proteomes/rumen__10674_0004_idba_bin.22.faa
rumen__10674_0004_idba_bin.23	rumen	rumen	Archaea	10674_0004_idba_bin.23	ERZ1037844	webin-genome-10674_0004_idba_bin.23	10674_0004_idba_bin.23.fa.gz	rumen__10674_0004_idba_bin.23	True	filename	2	data/blue_catalyst_poc/rumen/raw/10674_0004_idba_bin.23.fa.gz	data/blue_catalyst_poc/rumen/raw/10674_0004_idba_bin.23.fa.gz;data/blue_catalyst_poc/proteomes/_tmp_rumen_nuc/10674_0004_idba_bin.23.fa	True	proteome_faa_stem	1	data/blue_catalyst_poc/proteomes/rumen__10674_0004_idba_bin.23.faa
rumen__10674_0004_idba_bin.25	rumen	rumen	Bacteria	10674_0004_idba_bin.25	ERZ1037845	webin-genome-10674_0004_idba_bin.25	10674_0004_idba_bin.25.fa.gz	rumen__10674_0004_idba_bin.25	True	filename	2	data/blue_catalyst_poc/rumen/raw/10674_0004_idba_bin.25.fa.gz	data/blue_catalyst_poc/rumen/raw/10674_0004_idba_bin.25.fa.gz;data/blue_catalyst_poc/proteomes/_tmp_rumen_nuc/10674_0004_idba_bin.25.fa	True	proteome_faa_stem	1	data/blue_catalyst_poc/proteomes/rumen__10674_0004_idba_bin.25.faa
rumen__10674_0004_idba_bin.26	rumen	rumen	Bacteria	10674_0004_idba_bin.26	ERZ1037846	webin-genome-10674_0004_idba_bin.26	10674_0004_idba_bin.26.fa.gz	rumen__10674_0004_idba_bin.26	True	filename	2	data/blue_catalyst_poc/rumen/raw/10674_0004_idba_bin.26.fa.gz	data/blue_catalyst_poc/rumen/raw/10674_0004_idba_bin.26.fa.gz;data/blue_catalyst_poc/proteomes/_tmp_rumen/10674_0004_idba_bin.26.fa	True	proteome_faa_stem	1	data/blue_catalyst_poc/proteomes/rumen__10674_0004_idba_bin.26.faa
rumen__10674_0004_idba_bin.3	rumen	rumen	Bacteria	10674_0004_idba_bin.3	ERZ1037847	webin-genome-10674_0004_idba_bin.3	10674_0004_idba_bin.3.fa.gz	rumen__10674_0004_idba_bin.3	True	filename	2	data/blue_catalyst_poc/rumen/raw/10674_0004_idba_bin.3.fa.gz	data/blue_catalyst_poc/rumen/raw/10674_0004_idba_bin.3.fa.gz;data/blue_catalyst_poc/proteomes/_tmp_rumen/10674_0004_idba_bin.3.fa	True	proteome_faa_stem	1	data/blue_catalyst_poc/proteomes/rumen__10674_0004_idba_bin.3.faa
rumen__10674_0004_idba_bin.31	rumen	rumen	Bacteria	10674_0004_idba_bin.31	ERZ1037848	webin-genome-10674_0004_idba_bin.31	10674_0004_idba_bin.31.fa.gz	rumen__10674_0004_idba_bin.31	True	filename	2	data/blue_catalyst_poc/rumen/raw/10674_0004_idba_bin.31.fa.gz	data/blue_catalyst_poc/rumen/raw/10674_0004_idba_bin.31.fa.gz;data/blue_catalyst_poc/proteomes/_tmp_rumen/10674_0004_idba_bin.31.fa	True	proteome_faa_stem	1	data/blue_catalyst_poc/proteomes/rumen__10674_0004_idba_bin.31.faa
rumen__10674_0004_idba_bin.32	rumen	rumen	Bacteria	10674_0004_idba_bin.32	ERZ1037849	webin-genome-10674_0004_idba_bin.32	10674_0004_idba_bin.32.fa.gz	rumen__10674_0004_idba_bin.32	True	filename	2	data/blue_catalyst_poc/rumen/raw/10674_0004_idba_bin.32.fa.gz	data/blue_catalyst_poc/rumen/raw/10674_0004_idba_bin.32.fa.gz;data/blue_catalyst_poc/proteomes/_tmp_rumen/10674_0004_idba_bin.32.fa	True	proteome_faa_stem	1	data/blue_catalyst_poc/proteomes/rumen__10674_0004_idba_bin.32.faa
rumen__10674_0004_idba_bin.33	rumen	rumen	Bacteria	10674_0004_idba_bin.33	ERZ1037850	webin-genome-10674_0004_idba_bin.33	10674_0004_idba_bin.33.fa.gz	rumen__10674_0004_idba_bin.33	True	filename	2	data/blue_catalyst_poc/rumen/raw/10674_0004_idba_bin.33.fa.gz	data/blue_catalyst_poc/rumen/raw/10674_0004_idba_bin.33.fa.gz;data/blue_catalyst_poc/proteomes/_tmp_rumen_nuc/10674_0004_idba_bin.33.fa	True	proteome_faa_stem	1	data/blue_catalyst_poc/proteomes/rumen__10674_0004_idba_bin.33.faa
rumen__10674_0004_idba_bin.35	rumen	rumen	Bacteria	10674_0004_idba_bin.35	ERZ1037851	webin-genome-10674_0004_idba_bin.35	10674_0004_idba_bin.35.fa.gz	rumen__10674_0004_idba_bin.35	True	filename	2	data/blue_catalyst_poc/rumen/raw/10674_0004_idba_bin.35.fa.gz	data/blue_catalyst_poc/rumen/raw/10674_0004_idba_bin.35.fa.gz;data/blue_catalyst_poc/proteomes/_tmp_rumen/10674_0004_idba_bin.35.fa	True	proteome_faa_stem	1	data/blue_catalyst_poc/proteomes/rumen__10674_0004_idba_bin.35.faa
rumen__10674_0004_idba_bin.37	rumen	rumen	Bacteria	10674_0004_idba_bin.37	ERZ1037852	webin-genome-10674_0004_idba_bin.37	10674_0004_idba_bin.37.fa.gz	rumen__10674_0004_idba_bin.37	True	filename	2	data/blue_catalyst_poc/rumen/raw/10674_0004_idba_bin.37.fa.gz	data/blue_catalyst_poc/rumen/raw/10674_0004_idba_bin.37.fa.gz;data/blue_catalyst_poc/proteomes/_tmp_rumen_nuc/10674_0004_idba_bin.37.fa	True	proteome_faa_stem	1	data/blue_catalyst_poc/proteomes/rumen__10674_0004_idba_bin.37.faa
rumen__10674_0004_idba_bin.38	rumen	rumen	Bacteria	10674_0004_idba_bin.38	ERZ1037853	webin-genome-10674_0004_idba_bin.38	10674_0004_idba_bin.38.fa.gz	rumen__10674_0004_idba_bin.38	True	filename	2	data/blue_catalyst_poc/rumen/raw/10674_0004_idba_bin.38.fa.gz	data/blue_catalyst_poc/rumen/raw/10674_0004_idba_bin.38.fa.gz;data/blue_catalyst_poc/proteomes/_tmp_rumen_nuc/10674_0004_idba_bin.38.fa	True	proteome_faa_stem	1	data/blue_catalyst_poc/proteomes/rumen__10674_0004_idba_bin.38.faa
rumen__10674_0004_idba_bin.41	rumen	rumen	Bacteria	10674_0004_idba_bin.41	ERZ1037854	webin-genome-10674_0004_idba_bin.41	10674_0004_idba_bin.41.fa.gz	rumen__10674_0004_idba_bin.41	True	filename	2	data/blue_catalyst_poc/rumen/raw/10674_0004_idba_bin.41.fa.gz	data/blue_catalyst_poc/rumen/raw/10674_0004_idba_bin.41.fa.gz;data/blue_catalyst_poc/proteomes/_tmp_rumen_nuc/10674_0004_idba_bin.41.fa	True	proteome_faa_stem	1	data/blue_catalyst_poc/proteomes/rumen__10674_0004_idba_bin.41.faa
rumen__10674_0004_idba_bin.42	rumen	rumen	Bacteria	10674_0004_idba_bin.42	ERZ1037855	webin-genome-10674_0004_idba_bin.42	10674_0004_idba_bin.42.fa.gz	rumen__10674_0004_idba_bin.42	True	filename	2	data/blue_catalyst_poc/rumen/raw/10674_0004_idba_bin.42.fa.gz	data/blue_catalyst_poc/rumen/raw/10674_0004_idba_bin.42.fa.gz;data/blue_catalyst_poc/proteomes/_tmp_rumen_nuc/10674_0004_idba_bin.42.fa	True	proteome_faa_stem	1	data/blue_catalyst_poc/proteomes/rumen__10674_0004_idba_bin.42.faa
rumen__10674_0004_idba_bin.46	rumen	rumen	Bacteria	10674_0004_idba_bin.46	ERZ1037856	webin-genome-10674_0004_idba_bin.46	10674_0004_idba_bin.46.fa.gz	rumen__10674_0004_idba_bin.46	True	filename	2	data/blue_catalyst_poc/rumen/raw/10674_0004_idba_bin.46.fa.gz	data/blue_catalyst_poc/rumen/raw/10674_0004_idba_bin.46.fa.gz;data/blue_catalyst_poc/proteomes/_tmp_rumen/10674_0004_idba_bin.46.fa	True	proteome_faa_stem	1	data/blue_catalyst_poc/proteomes/rumen__10674_0004_idba_bin.46.faa
rumen__10674_0004_idba_bin.53	rumen	rumen	Bacteria	10674_0004_idba_bin.53	ERZ1037857	webin-genome-10674_0004_idba_bin.53	10674_0004_idba_bin.53.fa.gz	rumen__10674_0004_idba_bin.53	True	filename	2	data/blue_catalyst_poc/rumen/raw/10674_0004_idba_bin.53.fa.gz	data/blue_catalyst_poc/rumen/raw/10674_0004_idba_bin.53.fa.gz;data/blue_catalyst_poc/proteomes/_tmp_rumen/10674_0004_idba_bin.53.fa	True	proteome_faa_stem	1	data/blue_catalyst_poc/proteomes/rumen__10674_0004_idba_bin.53.faa
rumen__10674_0004_idba_bin.54	rumen	rumen	Bacteria	10674_0004_idba_bin.54	ERZ1037858	webin-genome-10674_0004_idba_bin.54	10674_0004_idba_bin.54.fa.gz	rumen__10674_0004_idba_bin.54	True	filename	2	data/blue_catalyst_poc/rumen/raw/10674_0004_idba_bin.54.fa.gz	data/blue_catalyst_poc/rumen/raw/10674_0004_idba_bin.54.fa.gz;data/blue_catalyst_poc/proteomes/_tmp_rumen/10674_0004_idba_bin.54.fa	True	proteome_faa_stem	1	data/blue_catalyst_poc/proteomes/rumen__10674_0004_idba_bin.54.faa
rumen__10674_0004_idba_bin.60	rumen	rumen	Bacteria	10674_0004_idba_bin.60	ERZ1037859	webin-genome-10674_0004_idba_bin.60	10674_0004_idba_bin.60.fa.gz	rumen__10674_0004_idba_bin.60	True	filename	2	data/blue_catalyst_poc/rumen/raw/10674_0004_idba_bin.60.fa.gz	data/blue_catalyst_poc/rumen/raw/10674_0004_idba_bin.60.fa.gz;data/blue_catalyst_poc/proteomes/_tmp_rumen_nuc/10674_0004_idba_bin.60.fa	True	proteome_faa_stem	1	data/blue_catalyst_poc/proteomes/rumen__10674_0004_idba_bin.60.faa
rumen__10674_0004_idba_bin.63	rumen	rumen	Bacteria	10674_0004_idba_bin.63	ERZ1037860	webin-genome-10674_0004_idba_bin.63	10674_0004_idba_bin.63.fa.gz	rumen__10674_0004_idba_bin.63	True	filename	2	data/blue_catalyst_poc/rumen/raw/10674_0004_idba_bin.63.fa.gz	data/blue_catalyst_poc/rumen/raw/10674_0004_idba_bin.63.fa.gz;data/blue_catalyst_poc/proteomes/_tmp_rumen/10674_0004_idba_bin.63.fa	True	proteome_faa_stem	1	data/blue_catalyst_poc/proteomes/rumen__10674_0004_idba_bin.63.faa
rumen__10674_0004_idba_bin.64	rumen	rumen	Bacteria	10674_0004_idba_bin.64	ERZ1037861	webin-genome-10674_0004_idba_bin.64	10674_0004_idba_bin.64.fa.gz	rumen__10674_0004_idba_bin.64	True	filename	2	data/blue_catalyst_poc/rumen/raw/10674_0004_idba_bin.64.fa.gz	data/blue_catalyst_poc/rumen/raw/10674_0004_idba_bin.64.fa.gz;data/blue_catalyst_poc/proteomes/_tmp_rumen/10674_0004_idba_bin.64.fa	True	proteome_faa_stem	1	data/blue_catalyst_poc/proteomes/rumen__10674_0004_idba_bin.64.faa
rumen__10674_0004_idba_bin.69	rumen	rumen	Bacteria	10674_0004_idba_bin.69	ERZ1037862	webin-genome-10674_0004_idba_bin.69	10674_0004_idba_bin.69.fa.gz	rumen__10674_0004_idba_bin.69	True	filename	2	data/blue_catalyst_poc/rumen/raw/10674_0004_idba_bin.69.fa.gz	data/blue_catalyst_poc/rumen/raw/10674_0004_idba_bin.69.fa.gz;data/blue_catalyst_poc/proteomes/_tmp_rumen/10674_0004_idba_bin.69.fa	True	proteome_faa_stem	1	data/blue_catalyst_poc/proteomes/rumen__10674_0004_idba_bin.69.faa
rumen__10674_0004_idba_bin.71	rumen	rumen	Bacteria	10674_0004_idba_bin.71	ERZ1037863	webin-genome-10674_0004_idba_bin.71	10674_0004_idba_bin.71.fa.gz	rumen__10674_0004_idba_bin.71	True	filename	2	data/blue_catalyst_poc/rumen/raw/10674_0004_idba_bin.71.fa.gz	data/blue_catalyst_poc/rumen/raw/10674_0004_idba_bin.71.fa.gz;data/blue_catalyst_poc/proteomes/_tmp_rumen_nuc/10674_0004_idba_bin.71.fa	True	proteome_faa_stem	1	data/blue_catalyst_poc/proteomes/rumen__10674_0004_idba_bin.71.faa
rumen__10674_0004_idba_bin.72	rumen	rumen	Bacteria	10674_0004_idba_bin.72	ERZ1037864	webin-genome-10674_0004_idba_bin.72	10674_0004_idba_bin.72.fa.gz	rumen__10674_0004_idba_bin.72	True	filename	2	data/blue_catalyst_poc/rumen/raw/10674_0004_idba_bin.72.fa.gz	data/blue_catalyst_poc/rumen/raw/10674_0004_idba_bin.72.fa.gz;data/blue_catalyst_poc/proteomes/_tmp_rumen/10674_0004_idba_bin.72.fa	True	proteome_faa_stem	1	data/blue_catalyst_poc/proteomes/rumen__10674_0004_idba_bin.72.faa
rumen__10674_0004_idba_bin.74	rumen	rumen	Bacteria	10674_0004_idba_bin.74	ERZ1037865	webin-genome-10674_0004_idba_bin.74	10674_0004_idba_bin.74.fa.gz	rumen__10674_0004_idba_bin.74	True	filename	2	data/blue_catalyst_poc/rumen/raw/10674_0004_idba_bin.74.fa.gz	data/blue_catalyst_poc/rumen/raw/10674_0004_idba_bin.74.fa.gz;data/blue_catalyst_poc/proteomes/_tmp_rumen/10674_0004_idba_bin.74.fa	True	proteome_faa_stem	1	data/blue_catalyst_poc/proteomes/rumen__10674_0004_idba_bin.74.faa
rumen__10674_0004_idba_bin.76	rumen	rumen	Bacteria	10674_0004_idba_bin.76	ERZ1037867	webin-genome-10674_0004_idba_bin.76	10674_0004_idba_bin.76.fa.gz	rumen__10674_0004_idba_bin.76	True	filename	2	data/blue_catalyst_poc/rumen/raw/10674_0004_idba_bin.76.fa.gz	data/blue_catalyst_poc/rumen/raw/10674_0004_idba_bin.76.fa.gz;data/blue_catalyst_poc/proteomes/_tmp_rumen/10674_0004_idba_bin.76.fa	True	proteome_faa_stem	1	data/blue_catalyst_poc/proteomes/rumen__10674_0004_idba_bin.76.faa
rumen__10674_0004_idba_bin.77	rumen	rumen	Bacteria	10674_0004_idba_bin.77	ERZ1037868	webin-genome-10674_0004_idba_bin.77	10674_0004_idba_bin.77.fa.gz	rumen__10674_0004_idba_bin.77	True	filename	2	data/blue_catalyst_poc/rumen/raw/10674_0004_idba_bin.77.fa.gz	data/blue_catalyst_poc/rumen/raw/10674_0004_idba_bin.77.fa.gz;data/blue_catalyst_poc/proteomes/_tmp_rumen/10674_0004_idba_bin.77.fa	True	proteome_faa_stem	1	data/blue_catalyst_poc/proteomes/rumen__10674_0004_idba_bin.77.faa
rumen__10674_0004_idba_bin.78	rumen	rumen	Bacteria	10674_0004_idba_bin.78	ERZ1037869	webin-genome-10674_0004_idba_bin.78	10674_0004_idba_bin.78.fa.gz	rumen__10674_0004_idba_bin.78	True	filename	2	data/blue_catalyst_poc/rumen/raw/10674_0004_idba_bin.78.fa.gz	data/blue_catalyst_poc/rumen/raw/10674_0004_idba_bin.78.fa.gz;data/blue_catalyst_poc/proteomes/_tmp_rumen_nuc/10674_0004_idba_bin.78.fa	True	proteome_faa_stem	1	data/blue_catalyst_poc/proteomes/rumen__10674_0004_idba_bin.78.faa
rumen__10674_0004_idba_bin.79	rumen	rumen	Archaea	10674_0004_idba_bin.79	ERZ1037870	webin-genome-10674_0004_idba_bin.79	10674_0004_idba_bin.79.fa.gz	rumen__10674_0004_idba_bin.79	True	filename	2	data/blue_catalyst_poc/rumen/raw/10674_0004_idba_bin.79.fa.gz	data/blue_catalyst_poc/rumen/raw/10674_0004_idba_bin.79.fa.gz;data/blue_catalyst_poc/proteomes/_tmp_rumen_nuc/10674_0004_idba_bin.79.fa	True	proteome_faa_stem	1	data/blue_catalyst_poc/proteomes/rumen__10674_0004_idba_bin.79.faa
rumen__10674_0004_idba_bin.8	rumen	rumen	Bacteria	10674_0004_idba_bin.8	ERZ1037871	webin-genome-10674_0004_idba_bin.8	10674_0004_idba_bin.8.fa.gz	rumen__10674_0004_idba_bin.8	True	filename	2	data/blue_catalyst_poc/rumen/raw/10674_0004_idba_bin.8.fa.gz	data/blue_catalyst_poc/rumen/raw/10674_0004_idba_bin.8.fa.gz;data/blue_catalyst_poc/proteomes/_tmp_rumen_nuc/10674_0004_idba_bin.8.fa	True	proteome_faa_stem	1	data/blue_catalyst_poc/proteomes/rumen__10674_0004_idba_bin.8.faa
rumen__10674_0004_idba_bin.81	rumen	rumen	Bacteria	10674_0004_idba_bin.81	ERZ1037872	webin-genome-10674_0004_idba_bin.81	10674_0004_idba_bin.81.fa.gz	rumen__10674_0004_idba_bin.81	True	filename	2	data/blue_catalyst_poc/rumen/raw/10674_0004_idba_bin.81.fa.gz	data/blue_catalyst_poc/rumen/raw/10674_0004_idba_bin.81.fa.gz;data/blue_catalyst_poc/proteomes/_tmp_rumen/10674_0004_idba_bin.81.fa	True	proteome_faa_stem	1	data/blue_catalyst_poc/proteomes/rumen__10674_0004_idba_bin.81.faa
rumen__10674_0004_idba_bin.82	rumen	rumen	Bacteria	10674_0004_idba_bin.82	ERZ1037873	webin-genome-10674_0004_idba_bin.82	10674_0004_idba_bin.82.fa.gz	rumen__10674_0004_idba_bin.82	True	filename	2	data/blue_catalyst_poc/rumen/raw/10674_0004_idba_bin.82.fa.gz	data/blue_catalyst_poc/rumen/raw/10674_0004_idba_bin.82.fa.gz;data/blue_catalyst_poc/proteomes/_tmp_rumen/10674_0004_idba_bin.82.fa	True	proteome_faa_stem	1	data/blue_catalyst_poc/proteomes/rumen__10674_0004_idba_bin.82.faa
rumen__10674_0004_idba_bin.83	rumen	rumen	Bacteria	10674_0004_idba_bin.83	ERZ1037874	webin-genome-10674_0004_idba_bin.83	10674_0004_idba_bin.83.fa.gz	rumen__10674_0004_idba_bin.83	True	filename	2	data/blue_catalyst_poc/rumen/raw/10674_0004_idba_bin.83.fa.gz	data/blue_catalyst_poc/rumen/raw/10674_0004_idba_bin.83.fa.gz;data/blue_catalyst_poc/proteomes/_tmp_rumen/10674_0004_idba_bin.83.fa	True	proteome_faa_stem	1	data/blue_catalyst_poc/proteomes/rumen__10674_0004_idba_bin.83.faa
rumen__10674_0004_idba_bin.84	rumen	rumen	Bacteria	10674_0004_idba_bin.84	ERZ1037875	webin-genome-10674_0004_idba_bin.84	10674_0004_idba_bin.84.fa.gz	rumen__10674_0004_idba_bin.84	True	filename	2	data/blue_catalyst_poc/rumen/raw/10674_0004_idba_bin.84.fa.gz	data/blue_catalyst_poc/rumen/raw/10674_0004_idba_bin.84.fa.gz;data/blue_catalyst_poc/proteomes/_tmp_rumen/10674_0004_idba_bin.84.fa	True	proteome_faa_stem	1	data/blue_catalyst_poc/proteomes/rumen__10674_0004_idba_bin.84.faa
rumen__10674_0004_idba_bin.87	rumen	rumen	Bacteria	10674_0004_idba_bin.87	ERZ1037876	webin-genome-10674_0004_idba_bin.87	10674_0004_idba_bin.87.fa.gz	rumen__10674_0004_idba_bin.87	True	filename	2	data/blue_catalyst_poc/rumen/raw/10674_0004_idba_bin.87.fa.gz	data/blue_catalyst_poc/rumen/raw/10674_0004_idba_bin.87.fa.gz;data/blue_catalyst_poc/proteomes/_tmp_rumen/10674_0004_idba_bin.87.fa	True	proteome_faa_stem	1	data/blue_catalyst_poc/proteomes/rumen__10674_0004_idba_bin.87.faa
rumen__10674_0004_idba_bin.88	rumen	rumen	Bacteria	10674_0004_idba_bin.88	ERZ1037877	webin-genome-10674_0004_idba_bin.88	10674_0004_idba_bin.88.fa.gz	rumen__10674_0004_idba_bin.88	True	filename	2	data/blue_catalyst_poc/rumen/raw/10674_0004_idba_bin.88.fa.gz	data/blue_catalyst_poc/rumen/raw/10674_0004_idba_bin.88.fa.gz;data/blue_catalyst_poc/proteomes/_tmp_rumen/10674_0004_idba_bin.88.fa	True	proteome_faa_stem	1	data/blue_catalyst_poc/proteomes/rumen__10674_0004_idba_bin.88.faa
rumen__10674_0004_idba_bin.89	rumen	rumen	Bacteria	10674_0004_idba_bin.89	ERZ1037878	webin-genome-10674_0004_idba_bin.89	10674_0004_idba_bin.89.fa.gz	rumen__10674_0004_idba_bin.89	True	filename	2	data/blue_catalyst_poc/rumen/raw/10674_0004_idba_bin.89.fa.gz	data/blue_catalyst_poc/rumen/raw/10674_0004_idba_bin.89.fa.gz;data/blue_catalyst_poc/proteomes/_tmp_rumen/10674_0004_idba_bin.89.fa	True	proteome_faa_stem	1	data/blue_catalyst_poc/proteomes/rumen__10674_0004_idba_bin.89.faa
rumen__10674_0004_idba_bin.91	rumen	rumen	Bacteria	10674_0004_idba_bin.91	ERZ1037879	webin-genome-10674_0004_idba_bin.91	10674_0004_idba_bin.91.fa.gz	rumen__10674_0004_idba_bin.91	True	filename	2	data/blue_catalyst_poc/rumen/raw/10674_0004_idba_bin.91.fa.gz	data/blue_catalyst_poc/rumen/raw/10674_0004_idba_bin.91.fa.gz;data/blue_catalyst_poc/proteomes/_tmp_rumen/10674_0004_idba_bin.91.fa	True	proteome_faa_stem	1	data/blue_catalyst_poc/proteomes/rumen__10674_0004_idba_bin.91.faa
rumen__10674_0004_idba_bin.94	rumen	rumen	Bacteria	10674_0004_idba_bin.94	ERZ1037880	webin-genome-10674_0004_idba_bin.94	10674_0004_idba_bin.94.fa.gz	rumen__10674_0004_idba_bin.94	True	filename	2	data/blue_catalyst_poc/rumen/raw/10674_0004_idba_bin.94.fa.gz	data/blue_catalyst_poc/rumen/raw/10674_0004_idba_bin.94.fa.gz;data/blue_catalyst_poc/proteomes/_tmp_rumen/10674_0004_idba_bin.94.fa	True	proteome_faa_stem	1	data/blue_catalyst_poc/proteomes/rumen__10674_0004_idba_bin.94.faa
rumen__10674_0005_idba_bin.100	rumen	rumen	Bacteria	10674_0005_idba_bin.100	ERZ1037881	webin-genome-10674_0005_idba_bin.100	10674_0005_idba_bin.100.fa.gz	rumen__10674_0005_idba_bin.100	True	filename	2	data/blue_catalyst_poc/rumen/raw/10674_0005_idba_bin.100.fa.gz	data/blue_catalyst_poc/rumen/raw/10674_0005_idba_bin.100.fa.gz;data/blue_catalyst_poc/proteomes/_tmp_rumen/10674_0005_idba_bin.100.fa	True	proteome_faa_stem	1	data/blue_catalyst_poc/proteomes/rumen__10674_0005_idba_bin.100.faa
rumen__10674_0005_idba_bin.103	rumen	rumen	Bacteria	10674_0005_idba_bin.103	ERZ1037882	webin-genome-10674_0005_idba_bin.103	10674_0005_idba_bin.103.fa.gz	rumen__10674_0005_idba_bin.103	True	filename	2	data/blue_catalyst_poc/rumen/raw/10674_0005_idba_bin.103.fa.gz	data/blue_catalyst_poc/rumen/raw/10674_0005_idba_bin.103.fa.gz;data/blue_catalyst_poc/proteomes/_tmp_rumen/10674_0005_idba_bin.103.fa	True	proteome_faa_stem	1	data/blue_catalyst_poc/proteomes/rumen__10674_0005_idba_bin.103.faa
rumen__10674_0005_idba_bin.109	rumen	rumen	Bacteria	10674_0005_idba_bin.109	ERZ1037883	webin-genome-10674_0005_idba_bin.109	10674_0005_idba_bin.109.fa.gz	rumen__10674_0005_idba_bin.109	True	filename	2	data/blue_catalyst_poc/rumen/raw/10674_0005_idba_bin.109.fa.gz	data/blue_catalyst_poc/rumen/raw/10674_0005_idba_bin.109.fa.gz;data/blue_catalyst_poc/proteomes/_tmp_rumen/10674_0005_idba_bin.109.fa	True	proteome_faa_stem	1	data/blue_catalyst_poc/proteomes/rumen__10674_0005_idba_bin.109.faa
rumen__10674_0005_idba_bin.110	rumen	rumen	Bacteria	10674_0005_idba_bin.110	ERZ1037884	webin-genome-10674_0005_idba_bin.110	10674_0005_idba_bin.110.fa.gz	rumen__10674_0005_idba_bin.110	True	filename	2	data/blue_catalyst_poc/rumen/raw/10674_0005_idba_bin.110.fa.gz	data/blue_catalyst_poc/rumen/raw/10674_0005_idba_bin.110.fa.gz;data/blue_catalyst_poc/proteomes/_tmp_rumen/10674_0005_idba_bin.110.fa	True	proteome_faa_stem	1	data/blue_catalyst_poc/proteomes/rumen__10674_0005_idba_bin.110.faa
rumen__10674_0005_idba_bin.111	rumen	rumen	Bacteria	10674_0005_idba_bin.111	ERZ1037885	webin-genome-10674_0005_idba_bin.111	10674_0005_idba_bin.111.fa.gz	rumen__10674_0005_idba_bin.111	True	filename	2	data/blue_catalyst_poc/rumen/raw/10674_0005_idba_bin.111.fa.gz	data/blue_catalyst_poc/rumen/raw/10674_0005_idba_bin.111.fa.gz;data/blue_catalyst_poc/proteomes/_tmp_rumen/10674_0005_idba_bin.111.fa	True	proteome_faa_stem	1	data/blue_catalyst_poc/proteomes/rumen__10674_0005_idba_bin.111.faa
rumen__10674_0005_idba_bin.112	rumen	rumen	Bacteria	10674_0005_idba_bin.112	ERZ1037886	webin-genome-10674_0005_idba_bin.112	10674_0005_idba_bin.112.fa.gz	rumen__10674_0005_idba_bin.112	True	filename	2	data/blue_catalyst_poc/rumen/raw/10674_0005_idba_bin.112.fa.gz	data/blue_catalyst_poc/rumen/raw/10674_0005_idba_bin.112.fa.gz;data/blue_catalyst_poc/proteomes/_tmp_rumen/10674_0005_idba_bin.112.fa	True	proteome_faa_stem	1	data/blue_catalyst_poc/proteomes/rumen__10674_0005_idba_bin.112.faa
rumen__10674_0005_idba_bin.116	rumen	rumen	Bacteria	10674_0005_idba_bin.116	ERZ1037887	webin-genome-10674_0005_idba_bin.116	10674_0005_idba_bin.116.fa.gz	rumen__10674_0005_idba_bin.116	True	filename	2	data/blue_catalyst_poc/rumen/raw/10674_0005_idba_bin.116.fa.gz	data/blue_catalyst_poc/rumen/raw/10674_0005_idba_bin.116.fa.gz;data/blue_catalyst_poc/proteomes/_tmp_rumen/10674_0005_idba_bin.116.fa	True	proteome_faa_stem	1	data/blue_catalyst_poc/proteomes/rumen__10674_0005_idba_bin.116.faa
rumen__10674_0005_idba_bin.117	rumen	rumen	Bacteria	10674_0005_idba_bin.117	ERZ1037888	webin-genome-10674_0005_idba_bin.117	10674_0005_idba_bin.117.fa.gz	rumen__10674_0005_idba_bin.117	True	filename	2	data/blue_catalyst_poc/rumen/raw/10674_0005_idba_bin.117.fa.gz	data/blue_catalyst_poc/rumen/raw/10674_0005_idba_bin.117.fa.gz;data/blue_catalyst_poc/proteomes/_tmp_rumen_nuc/10674_0005_idba_bin.117.fa	True	proteome_faa_stem	1	data/blue_catalyst_poc/proteomes/rumen__10674_0005_idba_bin.117.faa
rumen__10674_0005_idba_bin.16	rumen	rumen	Bacteria	10674_0005_idba_bin.16	ERZ1037889	webin-genome-10674_0005_idba_bin.16	10674_0005_idba_bin.16.fa.gz	rumen__10674_0005_idba_bin.16	True	filename	2	data/blue_catalyst_poc/rumen/raw/10674_0005_idba_bin.16.fa.gz	data/blue_catalyst_poc/rumen/raw/10674_0005_idba_bin.16.fa.gz;data/blue_catalyst_poc/proteomes/_tmp_rumen/10674_0005_idba_bin.16.fa	True	proteome_faa_stem	1	data/blue_catalyst_poc/proteomes/rumen__10674_0005_idba_bin.16.faa
rumen__10674_0005_idba_bin.20	rumen	rumen	Bacteria	10674_0005_idba_bin.20	ERZ1037890	webin-genome-10674_0005_idba_bin.20	10674_0005_idba_bin.20.fa.gz	rumen__10674_0005_idba_bin.20	True	filename	2	data/blue_catalyst_poc/rumen/raw/10674_0005_idba_bin.20.fa.gz	data/blue_catalyst_poc/rumen/raw/10674_0005_idba_bin.20.fa.gz;data/blue_catalyst_poc/proteomes/_tmp_rumen_nuc/10674_0005_idba_bin.20.fa	True	proteome_faa_stem	1	data/blue_catalyst_poc/proteomes/rumen__10674_0005_idba_bin.20.faa
rumen__10674_0005_idba_bin.34	rumen	rumen	Bacteria	10674_0005_idba_bin.34	ERZ1037891	webin-genome-10674_0005_idba_bin.34	10674_0005_idba_bin.34.fa.gz	rumen__10674_0005_idba_bin.34	True	filename	2	data/blue_catalyst_poc/rumen/raw/10674_0005_idba_bin.34.fa.gz	data/blue_catalyst_poc/rumen/raw/10674_0005_idba_bin.34.fa.gz;data/blue_catalyst_poc/proteomes/_tmp_rumen/10674_0005_idba_bin.34.fa	True	proteome_faa_stem	1	data/blue_catalyst_poc/proteomes/rumen__10674_0005_idba_bin.34.faa
rumen__10674_0005_idba_bin.37	rumen	rumen	Bacteria	10674_0005_idba_bin.37	ERZ1037892	webin-genome-10674_0005_idba_bin.37	10674_0005_idba_bin.37.fa.gz	rumen__10674_0005_idba_bin.37	True	filename	2	data/blue_catalyst_poc/rumen/raw/10674_0005_idba_bin.37.fa.gz	data/blue_catalyst_poc/rumen/raw/10674_0005_idba_bin.37.fa.gz;data/blue_catalyst_poc/proteomes/_tmp_rumen/10674_0005_idba_bin.37.fa	True	proteome_faa_stem	1	data/blue_catalyst_poc/proteomes/rumen__10674_0005_idba_bin.37.faa
rumen__10674_0005_idba_bin.39	rumen	rumen	Bacteria	10674_0005_idba_bin.39	ERZ1037893	webin-genome-10674_0005_idba_bin.39	10674_0005_idba_bin.39.fa.gz	rumen__10674_0005_idba_bin.39	True	filename	2	data/blue_catalyst_poc/rumen/raw/10674_0005_idba_bin.39.fa.gz	data/blue_catalyst_poc/rumen/raw/10674_0005_idba_bin.39.fa.gz;data/blue_catalyst_poc/proteomes/_tmp_rumen/10674_0005_idba_bin.39.fa	True	proteome_faa_stem	1	data/blue_catalyst_poc/proteomes/rumen__10674_0005_idba_bin.39.faa
rumen__10674_0005_idba_bin.45	rumen	rumen	Bacteria	10674_0005_idba_bin.45	ERZ1037894	webin-genome-10674_0005_idba_bin.45	10674_0005_idba_bin.45.fa.gz	rumen__10674_0005_idba_bin.45	True	filename	2	data/blue_catalyst_poc/rumen/raw/10674_0005_idba_bin.45.fa.gz	data/blue_catalyst_poc/rumen/raw/10674_0005_idba_bin.45.fa.gz;data/blue_catalyst_poc/proteomes/_tmp_rumen/10674_0005_idba_bin.45.fa	True	proteome_faa_stem	1	data/blue_catalyst_poc/proteomes/rumen__10674_0005_idba_bin.45.faa
rumen__10674_0005_idba_bin.46	rumen	rumen	Bacteria	10674_0005_idba_bin.46	ERZ1037895	webin-genome-10674_0005_idba_bin.46	10674_0005_idba_bin.46.fa.gz	rumen__10674_0005_idba_bin.46	True	filename	2	data/blue_catalyst_poc/rumen/raw/10674_0005_idba_bin.46.fa.gz	data/blue_catalyst_poc/rumen/raw/10674_0005_idba_bin.46.fa.gz;data/blue_catalyst_poc/proteomes/_tmp_rumen/10674_0005_idba_bin.46.fa	True	proteome_faa_stem	1	data/blue_catalyst_poc/proteomes/rumen__10674_0005_idba_bin.46.faa
rumen__10674_0005_idba_bin.49	rumen	rumen	Bacteria	10674_0005_idba_bin.49	ERZ1037896	webin-genome-10674_0005_idba_bin.49	10674_0005_idba_bin.49.fa.gz	rumen__10674_0005_idba_bin.49	True	filename	2	data/blue_catalyst_poc/rumen/raw/10674_0005_idba_bin.49.fa.gz	data/blue_catalyst_poc/rumen/raw/10674_0005_idba_bin.49.fa.gz;data/blue_catalyst_poc/proteomes/_tmp_rumen_nuc/10674_0005_idba_bin.49.fa	True	proteome_faa_stem	1	data/blue_catalyst_poc/proteomes/rumen__10674_0005_idba_bin.49.faa
rumen__10674_0005_idba_bin.50	rumen	rumen	Bacteria	10674_0005_idba_bin.50	ERZ1037897	webin-genome-10674_0005_idba_bin.50	10674_0005_idba_bin.50.fa.gz	rumen__10674_0005_idba_bin.50	True	filename	2	data/blue_catalyst_poc/rumen/raw/10674_0005_idba_bin.50.fa.gz	data/blue_catalyst_poc/rumen/raw/10674_0005_idba_bin.50.fa.gz;data/blue_catalyst_poc/proteomes/_tmp_rumen_nuc/10674_0005_idba_bin.50.fa	True	proteome_faa_stem	1	data/blue_catalyst_poc/proteomes/rumen__10674_0005_idba_bin.50.faa
rumen__10674_0005_idba_bin.52	rumen	rumen	Bacteria	10674_0005_idba_bin.52	ERZ1037898	webin-genome-10674_0005_idba_bin.52	10674_0005_idba_bin.52.fa.gz	rumen__10674_0005_idba_bin.52	True	filename	2	data/blue_catalyst_poc/rumen/raw/10674_0005_idba_bin.52.fa.gz	data/blue_catalyst_poc/rumen/raw/10674_0005_idba_bin.52.fa.gz;data/blue_catalyst_poc/proteomes/_tmp_rumen_nuc/10674_0005_idba_bin.52.fa	True	proteome_faa_stem	1	data/blue_catalyst_poc/proteomes/rumen__10674_0005_idba_bin.52.faa
rumen__10674_0005_idba_bin.53	rumen	rumen	Archaea	10674_0005_idba_bin.53	ERZ1037899	webin-genome-10674_0005_idba_bin.53	10674_0005_idba_bin.53.fa.gz	rumen__10674_0005_idba_bin.53	True	filename	2	data/blue_catalyst_poc/rumen/raw/10674_0005_idba_bin.53.fa.gz	data/blue_catalyst_poc/rumen/raw/10674_0005_idba_bin.53.fa.gz;data/blue_catalyst_poc/proteomes/_tmp_rumen/10674_0005_idba_bin.53.fa	True	proteome_faa_stem	1	data/blue_catalyst_poc/proteomes/rumen__10674_0005_idba_bin.53.faa
rumen__10674_0005_idba_bin.54	rumen	rumen	Bacteria	10674_0005_idba_bin.54	ERZ1037900	webin-genome-10674_0005_idba_bin.54	10674_0005_idba_bin.54.fa.gz	rumen__10674_0005_idba_bin.54	True	filename	2	data/blue_catalyst_poc/rumen/raw/10674_0005_idba_bin.54.fa.gz	data/blue_catalyst_poc/rumen/raw/10674_0005_idba_bin.54.fa.gz;data/blue_catalyst_poc/proteomes/_tmp_rumen_nuc/10674_0005_idba_bin.54.fa	True	proteome_faa_stem	1	data/blue_catalyst_poc/proteomes/rumen__10674_0005_idba_bin.54.faa
rumen__10674_0005_idba_bin.57	rumen	rumen	Bacteria	10674_0005_idba_bin.57	ERZ1037901	webin-genome-10674_0005_idba_bin.57	10674_0005_idba_bin.57.fa.gz	rumen__10674_0005_idba_bin.57	True	filename	2	data/blue_catalyst_poc/rumen/raw/10674_0005_idba_bin.57.fa.gz	data/blue_catalyst_poc/rumen/raw/10674_0005_idba_bin.57.fa.gz;data/blue_catalyst_poc/proteomes/_tmp_rumen/10674_0005_idba_bin.57.fa	True	proteome_faa_stem	1	data/blue_catalyst_poc/proteomes/rumen__10674_0005_idba_bin.57.faa
rumen__10674_0005_idba_bin.59	rumen	rumen	Bacteria	10674_0005_idba_bin.59	ERZ1037902	webin-genome-10674_0005_idba_bin.59	10674_0005_idba_bin.59.fa.gz	rumen__10674_0005_idba_bin.59	True	filename	2	data/blue_catalyst_poc/rumen/raw/10674_0005_idba_bin.59.fa.gz	data/blue_catalyst_poc/rumen/raw/10674_0005_idba_bin.59.fa.gz;data/blue_catalyst_poc/proteomes/_tmp_rumen/10674_0005_idba_bin.59.fa	True	proteome_faa_stem	1	data/blue_catalyst_poc/proteomes/rumen__10674_0005_idba_bin.59.faa
rumen__10674_0005_idba_bin.6	rumen	rumen	Bacteria	10674_0005_idba_bin.6	ERZ1037903	webin-genome-10674_0005_idba_bin.6	10674_0005_idba_bin.6.fa.gz	rumen__10674_0005_idba_bin.6	True	filename	2	data/blue_catalyst_poc/rumen/raw/10674_0005_idba_bin.6.fa.gz	data/blue_catalyst_poc/rumen/raw/10674_0005_idba_bin.6.fa.gz;data/blue_catalyst_poc/proteomes/_tmp_rumen/10674_0005_idba_bin.6.fa	True	proteome_faa_stem	1	data/blue_catalyst_poc/proteomes/rumen__10674_0005_idba_bin.6.faa
rumen__10674_0005_idba_bin.66	rumen	rumen	Bacteria	10674_0005_idba_bin.66	ERZ1037904	webin-genome-10674_0005_idba_bin.66	10674_0005_idba_bin.66.fa.gz	rumen__10674_0005_idba_bin.66	True	filename	2	data/blue_catalyst_poc/rumen/raw/10674_0005_idba_bin.66.fa.gz	data/blue_catalyst_poc/rumen/raw/10674_0005_idba_bin.66.fa.gz;data/blue_catalyst_poc/proteomes/_tmp_rumen/10674_0005_idba_bin.66.fa	True	proteome_faa_stem	1	data/blue_catalyst_poc/proteomes/rumen__10674_0005_idba_bin.66.faa
rumen__10674_0005_idba_bin.69	rumen	rumen	Bacteria	10674_0005_idba_bin.69	ERZ1037905	webin-genome-10674_0005_idba_bin.69	10674_0005_idba_bin.69.fa.gz	rumen__10674_0005_idba_bin.69	True	filename	2	data/blue_catalyst_poc/rumen/raw/10674_0005_idba_bin.69.fa.gz	data/blue_catalyst_poc/rumen/raw/10674_0005_idba_bin.69.fa.gz;data/blue_catalyst_poc/proteomes/_tmp_rumen/10674_0005_idba_bin.69.fa	True	proteome_faa_stem	1	data/blue_catalyst_poc/proteomes/rumen__10674_0005_idba_bin.69.faa
rumen__10674_0005_idba_bin.7	rumen	rumen	Bacteria	10674_0005_idba_bin.7	ERZ1037906	webin-genome-10674_0005_idba_bin.7	10674_0005_idba_bin.7.fa.gz	rumen__10674_0005_idba_bin.7	True	filename	2	data/blue_catalyst_poc/rumen/raw/10674_0005_idba_bin.7.fa.gz	data/blue_catalyst_poc/rumen/raw/10674_0005_idba_bin.7.fa.gz;data/blue_catalyst_poc/proteomes/_tmp_rumen/10674_0005_idba_bin.7.fa	True	proteome_faa_stem	1	data/blue_catalyst_poc/proteomes/rumen__10674_0005_idba_bin.7.faa
rumen__10674_0005_idba_bin.71	rumen	rumen	Bacteria	10674_0005_idba_bin.71	ERZ1037907	webin-genome-10674_0005_idba_bin.71	10674_0005_idba_bin.71.fa.gz	rumen__10674_0005_idba_bin.71	True	filename	2	data/blue_catalyst_poc/rumen/raw/10674_0005_idba_bin.71.fa.gz	data/blue_catalyst_poc/rumen/raw/10674_0005_idba_bin.71.fa.gz;data/blue_catalyst_poc/proteomes/_tmp_rumen/10674_0005_idba_bin.71.fa	True	proteome_faa_stem	1	data/blue_catalyst_poc/proteomes/rumen__10674_0005_idba_bin.71.faa
rumen__10674_0005_idba_bin.72	rumen	rumen	Archaea	10674_0005_idba_bin.72	ERZ1037908	webin-genome-10674_0005_idba_bin.72	10674_0005_idba_bin.72.fa.gz	rumen__10674_0005_idba_bin.72	True	filename	2	data/blue_catalyst_poc/rumen/raw/10674_0005_idba_bin.72.fa.gz	data/blue_catalyst_poc/rumen/raw/10674_0005_idba_bin.72.fa.gz;data/blue_catalyst_poc/proteomes/_tmp_rumen/10674_0005_idba_bin.72.fa	True	proteome_faa_stem	1	data/blue_catalyst_poc/proteomes/rumen__10674_0005_idba_bin.72.faa
rumen__10674_0005_idba_bin.73	rumen	rumen	Bacteria	10674_0005_idba_bin.73	ERZ1037909	webin-genome-10674_0005_idba_bin.73	10674_0005_idba_bin.73.fa.gz	rumen__10674_0005_idba_bin.73	True	filename	2	data/blue_catalyst_poc/rumen/raw/10674_0005_idba_bin.73.fa.gz	data/blue_catalyst_poc/rumen/raw/10674_0005_idba_bin.73.fa.gz;data/blue_catalyst_poc/proteomes/_tmp_rumen/10674_0005_idba_bin.73.fa	True	proteome_faa_stem	1	data/blue_catalyst_poc/proteomes/rumen__10674_0005_idba_bin.73.faa
rumen__10674_0005_idba_bin.74	rumen	rumen	Bacteria	10674_0005_idba_bin.74	ERZ1037910	webin-genome-10674_0005_idba_bin.74	10674_0005_idba_bin.74.fa.gz	rumen__10674_0005_idba_bin.74	True	filename	2	data/blue_catalyst_poc/rumen/raw/10674_0005_idba_bin.74.fa.gz	data/blue_catalyst_poc/rumen/raw/10674_0005_idba_bin.74.fa.gz;data/blue_catalyst_poc/proteomes/_tmp_rumen_nuc/10674_0005_idba_bin.74.fa	True	proteome_faa_stem	1	data/blue_catalyst_poc/proteomes/rumen__10674_0005_idba_bin.74.faa
rumen__10674_0005_idba_bin.77	rumen	rumen	Bacteria	10674_0005_idba_bin.77	ERZ1037912	webin-genome-10674_0005_idba_bin.77	10674_0005_idba_bin.77.fa.gz	rumen__10674_0005_idba_bin.77	True	filename	2	data/blue_catalyst_poc/rumen/raw/10674_0005_idba_bin.77.fa.gz	data/blue_catalyst_poc/rumen/raw/10674_0005_idba_bin.77.fa.gz;data/blue_catalyst_poc/proteomes/_tmp_rumen_nuc/10674_0005_idba_bin.77.fa	True	proteome_faa_stem	1	data/blue_catalyst_poc/proteomes/rumen__10674_0005_idba_bin.77.faa
rumen__10674_0005_idba_bin.79	rumen	rumen	Bacteria	10674_0005_idba_bin.79	ERZ1037913	webin-genome-10674_0005_idba_bin.79	10674_0005_idba_bin.79.fa.gz	rumen__10674_0005_idba_bin.79	True	filename	2	data/blue_catalyst_poc/rumen/raw/10674_0005_idba_bin.79.fa.gz	data/blue_catalyst_poc/rumen/raw/10674_0005_idba_bin.79.fa.gz;data/blue_catalyst_poc/proteomes/_tmp_rumen_nuc/10674_0005_idba_bin.79.fa	True	proteome_faa_stem	1	data/blue_catalyst_poc/proteomes/rumen__10674_0005_idba_bin.79.faa
rumen__10674_0005_idba_bin.82	rumen	rumen	Bacteria	10674_0005_idba_bin.82	ERZ1037914	webin-genome-10674_0005_idba_bin.82	10674_0005_idba_bin.82.fa.gz	rumen__10674_0005_idba_bin.82	True	filename	2	data/blue_catalyst_poc/rumen/raw/10674_0005_idba_bin.82.fa.gz	data/blue_catalyst_poc/rumen/raw/10674_0005_idba_bin.82.fa.gz;data/blue_catalyst_poc/proteomes/_tmp_rumen/10674_0005_idba_bin.82.fa	True	proteome_faa_stem	1	data/blue_catalyst_poc/proteomes/rumen__10674_0005_idba_bin.82.faa
rumen__10674_0006_idba_bin.12	rumen	rumen	Bacteria	10674_0006_idba_bin.12	ERZ1037915	webin-genome-10674_0006_idba_bin.12	10674_0006_idba_bin.12.fa.gz	rumen__10674_0006_idba_bin.12	True	filename	2	data/blue_catalyst_poc/rumen/raw/10674_0006_idba_bin.12.fa.gz	data/blue_catalyst_poc/rumen/raw/10674_0006_idba_bin.12.fa.gz;data/blue_catalyst_poc/proteomes/_tmp_rumen/10674_0006_idba_bin.12.fa	True	proteome_faa_stem	1	data/blue_catalyst_poc/proteomes/rumen__10674_0006_idba_bin.12.faa
rumen__10674_0006_idba_bin.13	rumen	rumen	Bacteria	10674_0006_idba_bin.13	ERZ1037916	webin-genome-10674_0006_idba_bin.13	10674_0006_idba_bin.13.fa.gz	rumen__10674_0006_idba_bin.13	True	filename	2	data/blue_catalyst_poc/rumen/raw/10674_0006_idba_bin.13.fa.gz	data/blue_catalyst_poc/rumen/raw/10674_0006_idba_bin.13.fa.gz;data/blue_catalyst_poc/proteomes/_tmp_rumen/10674_0006_idba_bin.13.fa	True	proteome_faa_stem	1	data/blue_catalyst_poc/proteomes/rumen__10674_0006_idba_bin.13.faa
rumen__10674_0006_idba_bin.15	rumen	rumen	Bacteria	10674_0006_idba_bin.15	ERZ1037917	webin-genome-10674_0006_idba_bin.15	10674_0006_idba_bin.15.fa.gz	rumen__10674_0006_idba_bin.15	True	filename	2	data/blue_catalyst_poc/rumen/raw/10674_0006_idba_bin.15.fa.gz	data/blue_catalyst_poc/rumen/raw/10674_0006_idba_bin.15.fa.gz;data/blue_catalyst_poc/proteomes/_tmp_rumen/10674_0006_idba_bin.15.fa	True	proteome_faa_stem	1	data/blue_catalyst_poc/proteomes/rumen__10674_0006_idba_bin.15.faa
rumen__10674_0006_idba_bin.21	rumen	rumen	Bacteria	10674_0006_idba_bin.21	ERZ1037918	webin-genome-10674_0006_idba_bin.21	10674_0006_idba_bin.21.fa.gz	rumen__10674_0006_idba_bin.21	True	filename	2	data/blue_catalyst_poc/rumen/raw/10674_0006_idba_bin.21.fa.gz	data/blue_catalyst_poc/rumen/raw/10674_0006_idba_bin.21.fa.gz;data/blue_catalyst_poc/proteomes/_tmp_rumen/10674_0006_idba_bin.21.fa	True	proteome_faa_stem	1	data/blue_catalyst_poc/proteomes/rumen__10674_0006_idba_bin.21.faa
rumen__10674_0006_idba_bin.22	rumen	rumen	Bacteria	10674_0006_idba_bin.22	ERZ1037919	webin-genome-10674_0006_idba_bin.22	10674_0006_idba_bin.22.fa.gz	rumen__10674_0006_idba_bin.22	True	filename	2	data/blue_catalyst_poc/rumen/raw/10674_0006_idba_bin.22.fa.gz	data/blue_catalyst_poc/rumen/raw/10674_0006_idba_bin.22.fa.gz;data/blue_catalyst_poc/proteomes/_tmp_rumen_nuc/10674_0006_idba_bin.22.fa	True	proteome_faa_stem	1	data/blue_catalyst_poc/proteomes/rumen__10674_0006_idba_bin.22.faa
rumen__10674_0006_idba_bin.25	rumen	rumen	Bacteria	10674_0006_idba_bin.25	ERZ1037920	webin-genome-10674_0006_idba_bin.25	10674_0006_idba_bin.25.fa.gz	rumen__10674_0006_idba_bin.25	True	filename	2	data/blue_catalyst_poc/rumen/raw/10674_0006_idba_bin.25.fa.gz	data/blue_catalyst_poc/rumen/raw/10674_0006_idba_bin.25.fa.gz;data/blue_catalyst_poc/proteomes/_tmp_rumen/10674_0006_idba_bin.25.fa	True	proteome_faa_stem	1	data/blue_catalyst_poc/proteomes/rumen__10674_0006_idba_bin.25.faa
rumen__10674_0006_idba_bin.26	rumen	rumen	Bacteria	10674_0006_idba_bin.26	ERZ1037921	webin-genome-10674_0006_idba_bin.26	10674_0006_idba_bin.26.fa.gz	rumen__10674_0006_idba_bin.26	True	filename	2	data/blue_catalyst_poc/rumen/raw/10674_0006_idba_bin.26.fa.gz	data/blue_catalyst_poc/rumen/raw/10674_0006_idba_bin.26.fa.gz;data/blue_catalyst_poc/proteomes/_tmp_rumen/10674_0006_idba_bin.26.fa	True	proteome_faa_stem	1	data/blue_catalyst_poc/proteomes/rumen__10674_0006_idba_bin.26.faa
rumen__10674_0006_idba_bin.27	rumen	rumen	Bacteria	10674_0006_idba_bin.27	ERZ1037922	webin-genome-10674_0006_idba_bin.27	10674_0006_idba_bin.27.fa.gz	rumen__10674_0006_idba_bin.27	True	filename	2	data/blue_catalyst_poc/rumen/raw/10674_0006_idba_bin.27.fa.gz	data/blue_catalyst_poc/rumen/raw/10674_0006_idba_bin.27.fa.gz;data/blue_catalyst_poc/proteomes/_tmp_rumen/10674_0006_idba_bin.27.fa	True	proteome_faa_stem	1	data/blue_catalyst_poc/proteomes/rumen__10674_0006_idba_bin.27.faa
rumen__10674_0006_idba_bin.3	rumen	rumen	Bacteria	10674_0006_idba_bin.3	ERZ1037923	webin-genome-10674_0006_idba_bin.3	10674_0006_idba_bin.3.fa.gz	rumen__10674_0006_idba_bin.3	True	filename	2	data/blue_catalyst_poc/rumen/raw/10674_0006_idba_bin.3.fa.gz	data/blue_catalyst_poc/rumen/raw/10674_0006_idba_bin.3.fa.gz;data/blue_catalyst_poc/proteomes/_tmp_rumen/10674_0006_idba_bin.3.fa	True	proteome_faa_stem	1	data/blue_catalyst_poc/proteomes/rumen__10674_0006_idba_bin.3.faa
rumen__10674_0006_idba_bin.36	rumen	rumen	Bacteria	10674_0006_idba_bin.36	ERZ1037924	webin-genome-10674_0006_idba_bin.36	10674_0006_idba_bin.36.fa.gz	rumen__10674_0006_idba_bin.36	True	filename	2	data/blue_catalyst_poc/rumen/raw/10674_0006_idba_bin.36.fa.gz	data/blue_catalyst_poc/rumen/raw/10674_0006_idba_bin.36.fa.gz;data/blue_catalyst_poc/proteomes/_tmp_rumen/10674_0006_idba_bin.36.fa	True	proteome_faa_stem	1	data/blue_catalyst_poc/proteomes/rumen__10674_0006_idba_bin.36.faa
rumen__10674_0006_idba_bin.39	rumen	rumen	Bacteria	10674_0006_idba_bin.39	ERZ1037925	webin-genome-10674_0006_idba_bin.39	10674_0006_idba_bin.39.fa.gz	rumen__10674_0006_idba_bin.39	True	filename	2	data/blue_catalyst_poc/rumen/raw/10674_0006_idba_bin.39.fa.gz	data/blue_catalyst_poc/rumen/raw/10674_0006_idba_bin.39.fa.gz;data/blue_catalyst_poc/proteomes/_tmp_rumen_nuc/10674_0006_idba_bin.39.fa	True	proteome_faa_stem	1	data/blue_catalyst_poc/proteomes/rumen__10674_0006_idba_bin.39.faa
rumen__10674_0006_idba_bin.4	rumen	rumen	Bacteria	10674_0006_idba_bin.4	ERZ1037926	webin-genome-10674_0006_idba_bin.4	10674_0006_idba_bin.4.fa.gz	rumen__10674_0006_idba_bin.4	True	filename	2	data/blue_catalyst_poc/rumen/raw/10674_0006_idba_bin.4.fa.gz	data/blue_catalyst_poc/rumen/raw/10674_0006_idba_bin.4.fa.gz;data/blue_catalyst_poc/proteomes/_tmp_rumen/10674_0006_idba_bin.4.fa	True	proteome_faa_stem	1	data/blue_catalyst_poc/proteomes/rumen__10674_0006_idba_bin.4.faa
rumen__10674_0006_idba_bin.42	rumen	rumen	Bacteria	10674_0006_idba_bin.42	ERZ1037927	webin-genome-10674_0006_idba_bin.42	10674_0006_idba_bin.42.fa.gz	rumen__10674_0006_idba_bin.42	True	filename	2	data/blue_catalyst_poc/rumen/raw/10674_0006_idba_bin.42.fa.gz	data/blue_catalyst_poc/rumen/raw/10674_0006_idba_bin.42.fa.gz;data/blue_catalyst_poc/proteomes/_tmp_rumen/10674_0006_idba_bin.42.fa	True	proteome_faa_stem	1	data/blue_catalyst_poc/proteomes/rumen__10674_0006_idba_bin.42.faa
rumen__10674_0006_idba_bin.45	rumen	rumen	Bacteria	10674_0006_idba_bin.45	ERZ1037928	webin-genome-10674_0006_idba_bin.45	10674_0006_idba_bin.45.fa.gz	rumen__10674_0006_idba_bin.45	True	filename	2	data/blue_catalyst_poc/rumen/raw/10674_0006_idba_bin.45.fa.gz	data/blue_catalyst_poc/rumen/raw/10674_0006_idba_bin.45.fa.gz;data/blue_catalyst_poc/proteomes/_tmp_rumen/10674_0006_idba_bin.45.fa	True	proteome_faa_stem	1	data/blue_catalyst_poc/proteomes/rumen__10674_0006_idba_bin.45.faa
rumen__10674_0006_idba_bin.48	rumen	rumen	Bacteria	10674_0006_idba_bin.48	ERZ1037929	webin-genome-10674_0006_idba_bin.48	10674_0006_idba_bin.48.fa.gz	rumen__10674_0006_idba_bin.48	True	filename	2	data/blue_catalyst_poc/rumen/raw/10674_0006_idba_bin.48.fa.gz	data/blue_catalyst_poc/rumen/raw/10674_0006_idba_bin.48.fa.gz;data/blue_catalyst_poc/proteomes/_tmp_rumen_nuc/10674_0006_idba_bin.48.fa	True	proteome_faa_stem	1	data/blue_catalyst_poc/proteomes/rumen__10674_0006_idba_bin.48.faa
rumen__10674_0006_idba_bin.5	rumen	rumen	Bacteria	10674_0006_idba_bin.5	ERZ1037930	webin-genome-10674_0006_idba_bin.5	10674_0006_idba_bin.5.fa.gz	rumen__10674_0006_idba_bin.5	True	filename	2	data/blue_catalyst_poc/rumen/raw/10674_0006_idba_bin.5.fa.gz	data/blue_catalyst_poc/rumen/raw/10674_0006_idba_bin.5.fa.gz;data/blue_catalyst_poc/proteomes/_tmp_rumen/10674_0006_idba_bin.5.fa	True	proteome_faa_stem	1	data/blue_catalyst_poc/proteomes/rumen__10674_0006_idba_bin.5.faa
rumen__10674_0006_idba_bin.52	rumen	rumen	Bacteria	10674_0006_idba_bin.52	ERZ1037931	webin-genome-10674_0006_idba_bin.52	10674_0006_idba_bin.52.fa.gz	rumen__10674_0006_idba_bin.52	True	filename	2	data/blue_catalyst_poc/rumen/raw/10674_0006_idba_bin.52.fa.gz	data/blue_catalyst_poc/rumen/raw/10674_0006_idba_bin.52.fa.gz;data/blue_catalyst_poc/proteomes/_tmp_rumen_nuc/10674_0006_idba_bin.52.fa	True	proteome_faa_stem	1	data/blue_catalyst_poc/proteomes/rumen__10674_0006_idba_bin.52.faa
rumen__10674_0006_idba_bin.56	rumen	rumen	Archaea	10674_0006_idba_bin.56	ERZ1037932	webin-genome-10674_0006_idba_bin.56	10674_0006_idba_bin.56.fa.gz	rumen__10674_0006_idba_bin.56	True	filename	2	data/blue_catalyst_poc/rumen/raw/10674_0006_idba_bin.56.fa.gz	data/blue_catalyst_poc/rumen/raw/10674_0006_idba_bin.56.fa.gz;data/blue_catalyst_poc/proteomes/_tmp_rumen_nuc/10674_0006_idba_bin.56.fa	True	proteome_faa_stem	1	data/blue_catalyst_poc/proteomes/rumen__10674_0006_idba_bin.56.faa
rumen__10674_0006_idba_bin.59	rumen	rumen	Bacteria	10674_0006_idba_bin.59	ERZ1037933	webin-genome-10674_0006_idba_bin.59	10674_0006_idba_bin.59.fa.gz	rumen__10674_0006_idba_bin.59	True	filename	2	data/blue_catalyst_poc/rumen/raw/10674_0006_idba_bin.59.fa.gz	data/blue_catalyst_poc/rumen/raw/10674_0006_idba_bin.59.fa.gz;data/blue_catalyst_poc/proteomes/_tmp_rumen/10674_0006_idba_bin.59.fa	True	proteome_faa_stem	1	data/blue_catalyst_poc/proteomes/rumen__10674_0006_idba_bin.59.faa
rumen__10674_0006_idba_bin.6	rumen	rumen	Bacteria	10674_0006_idba_bin.6	ERZ1037934	webin-genome-10674_0006_idba_bin.6	10674_0006_idba_bin.6.fa.gz	rumen__10674_0006_idba_bin.6	True	filename	2	data/blue_catalyst_poc/rumen/raw/10674_0006_idba_bin.6.fa.gz	data/blue_catalyst_poc/rumen/raw/10674_0006_idba_bin.6.fa.gz;data/blue_catalyst_poc/proteomes/_tmp_rumen_nuc/10674_0006_idba_bin.6.fa	True	proteome_faa_stem	1	data/blue_catalyst_poc/proteomes/rumen__10674_0006_idba_bin.6.faa
rumen__10674_0006_idba_bin.60	rumen	rumen	Bacteria	10674_0006_idba_bin.60	ERZ1037935	webin-genome-10674_0006_idba_bin.60	10674_0006_idba_bin.60.fa.gz	rumen__10674_0006_idba_bin.60	True	filename	2	data/blue_catalyst_poc/rumen/raw/10674_0006_idba_bin.60.fa.gz	data/blue_catalyst_poc/rumen/raw/10674_0006_idba_bin.60.fa.gz;data/blue_catalyst_poc/proteomes/_tmp_rumen_nuc/10674_0006_idba_bin.60.fa	True	proteome_faa_stem	1	data/blue_catalyst_poc/proteomes/rumen__10674_0006_idba_bin.60.faa
rumen__10674_0006_idba_bin.62	rumen	rumen	Bacteria	10674_0006_idba_bin.62	ERZ1037936	webin-genome-10674_0006_idba_bin.62	10674_0006_idba_bin.62.fa.gz	rumen__10674_0006_idba_bin.62	True	filename	2	data/blue_catalyst_poc/rumen/raw/10674_0006_idba_bin.62.fa.gz	data/blue_catalyst_poc/rumen/raw/10674_0006_idba_bin.62.fa.gz;data/blue_catalyst_poc/proteomes/_tmp_rumen_nuc/10674_0006_idba_bin.62.fa	True	proteome_faa_stem	1	data/blue_catalyst_poc/proteomes/rumen__10674_0006_idba_bin.62.faa
rumen__10674_0006_idba_bin.66	rumen	rumen	Bacteria	10674_0006_idba_bin.66	ERZ1037937	webin-genome-10674_0006_idba_bin.66	10674_0006_idba_bin.66.fa.gz	rumen__10674_0006_idba_bin.66	True	filename	2	data/blue_catalyst_poc/rumen/raw/10674_0006_idba_bin.66.fa.gz	data/blue_catalyst_poc/rumen/raw/10674_0006_idba_bin.66.fa.gz;data/blue_catalyst_poc/proteomes/_tmp_rumen_nuc/10674_0006_idba_bin.66.fa	True	proteome_faa_stem	1	data/blue_catalyst_poc/proteomes/rumen__10674_0006_idba_bin.66.faa
rumen__10674_0006_idba_bin.69	rumen	rumen	Bacteria	10674_0006_idba_bin.69	ERZ1037938	webin-genome-10674_0006_idba_bin.69	10674_0006_idba_bin.69.fa.gz	rumen__10674_0006_idba_bin.69	True	filename	2	data/blue_catalyst_poc/rumen/raw/10674_0006_idba_bin.69.fa.gz	data/blue_catalyst_poc/rumen/raw/10674_0006_idba_bin.69.fa.gz;data/blue_catalyst_poc/proteomes/_tmp_rumen_nuc/10674_0006_idba_bin.69.fa	True	proteome_faa_stem	1	data/blue_catalyst_poc/proteomes/rumen__10674_0006_idba_bin.69.faa
rumen__10674_0006_idba_bin.7	rumen	rumen	Bacteria	10674_0006_idba_bin.7	ERZ1037939	webin-genome-10674_0006_idba_bin.7	10674_0006_idba_bin.7.fa.gz	rumen__10674_0006_idba_bin.7	True	filename	2	data/blue_catalyst_poc/rumen/raw/10674_0006_idba_bin.7.fa.gz	data/blue_catalyst_poc/rumen/raw/10674_0006_idba_bin.7.fa.gz;data/blue_catalyst_poc/proteomes/_tmp_rumen/10674_0006_idba_bin.7.fa	True	proteome_faa_stem	1	data/blue_catalyst_poc/proteomes/rumen__10674_0006_idba_bin.7.faa
rumen__10674_0006_idba_bin.73	rumen	rumen	Bacteria	10674_0006_idba_bin.73	ERZ1037940	webin-genome-10674_0006_idba_bin.73	10674_0006_idba_bin.73.fa.gz	rumen__10674_0006_idba_bin.73	True	filename	2	data/blue_catalyst_poc/rumen/raw/10674_0006_idba_bin.73.fa.gz	data/blue_catalyst_poc/rumen/raw/10674_0006_idba_bin.73.fa.gz;data/blue_catalyst_poc/proteomes/_tmp_rumen/10674_0006_idba_bin.73.fa	True	proteome_faa_stem	1	data/blue_catalyst_poc/proteomes/rumen__10674_0006_idba_bin.73.faa
rumen__10674_0006_idba_bin.9	rumen	rumen	Bacteria	10674_0006_idba_bin.9	ERZ1037941	webin-genome-10674_0006_idba_bin.9	10674_0006_idba_bin.9.fa.gz	rumen__10674_0006_idba_bin.9	True	filename	2	data/blue_catalyst_poc/rumen/raw/10674_0006_idba_bin.9.fa.gz	data/blue_catalyst_poc/rumen/raw/10674_0006_idba_bin.9.fa.gz;data/blue_catalyst_poc/proteomes/_tmp_rumen/10674_0006_idba_bin.9.fa	True	proteome_faa_stem	1	data/blue_catalyst_poc/proteomes/rumen__10674_0006_idba_bin.9.faa
rumen__10674_0007_idba_bin.100	rumen	rumen	Bacteria	10674_0007_idba_bin.100	ERZ1037942	webin-genome-10674_0007_idba_bin.100	10674_0007_idba_bin.100.fa.gz	rumen__10674_0007_idba_bin.100	True	filename	2	data/blue_catalyst_poc/rumen/raw/10674_0007_idba_bin.100.fa.gz	data/blue_catalyst_poc/rumen/raw/10674_0007_idba_bin.100.fa.gz;data/blue_catalyst_poc/proteomes/_tmp_rumen/10674_0007_idba_bin.100.fa	True	proteome_faa_stem	1	data/blue_catalyst_poc/proteomes/rumen__10674_0007_idba_bin.100.faa
rumen__10674_0007_idba_bin.101	rumen	rumen	Bacteria	10674_0007_idba_bin.101	ERZ1037943	webin-genome-10674_0007_idba_bin.101	10674_0007_idba_bin.101.fa.gz	rumen__10674_0007_idba_bin.101	True	filename	2	data/blue_catalyst_poc/rumen/raw/10674_0007_idba_bin.101.fa.gz	data/blue_catalyst_poc/rumen/raw/10674_0007_idba_bin.101.fa.gz;data/blue_catalyst_poc/proteomes/_tmp_rumen/10674_0007_idba_bin.101.fa	True	proteome_faa_stem	1	data/blue_catalyst_poc/proteomes/rumen__10674_0007_idba_bin.101.faa
rumen__10674_0007_idba_bin.105	rumen	rumen	Bacteria	10674_0007_idba_bin.105	ERZ1037944	webin-genome-10674_0007_idba_bin.105	10674_0007_idba_bin.105.fa.gz	rumen__10674_0007_idba_bin.105	True	filename	2	data/blue_catalyst_poc/rumen/raw/10674_0007_idba_bin.105.fa.gz	data/blue_catalyst_poc/rumen/raw/10674_0007_idba_bin.105.fa.gz;data/blue_catalyst_poc/proteomes/_tmp_rumen_nuc/10674_0007_idba_bin.105.fa	True	proteome_faa_stem	1	data/blue_catalyst_poc/proteomes/rumen__10674_0007_idba_bin.105.faa
rumen__10674_0007_idba_bin.108	rumen	rumen	Bacteria	10674_0007_idba_bin.108	ERZ1037945	webin-genome-10674_0007_idba_bin.108	10674_0007_idba_bin.108.fa.gz	rumen__10674_0007_idba_bin.108	True	filename	2	data/blue_catalyst_poc/rumen/raw/10674_0007_idba_bin.108.fa.gz	data/blue_catalyst_poc/rumen/raw/10674_0007_idba_bin.108.fa.gz;data/blue_catalyst_poc/proteomes/_tmp_rumen_nuc/10674_0007_idba_bin.108.fa	True	proteome_faa_stem	1	data/blue_catalyst_poc/proteomes/rumen__10674_0007_idba_bin.108.faa
rumen__10674_0007_idba_bin.111	rumen	rumen	Bacteria	10674_0007_idba_bin.111	ERZ1037946	webin-genome-10674_0007_idba_bin.111	10674_0007_idba_bin.111.fa.gz	rumen__10674_0007_idba_bin.111	True	filename	2	data/blue_catalyst_poc/rumen/raw/10674_0007_idba_bin.111.fa.gz	data/blue_catalyst_poc/rumen/raw/10674_0007_idba_bin.111.fa.gz;data/blue_catalyst_poc/proteomes/_tmp_rumen_nuc/10674_0007_idba_bin.111.fa	True	proteome_faa_stem	1	data/blue_catalyst_poc/proteomes/rumen__10674_0007_idba_bin.111.faa
rumen__10674_0007_idba_bin.113	rumen	rumen	Bacteria	10674_0007_idba_bin.113	ERZ1037947	webin-genome-10674_0007_idba_bin.113	10674_0007_idba_bin.113.fa.gz	rumen__10674_0007_idba_bin.113	True	filename	2	data/blue_catalyst_poc/rumen/raw/10674_0007_idba_bin.113.fa.gz	data/blue_catalyst_poc/rumen/raw/10674_0007_idba_bin.113.fa.gz;data/blue_catalyst_poc/proteomes/_tmp_rumen/10674_0007_idba_bin.113.fa	True	proteome_faa_stem	1	data/blue_catalyst_poc/proteomes/rumen__10674_0007_idba_bin.113.faa
rumen__10674_0007_idba_bin.118	rumen	rumen	Bacteria	10674_0007_idba_bin.118	ERZ1037948	webin-genome-10674_0007_idba_bin.118	10674_0007_idba_bin.118.fa.gz	rumen__10674_0007_idba_bin.118	True	filename	2	data/blue_catalyst_poc/rumen/raw/10674_0007_idba_bin.118.fa.gz	data/blue_catalyst_poc/rumen/raw/10674_0007_idba_bin.118.fa.gz;data/blue_catalyst_poc/proteomes/_tmp_rumen_nuc/10674_0007_idba_bin.118.fa	True	proteome_faa_stem	1	data/blue_catalyst_poc/proteomes/rumen__10674_0007_idba_bin.118.faa
rumen__10674_0007_idba_bin.119	rumen	rumen	Bacteria	10674_0007_idba_bin.119	ERZ1037949	webin-genome-10674_0007_idba_bin.119	10674_0007_idba_bin.119.fa.gz	rumen__10674_0007_idba_bin.119	True	filename	2	data/blue_catalyst_poc/rumen/raw/10674_0007_idba_bin.119.fa.gz	data/blue_catalyst_poc/rumen/raw/10674_0007_idba_bin.119.fa.gz;data/blue_catalyst_poc/proteomes/_tmp_rumen/10674_0007_idba_bin.119.fa	True	proteome_faa_stem	1	data/blue_catalyst_poc/proteomes/rumen__10674_0007_idba_bin.119.faa
rumen__10674_0007_idba_bin.12	rumen	rumen	Bacteria	10674_0007_idba_bin.12	ERZ1037950	webin-genome-10674_0007_idba_bin.12	10674_0007_idba_bin.12.fa.gz	rumen__10674_0007_idba_bin.12	True	filename	2	data/blue_catalyst_poc/rumen/raw/10674_0007_idba_bin.12.fa.gz	data/blue_catalyst_poc/rumen/raw/10674_0007_idba_bin.12.fa.gz;data/blue_catalyst_poc/proteomes/_tmp_rumen/10674_0007_idba_bin.12.fa	True	proteome_faa_stem	1	data/blue_catalyst_poc/proteomes/rumen__10674_0007_idba_bin.12.faa
rumen__10674_0007_idba_bin.120	rumen	rumen	Bacteria	10674_0007_idba_bin.120	ERZ1037951	webin-genome-10674_0007_idba_bin.120	10674_0007_idba_bin.120.fa.gz	rumen__10674_0007_idba_bin.120	True	filename	2	data/blue_catalyst_poc/rumen/raw/10674_0007_idba_bin.120.fa.gz	data/blue_catalyst_poc/rumen/raw/10674_0007_idba_bin.120.fa.gz;data/blue_catalyst_poc/proteomes/_tmp_rumen/10674_0007_idba_bin.120.fa	True	proteome_faa_stem	1	data/blue_catalyst_poc/proteomes/rumen__10674_0007_idba_bin.120.faa
rumen__10674_0007_idba_bin.122	rumen	rumen	Bacteria	10674_0007_idba_bin.122	ERZ1037952	webin-genome-10674_0007_idba_bin.122	10674_0007_idba_bin.122.fa.gz	rumen__10674_0007_idba_bin.122	True	filename	2	data/blue_catalyst_poc/rumen/raw/10674_0007_idba_bin.122.fa.gz	data/blue_catalyst_poc/rumen/raw/10674_0007_idba_bin.122.fa.gz;data/blue_catalyst_poc/proteomes/_tmp_rumen/10674_0007_idba_bin.122.fa	True	proteome_faa_stem	1	data/blue_catalyst_poc/proteomes/rumen__10674_0007_idba_bin.122.faa
rumen__10674_0007_idba_bin.123	rumen	rumen	Bacteria	10674_0007_idba_bin.123	ERZ1037953	webin-genome-10674_0007_idba_bin.123	10674_0007_idba_bin.123.fa.gz	rumen__10674_0007_idba_bin.123	True	filename	2	data/blue_catalyst_poc/rumen/raw/10674_0007_idba_bin.123.fa.gz	data/blue_catalyst_poc/rumen/raw/10674_0007_idba_bin.123.fa.gz;data/blue_catalyst_poc/proteomes/_tmp_rumen_nuc/10674_0007_idba_bin.123.fa	True	proteome_faa_stem	1	data/blue_catalyst_poc/proteomes/rumen__10674_0007_idba_bin.123.faa
rumen__10674_0007_idba_bin.126	rumen	rumen	Bacteria	10674_0007_idba_bin.126	ERZ1037954	webin-genome-10674_0007_idba_bin.126	10674_0007_idba_bin.126.fa.gz	rumen__10674_0007_idba_bin.126	True	filename	2	data/blue_catalyst_poc/rumen/raw/10674_0007_idba_bin.126.fa.gz	data/blue_catalyst_poc/rumen/raw/10674_0007_idba_bin.126.fa.gz;data/blue_catalyst_poc/proteomes/_tmp_rumen/10674_0007_idba_bin.126.fa	True	proteome_faa_stem	1	data/blue_catalyst_poc/proteomes/rumen__10674_0007_idba_bin.126.faa
rumen__10674_0007_idba_bin.131	rumen	rumen	Bacteria	10674_0007_idba_bin.131	ERZ1037955	webin-genome-10674_0007_idba_bin.131	10674_0007_idba_bin.131.fa.gz	rumen__10674_0007_idba_bin.131	True	filename	2	data/blue_catalyst_poc/rumen/raw/10674_0007_idba_bin.131.fa.gz	data/blue_catalyst_poc/rumen/raw/10674_0007_idba_bin.131.fa.gz;data/blue_catalyst_poc/proteomes/_tmp_rumen/10674_0007_idba_bin.131.fa	True	proteome_faa_stem	1	data/blue_catalyst_poc/proteomes/rumen__10674_0007_idba_bin.131.faa
rumen__10674_0007_idba_bin.132	rumen	rumen	Bacteria	10674_0007_idba_bin.132	ERZ1037956	webin-genome-10674_0007_idba_bin.132	10674_0007_idba_bin.132.fa.gz	rumen__10674_0007_idba_bin.132	True	filename	2	data/blue_catalyst_poc/rumen/raw/10674_0007_idba_bin.132.fa.gz	data/blue_catalyst_poc/rumen/raw/10674_0007_idba_bin.132.fa.gz;data/blue_catalyst_poc/proteomes/_tmp_rumen_nuc/10674_0007_idba_bin.132.fa	True	proteome_faa_stem	1	data/blue_catalyst_poc/proteomes/rumen__10674_0007_idba_bin.132.faa
rumen__10674_0007_idba_bin.133	rumen	rumen	Bacteria	10674_0007_idba_bin.133	ERZ1037957	webin-genome-10674_0007_idba_bin.133	10674_0007_idba_bin.133.fa.gz	rumen__10674_0007_idba_bin.133	True	filename	2	data/blue_catalyst_poc/rumen/raw/10674_0007_idba_bin.133.fa.gz	data/blue_catalyst_poc/rumen/raw/10674_0007_idba_bin.133.fa.gz;data/blue_catalyst_poc/proteomes/_tmp_rumen/10674_0007_idba_bin.133.fa	True	proteome_faa_stem	1	data/blue_catalyst_poc/proteomes/rumen__10674_0007_idba_bin.133.faa
rumen__10674_0007_idba_bin.134	rumen	rumen	Bacteria	10674_0007_idba_bin.134	ERZ1037958	webin-genome-10674_0007_idba_bin.134	10674_0007_idba_bin.134.fa.gz	rumen__10674_0007_idba_bin.134	True	filename	2	data/blue_catalyst_poc/rumen/raw/10674_0007_idba_bin.134.fa.gz	data/blue_catalyst_poc/rumen/raw/10674_0007_idba_bin.134.fa.gz;data/blue_catalyst_poc/proteomes/_tmp_rumen_nuc/10674_0007_idba_bin.134.fa	True	proteome_faa_stem	1	data/blue_catalyst_poc/proteomes/rumen__10674_0007_idba_bin.134.faa
rumen__10674_0007_idba_bin.136	rumen	rumen	Bacteria	10674_0007_idba_bin.136	ERZ1037959	webin-genome-10674_0007_idba_bin.136	10674_0007_idba_bin.136.fa.gz	rumen__10674_0007_idba_bin.136	True	filename	2	data/blue_catalyst_poc/rumen/raw/10674_0007_idba_bin.136.fa.gz	data/blue_catalyst_poc/rumen/raw/10674_0007_idba_bin.136.fa.gz;data/blue_catalyst_poc/proteomes/_tmp_rumen/10674_0007_idba_bin.136.fa	True	proteome_faa_stem	1	data/blue_catalyst_poc/proteomes/rumen__10674_0007_idba_bin.136.faa
rumen__10674_0007_idba_bin.14	rumen	rumen	Bacteria	10674_0007_idba_bin.14	ERZ1037960	webin-genome-10674_0007_idba_bin.14	10674_0007_idba_bin.14.fa.gz	rumen__10674_0007_idba_bin.14	True	filename	2	data/blue_catalyst_poc/rumen/raw/10674_0007_idba_bin.14.fa.gz	data/blue_catalyst_poc/rumen/raw/10674_0007_idba_bin.14.fa.gz;data/blue_catalyst_poc/proteomes/_tmp_rumen/10674_0007_idba_bin.14.fa	True	proteome_faa_stem	1	data/blue_catalyst_poc/proteomes/rumen__10674_0007_idba_bin.14.faa
rumen__10674_0007_idba_bin.142	rumen	rumen	Bacteria	10674_0007_idba_bin.142	ERZ1037961	webin-genome-10674_0007_idba_bin.142	10674_0007_idba_bin.142.fa.gz	rumen__10674_0007_idba_bin.142	True	filename	2	data/blue_catalyst_poc/rumen/raw/10674_0007_idba_bin.142.fa.gz	data/blue_catalyst_poc/rumen/raw/10674_0007_idba_bin.142.fa.gz;data/blue_catalyst_poc/proteomes/_tmp_rumen/10674_0007_idba_bin.142.fa	True	proteome_faa_stem	1	data/blue_catalyst_poc/proteomes/rumen__10674_0007_idba_bin.142.faa
rumen__10674_0007_idba_bin.143	rumen	rumen	Bacteria	10674_0007_idba_bin.143	ERZ1037962	webin-genome-10674_0007_idba_bin.143	10674_0007_idba_bin.143.fa.gz	rumen__10674_0007_idba_bin.143	True	filename	2	data/blue_catalyst_poc/rumen/raw/10674_0007_idba_bin.143.fa.gz	data/blue_catalyst_poc/rumen/raw/10674_0007_idba_bin.143.fa.gz;data/blue_catalyst_poc/proteomes/_tmp_rumen/10674_0007_idba_bin.143.fa	True	proteome_faa_stem	1	data/blue_catalyst_poc/proteomes/rumen__10674_0007_idba_bin.143.faa
rumen__10674_0007_idba_bin.144	rumen	rumen	Bacteria	10674_0007_idba_bin.144	ERZ1037963	webin-genome-10674_0007_idba_bin.144	10674_0007_idba_bin.144.fa.gz	rumen__10674_0007_idba_bin.144	True	filename	2	data/blue_catalyst_poc/rumen/raw/10674_0007_idba_bin.144.fa.gz	data/blue_catalyst_poc/rumen/raw/10674_0007_idba_bin.144.fa.gz;data/blue_catalyst_poc/proteomes/_tmp_rumen/10674_0007_idba_bin.144.fa	True	proteome_faa_stem	1	data/blue_catalyst_poc/proteomes/rumen__10674_0007_idba_bin.144.faa
rumen__10674_0007_idba_bin.149	rumen	rumen	Bacteria	10674_0007_idba_bin.149	ERZ1037964	webin-genome-10674_0007_idba_bin.149	10674_0007_idba_bin.149.fa.gz	rumen__10674_0007_idba_bin.149	True	filename	2	data/blue_catalyst_poc/rumen/raw/10674_0007_idba_bin.149.fa.gz	data/blue_catalyst_poc/rumen/raw/10674_0007_idba_bin.149.fa.gz;data/blue_catalyst_poc/proteomes/_tmp_rumen_nuc/10674_0007_idba_bin.149.fa	True	proteome_faa_stem	1	data/blue_catalyst_poc/proteomes/rumen__10674_0007_idba_bin.149.faa
rumen__10674_0007_idba_bin.150	rumen	rumen	Bacteria	10674_0007_idba_bin.150	ERZ1037965	webin-genome-10674_0007_idba_bin.150	10674_0007_idba_bin.150.fa.gz	rumen__10674_0007_idba_bin.150	True	filename	2	data/blue_catalyst_poc/rumen/raw/10674_0007_idba_bin.150.fa.gz	data/blue_catalyst_poc/rumen/raw/10674_0007_idba_bin.150.fa.gz;data/blue_catalyst_poc/proteomes/_tmp_rumen/10674_0007_idba_bin.150.fa	True	proteome_faa_stem	1	data/blue_catalyst_poc/proteomes/rumen__10674_0007_idba_bin.150.faa
rumen__10674_0007_idba_bin.151	rumen	rumen	Bacteria	10674_0007_idba_bin.151	ERZ1037966	webin-genome-10674_0007_idba_bin.151	10674_0007_idba_bin.151.fa.gz	rumen__10674_0007_idba_bin.151	True	filename	2	data/blue_catalyst_poc/rumen/raw/10674_0007_idba_bin.151.fa.gz	data/blue_catalyst_poc/rumen/raw/10674_0007_idba_bin.151.fa.gz;data/blue_catalyst_poc/proteomes/_tmp_rumen/10674_0007_idba_bin.151.fa	True	proteome_faa_stem	1	data/blue_catalyst_poc/proteomes/rumen__10674_0007_idba_bin.151.faa
rumen__10674_0007_idba_bin.152	rumen	rumen	Bacteria	10674_0007_idba_bin.152	ERZ1037967	webin-genome-10674_0007_idba_bin.152	10674_0007_idba_bin.152.fa.gz	rumen__10674_0007_idba_bin.152	True	filename	2	data/blue_catalyst_poc/rumen/raw/10674_0007_idba_bin.152.fa.gz	data/blue_catalyst_poc/rumen/raw/10674_0007_idba_bin.152.fa.gz;data/blue_catalyst_poc/proteomes/_tmp_rumen/10674_0007_idba_bin.152.fa	True	proteome_faa_stem	1	data/blue_catalyst_poc/proteomes/rumen__10674_0007_idba_bin.152.faa
rumen__10674_0007_idba_bin.154	rumen	rumen	Bacteria	10674_0007_idba_bin.154	ERZ1037968	webin-genome-10674_0007_idba_bin.154	10674_0007_idba_bin.154.fa.gz	rumen__10674_0007_idba_bin.154	True	filename	2	data/blue_catalyst_poc/rumen/raw/10674_0007_idba_bin.154.fa.gz	data/blue_catalyst_poc/rumen/raw/10674_0007_idba_bin.154.fa.gz;data/blue_catalyst_poc/proteomes/_tmp_rumen/10674_0007_idba_bin.154.fa	True	proteome_faa_stem	1	data/blue_catalyst_poc/proteomes/rumen__10674_0007_idba_bin.154.faa
rumen__10674_0007_idba_bin.156	rumen	rumen	Bacteria	10674_0007_idba_bin.156	ERZ1037970	webin-genome-10674_0007_idba_bin.156	10674_0007_idba_bin.156.fa.gz	rumen__10674_0007_idba_bin.156	True	filename	2	data/blue_catalyst_poc/rumen/raw/10674_0007_idba_bin.156.fa.gz	data/blue_catalyst_poc/rumen/raw/10674_0007_idba_bin.156.fa.gz;data/blue_catalyst_poc/proteomes/_tmp_rumen/10674_0007_idba_bin.156.fa	True	proteome_faa_stem	1	data/blue_catalyst_poc/proteomes/rumen__10674_0007_idba_bin.156.faa
rumen__10674_0007_idba_bin.157	rumen	rumen	Bacteria	10674_0007_idba_bin.157	ERZ1037971	webin-genome-10674_0007_idba_bin.157	10674_0007_idba_bin.157.fa.gz	rumen__10674_0007_idba_bin.157	True	filename	2	data/blue_catalyst_poc/rumen/raw/10674_0007_idba_bin.157.fa.gz	data/blue_catalyst_poc/rumen/raw/10674_0007_idba_bin.157.fa.gz;data/blue_catalyst_poc/proteomes/_tmp_rumen/10674_0007_idba_bin.157.fa	True	proteome_faa_stem	1	data/blue_catalyst_poc/proteomes/rumen__10674_0007_idba_bin.157.faa
rumen__10674_0007_idba_bin.160	rumen	rumen	Bacteria	10674_0007_idba_bin.160	ERZ1037972	webin-genome-10674_0007_idba_bin.160	10674_0007_idba_bin.160.fa.gz	rumen__10674_0007_idba_bin.160	True	filename	2	data/blue_catalyst_poc/rumen/raw/10674_0007_idba_bin.160.fa.gz	data/blue_catalyst_poc/rumen/raw/10674_0007_idba_bin.160.fa.gz;data/blue_catalyst_poc/proteomes/_tmp_rumen/10674_0007_idba_bin.160.fa	True	proteome_faa_stem	1	data/blue_catalyst_poc/proteomes/rumen__10674_0007_idba_bin.160.faa
rumen__10674_0007_idba_bin.161	rumen	rumen	Bacteria	10674_0007_idba_bin.161	ERZ1037973	webin-genome-10674_0007_idba_bin.161	10674_0007_idba_bin.161.fa.gz	rumen__10674_0007_idba_bin.161	True	filename	2	data/blue_catalyst_poc/rumen/raw/10674_0007_idba_bin.161.fa.gz	data/blue_catalyst_poc/rumen/raw/10674_0007_idba_bin.161.fa.gz;data/blue_catalyst_poc/proteomes/_tmp_rumen/10674_0007_idba_bin.161.fa	True	proteome_faa_stem	1	data/blue_catalyst_poc/proteomes/rumen__10674_0007_idba_bin.161.faa
rumen__10674_0007_idba_bin.163	rumen	rumen	Bacteria	10674_0007_idba_bin.163	ERZ1037974	webin-genome-10674_0007_idba_bin.163	10674_0007_idba_bin.163.fa.gz	rumen__10674_0007_idba_bin.163	True	filename	2	data/blue_catalyst_poc/rumen/raw/10674_0007_idba_bin.163.fa.gz	data/blue_catalyst_poc/rumen/raw/10674_0007_idba_bin.163.fa.gz;data/blue_catalyst_poc/proteomes/_tmp_rumen/10674_0007_idba_bin.163.fa	True	proteome_faa_stem	1	data/blue_catalyst_poc/proteomes/rumen__10674_0007_idba_bin.163.faa
rumen__10674_0007_idba_bin.168	rumen	rumen	Bacteria	10674_0007_idba_bin.168	ERZ1037975	webin-genome-10674_0007_idba_bin.168	10674_0007_idba_bin.168.fa.gz	rumen__10674_0007_idba_bin.168	True	filename	2	data/blue_catalyst_poc/rumen/raw/10674_0007_idba_bin.168.fa.gz	data/blue_catalyst_poc/rumen/raw/10674_0007_idba_bin.168.fa.gz;data/blue_catalyst_poc/proteomes/_tmp_rumen/10674_0007_idba_bin.168.fa	True	proteome_faa_stem	1	data/blue_catalyst_poc/proteomes/rumen__10674_0007_idba_bin.168.faa
rumen__10674_0007_idba_bin.17	rumen	rumen	Bacteria	10674_0007_idba_bin.17	ERZ1037976	webin-genome-10674_0007_idba_bin.17	10674_0007_idba_bin.17.fa.gz	rumen__10674_0007_idba_bin.17	True	filename	2	data/blue_catalyst_poc/rumen/raw/10674_0007_idba_bin.17.fa.gz	data/blue_catalyst_poc/rumen/raw/10674_0007_idba_bin.17.fa.gz;data/blue_catalyst_poc/proteomes/_tmp_rumen/10674_0007_idba_bin.17.fa	True	proteome_faa_stem	1	data/blue_catalyst_poc/proteomes/rumen__10674_0007_idba_bin.17.faa
rumen__10674_0007_idba_bin.171	rumen	rumen	Bacteria	10674_0007_idba_bin.171	ERZ1037977	webin-genome-10674_0007_idba_bin.171	10674_0007_idba_bin.171.fa.gz	rumen__10674_0007_idba_bin.171	True	filename	2	data/blue_catalyst_poc/rumen/raw/10674_0007_idba_bin.171.fa.gz	data/blue_catalyst_poc/rumen/raw/10674_0007_idba_bin.171.fa.gz;data/blue_catalyst_poc/proteomes/_tmp_rumen/10674_0007_idba_bin.171.fa	True	proteome_faa_stem	1	data/blue_catalyst_poc/proteomes/rumen__10674_0007_idba_bin.171.faa
rumen__10674_0007_idba_bin.173	rumen	rumen	Bacteria	10674_0007_idba_bin.173	ERZ1037978	webin-genome-10674_0007_idba_bin.173	10674_0007_idba_bin.173.fa.gz	rumen__10674_0007_idba_bin.173	True	filename	2	data/blue_catalyst_poc/rumen/raw/10674_0007_idba_bin.173.fa.gz	data/blue_catalyst_poc/rumen/raw/10674_0007_idba_bin.173.fa.gz;data/blue_catalyst_poc/proteomes/_tmp_rumen/10674_0007_idba_bin.173.fa	True	proteome_faa_stem	1	data/blue_catalyst_poc/proteomes/rumen__10674_0007_idba_bin.173.faa
rumen__10674_0007_idba_bin.174	rumen	rumen	Bacteria	10674_0007_idba_bin.174	ERZ1037979	webin-genome-10674_0007_idba_bin.174	10674_0007_idba_bin.174.fa.gz	rumen__10674_0007_idba_bin.174	True	filename	2	data/blue_catalyst_poc/rumen/raw/10674_0007_idba_bin.174.fa.gz	data/blue_catalyst_poc/rumen/raw/10674_0007_idba_bin.174.fa.gz;data/blue_catalyst_poc/proteomes/_tmp_rumen/10674_0007_idba_bin.174.fa	True	proteome_faa_stem	1	data/blue_catalyst_poc/proteomes/rumen__10674_0007_idba_bin.174.faa
rumen__10674_0007_idba_bin.175	rumen	rumen	Bacteria	10674_0007_idba_bin.175	ERZ1037980	webin-genome-10674_0007_idba_bin.175	10674_0007_idba_bin.175.fa.gz	rumen__10674_0007_idba_bin.175	True	filename	2	data/blue_catalyst_poc/rumen/raw/10674_0007_idba_bin.175.fa.gz	data/blue_catalyst_poc/rumen/raw/10674_0007_idba_bin.175.fa.gz;data/blue_catalyst_poc/proteomes/_tmp_rumen/10674_0007_idba_bin.175.fa	True	proteome_faa_stem	1	data/blue_catalyst_poc/proteomes/rumen__10674_0007_idba_bin.175.faa
rumen__10674_0007_idba_bin.176	rumen	rumen	Bacteria	10674_0007_idba_bin.176	ERZ1037981	webin-genome-10674_0007_idba_bin.176	10674_0007_idba_bin.176.fa.gz	rumen__10674_0007_idba_bin.176	True	filename	2	data/blue_catalyst_poc/rumen/raw/10674_0007_idba_bin.176.fa.gz	data/blue_catalyst_poc/rumen/raw/10674_0007_idba_bin.176.fa.gz;data/blue_catalyst_poc/proteomes/_tmp_rumen/10674_0007_idba_bin.176.fa	True	proteome_faa_stem	1	data/blue_catalyst_poc/proteomes/rumen__10674_0007_idba_bin.176.faa
rumen__10674_0007_idba_bin.178	rumen	rumen	Bacteria	10674_0007_idba_bin.178	ERZ1037982	webin-genome-10674_0007_idba_bin.178	10674_0007_idba_bin.178.fa.gz	rumen__10674_0007_idba_bin.178	True	filename	2	data/blue_catalyst_poc/rumen/raw/10674_0007_idba_bin.178.fa.gz	data/blue_catalyst_poc/rumen/raw/10674_0007_idba_bin.178.fa.gz;data/blue_catalyst_poc/proteomes/_tmp_rumen/10674_0007_idba_bin.178.fa	True	proteome_faa_stem	1	data/blue_catalyst_poc/proteomes/rumen__10674_0007_idba_bin.178.faa
rumen__10674_0007_idba_bin.19	rumen	rumen	Bacteria	10674_0007_idba_bin.19	ERZ1037983	webin-genome-10674_0007_idba_bin.19	10674_0007_idba_bin.19.fa.gz	rumen__10674_0007_idba_bin.19	True	filename	2	data/blue_catalyst_poc/rumen/raw/10674_0007_idba_bin.19.fa.gz	data/blue_catalyst_poc/rumen/raw/10674_0007_idba_bin.19.fa.gz;data/blue_catalyst_poc/proteomes/_tmp_rumen/10674_0007_idba_bin.19.fa	True	proteome_faa_stem	1	data/blue_catalyst_poc/proteomes/rumen__10674_0007_idba_bin.19.faa
rumen__10674_0007_idba_bin.25	rumen	rumen	Bacteria	10674_0007_idba_bin.25	ERZ1037984	webin-genome-10674_0007_idba_bin.25	10674_0007_idba_bin.25.fa.gz	rumen__10674_0007_idba_bin.25	True	filename	2	data/blue_catalyst_poc/rumen/raw/10674_0007_idba_bin.25.fa.gz	data/blue_catalyst_poc/rumen/raw/10674_0007_idba_bin.25.fa.gz;data/blue_catalyst_poc/proteomes/_tmp_rumen/10674_0007_idba_bin.25.fa	True	proteome_faa_stem	1	data/blue_catalyst_poc/proteomes/rumen__10674_0007_idba_bin.25.faa
rumen__10674_0007_idba_bin.26	rumen	rumen	Bacteria	10674_0007_idba_bin.26	ERZ1037985	webin-genome-10674_0007_idba_bin.26	10674_0007_idba_bin.26.fa.gz	rumen__10674_0007_idba_bin.26	True	filename	2	data/blue_catalyst_poc/rumen/raw/10674_0007_idba_bin.26.fa.gz	data/blue_catalyst_poc/rumen/raw/10674_0007_idba_bin.26.fa.gz;data/blue_catalyst_poc/proteomes/_tmp_rumen/10674_0007_idba_bin.26.fa	True	proteome_faa_stem	1	data/blue_catalyst_poc/proteomes/rumen__10674_0007_idba_bin.26.faa
rumen__10674_0007_idba_bin.27	rumen	rumen	Archaea	10674_0007_idba_bin.27	ERZ1037986	webin-genome-10674_0007_idba_bin.27	10674_0007_idba_bin.27.fa.gz	rumen__10674_0007_idba_bin.27	True	filename	2	data/blue_catalyst_poc/rumen/raw/10674_0007_idba_bin.27.fa.gz	data/blue_catalyst_poc/rumen/raw/10674_0007_idba_bin.27.fa.gz;data/blue_catalyst_poc/proteomes/_tmp_rumen/10674_0007_idba_bin.27.fa	True	proteome_faa_stem	1	data/blue_catalyst_poc/proteomes/rumen__10674_0007_idba_bin.27.faa
rumen__10674_0007_idba_bin.30	rumen	rumen	Bacteria	10674_0007_idba_bin.30	ERZ1037987	webin-genome-10674_0007_idba_bin.30	10674_0007_idba_bin.30.fa.gz	rumen__10674_0007_idba_bin.30	True	filename	2	data/blue_catalyst_poc/rumen/raw/10674_0007_idba_bin.30.fa.gz	data/blue_catalyst_poc/rumen/raw/10674_0007_idba_bin.30.fa.gz;data/blue_catalyst_poc/proteomes/_tmp_rumen/10674_0007_idba_bin.30.fa	True	proteome_faa_stem	1	data/blue_catalyst_poc/proteomes/rumen__10674_0007_idba_bin.30.faa
rumen__10674_0007_idba_bin.31	rumen	rumen	Bacteria	10674_0007_idba_bin.31	ERZ1037988	webin-genome-10674_0007_idba_bin.31	10674_0007_idba_bin.31.fa.gz	rumen__10674_0007_idba_bin.31	True	filename	2	data/blue_catalyst_poc/rumen/raw/10674_0007_idba_bin.31.fa.gz	data/blue_catalyst_poc/rumen/raw/10674_0007_idba_bin.31.fa.gz;data/blue_catalyst_poc/proteomes/_tmp_rumen/10674_0007_idba_bin.31.fa	True	proteome_faa_stem	1	data/blue_catalyst_poc/proteomes/rumen__10674_0007_idba_bin.31.faa
rumen__10674_0007_idba_bin.34	rumen	rumen	Bacteria	10674_0007_idba_bin.34	ERZ1037989	webin-genome-10674_0007_idba_bin.34	10674_0007_idba_bin.34.fa.gz	rumen__10674_0007_idba_bin.34	True	filename	2	data/blue_catalyst_poc/rumen/raw/10674_0007_idba_bin.34.fa.gz	data/blue_catalyst_poc/rumen/raw/10674_0007_idba_bin.34.fa.gz;data/blue_catalyst_poc/proteomes/_tmp_rumen/10674_0007_idba_bin.34.fa	True	proteome_faa_stem	1	data/blue_catalyst_poc/proteomes/rumen__10674_0007_idba_bin.34.faa
rumen__10674_0007_idba_bin.35	rumen	rumen	Bacteria	10674_0007_idba_bin.35	ERZ1037990	webin-genome-10674_0007_idba_bin.35	10674_0007_idba_bin.35.fa.gz	rumen__10674_0007_idba_bin.35	True	filename	2	data/blue_catalyst_poc/rumen/raw/10674_0007_idba_bin.35.fa.gz	data/blue_catalyst_poc/rumen/raw/10674_0007_idba_bin.35.fa.gz;data/blue_catalyst_poc/proteomes/_tmp_rumen/10674_0007_idba_bin.35.fa	True	proteome_faa_stem	1	data/blue_catalyst_poc/proteomes/rumen__10674_0007_idba_bin.35.faa
rumen__10674_0007_idba_bin.36	rumen	rumen	Bacteria	10674_0007_idba_bin.36	ERZ1037991	webin-genome-10674_0007_idba_bin.36	10674_0007_idba_bin.36.fa.gz	rumen__10674_0007_idba_bin.36	True	filename	2	data/blue_catalyst_poc/rumen/raw/10674_0007_idba_bin.36.fa.gz	data/blue_catalyst_poc/rumen/raw/10674_0007_idba_bin.36.fa.gz;data/blue_catalyst_poc/proteomes/_tmp_rumen/10674_0007_idba_bin.36.fa	True	proteome_faa_stem	1	data/blue_catalyst_poc/proteomes/rumen__10674_0007_idba_bin.36.faa
rumen__10674_0007_idba_bin.37	rumen	rumen	Bacteria	10674_0007_idba_bin.37	ERZ1037992	webin-genome-10674_0007_idba_bin.37	10674_0007_idba_bin.37.fa.gz	rumen__10674_0007_idba_bin.37	True	filename	2	data/blue_catalyst_poc/rumen/raw/10674_0007_idba_bin.37.fa.gz	data/blue_catalyst_poc/rumen/raw/10674_0007_idba_bin.37.fa.gz;data/blue_catalyst_poc/proteomes/_tmp_rumen/10674_0007_idba_bin.37.fa	True	proteome_faa_stem	1	data/blue_catalyst_poc/proteomes/rumen__10674_0007_idba_bin.37.faa
rumen__10674_0007_idba_bin.39	rumen	rumen	Bacteria	10674_0007_idba_bin.39	ERZ1037993	webin-genome-10674_0007_idba_bin.39	10674_0007_idba_bin.39.fa.gz	rumen__10674_0007_idba_bin.39	True	filename	2	data/blue_catalyst_poc/rumen/raw/10674_0007_idba_bin.39.fa.gz	data/blue_catalyst_poc/rumen/raw/10674_0007_idba_bin.39.fa.gz;data/blue_catalyst_poc/proteomes/_tmp_rumen/10674_0007_idba_bin.39.fa	True	proteome_faa_stem	1	data/blue_catalyst_poc/proteomes/rumen__10674_0007_idba_bin.39.faa
rumen__10674_0007_idba_bin.4	rumen	rumen	Bacteria	10674_0007_idba_bin.4	ERZ1037994	webin-genome-10674_0007_idba_bin.4	10674_0007_idba_bin.4.fa.gz	rumen__10674_0007_idba_bin.4	True	filename	2	data/blue_catalyst_poc/rumen/raw/10674_0007_idba_bin.4.fa.gz	data/blue_catalyst_poc/rumen/raw/10674_0007_idba_bin.4.fa.gz;data/blue_catalyst_poc/proteomes/_tmp_rumen/10674_0007_idba_bin.4.fa	True	proteome_faa_stem	1	data/blue_catalyst_poc/proteomes/rumen__10674_0007_idba_bin.4.faa
rumen__10674_0007_idba_bin.42	rumen	rumen	Bacteria	10674_0007_idba_bin.42	ERZ1037995	webin-genome-10674_0007_idba_bin.42	10674_0007_idba_bin.42.fa.gz	rumen__10674_0007_idba_bin.42	True	filename	2	data/blue_catalyst_poc/rumen/raw/10674_0007_idba_bin.42.fa.gz	data/blue_catalyst_poc/rumen/raw/10674_0007_idba_bin.42.fa.gz;data/blue_catalyst_poc/proteomes/_tmp_rumen/10674_0007_idba_bin.42.fa	True	proteome_faa_stem	1	data/blue_catalyst_poc/proteomes/rumen__10674_0007_idba_bin.42.faa
rumen__10674_0007_idba_bin.45	rumen	rumen	Bacteria	10674_0007_idba_bin.45	ERZ1037996	webin-genome-10674_0007_idba_bin.45	10674_0007_idba_bin.45.fa.gz	rumen__10674_0007_idba_bin.45	True	filename	2	data/blue_catalyst_poc/rumen/raw/10674_0007_idba_bin.45.fa.gz	data/blue_catalyst_poc/rumen/raw/10674_0007_idba_bin.45.fa.gz;data/blue_catalyst_poc/proteomes/_tmp_rumen/10674_0007_idba_bin.45.fa	True	proteome_faa_stem	1	data/blue_catalyst_poc/proteomes/rumen__10674_0007_idba_bin.45.faa
rumen__10674_0007_idba_bin.47	rumen	rumen	Bacteria	10674_0007_idba_bin.47	ERZ1037997	webin-genome-10674_0007_idba_bin.47	10674_0007_idba_bin.47.fa.gz	rumen__10674_0007_idba_bin.47	True	filename	2	data/blue_catalyst_poc/rumen/raw/10674_0007_idba_bin.47.fa.gz	data/blue_catalyst_poc/rumen/raw/10674_0007_idba_bin.47.fa.gz;data/blue_catalyst_poc/proteomes/_tmp_rumen/10674_0007_idba_bin.47.fa	True	proteome_faa_stem	1	data/blue_catalyst_poc/proteomes/rumen__10674_0007_idba_bin.47.faa
rumen__10674_0007_idba_bin.49	rumen	rumen	Bacteria	10674_0007_idba_bin.49	ERZ1037998	webin-genome-10674_0007_idba_bin.49	10674_0007_idba_bin.49.fa.gz	rumen__10674_0007_idba_bin.49	True	filename	2	data/blue_catalyst_poc/rumen/raw/10674_0007_idba_bin.49.fa.gz	data/blue_catalyst_poc/rumen/raw/10674_0007_idba_bin.49.fa.gz;data/blue_catalyst_poc/proteomes/_tmp_rumen/10674_0007_idba_bin.49.fa	True	proteome_faa_stem	1	data/blue_catalyst_poc/proteomes/rumen__10674_0007_idba_bin.49.faa
rumen__10674_0007_idba_bin.5	rumen	rumen	Bacteria	10674_0007_idba_bin.5	ERZ1037999	webin-genome-10674_0007_idba_bin.5	10674_0007_idba_bin.5.fa.gz	rumen__10674_0007_idba_bin.5	True	filename	2	data/blue_catalyst_poc/rumen/raw/10674_0007_idba_bin.5.fa.gz	data/blue_catalyst_poc/rumen/raw/10674_0007_idba_bin.5.fa.gz;data/blue_catalyst_poc/proteomes/_tmp_rumen/10674_0007_idba_bin.5.fa	True	proteome_faa_stem	1	data/blue_catalyst_poc/proteomes/rumen__10674_0007_idba_bin.5.faa
rumen__10674_0007_idba_bin.52	rumen	rumen	Bacteria	10674_0007_idba_bin.52	ERZ1038000	webin-genome-10674_0007_idba_bin.52	10674_0007_idba_bin.52.fa.gz	rumen__10674_0007_idba_bin.52	True	filename	2	data/blue_catalyst_poc/rumen/raw/10674_0007_idba_bin.52.fa.gz	data/blue_catalyst_poc/rumen/raw/10674_0007_idba_bin.52.fa.gz;data/blue_catalyst_poc/proteomes/_tmp_rumen/10674_0007_idba_bin.52.fa	True	proteome_faa_stem	1	data/blue_catalyst_poc/proteomes/rumen__10674_0007_idba_bin.52.faa
rumen__10674_0007_idba_bin.55	rumen	rumen	Bacteria	10674_0007_idba_bin.55	ERZ1038001	webin-genome-10674_0007_idba_bin.55	10674_0007_idba_bin.55.fa.gz	rumen__10674_0007_idba_bin.55	True	filename	2	data/blue_catalyst_poc/rumen/raw/10674_0007_idba_bin.55.fa.gz	data/blue_catalyst_poc/rumen/raw/10674_0007_idba_bin.55.fa.gz;data/blue_catalyst_poc/proteomes/_tmp_rumen/10674_0007_idba_bin.55.fa	True	proteome_faa_stem	1	data/blue_catalyst_poc/proteomes/rumen__10674_0007_idba_bin.55.faa
rumen__10674_0007_idba_bin.58	rumen	rumen	Bacteria	10674_0007_idba_bin.58	ERZ1038002	webin-genome-10674_0007_idba_bin.58	10674_0007_idba_bin.58.fa.gz	rumen__10674_0007_idba_bin.58	True	filename	2	data/blue_catalyst_poc/rumen/raw/10674_0007_idba_bin.58.fa.gz	data/blue_catalyst_poc/rumen/raw/10674_0007_idba_bin.58.fa.gz;data/blue_catalyst_poc/proteomes/_tmp_rumen/10674_0007_idba_bin.58.fa	True	proteome_faa_stem	1	data/blue_catalyst_poc/proteomes/rumen__10674_0007_idba_bin.58.faa
rumen__10674_0007_idba_bin.59	rumen	rumen	Bacteria	10674_0007_idba_bin.59	ERZ1038003	webin-genome-10674_0007_idba_bin.59	10674_0007_idba_bin.59.fa.gz	rumen__10674_0007_idba_bin.59	True	filename	2	data/blue_catalyst_poc/rumen/raw/10674_0007_idba_bin.59.fa.gz	data/blue_catalyst_poc/rumen/raw/10674_0007_idba_bin.59.fa.gz;data/blue_catalyst_poc/proteomes/_tmp_rumen/10674_0007_idba_bin.59.fa	True	proteome_faa_stem	1	data/blue_catalyst_poc/proteomes/rumen__10674_0007_idba_bin.59.faa
rumen__10674_0007_idba_bin.61	rumen	rumen	Bacteria	10674_0007_idba_bin.61	ERZ1038004	webin-genome-10674_0007_idba_bin.61	10674_0007_idba_bin.61.fa.gz	rumen__10674_0007_idba_bin.61	True	filename	2	data/blue_catalyst_poc/rumen/raw/10674_0007_idba_bin.61.fa.gz	data/blue_catalyst_poc/rumen/raw/10674_0007_idba_bin.61.fa.gz;data/blue_catalyst_poc/proteomes/_tmp_rumen/10674_0007_idba_bin.61.fa	True	proteome_faa_stem	1	data/blue_catalyst_poc/proteomes/rumen__10674_0007_idba_bin.61.faa
rumen__10674_0007_idba_bin.62	rumen	rumen	Bacteria	10674_0007_idba_bin.62	ERZ1038005	webin-genome-10674_0007_idba_bin.62	10674_0007_idba_bin.62.fa.gz	rumen__10674_0007_idba_bin.62	True	filename	2	data/blue_catalyst_poc/rumen/raw/10674_0007_idba_bin.62.fa.gz	data/blue_catalyst_poc/rumen/raw/10674_0007_idba_bin.62.fa.gz;data/blue_catalyst_poc/proteomes/_tmp_rumen/10674_0007_idba_bin.62.fa	True	proteome_faa_stem	1	data/blue_catalyst_poc/proteomes/rumen__10674_0007_idba_bin.62.faa
rumen__10674_0007_idba_bin.63	rumen	rumen	Bacteria	10674_0007_idba_bin.63	ERZ1038006	webin-genome-10674_0007_idba_bin.63	10674_0007_idba_bin.63.fa.gz	rumen__10674_0007_idba_bin.63	True	filename	2	data/blue_catalyst_poc/rumen/raw/10674_0007_idba_bin.63.fa.gz	data/blue_catalyst_poc/rumen/raw/10674_0007_idba_bin.63.fa.gz;data/blue_catalyst_poc/proteomes/_tmp_rumen/10674_0007_idba_bin.63.fa	True	proteome_faa_stem	1	data/blue_catalyst_poc/proteomes/rumen__10674_0007_idba_bin.63.faa
rumen__10674_0007_idba_bin.66	rumen	rumen	Bacteria	10674_0007_idba_bin.66	ERZ1038007	webin-genome-10674_0007_idba_bin.66	10674_0007_idba_bin.66.fa.gz	rumen__10674_0007_idba_bin.66	True	filename	2	data/blue_catalyst_poc/rumen/raw/10674_0007_idba_bin.66.fa.gz	data/blue_catalyst_poc/rumen/raw/10674_0007_idba_bin.66.fa.gz;data/blue_catalyst_poc/proteomes/_tmp_rumen/10674_0007_idba_bin.66.fa	True	proteome_faa_stem	1	data/blue_catalyst_poc/proteomes/rumen__10674_0007_idba_bin.66.faa
rumen__10674_0007_idba_bin.67	rumen	rumen	Bacteria	10674_0007_idba_bin.67	ERZ1038008	webin-genome-10674_0007_idba_bin.67	10674_0007_idba_bin.67.fa.gz	rumen__10674_0007_idba_bin.67	True	filename	2	data/blue_catalyst_poc/rumen/raw/10674_0007_idba_bin.67.fa.gz	data/blue_catalyst_poc/rumen/raw/10674_0007_idba_bin.67.fa.gz;data/blue_catalyst_poc/proteomes/_tmp_rumen/10674_0007_idba_bin.67.fa	True	proteome_faa_stem	1	data/blue_catalyst_poc/proteomes/rumen__10674_0007_idba_bin.67.faa
rumen__10674_0007_idba_bin.68	rumen	rumen	Bacteria	10674_0007_idba_bin.68	ERZ1038009	webin-genome-10674_0007_idba_bin.68	10674_0007_idba_bin.68.fa.gz	rumen__10674_0007_idba_bin.68	True	filename	2	data/blue_catalyst_poc/rumen/raw/10674_0007_idba_bin.68.fa.gz	data/blue_catalyst_poc/rumen/raw/10674_0007_idba_bin.68.fa.gz;data/blue_catalyst_poc/proteomes/_tmp_rumen/10674_0007_idba_bin.68.fa	True	proteome_faa_stem	1	data/blue_catalyst_poc/proteomes/rumen__10674_0007_idba_bin.68.faa
rumen__10674_0007_idba_bin.7	rumen	rumen	Bacteria	10674_0007_idba_bin.7	ERZ1038010	webin-genome-10674_0007_idba_bin.7	10674_0007_idba_bin.7.fa.gz	rumen__10674_0007_idba_bin.7	True	filename	2	data/blue_catalyst_poc/rumen/raw/10674_0007_idba_bin.7.fa.gz	data/blue_catalyst_poc/rumen/raw/10674_0007_idba_bin.7.fa.gz;data/blue_catalyst_poc/proteomes/_tmp_rumen/10674_0007_idba_bin.7.fa	True	proteome_faa_stem	1	data/blue_catalyst_poc/proteomes/rumen__10674_0007_idba_bin.7.faa
rumen__10674_0007_idba_bin.71	rumen	rumen	Bacteria	10674_0007_idba_bin.71	ERZ1038011	webin-genome-10674_0007_idba_bin.71	10674_0007_idba_bin.71.fa.gz	rumen__10674_0007_idba_bin.71	True	filename	2	data/blue_catalyst_poc/rumen/raw/10674_0007_idba_bin.71.fa.gz	data/blue_catalyst_poc/rumen/raw/10674_0007_idba_bin.71.fa.gz;data/blue_catalyst_poc/proteomes/_tmp_rumen/10674_0007_idba_bin.71.fa	True	proteome_faa_stem	1	data/blue_catalyst_poc/proteomes/rumen__10674_0007_idba_bin.71.faa
rumen__10674_0007_idba_bin.72	rumen	rumen	Bacteria	10674_0007_idba_bin.72	ERZ1038012	webin-genome-10674_0007_idba_bin.72	10674_0007_idba_bin.72.fa.gz	rumen__10674_0007_idba_bin.72	True	filename	2	data/blue_catalyst_poc/rumen/raw/10674_0007_idba_bin.72.fa.gz	data/blue_catalyst_poc/rumen/raw/10674_0007_idba_bin.72.fa.gz;data/blue_catalyst_poc/proteomes/_tmp_rumen/10674_0007_idba_bin.72.fa	True	proteome_faa_stem	1	data/blue_catalyst_poc/proteomes/rumen__10674_0007_idba_bin.72.faa
rumen__10674_0007_idba_bin.73	rumen	rumen	Bacteria	10674_0007_idba_bin.73	ERZ1038013	webin-genome-10674_0007_idba_bin.73	10674_0007_idba_bin.73.fa.gz	rumen__10674_0007_idba_bin.73	True	filename	2	data/blue_catalyst_poc/rumen/raw/10674_0007_idba_bin.73.fa.gz	data/blue_catalyst_poc/rumen/raw/10674_0007_idba_bin.73.fa.gz;data/blue_catalyst_poc/proteomes/_tmp_rumen/10674_0007_idba_bin.73.fa	True	proteome_faa_stem	1	data/blue_catalyst_poc/proteomes/rumen__10674_0007_idba_bin.73.faa
rumen__10674_0007_idba_bin.76	rumen	rumen	Bacteria	10674_0007_idba_bin.76	ERZ1038014	webin-genome-10674_0007_idba_bin.76	10674_0007_idba_bin.76.fa.gz	rumen__10674_0007_idba_bin.76	True	filename	2	data/blue_catalyst_poc/rumen/raw/10674_0007_idba_bin.76.fa.gz	data/blue_catalyst_poc/rumen/raw/10674_0007_idba_bin.76.fa.gz;data/blue_catalyst_poc/proteomes/_tmp_rumen/10674_0007_idba_bin.76.fa	True	proteome_faa_stem	1	data/blue_catalyst_poc/proteomes/rumen__10674_0007_idba_bin.76.faa
rumen__10674_0007_idba_bin.79	rumen	rumen	Bacteria	10674_0007_idba_bin.79	ERZ1038015	webin-genome-10674_0007_idba_bin.79	10674_0007_idba_bin.79.fa.gz	rumen__10674_0007_idba_bin.79	True	filename	2	data/blue_catalyst_poc/rumen/raw/10674_0007_idba_bin.79.fa.gz	data/blue_catalyst_poc/rumen/raw/10674_0007_idba_bin.79.fa.gz;data/blue_catalyst_poc/proteomes/_tmp_rumen/10674_0007_idba_bin.79.fa	True	proteome_faa_stem	1	data/blue_catalyst_poc/proteomes/rumen__10674_0007_idba_bin.79.faa
rumen__10674_0007_idba_bin.81	rumen	rumen	Bacteria	10674_0007_idba_bin.81	ERZ1038016	webin-genome-10674_0007_idba_bin.81	10674_0007_idba_bin.81.fa.gz	rumen__10674_0007_idba_bin.81	True	filename	2	data/blue_catalyst_poc/rumen/raw/10674_0007_idba_bin.81.fa.gz	data/blue_catalyst_poc/rumen/raw/10674_0007_idba_bin.81.fa.gz;data/blue_catalyst_poc/proteomes/_tmp_rumen/10674_0007_idba_bin.81.fa	True	proteome_faa_stem	1	data/blue_catalyst_poc/proteomes/rumen__10674_0007_idba_bin.81.faa
rumen__10674_0007_idba_bin.82	rumen	rumen	Bacteria	10674_0007_idba_bin.82	ERZ1038017	webin-genome-10674_0007_idba_bin.82	10674_0007_idba_bin.82.fa.gz	rumen__10674_0007_idba_bin.82	True	filename	2	data/blue_catalyst_poc/rumen/raw/10674_0007_idba_bin.82.fa.gz	data/blue_catalyst_poc/rumen/raw/10674_0007_idba_bin.82.fa.gz;data/blue_catalyst_poc/proteomes/_tmp_rumen/10674_0007_idba_bin.82.fa	True	proteome_faa_stem	1	data/blue_catalyst_poc/proteomes/rumen__10674_0007_idba_bin.82.faa
rumen__10674_0007_idba_bin.83	rumen	rumen	Archaea	10674_0007_idba_bin.83	ERZ1038018	webin-genome-10674_0007_idba_bin.83	10674_0007_idba_bin.83.fa.gz	rumen__10674_0007_idba_bin.83	True	filename	2	data/blue_catalyst_poc/rumen/raw/10674_0007_idba_bin.83.fa.gz	data/blue_catalyst_poc/rumen/raw/10674_0007_idba_bin.83.fa.gz;data/blue_catalyst_poc/proteomes/_tmp_rumen/10674_0007_idba_bin.83.fa	True	proteome_faa_stem	1	data/blue_catalyst_poc/proteomes/rumen__10674_0007_idba_bin.83.faa
rumen__10674_0007_idba_bin.84	rumen	rumen	Bacteria	10674_0007_idba_bin.84	ERZ1038019	webin-genome-10674_0007_idba_bin.84	10674_0007_idba_bin.84.fa.gz	rumen__10674_0007_idba_bin.84	True	filename	2	data/blue_catalyst_poc/rumen/raw/10674_0007_idba_bin.84.fa.gz	data/blue_catalyst_poc/rumen/raw/10674_0007_idba_bin.84.fa.gz;data/blue_catalyst_poc/proteomes/_tmp_rumen/10674_0007_idba_bin.84.fa	True	proteome_faa_stem	1	data/blue_catalyst_poc/proteomes/rumen__10674_0007_idba_bin.84.faa
rumen__10674_0007_idba_bin.88	rumen	rumen	Bacteria	10674_0007_idba_bin.88	ERZ1038020	webin-genome-10674_0007_idba_bin.88	10674_0007_idba_bin.88.fa.gz	rumen__10674_0007_idba_bin.88	True	filename	2	data/blue_catalyst_poc/rumen/raw/10674_0007_idba_bin.88.fa.gz	data/blue_catalyst_poc/rumen/raw/10674_0007_idba_bin.88.fa.gz;data/blue_catalyst_poc/proteomes/_tmp_rumen/10674_0007_idba_bin.88.fa	True	proteome_faa_stem	1	data/blue_catalyst_poc/proteomes/rumen__10674_0007_idba_bin.88.faa
rumen__10674_0007_idba_bin.90	rumen	rumen	Bacteria	10674_0007_idba_bin.90	ERZ1038021	webin-genome-10674_0007_idba_bin.90	10674_0007_idba_bin.90.fa.gz	rumen__10674_0007_idba_bin.90	True	filename	2	data/blue_catalyst_poc/rumen/raw/10674_0007_idba_bin.90.fa.gz	data/blue_catalyst_poc/rumen/raw/10674_0007_idba_bin.90.fa.gz;data/blue_catalyst_poc/proteomes/_tmp_rumen/10674_0007_idba_bin.90.fa	True	proteome_faa_stem	1	data/blue_catalyst_poc/proteomes/rumen__10674_0007_idba_bin.90.faa
rumen__10674_0007_idba_bin.92	rumen	rumen	Bacteria	10674_0007_idba_bin.92	ERZ1038022	webin-genome-10674_0007_idba_bin.92	10674_0007_idba_bin.92.fa.gz	rumen__10674_0007_idba_bin.92	True	filename	2	data/blue_catalyst_poc/rumen/raw/10674_0007_idba_bin.92.fa.gz	data/blue_catalyst_poc/rumen/raw/10674_0007_idba_bin.92.fa.gz;data/blue_catalyst_poc/proteomes/_tmp_rumen/10674_0007_idba_bin.92.fa	True	proteome_faa_stem	1	data/blue_catalyst_poc/proteomes/rumen__10674_0007_idba_bin.92.faa
rumen__10674_0007_idba_bin.93	rumen	rumen	Bacteria	10674_0007_idba_bin.93	ERZ1038023	webin-genome-10674_0007_idba_bin.93	10674_0007_idba_bin.93.fa.gz	rumen__10674_0007_idba_bin.93	True	filename	2	data/blue_catalyst_poc/rumen/raw/10674_0007_idba_bin.93.fa.gz	data/blue_catalyst_poc/rumen/raw/10674_0007_idba_bin.93.fa.gz;data/blue_catalyst_poc/proteomes/_tmp_rumen/10674_0007_idba_bin.93.fa	True	proteome_faa_stem	1	data/blue_catalyst_poc/proteomes/rumen__10674_0007_idba_bin.93.faa
rumen__10674_0007_idba_bin.94	rumen	rumen	Bacteria	10674_0007_idba_bin.94	ERZ1038024	webin-genome-10674_0007_idba_bin.94	10674_0007_idba_bin.94.fa.gz	rumen__10674_0007_idba_bin.94	True	filename	2	data/blue_catalyst_poc/rumen/raw/10674_0007_idba_bin.94.fa.gz	data/blue_catalyst_poc/rumen/raw/10674_0007_idba_bin.94.fa.gz;data/blue_catalyst_poc/proteomes/_tmp_rumen/10674_0007_idba_bin.94.fa	True	proteome_faa_stem	1	data/blue_catalyst_poc/proteomes/rumen__10674_0007_idba_bin.94.faa
rumen__10674_0007_idba_bin.97	rumen	rumen	Bacteria	10674_0007_idba_bin.97	ERZ1038025	webin-genome-10674_0007_idba_bin.97	10674_0007_idba_bin.97.fa.gz	rumen__10674_0007_idba_bin.97	True	filename	2	data/blue_catalyst_poc/rumen/raw/10674_0007_idba_bin.97.fa.gz	data/blue_catalyst_poc/rumen/raw/10674_0007_idba_bin.97.fa.gz;data/blue_catalyst_poc/proteomes/_tmp_rumen/10674_0007_idba_bin.97.fa	True	proteome_faa_stem	1	data/blue_catalyst_poc/proteomes/rumen__10674_0007_idba_bin.97.faa
rumen__10674_0008_idba_bin.10	rumen	rumen	Bacteria	10674_0008_idba_bin.10	ERZ1038026	webin-genome-10674_0008_idba_bin.10	10674_0008_idba_bin.10.fa.gz	rumen__10674_0008_idba_bin.10	True	filename	2	data/blue_catalyst_poc/rumen/raw/10674_0008_idba_bin.10.fa.gz	data/blue_catalyst_poc/rumen/raw/10674_0008_idba_bin.10.fa.gz;data/blue_catalyst_poc/proteomes/_tmp_rumen/10674_0008_idba_bin.10.fa	True	proteome_faa_stem	1	data/blue_catalyst_poc/proteomes/rumen__10674_0008_idba_bin.10.faa
rumen__10674_0008_idba_bin.100	rumen	rumen	Bacteria	10674_0008_idba_bin.100	ERZ1038027	webin-genome-10674_0008_idba_bin.100	10674_0008_idba_bin.100.fa.gz	rumen__10674_0008_idba_bin.100	True	filename	2	data/blue_catalyst_poc/rumen/raw/10674_0008_idba_bin.100.fa.gz	data/blue_catalyst_poc/rumen/raw/10674_0008_idba_bin.100.fa.gz;data/blue_catalyst_poc/proteomes/_tmp_rumen/10674_0008_idba_bin.100.fa	True	proteome_faa_stem	1	data/blue_catalyst_poc/proteomes/rumen__10674_0008_idba_bin.100.faa
rumen__10674_0008_idba_bin.101	rumen	rumen	Bacteria	10674_0008_idba_bin.101	ERZ1038028	webin-genome-10674_0008_idba_bin.101	10674_0008_idba_bin.101.fa.gz	rumen__10674_0008_idba_bin.101	True	filename	2	data/blue_catalyst_poc/rumen/raw/10674_0008_idba_bin.101.fa.gz	data/blue_catalyst_poc/rumen/raw/10674_0008_idba_bin.101.fa.gz;data/blue_catalyst_poc/proteomes/_tmp_rumen/10674_0008_idba_bin.101.fa	True	proteome_faa_stem	1	data/blue_catalyst_poc/proteomes/rumen__10674_0008_idba_bin.101.faa
rumen__10674_0008_idba_bin.108	rumen	rumen	Bacteria	10674_0008_idba_bin.108	ERZ1038029	webin-genome-10674_0008_idba_bin.108	10674_0008_idba_bin.108.fa.gz	rumen__10674_0008_idba_bin.108	True	filename	2	data/blue_catalyst_poc/rumen/raw/10674_0008_idba_bin.108.fa.gz	data/blue_catalyst_poc/rumen/raw/10674_0008_idba_bin.108.fa.gz;data/blue_catalyst_poc/proteomes/_tmp_rumen/10674_0008_idba_bin.108.fa	True	proteome_faa_stem	1	data/blue_catalyst_poc/proteomes/rumen__10674_0008_idba_bin.108.faa
rumen__10674_0008_idba_bin.111	rumen	rumen	Bacteria	10674_0008_idba_bin.111	ERZ1038030	webin-genome-10674_0008_idba_bin.111	10674_0008_idba_bin.111.fa.gz	rumen__10674_0008_idba_bin.111	True	filename	2	data/blue_catalyst_poc/rumen/raw/10674_0008_idba_bin.111.fa.gz	data/blue_catalyst_poc/rumen/raw/10674_0008_idba_bin.111.fa.gz;data/blue_catalyst_poc/proteomes/_tmp_rumen/10674_0008_idba_bin.111.fa	True	proteome_faa_stem	1	data/blue_catalyst_poc/proteomes/rumen__10674_0008_idba_bin.111.faa
rumen__10674_0008_idba_bin.113	rumen	rumen	Bacteria	10674_0008_idba_bin.113	ERZ1038031	webin-genome-10674_0008_idba_bin.113	10674_0008_idba_bin.113.fa.gz	rumen__10674_0008_idba_bin.113	True	filename	2	data/blue_catalyst_poc/rumen/raw/10674_0008_idba_bin.113.fa.gz	data/blue_catalyst_poc/rumen/raw/10674_0008_idba_bin.113.fa.gz;data/blue_catalyst_poc/proteomes/_tmp_rumen/10674_0008_idba_bin.113.fa	True	proteome_faa_stem	1	data/blue_catalyst_poc/proteomes/rumen__10674_0008_idba_bin.113.faa
rumen__10674_0008_idba_bin.15	rumen	rumen	Bacteria	10674_0008_idba_bin.15	ERZ1038032	webin-genome-10674_0008_idba_bin.15	10674_0008_idba_bin.15.fa.gz	rumen__10674_0008_idba_bin.15	True	filename	2	data/blue_catalyst_poc/rumen/raw/10674_0008_idba_bin.15.fa.gz	data/blue_catalyst_poc/rumen/raw/10674_0008_idba_bin.15.fa.gz;data/blue_catalyst_poc/proteomes/_tmp_rumen/10674_0008_idba_bin.15.fa	True	proteome_faa_stem	1	data/blue_catalyst_poc/proteomes/rumen__10674_0008_idba_bin.15.faa
rumen__10674_0008_idba_bin.17	rumen	rumen	Bacteria	10674_0008_idba_bin.17	ERZ1038033	webin-genome-10674_0008_idba_bin.17	10674_0008_idba_bin.17.fa.gz	rumen__10674_0008_idba_bin.17	True	filename	2	data/blue_catalyst_poc/rumen/raw/10674_0008_idba_bin.17.fa.gz	data/blue_catalyst_poc/rumen/raw/10674_0008_idba_bin.17.fa.gz;data/blue_catalyst_poc/proteomes/_tmp_rumen/10674_0008_idba_bin.17.fa	True	proteome_faa_stem	1	data/blue_catalyst_poc/proteomes/rumen__10674_0008_idba_bin.17.faa
rumen__10674_0008_idba_bin.19	rumen	rumen	Bacteria	10674_0008_idba_bin.19	ERZ1038034	webin-genome-10674_0008_idba_bin.19	10674_0008_idba_bin.19.fa.gz	rumen__10674_0008_idba_bin.19	True	filename	2	data/blue_catalyst_poc/rumen/raw/10674_0008_idba_bin.19.fa.gz	data/blue_catalyst_poc/rumen/raw/10674_0008_idba_bin.19.fa.gz;data/blue_catalyst_poc/proteomes/_tmp_rumen/10674_0008_idba_bin.19.fa	True	proteome_faa_stem	1	data/blue_catalyst_poc/proteomes/rumen__10674_0008_idba_bin.19.faa
rumen__10674_0008_idba_bin.2	rumen	rumen	Bacteria	10674_0008_idba_bin.2	ERZ1038035	webin-genome-10674_0008_idba_bin.2	10674_0008_idba_bin.2.fa.gz	rumen__10674_0008_idba_bin.2	True	filename	2	data/blue_catalyst_poc/rumen/raw/10674_0008_idba_bin.2.fa.gz	data/blue_catalyst_poc/rumen/raw/10674_0008_idba_bin.2.fa.gz;data/blue_catalyst_poc/proteomes/_tmp_rumen/10674_0008_idba_bin.2.fa	True	proteome_faa_stem	1	data/blue_catalyst_poc/proteomes/rumen__10674_0008_idba_bin.2.faa
rumen__10674_0008_idba_bin.3	rumen	rumen	Bacteria	10674_0008_idba_bin.3	ERZ1038036	webin-genome-10674_0008_idba_bin.3	10674_0008_idba_bin.3.fa.gz	rumen__10674_0008_idba_bin.3	True	filename	2	data/blue_catalyst_poc/rumen/raw/10674_0008_idba_bin.3.fa.gz	data/blue_catalyst_poc/rumen/raw/10674_0008_idba_bin.3.fa.gz;data/blue_catalyst_poc/proteomes/_tmp_rumen/10674_0008_idba_bin.3.fa	True	proteome_faa_stem	1	data/blue_catalyst_poc/proteomes/rumen__10674_0008_idba_bin.3.faa
rumen__10674_0008_idba_bin.31	rumen	rumen	Bacteria	10674_0008_idba_bin.31	ERZ1038037	webin-genome-10674_0008_idba_bin.31	10674_0008_idba_bin.31.fa.gz	rumen__10674_0008_idba_bin.31	True	filename	2	data/blue_catalyst_poc/rumen/raw/10674_0008_idba_bin.31.fa.gz	data/blue_catalyst_poc/rumen/raw/10674_0008_idba_bin.31.fa.gz;data/blue_catalyst_poc/proteomes/_tmp_rumen/10674_0008_idba_bin.31.fa	True	proteome_faa_stem	1	data/blue_catalyst_poc/proteomes/rumen__10674_0008_idba_bin.31.faa
rumen__10674_0008_idba_bin.4	rumen	rumen	Bacteria	10674_0008_idba_bin.4	ERZ1038038	webin-genome-10674_0008_idba_bin.4	10674_0008_idba_bin.4.fa.gz	rumen__10674_0008_idba_bin.4	True	filename	2	data/blue_catalyst_poc/rumen/raw/10674_0008_idba_bin.4.fa.gz	data/blue_catalyst_poc/rumen/raw/10674_0008_idba_bin.4.fa.gz;data/blue_catalyst_poc/proteomes/_tmp_rumen/10674_0008_idba_bin.4.fa	True	proteome_faa_stem	1	data/blue_catalyst_poc/proteomes/rumen__10674_0008_idba_bin.4.faa
rumen__10674_0008_idba_bin.40	rumen	rumen	Bacteria	10674_0008_idba_bin.40	ERZ1038039	webin-genome-10674_0008_idba_bin.40	10674_0008_idba_bin.40.fa.gz	rumen__10674_0008_idba_bin.40	True	filename	2	data/blue_catalyst_poc/rumen/raw/10674_0008_idba_bin.40.fa.gz	data/blue_catalyst_poc/rumen/raw/10674_0008_idba_bin.40.fa.gz;data/blue_catalyst_poc/proteomes/_tmp_rumen/10674_0008_idba_bin.40.fa	True	proteome_faa_stem	1	data/blue_catalyst_poc/proteomes/rumen__10674_0008_idba_bin.40.faa
rumen__10674_0008_idba_bin.41	rumen	rumen	Bacteria	10674_0008_idba_bin.41	ERZ1038040	webin-genome-10674_0008_idba_bin.41	10674_0008_idba_bin.41.fa.gz	rumen__10674_0008_idba_bin.41	True	filename	2	data/blue_catalyst_poc/rumen/raw/10674_0008_idba_bin.41.fa.gz	data/blue_catalyst_poc/rumen/raw/10674_0008_idba_bin.41.fa.gz;data/blue_catalyst_poc/proteomes/_tmp_rumen/10674_0008_idba_bin.41.fa	True	proteome_faa_stem	1	data/blue_catalyst_poc/proteomes/rumen__10674_0008_idba_bin.41.faa
rumen__10674_0008_idba_bin.43	rumen	rumen	Bacteria	10674_0008_idba_bin.43	ERZ1038041	webin-genome-10674_0008_idba_bin.43	10674_0008_idba_bin.43.fa.gz	rumen__10674_0008_idba_bin.43	True	filename	2	data/blue_catalyst_poc/rumen/raw/10674_0008_idba_bin.43.fa.gz	data/blue_catalyst_poc/rumen/raw/10674_0008_idba_bin.43.fa.gz;data/blue_catalyst_poc/proteomes/_tmp_rumen/10674_0008_idba_bin.43.fa	True	proteome_faa_stem	1	data/blue_catalyst_poc/proteomes/rumen__10674_0008_idba_bin.43.faa
rumen__10674_0008_idba_bin.44	rumen	rumen	Bacteria	10674_0008_idba_bin.44	ERZ1038042	webin-genome-10674_0008_idba_bin.44	10674_0008_idba_bin.44.fa.gz	rumen__10674_0008_idba_bin.44	True	filename	2	data/blue_catalyst_poc/rumen/raw/10674_0008_idba_bin.44.fa.gz	data/blue_catalyst_poc/rumen/raw/10674_0008_idba_bin.44.fa.gz;data/blue_catalyst_poc/proteomes/_tmp_rumen/10674_0008_idba_bin.44.fa	True	proteome_faa_stem	1	data/blue_catalyst_poc/proteomes/rumen__10674_0008_idba_bin.44.faa
rumen__10674_0008_idba_bin.45	rumen	rumen	Bacteria	10674_0008_idba_bin.45	ERZ1038043	webin-genome-10674_0008_idba_bin.45	10674_0008_idba_bin.45.fa.gz	rumen__10674_0008_idba_bin.45	True	filename	2	data/blue_catalyst_poc/rumen/raw/10674_0008_idba_bin.45.fa.gz	data/blue_catalyst_poc/rumen/raw/10674_0008_idba_bin.45.fa.gz;data/blue_catalyst_poc/proteomes/_tmp_rumen/10674_0008_idba_bin.45.fa	True	proteome_faa_stem	1	data/blue_catalyst_poc/proteomes/rumen__10674_0008_idba_bin.45.faa
rumen__10674_0008_idba_bin.48	rumen	rumen	Bacteria	10674_0008_idba_bin.48	ERZ1038044	webin-genome-10674_0008_idba_bin.48	10674_0008_idba_bin.48.fa.gz	rumen__10674_0008_idba_bin.48	True	filename	2	data/blue_catalyst_poc/rumen/raw/10674_0008_idba_bin.48.fa.gz	data/blue_catalyst_poc/rumen/raw/10674_0008_idba_bin.48.fa.gz;data/blue_catalyst_poc/proteomes/_tmp_rumen/10674_0008_idba_bin.48.fa	True	proteome_faa_stem	1	data/blue_catalyst_poc/proteomes/rumen__10674_0008_idba_bin.48.faa
rumen__10674_0008_idba_bin.50	rumen	rumen	Bacteria	10674_0008_idba_bin.50	ERZ1038045	webin-genome-10674_0008_idba_bin.50	10674_0008_idba_bin.50.fa.gz	rumen__10674_0008_idba_bin.50	True	filename	2	data/blue_catalyst_poc/rumen/raw/10674_0008_idba_bin.50.fa.gz	data/blue_catalyst_poc/rumen/raw/10674_0008_idba_bin.50.fa.gz;data/blue_catalyst_poc/proteomes/_tmp_rumen/10674_0008_idba_bin.50.fa	True	proteome_faa_stem	1	data/blue_catalyst_poc/proteomes/rumen__10674_0008_idba_bin.50.faa
rumen__10674_0008_idba_bin.52	rumen	rumen	Bacteria	10674_0008_idba_bin.52	ERZ1038046	webin-genome-10674_0008_idba_bin.52	10674_0008_idba_bin.52.fa.gz	rumen__10674_0008_idba_bin.52	True	filename	2	data/blue_catalyst_poc/rumen/raw/10674_0008_idba_bin.52.fa.gz	data/blue_catalyst_poc/rumen/raw/10674_0008_idba_bin.52.fa.gz;data/blue_catalyst_poc/proteomes/_tmp_rumen/10674_0008_idba_bin.52.fa	True	proteome_faa_stem	1	data/blue_catalyst_poc/proteomes/rumen__10674_0008_idba_bin.52.faa
rumen__10674_0008_idba_bin.54	rumen	rumen	Bacteria	10674_0008_idba_bin.54	ERZ1038047	webin-genome-10674_0008_idba_bin.54	10674_0008_idba_bin.54.fa.gz	rumen__10674_0008_idba_bin.54	True	filename	2	data/blue_catalyst_poc/rumen/raw/10674_0008_idba_bin.54.fa.gz	data/blue_catalyst_poc/rumen/raw/10674_0008_idba_bin.54.fa.gz;data/blue_catalyst_poc/proteomes/_tmp_rumen/10674_0008_idba_bin.54.fa	True	proteome_faa_stem	1	data/blue_catalyst_poc/proteomes/rumen__10674_0008_idba_bin.54.faa
rumen__10674_0008_idba_bin.59	rumen	rumen	Bacteria	10674_0008_idba_bin.59	ERZ1038048	webin-genome-10674_0008_idba_bin.59	10674_0008_idba_bin.59.fa.gz	rumen__10674_0008_idba_bin.59	True	filename	2	data/blue_catalyst_poc/rumen/raw/10674_0008_idba_bin.59.fa.gz	data/blue_catalyst_poc/rumen/raw/10674_0008_idba_bin.59.fa.gz;data/blue_catalyst_poc/proteomes/_tmp_rumen/10674_0008_idba_bin.59.fa	True	proteome_faa_stem	1	data/blue_catalyst_poc/proteomes/rumen__10674_0008_idba_bin.59.faa
rumen__10674_0008_idba_bin.60	rumen	rumen	Bacteria	10674_0008_idba_bin.60	ERZ1038049	webin-genome-10674_0008_idba_bin.60	10674_0008_idba_bin.60.fa.gz	rumen__10674_0008_idba_bin.60	True	filename	2	data/blue_catalyst_poc/rumen/raw/10674_0008_idba_bin.60.fa.gz	data/blue_catalyst_poc/rumen/raw/10674_0008_idba_bin.60.fa.gz;data/blue_catalyst_poc/proteomes/_tmp_rumen/10674_0008_idba_bin.60.fa	True	proteome_faa_stem	1	data/blue_catalyst_poc/proteomes/rumen__10674_0008_idba_bin.60.faa
rumen__10674_0008_idba_bin.66	rumen	rumen	Bacteria	10674_0008_idba_bin.66	ERZ1038050	webin-genome-10674_0008_idba_bin.66	10674_0008_idba_bin.66.fa.gz	rumen__10674_0008_idba_bin.66	True	filename	2	data/blue_catalyst_poc/rumen/raw/10674_0008_idba_bin.66.fa.gz	data/blue_catalyst_poc/rumen/raw/10674_0008_idba_bin.66.fa.gz;data/blue_catalyst_poc/proteomes/_tmp_rumen/10674_0008_idba_bin.66.fa	True	proteome_faa_stem	1	data/blue_catalyst_poc/proteomes/rumen__10674_0008_idba_bin.66.faa
rumen__10674_0008_idba_bin.67	rumen	rumen	Archaea	10674_0008_idba_bin.67	ERZ1038051	webin-genome-10674_0008_idba_bin.67	10674_0008_idba_bin.67.fa.gz	rumen__10674_0008_idba_bin.67	True	filename	2	data/blue_catalyst_poc/rumen/raw/10674_0008_idba_bin.67.fa.gz	data/blue_catalyst_poc/rumen/raw/10674_0008_idba_bin.67.fa.gz;data/blue_catalyst_poc/proteomes/_tmp_rumen/10674_0008_idba_bin.67.fa	True	proteome_faa_stem	1	data/blue_catalyst_poc/proteomes/rumen__10674_0008_idba_bin.67.faa
rumen__10674_0008_idba_bin.68	rumen	rumen	Bacteria	10674_0008_idba_bin.68	ERZ1038052	webin-genome-10674_0008_idba_bin.68	10674_0008_idba_bin.68.fa.gz	rumen__10674_0008_idba_bin.68	True	filename	2	data/blue_catalyst_poc/rumen/raw/10674_0008_idba_bin.68.fa.gz	data/blue_catalyst_poc/rumen/raw/10674_0008_idba_bin.68.fa.gz;data/blue_catalyst_poc/proteomes/_tmp_rumen/10674_0008_idba_bin.68.fa	True	proteome_faa_stem	1	data/blue_catalyst_poc/proteomes/rumen__10674_0008_idba_bin.68.faa
rumen__10674_0008_idba_bin.78	rumen	rumen	Bacteria	10674_0008_idba_bin.78	ERZ1038053	webin-genome-10674_0008_idba_bin.78	10674_0008_idba_bin.78.fa.gz	rumen__10674_0008_idba_bin.78	True	filename	2	data/blue_catalyst_poc/rumen/raw/10674_0008_idba_bin.78.fa.gz	data/blue_catalyst_poc/rumen/raw/10674_0008_idba_bin.78.fa.gz;data/blue_catalyst_poc/proteomes/_tmp_rumen/10674_0008_idba_bin.78.fa	True	proteome_faa_stem	1	data/blue_catalyst_poc/proteomes/rumen__10674_0008_idba_bin.78.faa
rumen__10674_0008_idba_bin.79	rumen	rumen	Bacteria	10674_0008_idba_bin.79	ERZ1038054	webin-genome-10674_0008_idba_bin.79	10674_0008_idba_bin.79.fa.gz	rumen__10674_0008_idba_bin.79	True	filename	2	data/blue_catalyst_poc/rumen/raw/10674_0008_idba_bin.79.fa.gz	data/blue_catalyst_poc/rumen/raw/10674_0008_idba_bin.79.fa.gz;data/blue_catalyst_poc/proteomes/_tmp_rumen/10674_0008_idba_bin.79.fa	True	proteome_faa_stem	1	data/blue_catalyst_poc/proteomes/rumen__10674_0008_idba_bin.79.faa
rumen__10674_0008_idba_bin.81	rumen	rumen	Bacteria	10674_0008_idba_bin.81	ERZ1038055	webin-genome-10674_0008_idba_bin.81	10674_0008_idba_bin.81.fa.gz	rumen__10674_0008_idba_bin.81	True	filename	2	data/blue_catalyst_poc/rumen/raw/10674_0008_idba_bin.81.fa.gz	data/blue_catalyst_poc/rumen/raw/10674_0008_idba_bin.81.fa.gz;data/blue_catalyst_poc/proteomes/_tmp_rumen/10674_0008_idba_bin.81.fa	True	proteome_faa_stem	1	data/blue_catalyst_poc/proteomes/rumen__10674_0008_idba_bin.81.faa
rumen__10674_0008_idba_bin.82	rumen	rumen	Archaea	10674_0008_idba_bin.82	ERZ1038056	webin-genome-10674_0008_idba_bin.82	10674_0008_idba_bin.82.fa.gz	rumen__10674_0008_idba_bin.82	True	filename	2	data/blue_catalyst_poc/rumen/raw/10674_0008_idba_bin.82.fa.gz	data/blue_catalyst_poc/rumen/raw/10674_0008_idba_bin.82.fa.gz;data/blue_catalyst_poc/proteomes/_tmp_rumen/10674_0008_idba_bin.82.fa	True	proteome_faa_stem	1	data/blue_catalyst_poc/proteomes/rumen__10674_0008_idba_bin.82.faa
rumen__10674_0008_idba_bin.87	rumen	rumen	Bacteria	10674_0008_idba_bin.87	ERZ1038057	webin-genome-10674_0008_idba_bin.87	10674_0008_idba_bin.87.fa.gz	rumen__10674_0008_idba_bin.87	True	filename	2	data/blue_catalyst_poc/rumen/raw/10674_0008_idba_bin.87.fa.gz	data/blue_catalyst_poc/rumen/raw/10674_0008_idba_bin.87.fa.gz;data/blue_catalyst_poc/proteomes/_tmp_rumen/10674_0008_idba_bin.87.fa	True	proteome_faa_stem	1	data/blue_catalyst_poc/proteomes/rumen__10674_0008_idba_bin.87.faa
rumen__10674_0008_idba_bin.95	rumen	rumen	Bacteria	10674_0008_idba_bin.95	ERZ1038058	webin-genome-10674_0008_idba_bin.95	10674_0008_idba_bin.95.fa.gz	rumen__10674_0008_idba_bin.95	True	filename	2	data/blue_catalyst_poc/rumen/raw/10674_0008_idba_bin.95.fa.gz	data/blue_catalyst_poc/rumen/raw/10674_0008_idba_bin.95.fa.gz;data/blue_catalyst_poc/proteomes/_tmp_rumen/10674_0008_idba_bin.95.fa	True	proteome_faa_stem	1	data/blue_catalyst_poc/proteomes/rumen__10674_0008_idba_bin.95.faa
rumen__10674_0008_idba_bin.97	rumen	rumen	Bacteria	10674_0008_idba_bin.97	ERZ1038059	webin-genome-10674_0008_idba_bin.97	10674_0008_idba_bin.97.fa.gz	rumen__10674_0008_idba_bin.97	True	filename	2	data/blue_catalyst_poc/rumen/raw/10674_0008_idba_bin.97.fa.gz	data/blue_catalyst_poc/rumen/raw/10674_0008_idba_bin.97.fa.gz;data/blue_catalyst_poc/proteomes/_tmp_rumen/10674_0008_idba_bin.97.fa	True	proteome_faa_stem	1	data/blue_catalyst_poc/proteomes/rumen__10674_0008_idba_bin.97.faa
rumen__10674_0008_idba_bin.99	rumen	rumen	Bacteria	10674_0008_idba_bin.99	ERZ1038060	webin-genome-10674_0008_idba_bin.99	10674_0008_idba_bin.99.fa.gz	rumen__10674_0008_idba_bin.99	True	filename	2	data/blue_catalyst_poc/rumen/raw/10674_0008_idba_bin.99.fa.gz	data/blue_catalyst_poc/rumen/raw/10674_0008_idba_bin.99.fa.gz;data/blue_catalyst_poc/proteomes/_tmp_rumen/10674_0008_idba_bin.99.fa	True	proteome_faa_stem	1	data/blue_catalyst_poc/proteomes/rumen__10674_0008_idba_bin.99.faa
rumen__10674_0009_idba_bin.1	rumen	rumen	Bacteria	10674_0009_idba_bin.1	ERZ1038061	webin-genome-10674_0009_idba_bin.1	10674_0009_idba_bin.1.fa.gz	rumen__10674_0009_idba_bin.1	True	filename	2	data/blue_catalyst_poc/rumen/raw/10674_0009_idba_bin.1.fa.gz	data/blue_catalyst_poc/rumen/raw/10674_0009_idba_bin.1.fa.gz;data/blue_catalyst_poc/proteomes/_tmp_rumen/10674_0009_idba_bin.1.fa	True	proteome_faa_stem	1	data/blue_catalyst_poc/proteomes/rumen__10674_0009_idba_bin.1.faa
rumen__10674_0009_idba_bin.10	rumen	rumen	Bacteria	10674_0009_idba_bin.10	ERZ1038062	webin-genome-10674_0009_idba_bin.10	10674_0009_idba_bin.10.fa.gz	rumen__10674_0009_idba_bin.10	True	filename	2	data/blue_catalyst_poc/rumen/raw/10674_0009_idba_bin.10.fa.gz	data/blue_catalyst_poc/rumen/raw/10674_0009_idba_bin.10.fa.gz;data/blue_catalyst_poc/proteomes/_tmp_rumen/10674_0009_idba_bin.10.fa	True	proteome_faa_stem	1	data/blue_catalyst_poc/proteomes/rumen__10674_0009_idba_bin.10.faa
rumen__10674_0009_idba_bin.101	rumen	rumen	Bacteria	10674_0009_idba_bin.101	ERZ1038063	webin-genome-10674_0009_idba_bin.101	10674_0009_idba_bin.101.fa.gz	rumen__10674_0009_idba_bin.101	True	filename	2	data/blue_catalyst_poc/rumen/raw/10674_0009_idba_bin.101.fa.gz	data/blue_catalyst_poc/rumen/raw/10674_0009_idba_bin.101.fa.gz;data/blue_catalyst_poc/proteomes/_tmp_rumen/10674_0009_idba_bin.101.fa	True	proteome_faa_stem	1	data/blue_catalyst_poc/proteomes/rumen__10674_0009_idba_bin.101.faa
rumen__10674_0009_idba_bin.104	rumen	rumen	Bacteria	10674_0009_idba_bin.104	ERZ1038064	webin-genome-10674_0009_idba_bin.104	10674_0009_idba_bin.104.fa.gz	rumen__10674_0009_idba_bin.104	True	filename	2	data/blue_catalyst_poc/rumen/raw/10674_0009_idba_bin.104.fa.gz	data/blue_catalyst_poc/rumen/raw/10674_0009_idba_bin.104.fa.gz;data/blue_catalyst_poc/proteomes/_tmp_rumen/10674_0009_idba_bin.104.fa	True	proteome_faa_stem	1	data/blue_catalyst_poc/proteomes/rumen__10674_0009_idba_bin.104.faa
rumen__10674_0009_idba_bin.108	rumen	rumen	Bacteria	10674_0009_idba_bin.108	ERZ1038065	webin-genome-10674_0009_idba_bin.108	10674_0009_idba_bin.108.fa.gz	rumen__10674_0009_idba_bin.108	True	filename	2	data/blue_catalyst_poc/rumen/raw/10674_0009_idba_bin.108.fa.gz	data/blue_catalyst_poc/rumen/raw/10674_0009_idba_bin.108.fa.gz;data/blue_catalyst_poc/proteomes/_tmp_rumen/10674_0009_idba_bin.108.fa	True	proteome_faa_stem	1	data/blue_catalyst_poc/proteomes/rumen__10674_0009_idba_bin.108.faa
rumen__10674_0009_idba_bin.11	rumen	rumen	Bacteria	10674_0009_idba_bin.11	ERZ1038066	webin-genome-10674_0009_idba_bin.11	10674_0009_idba_bin.11.fa.gz	rumen__10674_0009_idba_bin.11	True	filename	2	data/blue_catalyst_poc/rumen/raw/10674_0009_idba_bin.11.fa.gz	data/blue_catalyst_poc/rumen/raw/10674_0009_idba_bin.11.fa.gz;data/blue_catalyst_poc/proteomes/_tmp_rumen/10674_0009_idba_bin.11.fa	True	proteome_faa_stem	1	data/blue_catalyst_poc/proteomes/rumen__10674_0009_idba_bin.11.faa
rumen__10674_0009_idba_bin.110	rumen	rumen	Bacteria	10674_0009_idba_bin.110	ERZ1038067	webin-genome-10674_0009_idba_bin.110	10674_0009_idba_bin.110.fa.gz	rumen__10674_0009_idba_bin.110	True	filename	2	data/blue_catalyst_poc/rumen/raw/10674_0009_idba_bin.110.fa.gz	data/blue_catalyst_poc/rumen/raw/10674_0009_idba_bin.110.fa.gz;data/blue_catalyst_poc/proteomes/_tmp_rumen/10674_0009_idba_bin.110.fa	True	proteome_faa_stem	1	data/blue_catalyst_poc/proteomes/rumen__10674_0009_idba_bin.110.faa
rumen__10674_0009_idba_bin.111	rumen	rumen	Bacteria	10674_0009_idba_bin.111	ERZ1038068	webin-genome-10674_0009_idba_bin.111	10674_0009_idba_bin.111.fa.gz	rumen__10674_0009_idba_bin.111	True	filename	2	data/blue_catalyst_poc/rumen/raw/10674_0009_idba_bin.111.fa.gz	data/blue_catalyst_poc/rumen/raw/10674_0009_idba_bin.111.fa.gz;data/blue_catalyst_poc/proteomes/_tmp_rumen/10674_0009_idba_bin.111.fa	True	proteome_faa_stem	1	data/blue_catalyst_poc/proteomes/rumen__10674_0009_idba_bin.111.faa
rumen__10674_0009_idba_bin.113	rumen	rumen	Bacteria	10674_0009_idba_bin.113	ERZ1038069	webin-genome-10674_0009_idba_bin.113	10674_0009_idba_bin.113.fa.gz	rumen__10674_0009_idba_bin.113	True	filename	2	data/blue_catalyst_poc/rumen/raw/10674_0009_idba_bin.113.fa.gz	data/blue_catalyst_poc/rumen/raw/10674_0009_idba_bin.113.fa.gz;data/blue_catalyst_poc/proteomes/_tmp_rumen/10674_0009_idba_bin.113.fa	True	proteome_faa_stem	1	data/blue_catalyst_poc/proteomes/rumen__10674_0009_idba_bin.113.faa
rumen__10674_0009_idba_bin.114	rumen	rumen	Bacteria	10674_0009_idba_bin.114	ERZ1038070	webin-genome-10674_0009_idba_bin.114	10674_0009_idba_bin.114.fa.gz	rumen__10674_0009_idba_bin.114	True	filename	2	data/blue_catalyst_poc/rumen/raw/10674_0009_idba_bin.114.fa.gz	data/blue_catalyst_poc/rumen/raw/10674_0009_idba_bin.114.fa.gz;data/blue_catalyst_poc/proteomes/_tmp_rumen/10674_0009_idba_bin.114.fa	True	proteome_faa_stem	1	data/blue_catalyst_poc/proteomes/rumen__10674_0009_idba_bin.114.faa
rumen__10674_0009_idba_bin.115	rumen	rumen	Bacteria	10674_0009_idba_bin.115	ERZ1038071	webin-genome-10674_0009_idba_bin.115	10674_0009_idba_bin.115.fa.gz	rumen__10674_0009_idba_bin.115	True	filename	2	data/blue_catalyst_poc/rumen/raw/10674_0009_idba_bin.115.fa.gz	data/blue_catalyst_poc/rumen/raw/10674_0009_idba_bin.115.fa.gz;data/blue_catalyst_poc/proteomes/_tmp_rumen/10674_0009_idba_bin.115.fa	True	proteome_faa_stem	1	data/blue_catalyst_poc/proteomes/rumen__10674_0009_idba_bin.115.faa
rumen__10674_0009_idba_bin.117	rumen	rumen	Bacteria	10674_0009_idba_bin.117	ERZ1038072	webin-genome-10674_0009_idba_bin.117	10674_0009_idba_bin.117.fa.gz	rumen__10674_0009_idba_bin.117	True	filename	2	data/blue_catalyst_poc/rumen/raw/10674_0009_idba_bin.117.fa.gz	data/blue_catalyst_poc/rumen/raw/10674_0009_idba_bin.117.fa.gz;data/blue_catalyst_poc/proteomes/_tmp_rumen/10674_0009_idba_bin.117.fa	True	proteome_faa_stem	1	data/blue_catalyst_poc/proteomes/rumen__10674_0009_idba_bin.117.faa
rumen__10674_0009_idba_bin.118	rumen	rumen	Bacteria	10674_0009_idba_bin.118	ERZ1038073	webin-genome-10674_0009_idba_bin.118	10674_0009_idba_bin.118.fa.gz	rumen__10674_0009_idba_bin.118	True	filename	2	data/blue_catalyst_poc/rumen/raw/10674_0009_idba_bin.118.fa.gz	data/blue_catalyst_poc/rumen/raw/10674_0009_idba_bin.118.fa.gz;data/blue_catalyst_poc/proteomes/_tmp_rumen/10674_0009_idba_bin.118.fa	True	proteome_faa_stem	1	data/blue_catalyst_poc/proteomes/rumen__10674_0009_idba_bin.118.faa
rumen__10674_0009_idba_bin.12	rumen	rumen	Bacteria	10674_0009_idba_bin.12	ERZ1038074	webin-genome-10674_0009_idba_bin.12	10674_0009_idba_bin.12.fa.gz	rumen__10674_0009_idba_bin.12	True	filename	2	data/blue_catalyst_poc/rumen/raw/10674_0009_idba_bin.12.fa.gz	data/blue_catalyst_poc/rumen/raw/10674_0009_idba_bin.12.fa.gz;data/blue_catalyst_poc/proteomes/_tmp_rumen/10674_0009_idba_bin.12.fa	True	proteome_faa_stem	1	data/blue_catalyst_poc/proteomes/rumen__10674_0009_idba_bin.12.faa
rumen__10674_0009_idba_bin.122	rumen	rumen	Bacteria	10674_0009_idba_bin.122	ERZ1038075	webin-genome-10674_0009_idba_bin.122	10674_0009_idba_bin.122.fa.gz	rumen__10674_0009_idba_bin.122	True	filename	2	data/blue_catalyst_poc/rumen/raw/10674_0009_idba_bin.122.fa.gz	data/blue_catalyst_poc/rumen/raw/10674_0009_idba_bin.122.fa.gz;data/blue_catalyst_poc/proteomes/_tmp_rumen/10674_0009_idba_bin.122.fa	True	proteome_faa_stem	1	data/blue_catalyst_poc/proteomes/rumen__10674_0009_idba_bin.122.faa
rumen__10674_0009_idba_bin.123	rumen	rumen	Bacteria	10674_0009_idba_bin.123	ERZ1038076	webin-genome-10674_0009_idba_bin.123	10674_0009_idba_bin.123.fa.gz	rumen__10674_0009_idba_bin.123	True	filename	2	data/blue_catalyst_poc/rumen/raw/10674_0009_idba_bin.123.fa.gz	data/blue_catalyst_poc/rumen/raw/10674_0009_idba_bin.123.fa.gz;data/blue_catalyst_poc/proteomes/_tmp_rumen/10674_0009_idba_bin.123.fa	True	proteome_faa_stem	1	data/blue_catalyst_poc/proteomes/rumen__10674_0009_idba_bin.123.faa
rumen__10674_0009_idba_bin.126	rumen	rumen	Bacteria	10674_0009_idba_bin.126	ERZ1038077	webin-genome-10674_0009_idba_bin.126	10674_0009_idba_bin.126.fa.gz	rumen__10674_0009_idba_bin.126	True	filename	2	data/blue_catalyst_poc/rumen/raw/10674_0009_idba_bin.126.fa.gz	data/blue_catalyst_poc/rumen/raw/10674_0009_idba_bin.126.fa.gz;data/blue_catalyst_poc/proteomes/_tmp_rumen/10674_0009_idba_bin.126.fa	True	proteome_faa_stem	1	data/blue_catalyst_poc/proteomes/rumen__10674_0009_idba_bin.126.faa
rumen__10674_0009_idba_bin.133	rumen	rumen	Bacteria	10674_0009_idba_bin.133	ERZ1038078	webin-genome-10674_0009_idba_bin.133	10674_0009_idba_bin.133.fa.gz	rumen__10674_0009_idba_bin.133	True	filename	2	data/blue_catalyst_poc/rumen/raw/10674_0009_idba_bin.133.fa.gz	data/blue_catalyst_poc/rumen/raw/10674_0009_idba_bin.133.fa.gz;data/blue_catalyst_poc/proteomes/_tmp_rumen/10674_0009_idba_bin.133.fa	True	proteome_faa_stem	1	data/blue_catalyst_poc/proteomes/rumen__10674_0009_idba_bin.133.faa
rumen__10674_0009_idba_bin.136	rumen	rumen	Bacteria	10674_0009_idba_bin.136	ERZ1038079	webin-genome-10674_0009_idba_bin.136	10674_0009_idba_bin.136.fa.gz	rumen__10674_0009_idba_bin.136	True	filename	2	data/blue_catalyst_poc/rumen/raw/10674_0009_idba_bin.136.fa.gz	data/blue_catalyst_poc/rumen/raw/10674_0009_idba_bin.136.fa.gz;data/blue_catalyst_poc/proteomes/_tmp_rumen/10674_0009_idba_bin.136.fa	True	proteome_faa_stem	1	data/blue_catalyst_poc/proteomes/rumen__10674_0009_idba_bin.136.faa
rumen__10674_0009_idba_bin.138	rumen	rumen	Bacteria	10674_0009_idba_bin.138	ERZ1038080	webin-genome-10674_0009_idba_bin.138	10674_0009_idba_bin.138.fa.gz	rumen__10674_0009_idba_bin.138	True	filename	2	data/blue_catalyst_poc/rumen/raw/10674_0009_idba_bin.138.fa.gz	data/blue_catalyst_poc/rumen/raw/10674_0009_idba_bin.138.fa.gz;data/blue_catalyst_poc/proteomes/_tmp_rumen/10674_0009_idba_bin.138.fa	True	proteome_faa_stem	1	data/blue_catalyst_poc/proteomes/rumen__10674_0009_idba_bin.138.faa
rumen__10674_0009_idba_bin.139	rumen	rumen	Bacteria	10674_0009_idba_bin.139	ERZ1038081	webin-genome-10674_0009_idba_bin.139	10674_0009_idba_bin.139.fa.gz	rumen__10674_0009_idba_bin.139	True	filename	2	data/blue_catalyst_poc/rumen/raw/10674_0009_idba_bin.139.fa.gz	data/blue_catalyst_poc/rumen/raw/10674_0009_idba_bin.139.fa.gz;data/blue_catalyst_poc/proteomes/_tmp_rumen/10674_0009_idba_bin.139.fa	True	proteome_faa_stem	1	data/blue_catalyst_poc/proteomes/rumen__10674_0009_idba_bin.139.faa
rumen__10674_0009_idba_bin.14	rumen	rumen	Bacteria	10674_0009_idba_bin.14	ERZ1038082	webin-genome-10674_0009_idba_bin.14	10674_0009_idba_bin.14.fa.gz	rumen__10674_0009_idba_bin.14	True	filename	2	data/blue_catalyst_poc/rumen/raw/10674_0009_idba_bin.14.fa.gz	data/blue_catalyst_poc/rumen/raw/10674_0009_idba_bin.14.fa.gz;data/blue_catalyst_poc/proteomes/_tmp_rumen/10674_0009_idba_bin.14.fa	True	proteome_faa_stem	1	data/blue_catalyst_poc/proteomes/rumen__10674_0009_idba_bin.14.faa
rumen__10674_0009_idba_bin.142	rumen	rumen	Bacteria	10674_0009_idba_bin.142	ERZ1038083	webin-genome-10674_0009_idba_bin.142	10674_0009_idba_bin.142.fa.gz	rumen__10674_0009_idba_bin.142	True	filename	2	data/blue_catalyst_poc/rumen/raw/10674_0009_idba_bin.142.fa.gz	data/blue_catalyst_poc/rumen/raw/10674_0009_idba_bin.142.fa.gz;data/blue_catalyst_poc/proteomes/_tmp_rumen/10674_0009_idba_bin.142.fa	True	proteome_faa_stem	1	data/blue_catalyst_poc/proteomes/rumen__10674_0009_idba_bin.142.faa
rumen__10674_0009_idba_bin.144	rumen	rumen	Bacteria	10674_0009_idba_bin.144	ERZ1038084	webin-genome-10674_0009_idba_bin.144	10674_0009_idba_bin.144.fa.gz	rumen__10674_0009_idba_bin.144	True	filename	2	data/blue_catalyst_poc/rumen/raw/10674_0009_idba_bin.144.fa.gz	data/blue_catalyst_poc/rumen/raw/10674_0009_idba_bin.144.fa.gz;data/blue_catalyst_poc/proteomes/_tmp_rumen/10674_0009_idba_bin.144.fa	True	proteome_faa_stem	1	data/blue_catalyst_poc/proteomes/rumen__10674_0009_idba_bin.144.faa
rumen__10674_0009_idba_bin.146	rumen	rumen	Bacteria	10674_0009_idba_bin.146	ERZ1038085	webin-genome-10674_0009_idba_bin.146	10674_0009_idba_bin.146.fa.gz	rumen__10674_0009_idba_bin.146	True	filename	2	data/blue_catalyst_poc/rumen/raw/10674_0009_idba_bin.146.fa.gz	data/blue_catalyst_poc/rumen/raw/10674_0009_idba_bin.146.fa.gz;data/blue_catalyst_poc/proteomes/_tmp_rumen/10674_0009_idba_bin.146.fa	True	proteome_faa_stem	1	data/blue_catalyst_poc/proteomes/rumen__10674_0009_idba_bin.146.faa
rumen__10674_0009_idba_bin.148	rumen	rumen	Bacteria	10674_0009_idba_bin.148	ERZ1038086	webin-genome-10674_0009_idba_bin.148	10674_0009_idba_bin.148.fa.gz	rumen__10674_0009_idba_bin.148	True	filename	2	data/blue_catalyst_poc/rumen/raw/10674_0009_idba_bin.148.fa.gz	data/blue_catalyst_poc/rumen/raw/10674_0009_idba_bin.148.fa.gz;data/blue_catalyst_poc/proteomes/_tmp_rumen/10674_0009_idba_bin.148.fa	True	proteome_faa_stem	1	data/blue_catalyst_poc/proteomes/rumen__10674_0009_idba_bin.148.faa
rumen__10674_0009_idba_bin.149	rumen	rumen	Bacteria	10674_0009_idba_bin.149	ERZ1038087	webin-genome-10674_0009_idba_bin.149	10674_0009_idba_bin.149.fa.gz	rumen__10674_0009_idba_bin.149	True	filename	2	data/blue_catalyst_poc/rumen/raw/10674_0009_idba_bin.149.fa.gz	data/blue_catalyst_poc/rumen/raw/10674_0009_idba_bin.149.fa.gz;data/blue_catalyst_poc/proteomes/_tmp_rumen/10674_0009_idba_bin.149.fa	True	proteome_faa_stem	1	data/blue_catalyst_poc/proteomes/rumen__10674_0009_idba_bin.149.faa
rumen__10674_0009_idba_bin.15	rumen	rumen	Bacteria	10674_0009_idba_bin.15	ERZ1038088	webin-genome-10674_0009_idba_bin.15	10674_0009_idba_bin.15.fa.gz	rumen__10674_0009_idba_bin.15	True	filename	2	data/blue_catalyst_poc/rumen/raw/10674_0009_idba_bin.15.fa.gz	data/blue_catalyst_poc/rumen/raw/10674_0009_idba_bin.15.fa.gz;data/blue_catalyst_poc/proteomes/_tmp_rumen/10674_0009_idba_bin.15.fa	True	proteome_faa_stem	1	data/blue_catalyst_poc/proteomes/rumen__10674_0009_idba_bin.15.faa
rumen__10674_0009_idba_bin.151	rumen	rumen	Bacteria	10674_0009_idba_bin.151	ERZ1038089	webin-genome-10674_0009_idba_bin.151	10674_0009_idba_bin.151.fa.gz	rumen__10674_0009_idba_bin.151	True	filename	2	data/blue_catalyst_poc/rumen/raw/10674_0009_idba_bin.151.fa.gz	data/blue_catalyst_poc/rumen/raw/10674_0009_idba_bin.151.fa.gz;data/blue_catalyst_poc/proteomes/_tmp_rumen/10674_0009_idba_bin.151.fa	True	proteome_faa_stem	1	data/blue_catalyst_poc/proteomes/rumen__10674_0009_idba_bin.151.faa
rumen__10674_0009_idba_bin.153	rumen	rumen	Bacteria	10674_0009_idba_bin.153	ERZ1038090	webin-genome-10674_0009_idba_bin.153	10674_0009_idba_bin.153.fa.gz	rumen__10674_0009_idba_bin.153	True	filename	2	data/blue_catalyst_poc/rumen/raw/10674_0009_idba_bin.153.fa.gz	data/blue_catalyst_poc/rumen/raw/10674_0009_idba_bin.153.fa.gz;data/blue_catalyst_poc/proteomes/_tmp_rumen/10674_0009_idba_bin.153.fa	True	proteome_faa_stem	1	data/blue_catalyst_poc/proteomes/rumen__10674_0009_idba_bin.153.faa
rumen__10674_0009_idba_bin.157	rumen	rumen	Bacteria	10674_0009_idba_bin.157	ERZ1038091	webin-genome-10674_0009_idba_bin.157	10674_0009_idba_bin.157.fa.gz	rumen__10674_0009_idba_bin.157	True	filename	2	data/blue_catalyst_poc/rumen/raw/10674_0009_idba_bin.157.fa.gz	data/blue_catalyst_poc/rumen/raw/10674_0009_idba_bin.157.fa.gz;data/blue_catalyst_poc/proteomes/_tmp_rumen/10674_0009_idba_bin.157.fa	True	proteome_faa_stem	1	data/blue_catalyst_poc/proteomes/rumen__10674_0009_idba_bin.157.faa
rumen__10674_0009_idba_bin.158	rumen	rumen	Bacteria	10674_0009_idba_bin.158	ERZ1038092	webin-genome-10674_0009_idba_bin.158	10674_0009_idba_bin.158.fa.gz	rumen__10674_0009_idba_bin.158	True	filename	2	data/blue_catalyst_poc/rumen/raw/10674_0009_idba_bin.158.fa.gz	data/blue_catalyst_poc/rumen/raw/10674_0009_idba_bin.158.fa.gz;data/blue_catalyst_poc/proteomes/_tmp_rumen/10674_0009_idba_bin.158.fa	True	proteome_faa_stem	1	data/blue_catalyst_poc/proteomes/rumen__10674_0009_idba_bin.158.faa
rumen__10674_0009_idba_bin.159	rumen	rumen	Bacteria	10674_0009_idba_bin.159	ERZ1038093	webin-genome-10674_0009_idba_bin.159	10674_0009_idba_bin.159.fa.gz	rumen__10674_0009_idba_bin.159	True	filename	2	data/blue_catalyst_poc/rumen/raw/10674_0009_idba_bin.159.fa.gz	data/blue_catalyst_poc/rumen/raw/10674_0009_idba_bin.159.fa.gz;data/blue_catalyst_poc/proteomes/_tmp_rumen/10674_0009_idba_bin.159.fa	True	proteome_faa_stem	1	data/blue_catalyst_poc/proteomes/rumen__10674_0009_idba_bin.159.faa
rumen__10674_0009_idba_bin.161	rumen	rumen	Bacteria	10674_0009_idba_bin.161	ERZ1038094	webin-genome-10674_0009_idba_bin.161	10674_0009_idba_bin.161.fa.gz	rumen__10674_0009_idba_bin.161	True	filename	2	data/blue_catalyst_poc/rumen/raw/10674_0009_idba_bin.161.fa.gz	data/blue_catalyst_poc/rumen/raw/10674_0009_idba_bin.161.fa.gz;data/blue_catalyst_poc/proteomes/_tmp_rumen/10674_0009_idba_bin.161.fa	True	proteome_faa_stem	1	data/blue_catalyst_poc/proteomes/rumen__10674_0009_idba_bin.161.faa
rumen__10674_0009_idba_bin.162	rumen	rumen	Bacteria	10674_0009_idba_bin.162	ERZ1038095	webin-genome-10674_0009_idba_bin.162	10674_0009_idba_bin.162.fa.gz	rumen__10674_0009_idba_bin.162	True	filename	2	data/blue_catalyst_poc/rumen/raw/10674_0009_idba_bin.162.fa.gz	data/blue_catalyst_poc/rumen/raw/10674_0009_idba_bin.162.fa.gz;data/blue_catalyst_poc/proteomes/_tmp_rumen/10674_0009_idba_bin.162.fa	True	proteome_faa_stem	1	data/blue_catalyst_poc/proteomes/rumen__10674_0009_idba_bin.162.faa
rumen__10674_0009_idba_bin.163	rumen	rumen	Bacteria	10674_0009_idba_bin.163	ERZ1038096	webin-genome-10674_0009_idba_bin.163	10674_0009_idba_bin.163.fa.gz	rumen__10674_0009_idba_bin.163	True	filename	2	data/blue_catalyst_poc/rumen/raw/10674_0009_idba_bin.163.fa.gz	data/blue_catalyst_poc/rumen/raw/10674_0009_idba_bin.163.fa.gz;data/blue_catalyst_poc/proteomes/_tmp_rumen/10674_0009_idba_bin.163.fa	True	proteome_faa_stem	1	data/blue_catalyst_poc/proteomes/rumen__10674_0009_idba_bin.163.faa
rumen__10674_0009_idba_bin.165	rumen	rumen	Bacteria	10674_0009_idba_bin.165	ERZ1038097	webin-genome-10674_0009_idba_bin.165	10674_0009_idba_bin.165.fa.gz	rumen__10674_0009_idba_bin.165	True	filename	2	data/blue_catalyst_poc/rumen/raw/10674_0009_idba_bin.165.fa.gz	data/blue_catalyst_poc/rumen/raw/10674_0009_idba_bin.165.fa.gz;data/blue_catalyst_poc/proteomes/_tmp_rumen/10674_0009_idba_bin.165.fa	True	proteome_faa_stem	1	data/blue_catalyst_poc/proteomes/rumen__10674_0009_idba_bin.165.faa
rumen__10674_0009_idba_bin.168	rumen	rumen	Bacteria	10674_0009_idba_bin.168	ERZ1038098	webin-genome-10674_0009_idba_bin.168	10674_0009_idba_bin.168.fa.gz	rumen__10674_0009_idba_bin.168	True	filename	2	data/blue_catalyst_poc/rumen/raw/10674_0009_idba_bin.168.fa.gz	data/blue_catalyst_poc/rumen/raw/10674_0009_idba_bin.168.fa.gz;data/blue_catalyst_poc/proteomes/_tmp_rumen/10674_0009_idba_bin.168.fa	True	proteome_faa_stem	1	data/blue_catalyst_poc/proteomes/rumen__10674_0009_idba_bin.168.faa
rumen__10674_0009_idba_bin.169	rumen	rumen	Bacteria	10674_0009_idba_bin.169	ERZ1038099	webin-genome-10674_0009_idba_bin.169	10674_0009_idba_bin.169.fa.gz	rumen__10674_0009_idba_bin.169	True	filename	2	data/blue_catalyst_poc/rumen/raw/10674_0009_idba_bin.169.fa.gz	data/blue_catalyst_poc/rumen/raw/10674_0009_idba_bin.169.fa.gz;data/blue_catalyst_poc/proteomes/_tmp_rumen/10674_0009_idba_bin.169.fa	True	proteome_faa_stem	1	data/blue_catalyst_poc/proteomes/rumen__10674_0009_idba_bin.169.faa
rumen__10674_0009_idba_bin.171	rumen	rumen	Bacteria	10674_0009_idba_bin.171	ERZ1038100	webin-genome-10674_0009_idba_bin.171	10674_0009_idba_bin.171.fa.gz	rumen__10674_0009_idba_bin.171	True	filename	2	data/blue_catalyst_poc/rumen/raw/10674_0009_idba_bin.171.fa.gz	data/blue_catalyst_poc/rumen/raw/10674_0009_idba_bin.171.fa.gz;data/blue_catalyst_poc/proteomes/_tmp_rumen/10674_0009_idba_bin.171.fa	True	proteome_faa_stem	1	data/blue_catalyst_poc/proteomes/rumen__10674_0009_idba_bin.171.faa
rumen__10674_0009_idba_bin.172	rumen	rumen	Bacteria	10674_0009_idba_bin.172	ERZ1038101	webin-genome-10674_0009_idba_bin.172	10674_0009_idba_bin.172.fa.gz	rumen__10674_0009_idba_bin.172	True	filename	2	data/blue_catalyst_poc/rumen/raw/10674_0009_idba_bin.172.fa.gz	data/blue_catalyst_poc/rumen/raw/10674_0009_idba_bin.172.fa.gz;data/blue_catalyst_poc/proteomes/_tmp_rumen/10674_0009_idba_bin.172.fa	True	proteome_faa_stem	1	data/blue_catalyst_poc/proteomes/rumen__10674_0009_idba_bin.172.faa
rumen__10674_0009_idba_bin.18	rumen	rumen	Bacteria	10674_0009_idba_bin.18	ERZ1038102	webin-genome-10674_0009_idba_bin.18	10674_0009_idba_bin.18.fa.gz	rumen__10674_0009_idba_bin.18	True	filename	2	data/blue_catalyst_poc/rumen/raw/10674_0009_idba_bin.18.fa.gz	data/blue_catalyst_poc/rumen/raw/10674_0009_idba_bin.18.fa.gz;data/blue_catalyst_poc/proteomes/_tmp_rumen/10674_0009_idba_bin.18.fa	True	proteome_faa_stem	1	data/blue_catalyst_poc/proteomes/rumen__10674_0009_idba_bin.18.faa
rumen__10674_0009_idba_bin.181	rumen	rumen	Bacteria	10674_0009_idba_bin.181	ERZ1038103	webin-genome-10674_0009_idba_bin.181	10674_0009_idba_bin.181.fa.gz	rumen__10674_0009_idba_bin.181	True	filename	2	data/blue_catalyst_poc/rumen/raw/10674_0009_idba_bin.181.fa.gz	data/blue_catalyst_poc/rumen/raw/10674_0009_idba_bin.181.fa.gz;data/blue_catalyst_poc/proteomes/_tmp_rumen/10674_0009_idba_bin.181.fa	True	proteome_faa_stem	1	data/blue_catalyst_poc/proteomes/rumen__10674_0009_idba_bin.181.faa
rumen__10674_0009_idba_bin.182	rumen	rumen	Bacteria	10674_0009_idba_bin.182	ERZ1038104	webin-genome-10674_0009_idba_bin.182	10674_0009_idba_bin.182.fa.gz	rumen__10674_0009_idba_bin.182	True	filename	2	data/blue_catalyst_poc/rumen/raw/10674_0009_idba_bin.182.fa.gz	data/blue_catalyst_poc/rumen/raw/10674_0009_idba_bin.182.fa.gz;data/blue_catalyst_poc/proteomes/_tmp_rumen/10674_0009_idba_bin.182.fa	True	proteome_faa_stem	1	data/blue_catalyst_poc/proteomes/rumen__10674_0009_idba_bin.182.faa
rumen__10674_0009_idba_bin.183	rumen	rumen	Bacteria	10674_0009_idba_bin.183	ERZ1038105	webin-genome-10674_0009_idba_bin.183	10674_0009_idba_bin.183.fa.gz	rumen__10674_0009_idba_bin.183	True	filename	2	data/blue_catalyst_poc/rumen/raw/10674_0009_idba_bin.183.fa.gz	data/blue_catalyst_poc/rumen/raw/10674_0009_idba_bin.183.fa.gz;data/blue_catalyst_poc/proteomes/_tmp_rumen/10674_0009_idba_bin.183.fa	True	proteome_faa_stem	1	data/blue_catalyst_poc/proteomes/rumen__10674_0009_idba_bin.183.faa
rumen__10674_0009_idba_bin.184	rumen	rumen	Bacteria	10674_0009_idba_bin.184	ERZ1038106	webin-genome-10674_0009_idba_bin.184	10674_0009_idba_bin.184.fa.gz	rumen__10674_0009_idba_bin.184	True	filename	2	data/blue_catalyst_poc/rumen/raw/10674_0009_idba_bin.184.fa.gz	data/blue_catalyst_poc/rumen/raw/10674_0009_idba_bin.184.fa.gz;data/blue_catalyst_poc/proteomes/_tmp_rumen/10674_0009_idba_bin.184.fa	True	proteome_faa_stem	1	data/blue_catalyst_poc/proteomes/rumen__10674_0009_idba_bin.184.faa
rumen__10674_0009_idba_bin.185	rumen	rumen	Bacteria	10674_0009_idba_bin.185	ERZ1038107	webin-genome-10674_0009_idba_bin.185	10674_0009_idba_bin.185.fa.gz	rumen__10674_0009_idba_bin.185	True	filename	2	data/blue_catalyst_poc/rumen/raw/10674_0009_idba_bin.185.fa.gz	data/blue_catalyst_poc/rumen/raw/10674_0009_idba_bin.185.fa.gz;data/blue_catalyst_poc/proteomes/_tmp_rumen/10674_0009_idba_bin.185.fa	True	proteome_faa_stem	1	data/blue_catalyst_poc/proteomes/rumen__10674_0009_idba_bin.185.faa
rumen__10674_0009_idba_bin.187	rumen	rumen	Bacteria	10674_0009_idba_bin.187	ERZ1038108	webin-genome-10674_0009_idba_bin.187	10674_0009_idba_bin.187.fa.gz	rumen__10674_0009_idba_bin.187	True	filename	2	data/blue_catalyst_poc/rumen/raw/10674_0009_idba_bin.187.fa.gz	data/blue_catalyst_poc/rumen/raw/10674_0009_idba_bin.187.fa.gz;data/blue_catalyst_poc/proteomes/_tmp_rumen/10674_0009_idba_bin.187.fa	True	proteome_faa_stem	1	data/blue_catalyst_poc/proteomes/rumen__10674_0009_idba_bin.187.faa
rumen__10674_0009_idba_bin.189	rumen	rumen	Bacteria	10674_0009_idba_bin.189	ERZ1038109	webin-genome-10674_0009_idba_bin.189	10674_0009_idba_bin.189.fa.gz	rumen__10674_0009_idba_bin.189	True	filename	2	data/blue_catalyst_poc/rumen/raw/10674_0009_idba_bin.189.fa.gz	data/blue_catalyst_poc/rumen/raw/10674_0009_idba_bin.189.fa.gz;data/blue_catalyst_poc/proteomes/_tmp_rumen/10674_0009_idba_bin.189.fa	True	proteome_faa_stem	1	data/blue_catalyst_poc/proteomes/rumen__10674_0009_idba_bin.189.faa
rumen__10676_0040_idba_bin.58	rumen	rumen	Bacteria	10676_0040_idba_bin.58	ERZ1042108	webin-genome-10676_0040_idba_bin.58	10676_0040_idba_bin.58.fa.gz	rumen__10676_0040_idba_bin.58	True	filename	2	data/blue_catalyst_poc/rumen/raw/10676_0040_idba_bin.58.fa.gz	data/blue_catalyst_poc/rumen/raw/10676_0040_idba_bin.58.fa.gz;data/blue_catalyst_poc/proteomes/_tmp_rumen/10676_0040_idba_bin.58.fa	True	proteome_faa_stem	1	data/blue_catalyst_poc/proteomes/rumen__10676_0040_idba_bin.58.faa
rumen__10676_0040_idba_bin.61	rumen	rumen	Bacteria	10676_0040_idba_bin.61	ERZ1042112	webin-genome-10676_0040_idba_bin.61	10676_0040_idba_bin.61.fa.gz	rumen__10676_0040_idba_bin.61	True	filename	2	data/blue_catalyst_poc/rumen/raw/10676_0040_idba_bin.61.fa.gz	data/blue_catalyst_poc/rumen/raw/10676_0040_idba_bin.61.fa.gz;data/blue_catalyst_poc/proteomes/_tmp_rumen/10676_0040_idba_bin.61.fa	True	proteome_faa_stem	1	data/blue_catalyst_poc/proteomes/rumen__10676_0040_idba_bin.61.faa
rumen__10676_0041_idba_bin.114	rumen	rumen	Bacteria	10676_0041_idba_bin.114	ERZ1042128	webin-genome-10676_0041_idba_bin.114	10676_0041_idba_bin.114.fa.gz	rumen__10676_0041_idba_bin.114	True	filename	2	data/blue_catalyst_poc/rumen/raw/10676_0041_idba_bin.114.fa.gz	data/blue_catalyst_poc/rumen/raw/10676_0041_idba_bin.114.fa.gz;data/blue_catalyst_poc/proteomes/_tmp_rumen/10676_0041_idba_bin.114.fa	True	proteome_faa_stem	1	data/blue_catalyst_poc/proteomes/rumen__10676_0041_idba_bin.114.faa
rumen__10676_0041_idba_bin.63	rumen	rumen	Bacteria	10676_0041_idba_bin.63	ERZ1042158	webin-genome-10676_0041_idba_bin.63	10676_0041_idba_bin.63.fa.gz	rumen__10676_0041_idba_bin.63	True	filename	2	data/blue_catalyst_poc/rumen/raw/10676_0041_idba_bin.63.fa.gz	data/blue_catalyst_poc/rumen/raw/10676_0041_idba_bin.63.fa.gz;data/blue_catalyst_poc/proteomes/_tmp_rumen/10676_0041_idba_bin.63.fa	True	proteome_faa_stem	1	data/blue_catalyst_poc/proteomes/rumen__10676_0041_idba_bin.63.faa
rumen__10676_0041_idba_bin.71	rumen	rumen	Bacteria	10676_0041_idba_bin.71	ERZ1042161	webin-genome-10676_0041_idba_bin.71	10676_0041_idba_bin.71.fa.gz	rumen__10676_0041_idba_bin.71	True	filename	2	data/blue_catalyst_poc/rumen/raw/10676_0041_idba_bin.71.fa.gz	data/blue_catalyst_poc/rumen/raw/10676_0041_idba_bin.71.fa.gz;data/blue_catalyst_poc/proteomes/_tmp_rumen/10676_0041_idba_bin.71.fa	True	proteome_faa_stem	1	data/blue_catalyst_poc/proteomes/rumen__10676_0041_idba_bin.71.faa
rumen__10676_0041_idba_bin.75	rumen	rumen	Bacteria	10676_0041_idba_bin.75	ERZ1042163	webin-genome-10676_0041_idba_bin.75	10676_0041_idba_bin.75.fa.gz	rumen__10676_0041_idba_bin.75	True	filename	2	data/blue_catalyst_poc/rumen/raw/10676_0041_idba_bin.75.fa.gz	data/blue_catalyst_poc/rumen/raw/10676_0041_idba_bin.75.fa.gz;data/blue_catalyst_poc/proteomes/_tmp_rumen/10676_0041_idba_bin.75.fa	True	proteome_faa_stem	1	data/blue_catalyst_poc/proteomes/rumen__10676_0041_idba_bin.75.faa
