proteome_id	sample	source	ecosystem	domain	mag_id	mag_fasta	mag_fasta_basename	proteome_faa	proteome_faa_basename	source_analysis_accession	analysis_alias	source_filename	match_key	match_status	n_proteins_used	embedded_final_662	functional_run_include	notes	cohort_run_id	latest_run_id	latest_run_status	latest_run_dir	functional_predicted_proteins	scope_ratio	input_total_bp	input_contigs	input_n50_bp	input_fasta_kind	input_fasta_compressed_bytes	input_fasta_uncompressed_bytes	analysis_unit_type	mbag_mag_level_include	assembly_context_include	claim_scope	comparability_status	comparability_reason	recommended_action
rumen__10674_0001_idba_bin.10	rumen__10674_0001_idba_bin.10	rumen	rumen	Bacteria	10674_0001_idba_bin.10	data/blue_catalyst_poc/rumen/raw/10674_0001_idba_bin.10.fa.gz	10674_0001_idba_bin.10.fa.gz	data/blue_catalyst_poc/proteomes/rumen__10674_0001_idba_bin.10.faa	rumen__10674_0001_idba_bin.10.faa	ERZ1036795	webin-genome-10674_0001_idba_bin.10	10674_0001_idba_bin.10.fa.gz	filename	matched	1926	True	True		fgx_662_apollo3_20260612		not_started							compressed_gzip	640786		mag_bin	true	false	MAG functional potential	comparable_mag_bin	MAG/bin-like input; eligible for MAG-level functional atlas if QC and table gates pass	include_in_mag_bin_relaunch_or_retain_if_complete
rumen__10674_0001_idba_bin.100	rumen__10674_0001_idba_bin.100	rumen	rumen	Bacteria	10674_0001_idba_bin.100	data/blue_catalyst_poc/rumen/raw/10674_0001_idba_bin.100.fa.gz	10674_0001_idba_bin.100.fa.gz	data/blue_catalyst_poc/proteomes/rumen__10674_0001_idba_bin.100.faa	rumen__10674_0001_idba_bin.100.faa	ERZ1037592	webin-genome-10674_0001_idba_bin.100	10674_0001_idba_bin.100.fa.gz	filename	matched	1971	True	True		fgx_662_apollo3_20260612		not_started							compressed_gzip	678451		mag_bin	true	false	MAG functional potential	comparable_mag_bin	MAG/bin-like input; eligible for MAG-level functional atlas if QC and table gates pass	include_in_mag_bin_relaunch_or_retain_if_complete
rumen__10674_0001_idba_bin.102	rumen__10674_0001_idba_bin.102	rumen	rumen	Bacteria	10674_0001_idba_bin.102	data/blue_catalyst_poc/rumen/raw/10674_0001_idba_bin.102.fa.gz	10674_0001_idba_bin.102.fa.gz	data/blue_catalyst_poc/proteomes/rumen__10674_0001_idba_bin.102.faa	rumen__10674_0001_idba_bin.102.faa	ERZ1037593	webin-genome-10674_0001_idba_bin.102	10674_0001_idba_bin.102.fa.gz	filename	matched	926	True	True		fgx_662_apollo3_20260612		not_started							compressed_gzip	291390		mag_bin	true	false	MAG functional potential	comparable_mag_bin	MAG/bin-like input; eligible for MAG-level functional atlas if QC and table gates pass	include_in_mag_bin_relaunch_or_retain_if_complete
rumen__10674_0001_idba_bin.11	rumen__10674_0001_idba_bin.11	rumen	rumen	Bacteria	10674_0001_idba_bin.11	data/blue_catalyst_poc/rumen/raw/10674_0001_idba_bin.11.fa.gz	10674_0001_idba_bin.11.fa.gz	data/blue_catalyst_poc/proteomes/rumen__10674_0001_idba_bin.11.faa	rumen__10674_0001_idba_bin.11.faa	ERZ1037594	webin-genome-10674_0001_idba_bin.11	10674_0001_idba_bin.11.fa.gz	filename	matched	1926	True	True		fgx_662_apollo3_20260612		not_started							compressed_gzip	612801		mag_bin	true	false	MAG functional potential	comparable_mag_bin	MAG/bin-like input; eligible for MAG-level functional atlas if QC and table gates pass	include_in_mag_bin_relaunch_or_retain_if_complete
rumen__10674_0001_idba_bin.20	rumen__10674_0001_idba_bin.20	rumen	rumen	Bacteria	10674_0001_idba_bin.20	data/blue_catalyst_poc/rumen/raw/10674_0001_idba_bin.20.fa.gz	10674_0001_idba_bin.20.fa.gz	data/blue_catalyst_poc/proteomes/rumen__10674_0001_idba_bin.20.faa	rumen__10674_0001_idba_bin.20.faa	ERZ1037595	webin-genome-10674_0001_idba_bin.20	10674_0001_idba_bin.20.fa.gz	filename	matched	1564	True	True		fgx_662_apollo3_20260612		not_started							compressed_gzip	541448		mag_bin	true	false	MAG functional potential	comparable_mag_bin	MAG/bin-like input; eligible for MAG-level functional atlas if QC and table gates pass	include_in_mag_bin_relaunch_or_retain_if_complete
rumen__10674_0001_idba_bin.23	rumen__10674_0001_idba_bin.23	rumen	rumen	Archaea	10674_0001_idba_bin.23	data/blue_catalyst_poc/rumen/raw/10674_0001_idba_bin.23.fa.gz	10674_0001_idba_bin.23.fa.gz	data/blue_catalyst_poc/proteomes/rumen__10674_0001_idba_bin.23.faa	rumen__10674_0001_idba_bin.23.faa	ERZ1037596	webin-genome-10674_0001_idba_bin.23	10674_0001_idba_bin.23.fa.gz	filename	matched	1609	True	True		fgx_662_apollo3_20260612		not_started							compressed_gzip	467117		mag_bin	true	false	MAG functional potential	comparable_mag_bin	MAG/bin-like input; eligible for MAG-level functional atlas if QC and table gates pass	include_in_mag_bin_relaunch_or_retain_if_complete
rumen__10674_0001_idba_bin.24	rumen__10674_0001_idba_bin.24	rumen	rumen	Bacteria	10674_0001_idba_bin.24	data/blue_catalyst_poc/rumen/raw/10674_0001_idba_bin.24.fa.gz	10674_0001_idba_bin.24.fa.gz	data/blue_catalyst_poc/proteomes/rumen__10674_0001_idba_bin.24.faa	rumen__10674_0001_idba_bin.24.faa	ERZ1037597	webin-genome-10674_0001_idba_bin.24	10674_0001_idba_bin.24.fa.gz	filename	matched	1440	True	True		fgx_662_apollo3_20260612		not_started							compressed_gzip	445310		mag_bin	true	false	MAG functional potential	comparable_mag_bin	MAG/bin-like input; eligible for MAG-level functional atlas if QC and table gates pass	include_in_mag_bin_relaunch_or_retain_if_complete
rumen__10674_0001_idba_bin.26	rumen__10674_0001_idba_bin.26	rumen	rumen	Bacteria	10674_0001_idba_bin.26	data/blue_catalyst_poc/rumen/raw/10674_0001_idba_bin.26.fa.gz	10674_0001_idba_bin.26.fa.gz	data/blue_catalyst_poc/proteomes/rumen__10674_0001_idba_bin.26.faa	rumen__10674_0001_idba_bin.26.faa	ERZ1037598	webin-genome-10674_0001_idba_bin.26	10674_0001_idba_bin.26.fa.gz	filename	matched	2064	True	True		fgx_662_apollo3_20260612		not_started							compressed_gzip	554265		mag_bin	true	false	MAG functional potential	comparable_mag_bin	MAG/bin-like input; eligible for MAG-level functional atlas if QC and table gates pass	include_in_mag_bin_relaunch_or_retain_if_complete
rumen__10674_0001_idba_bin.37	rumen__10674_0001_idba_bin.37	rumen	rumen	Bacteria	10674_0001_idba_bin.37	data/blue_catalyst_poc/rumen/raw/10674_0001_idba_bin.37.fa.gz	10674_0001_idba_bin.37.fa.gz	data/blue_catalyst_poc/proteomes/rumen__10674_0001_idba_bin.37.faa	rumen__10674_0001_idba_bin.37.faa	ERZ1037599	webin-genome-10674_0001_idba_bin.37	10674_0001_idba_bin.37.fa.gz	filename	matched	2148	True	True		fgx_662_apollo3_20260612		not_started							compressed_gzip	746445		mag_bin	true	false	MAG functional potential	comparable_mag_bin	MAG/bin-like input; eligible for MAG-level functional atlas if QC and table gates pass	include_in_mag_bin_relaunch_or_retain_if_complete
rumen__10674_0001_idba_bin.4	rumen__10674_0001_idba_bin.4	rumen	rumen	Bacteria	10674_0001_idba_bin.4	data/blue_catalyst_poc/rumen/raw/10674_0001_idba_bin.4.fa.gz	10674_0001_idba_bin.4.fa.gz	data/blue_catalyst_poc/proteomes/rumen__10674_0001_idba_bin.4.faa	rumen__10674_0001_idba_bin.4.faa	ERZ1037600	webin-genome-10674_0001_idba_bin.4	10674_0001_idba_bin.4.fa.gz	filename	matched	2835	True	True		fgx_662_apollo3_20260612		not_started							compressed_gzip	928598		mag_bin	true	false	MAG functional potential	comparable_mag_bin	MAG/bin-like input; eligible for MAG-level functional atlas if QC and table gates pass	include_in_mag_bin_relaunch_or_retain_if_complete
rumen__10674_0001_idba_bin.45	rumen__10674_0001_idba_bin.45	rumen	rumen	Bacteria	10674_0001_idba_bin.45	data/blue_catalyst_poc/rumen/raw/10674_0001_idba_bin.45.fa.gz	10674_0001_idba_bin.45.fa.gz	data/blue_catalyst_poc/proteomes/rumen__10674_0001_idba_bin.45.faa	rumen__10674_0001_idba_bin.45.faa	ERZ1037601	webin-genome-10674_0001_idba_bin.45	10674_0001_idba_bin.45.fa.gz	filename	matched	2101	True	True		fgx_662_apollo3_20260612		not_started							compressed_gzip	774739		mag_bin	true	false	MAG functional potential	comparable_mag_bin	MAG/bin-like input; eligible for MAG-level functional atlas if QC and table gates pass	include_in_mag_bin_relaunch_or_retain_if_complete
rumen__10674_0001_idba_bin.49	rumen__10674_0001_idba_bin.49	rumen	rumen	Bacteria	10674_0001_idba_bin.49	data/blue_catalyst_poc/rumen/raw/10674_0001_idba_bin.49.fa.gz	10674_0001_idba_bin.49.fa.gz	data/blue_catalyst_poc/proteomes/rumen__10674_0001_idba_bin.49.faa	rumen__10674_0001_idba_bin.49.faa	ERZ1037602	webin-genome-10674_0001_idba_bin.49	10674_0001_idba_bin.49.fa.gz	filename	matched	2504	True	True		fgx_662_apollo3_20260612		not_started							compressed_gzip	800351		mag_bin	true	false	MAG functional potential	comparable_mag_bin	MAG/bin-like input; eligible for MAG-level functional atlas if QC and table gates pass	include_in_mag_bin_relaunch_or_retain_if_complete
rumen__10674_0001_idba_bin.52	rumen__10674_0001_idba_bin.52	rumen	rumen	Bacteria	10674_0001_idba_bin.52	data/blue_catalyst_poc/rumen/raw/10674_0001_idba_bin.52.fa.gz	10674_0001_idba_bin.52.fa.gz	data/blue_catalyst_poc/proteomes/rumen__10674_0001_idba_bin.52.faa	rumen__10674_0001_idba_bin.52.faa	ERZ1037603	webin-genome-10674_0001_idba_bin.52	10674_0001_idba_bin.52.fa.gz	filename	matched	1862	True	True		fgx_662_apollo3_20260612		not_started							compressed_gzip	569054		mag_bin	true	false	MAG functional potential	comparable_mag_bin	MAG/bin-like input; eligible for MAG-level functional atlas if QC and table gates pass	include_in_mag_bin_relaunch_or_retain_if_complete
rumen__10674_0001_idba_bin.54	rumen__10674_0001_idba_bin.54	rumen	rumen	Bacteria	10674_0001_idba_bin.54	data/blue_catalyst_poc/rumen/raw/10674_0001_idba_bin.54.fa.gz	10674_0001_idba_bin.54.fa.gz	data/blue_catalyst_poc/proteomes/rumen__10674_0001_idba_bin.54.faa	rumen__10674_0001_idba_bin.54.faa	ERZ1037604	webin-genome-10674_0001_idba_bin.54	10674_0001_idba_bin.54.fa.gz	filename	matched	1980	True	True		fgx_662_apollo3_20260612		not_started							compressed_gzip	623517		mag_bin	true	false	MAG functional potential	comparable_mag_bin	MAG/bin-like input; eligible for MAG-level functional atlas if QC and table gates pass	include_in_mag_bin_relaunch_or_retain_if_complete
rumen__10674_0001_idba_bin.56	rumen__10674_0001_idba_bin.56	rumen	rumen	Bacteria	10674_0001_idba_bin.56	data/blue_catalyst_poc/rumen/raw/10674_0001_idba_bin.56.fa.gz	10674_0001_idba_bin.56.fa.gz	data/blue_catalyst_poc/proteomes/rumen__10674_0001_idba_bin.56.faa	rumen__10674_0001_idba_bin.56.faa	ERZ1037605	webin-genome-10674_0001_idba_bin.56	10674_0001_idba_bin.56.fa.gz	filename	matched	2687	True	True		fgx_662_apollo3_20260612		not_started							compressed_gzip	968267		mag_bin	true	false	MAG functional potential	comparable_mag_bin	MAG/bin-like input; eligible for MAG-level functional atlas if QC and table gates pass	include_in_mag_bin_relaunch_or_retain_if_complete
rumen__10674_0001_idba_bin.6	rumen__10674_0001_idba_bin.6	rumen	rumen	Bacteria	10674_0001_idba_bin.6	data/blue_catalyst_poc/rumen/raw/10674_0001_idba_bin.6.fa.gz	10674_0001_idba_bin.6.fa.gz	data/blue_catalyst_poc/proteomes/rumen__10674_0001_idba_bin.6.faa	rumen__10674_0001_idba_bin.6.faa	ERZ1037606	webin-genome-10674_0001_idba_bin.6	10674_0001_idba_bin.6.fa.gz	filename	matched	1568	True	True		fgx_662_apollo3_20260612		not_started							compressed_gzip	459857		mag_bin	true	false	MAG functional potential	comparable_mag_bin	MAG/bin-like input; eligible for MAG-level functional atlas if QC and table gates pass	include_in_mag_bin_relaunch_or_retain_if_complete
rumen__10674_0001_idba_bin.66	rumen__10674_0001_idba_bin.66	rumen	rumen	Bacteria	10674_0001_idba_bin.66	data/blue_catalyst_poc/rumen/raw/10674_0001_idba_bin.66.fa.gz	10674_0001_idba_bin.66.fa.gz	data/blue_catalyst_poc/proteomes/rumen__10674_0001_idba_bin.66.faa	rumen__10674_0001_idba_bin.66.faa	ERZ1037607	webin-genome-10674_0001_idba_bin.66	10674_0001_idba_bin.66.fa.gz	filename	matched	1479	True	True		fgx_662_apollo3_20260612		not_started							compressed_gzip	454437		mag_bin	true	false	MAG functional potential	comparable_mag_bin	MAG/bin-like input; eligible for MAG-level functional atlas if QC and table gates pass	include_in_mag_bin_relaunch_or_retain_if_complete
rumen__10674_0001_idba_bin.72	rumen__10674_0001_idba_bin.72	rumen	rumen	Bacteria	10674_0001_idba_bin.72	data/blue_catalyst_poc/rumen/raw/10674_0001_idba_bin.72.fa.gz	10674_0001_idba_bin.72.fa.gz	data/blue_catalyst_poc/proteomes/rumen__10674_0001_idba_bin.72.faa	rumen__10674_0001_idba_bin.72.faa	ERZ1037608	webin-genome-10674_0001_idba_bin.72	10674_0001_idba_bin.72.fa.gz	filename	matched	1655	True	True		fgx_662_apollo3_20260612		not_started							compressed_gzip	573230		mag_bin	true	false	MAG functional potential	comparable_mag_bin	MAG/bin-like input; eligible for MAG-level functional atlas if QC and table gates pass	include_in_mag_bin_relaunch_or_retain_if_complete
rumen__10674_0001_idba_bin.73	rumen__10674_0001_idba_bin.73	rumen	rumen	Bacteria	10674_0001_idba_bin.73	data/blue_catalyst_poc/rumen/raw/10674_0001_idba_bin.73.fa.gz	10674_0001_idba_bin.73.fa.gz	data/blue_catalyst_poc/proteomes/rumen__10674_0001_idba_bin.73.faa	rumen__10674_0001_idba_bin.73.faa	ERZ1037609	webin-genome-10674_0001_idba_bin.73	10674_0001_idba_bin.73.fa.gz	filename	matched	1810	True	True		fgx_662_apollo3_20260612		not_started							compressed_gzip	583742		mag_bin	true	false	MAG functional potential	comparable_mag_bin	MAG/bin-like input; eligible for MAG-level functional atlas if QC and table gates pass	include_in_mag_bin_relaunch_or_retain_if_complete
rumen__10674_0001_idba_bin.75	rumen__10674_0001_idba_bin.75	rumen	rumen	Bacteria	10674_0001_idba_bin.75	data/blue_catalyst_poc/rumen/raw/10674_0001_idba_bin.75.fa.gz	10674_0001_idba_bin.75.fa.gz	data/blue_catalyst_poc/proteomes/rumen__10674_0001_idba_bin.75.faa	rumen__10674_0001_idba_bin.75.faa	ERZ1037610	webin-genome-10674_0001_idba_bin.75	10674_0001_idba_bin.75.fa.gz	filename	matched	2431	True	True		fgx_662_apollo3_20260612		not_started							compressed_gzip	784681		mag_bin	true	false	MAG functional potential	comparable_mag_bin	MAG/bin-like input; eligible for MAG-level functional atlas if QC and table gates pass	include_in_mag_bin_relaunch_or_retain_if_complete
rumen__10674_0001_idba_bin.78	rumen__10674_0001_idba_bin.78	rumen	rumen	Bacteria	10674_0001_idba_bin.78	data/blue_catalyst_poc/rumen/raw/10674_0001_idba_bin.78.fa.gz	10674_0001_idba_bin.78.fa.gz	data/blue_catalyst_poc/proteomes/rumen__10674_0001_idba_bin.78.faa	rumen__10674_0001_idba_bin.78.faa	ERZ1037611	webin-genome-10674_0001_idba_bin.78	10674_0001_idba_bin.78.fa.gz	filename	matched	1345	True	True		fgx_662_apollo3_20260612		not_started							compressed_gzip	433957		mag_bin	true	false	MAG functional potential	comparable_mag_bin	MAG/bin-like input; eligible for MAG-level functional atlas if QC and table gates pass	include_in_mag_bin_relaunch_or_retain_if_complete
rumen__10674_0001_idba_bin.79	rumen__10674_0001_idba_bin.79	rumen	rumen	Bacteria	10674_0001_idba_bin.79	data/blue_catalyst_poc/rumen/raw/10674_0001_idba_bin.79.fa.gz	10674_0001_idba_bin.79.fa.gz	data/blue_catalyst_poc/proteomes/rumen__10674_0001_idba_bin.79.faa	rumen__10674_0001_idba_bin.79.faa	ERZ1037612	webin-genome-10674_0001_idba_bin.79	10674_0001_idba_bin.79.fa.gz	filename	matched	1887	True	True		fgx_662_apollo3_20260612		not_started							compressed_gzip	677114		mag_bin	true	false	MAG functional potential	comparable_mag_bin	MAG/bin-like input; eligible for MAG-level functional atlas if QC and table gates pass	include_in_mag_bin_relaunch_or_retain_if_complete
rumen__10674_0001_idba_bin.80	rumen__10674_0001_idba_bin.80	rumen	rumen	Bacteria	10674_0001_idba_bin.80	data/blue_catalyst_poc/rumen/raw/10674_0001_idba_bin.80.fa.gz	10674_0001_idba_bin.80.fa.gz	data/blue_catalyst_poc/proteomes/rumen__10674_0001_idba_bin.80.faa	rumen__10674_0001_idba_bin.80.faa	ERZ1037613	webin-genome-10674_0001_idba_bin.80	10674_0001_idba_bin.80.fa.gz	filename	matched	1765	True	True		fgx_662_apollo3_20260612		not_started							compressed_gzip	552329		mag_bin	true	false	MAG functional potential	comparable_mag_bin	MAG/bin-like input; eligible for MAG-level functional atlas if QC and table gates pass	include_in_mag_bin_relaunch_or_retain_if_complete
rumen__10674_0001_idba_bin.88	rumen__10674_0001_idba_bin.88	rumen	rumen	Bacteria	10674_0001_idba_bin.88	data/blue_catalyst_poc/rumen/raw/10674_0001_idba_bin.88.fa.gz	10674_0001_idba_bin.88.fa.gz	data/blue_catalyst_poc/proteomes/rumen__10674_0001_idba_bin.88.faa	rumen__10674_0001_idba_bin.88.faa	ERZ1037614	webin-genome-10674_0001_idba_bin.88	10674_0001_idba_bin.88.fa.gz	filename	matched	3838	True	True		fgx_662_apollo3_20260612		not_started							compressed_gzip	1345421		mag_bin	true	false	MAG functional potential	comparable_mag_bin	MAG/bin-like input; eligible for MAG-level functional atlas if QC and table gates pass	include_in_mag_bin_relaunch_or_retain_if_complete
rumen__10674_0001_idba_bin.92	rumen__10674_0001_idba_bin.92	rumen	rumen	Bacteria	10674_0001_idba_bin.92	data/blue_catalyst_poc/rumen/raw/10674_0001_idba_bin.92.fa.gz	10674_0001_idba_bin.92.fa.gz	data/blue_catalyst_poc/proteomes/rumen__10674_0001_idba_bin.92.faa	rumen__10674_0001_idba_bin.92.faa	ERZ1037615	webin-genome-10674_0001_idba_bin.92	10674_0001_idba_bin.92.fa.gz	filename	matched	1433	True	True		fgx_662_apollo3_20260612		not_started							compressed_gzip	577306		mag_bin	true	false	MAG functional potential	comparable_mag_bin	MAG/bin-like input; eligible for MAG-level functional atlas if QC and table gates pass	include_in_mag_bin_relaunch_or_retain_if_complete
rumen__10674_0001_idba_bin.93	rumen__10674_0001_idba_bin.93	rumen	rumen	Bacteria	10674_0001_idba_bin.93	data/blue_catalyst_poc/rumen/raw/10674_0001_idba_bin.93.fa.gz	10674_0001_idba_bin.93.fa.gz	data/blue_catalyst_poc/proteomes/rumen__10674_0001_idba_bin.93.faa	rumen__10674_0001_idba_bin.93.faa	ERZ1037616	webin-genome-10674_0001_idba_bin.93	10674_0001_idba_bin.93.fa.gz	filename	matched	1178	True	True		fgx_662_apollo3_20260612		not_started							compressed_gzip	402226		mag_bin	true	false	MAG functional potential	comparable_mag_bin	MAG/bin-like input; eligible for MAG-level functional atlas if QC and table gates pass	include_in_mag_bin_relaunch_or_retain_if_complete
rumen__10674_0001_idba_bin.96	rumen__10674_0001_idba_bin.96	rumen	rumen	Bacteria	10674_0001_idba_bin.96	data/blue_catalyst_poc/rumen/raw/10674_0001_idba_bin.96.fa.gz	10674_0001_idba_bin.96.fa.gz	data/blue_catalyst_poc/proteomes/rumen__10674_0001_idba_bin.96.faa	rumen__10674_0001_idba_bin.96.faa	ERZ1037617	webin-genome-10674_0001_idba_bin.96	10674_0001_idba_bin.96.fa.gz	filename	matched	1145	True	True		fgx_662_apollo3_20260612		not_started							compressed_gzip	317652		mag_bin	true	false	MAG functional potential	comparable_mag_bin	MAG/bin-like input; eligible for MAG-level functional atlas if QC and table gates pass	include_in_mag_bin_relaunch_or_retain_if_complete
rumen__10674_0002_idba_bin.1	rumen__10674_0002_idba_bin.1	rumen	rumen	Bacteria	10674_0002_idba_bin.1	data/blue_catalyst_poc/rumen/raw/10674_0002_idba_bin.1.fa.gz	10674_0002_idba_bin.1.fa.gz	data/blue_catalyst_poc/proteomes/rumen__10674_0002_idba_bin.1.faa	rumen__10674_0002_idba_bin.1.faa	ERZ1037618	webin-genome-10674_0002_idba_bin.1	10674_0002_idba_bin.1.fa.gz	filename	matched	1358	True	True		fgx_662_apollo3_20260612		not_started							compressed_gzip	392037		mag_bin	true	false	MAG functional potential	comparable_mag_bin	MAG/bin-like input; eligible for MAG-level functional atlas if QC and table gates pass	include_in_mag_bin_relaunch_or_retain_if_complete
rumen__10674_0002_idba_bin.10	rumen__10674_0002_idba_bin.10	rumen	rumen	Bacteria	10674_0002_idba_bin.10	data/blue_catalyst_poc/rumen/raw/10674_0002_idba_bin.10.fa.gz	10674_0002_idba_bin.10.fa.gz	data/blue_catalyst_poc/proteomes/rumen__10674_0002_idba_bin.10.faa	rumen__10674_0002_idba_bin.10.faa	ERZ1037619	webin-genome-10674_0002_idba_bin.10	10674_0002_idba_bin.10.fa.gz	filename	matched	2537	True	True		fgx_662_apollo3_20260612		not_started							compressed_gzip	860662		mag_bin	true	false	MAG functional potential	comparable_mag_bin	MAG/bin-like input; eligible for MAG-level functional atlas if QC and table gates pass	include_in_mag_bin_relaunch_or_retain_if_complete
rumen__10674_0002_idba_bin.100	rumen__10674_0002_idba_bin.100	rumen	rumen	Bacteria	10674_0002_idba_bin.100	data/blue_catalyst_poc/rumen/raw/10674_0002_idba_bin.100.fa.gz	10674_0002_idba_bin.100.fa.gz	data/blue_catalyst_poc/proteomes/rumen__10674_0002_idba_bin.100.faa	rumen__10674_0002_idba_bin.100.faa	ERZ1037620	webin-genome-10674_0002_idba_bin.100	10674_0002_idba_bin.100.fa.gz	filename	matched	3084	True	True		fgx_662_apollo3_20260612		not_started							compressed_gzip	1134538		mag_bin	true	false	MAG functional potential	comparable_mag_bin	MAG/bin-like input; eligible for MAG-level functional atlas if QC and table gates pass	include_in_mag_bin_relaunch_or_retain_if_complete
rumen__10674_0002_idba_bin.104	rumen__10674_0002_idba_bin.104	rumen	rumen	Bacteria	10674_0002_idba_bin.104	data/blue_catalyst_poc/rumen/raw/10674_0002_idba_bin.104.fa.gz	10674_0002_idba_bin.104.fa.gz	data/blue_catalyst_poc/proteomes/rumen__10674_0002_idba_bin.104.faa	rumen__10674_0002_idba_bin.104.faa	ERZ1037621	webin-genome-10674_0002_idba_bin.104	10674_0002_idba_bin.104.fa.gz	filename	matched	1534	True	True		fgx_662_apollo3_20260612		not_started							compressed_gzip	506829		mag_bin	true	false	MAG functional potential	comparable_mag_bin	MAG/bin-like input; eligible for MAG-level functional atlas if QC and table gates pass	include_in_mag_bin_relaunch_or_retain_if_complete
rumen__10674_0002_idba_bin.106	rumen__10674_0002_idba_bin.106	rumen	rumen	Bacteria	10674_0002_idba_bin.106	data/blue_catalyst_poc/rumen/raw/10674_0002_idba_bin.106.fa.gz	10674_0002_idba_bin.106.fa.gz	data/blue_catalyst_poc/proteomes/rumen__10674_0002_idba_bin.106.faa	rumen__10674_0002_idba_bin.106.faa	ERZ1037622	webin-genome-10674_0002_idba_bin.106	10674_0002_idba_bin.106.fa.gz	filename	matched	2407	True	True		fgx_662_apollo3_20260612		not_started							compressed_gzip	906539		mag_bin	true	false	MAG functional potential	comparable_mag_bin	MAG/bin-like input; eligible for MAG-level functional atlas if QC and table gates pass	include_in_mag_bin_relaunch_or_retain_if_complete
rumen__10674_0002_idba_bin.107	rumen__10674_0002_idba_bin.107	rumen	rumen	Bacteria	10674_0002_idba_bin.107	data/blue_catalyst_poc/rumen/raw/10674_0002_idba_bin.107.fa.gz	10674_0002_idba_bin.107.fa.gz	data/blue_catalyst_poc/proteomes/rumen__10674_0002_idba_bin.107.faa	rumen__10674_0002_idba_bin.107.faa	ERZ1037623	webin-genome-10674_0002_idba_bin.107	10674_0002_idba_bin.107.fa.gz	filename	matched	2595	True	True		fgx_662_apollo3_20260612		not_started							compressed_gzip	840667		mag_bin	true	false	MAG functional potential	comparable_mag_bin	MAG/bin-like input; eligible for MAG-level functional atlas if QC and table gates pass	include_in_mag_bin_relaunch_or_retain_if_complete
rumen__10674_0002_idba_bin.108	rumen__10674_0002_idba_bin.108	rumen	rumen	Bacteria	10674_0002_idba_bin.108	data/blue_catalyst_poc/rumen/raw/10674_0002_idba_bin.108.fa.gz	10674_0002_idba_bin.108.fa.gz	data/blue_catalyst_poc/proteomes/rumen__10674_0002_idba_bin.108.faa	rumen__10674_0002_idba_bin.108.faa	ERZ1037624	webin-genome-10674_0002_idba_bin.108	10674_0002_idba_bin.108.fa.gz	filename	matched	2499	True	True		fgx_662_apollo3_20260612		not_started							compressed_gzip	925664		mag_bin	true	false	MAG functional potential	comparable_mag_bin	MAG/bin-like input; eligible for MAG-level functional atlas if QC and table gates pass	include_in_mag_bin_relaunch_or_retain_if_complete
rumen__10674_0002_idba_bin.109	rumen__10674_0002_idba_bin.109	rumen	rumen	Bacteria	10674_0002_idba_bin.109	data/blue_catalyst_poc/rumen/raw/10674_0002_idba_bin.109.fa.gz	10674_0002_idba_bin.109.fa.gz	data/blue_catalyst_poc/proteomes/rumen__10674_0002_idba_bin.109.faa	rumen__10674_0002_idba_bin.109.faa	ERZ1037625	webin-genome-10674_0002_idba_bin.109	10674_0002_idba_bin.109.fa.gz	filename	matched	2135	True	True		fgx_662_apollo3_20260612		not_started							compressed_gzip	746072		mag_bin	true	false	MAG functional potential	comparable_mag_bin	MAG/bin-like input; eligible for MAG-level functional atlas if QC and table gates pass	include_in_mag_bin_relaunch_or_retain_if_complete
rumen__10674_0002_idba_bin.110	rumen__10674_0002_idba_bin.110	rumen	rumen	Bacteria	10674_0002_idba_bin.110	data/blue_catalyst_poc/rumen/raw/10674_0002_idba_bin.110.fa.gz	10674_0002_idba_bin.110.fa.gz	data/blue_catalyst_poc/proteomes/rumen__10674_0002_idba_bin.110.faa	rumen__10674_0002_idba_bin.110.faa	ERZ1037626	webin-genome-10674_0002_idba_bin.110	10674_0002_idba_bin.110.fa.gz	filename	matched	1959	True	True		fgx_662_apollo3_20260612		not_started							compressed_gzip	745946		mag_bin	true	false	MAG functional potential	comparable_mag_bin	MAG/bin-like input; eligible for MAG-level functional atlas if QC and table gates pass	include_in_mag_bin_relaunch_or_retain_if_complete
rumen__10674_0002_idba_bin.111	rumen__10674_0002_idba_bin.111	rumen	rumen	Bacteria	10674_0002_idba_bin.111	data/blue_catalyst_poc/rumen/raw/10674_0002_idba_bin.111.fa.gz	10674_0002_idba_bin.111.fa.gz	data/blue_catalyst_poc/proteomes/rumen__10674_0002_idba_bin.111.faa	rumen__10674_0002_idba_bin.111.faa	ERZ1037627	webin-genome-10674_0002_idba_bin.111	10674_0002_idba_bin.111.fa.gz	filename	matched	1634	True	True		fgx_662_apollo3_20260612		not_started							compressed_gzip	560779		mag_bin	true	false	MAG functional potential	comparable_mag_bin	MAG/bin-like input; eligible for MAG-level functional atlas if QC and table gates pass	include_in_mag_bin_relaunch_or_retain_if_complete
rumen__10674_0002_idba_bin.112	rumen__10674_0002_idba_bin.112	rumen	rumen	Bacteria	10674_0002_idba_bin.112	data/blue_catalyst_poc/rumen/raw/10674_0002_idba_bin.112.fa.gz	10674_0002_idba_bin.112.fa.gz	data/blue_catalyst_poc/proteomes/rumen__10674_0002_idba_bin.112.faa	rumen__10674_0002_idba_bin.112.faa	ERZ1037628	webin-genome-10674_0002_idba_bin.112	10674_0002_idba_bin.112.fa.gz	filename	matched	2352	True	True		fgx_662_apollo3_20260612		not_started							compressed_gzip	851967		mag_bin	true	false	MAG functional potential	comparable_mag_bin	MAG/bin-like input; eligible for MAG-level functional atlas if QC and table gates pass	include_in_mag_bin_relaunch_or_retain_if_complete
rumen__10674_0002_idba_bin.113	rumen__10674_0002_idba_bin.113	rumen	rumen	Bacteria	10674_0002_idba_bin.113	data/blue_catalyst_poc/rumen/raw/10674_0002_idba_bin.113.fa.gz	10674_0002_idba_bin.113.fa.gz	data/blue_catalyst_poc/proteomes/rumen__10674_0002_idba_bin.113.faa	rumen__10674_0002_idba_bin.113.faa	ERZ1037629	webin-genome-10674_0002_idba_bin.113	10674_0002_idba_bin.113.fa.gz	filename	matched	840	True	True		fgx_662_apollo3_20260612		not_started							compressed_gzip	315190		mag_bin	true	false	MAG functional potential	comparable_mag_bin	MAG/bin-like input; eligible for MAG-level functional atlas if QC and table gates pass	include_in_mag_bin_relaunch_or_retain_if_complete
rumen__10674_0002_idba_bin.114	rumen__10674_0002_idba_bin.114	rumen	rumen	Bacteria	10674_0002_idba_bin.114	data/blue_catalyst_poc/rumen/raw/10674_0002_idba_bin.114.fa.gz	10674_0002_idba_bin.114.fa.gz	data/blue_catalyst_poc/proteomes/rumen__10674_0002_idba_bin.114.faa	rumen__10674_0002_idba_bin.114.faa	ERZ1037630	webin-genome-10674_0002_idba_bin.114	10674_0002_idba_bin.114.fa.gz	filename	matched	2012	True	True		fgx_662_apollo3_20260612		not_started							compressed_gzip	609504		mag_bin	true	false	MAG functional potential	comparable_mag_bin	MAG/bin-like input; eligible for MAG-level functional atlas if QC and table gates pass	include_in_mag_bin_relaunch_or_retain_if_complete
rumen__10674_0002_idba_bin.116	rumen__10674_0002_idba_bin.116	rumen	rumen	Bacteria	10674_0002_idba_bin.116	data/blue_catalyst_poc/rumen/raw/10674_0002_idba_bin.116.fa.gz	10674_0002_idba_bin.116.fa.gz	data/blue_catalyst_poc/proteomes/rumen__10674_0002_idba_bin.116.faa	rumen__10674_0002_idba_bin.116.faa	ERZ1037631	webin-genome-10674_0002_idba_bin.116	10674_0002_idba_bin.116.fa.gz	filename	matched	2298	True	True		fgx_662_apollo3_20260612		not_started							compressed_gzip	697839		mag_bin	true	false	MAG functional potential	comparable_mag_bin	MAG/bin-like input; eligible for MAG-level functional atlas if QC and table gates pass	include_in_mag_bin_relaunch_or_retain_if_complete
rumen__10674_0002_idba_bin.117	rumen__10674_0002_idba_bin.117	rumen	rumen	Bacteria	10674_0002_idba_bin.117	data/blue_catalyst_poc/rumen/raw/10674_0002_idba_bin.117.fa.gz	10674_0002_idba_bin.117.fa.gz	data/blue_catalyst_poc/proteomes/rumen__10674_0002_idba_bin.117.faa	rumen__10674_0002_idba_bin.117.faa	ERZ1037632	webin-genome-10674_0002_idba_bin.117	10674_0002_idba_bin.117.fa.gz	filename	matched	1963	True	True		fgx_662_apollo3_20260612		not_started							compressed_gzip	647550		mag_bin	true	false	MAG functional potential	comparable_mag_bin	MAG/bin-like input; eligible for MAG-level functional atlas if QC and table gates pass	include_in_mag_bin_relaunch_or_retain_if_complete
rumen__10674_0002_idba_bin.121	rumen__10674_0002_idba_bin.121	rumen	rumen	Bacteria	10674_0002_idba_bin.121	data/blue_catalyst_poc/rumen/raw/10674_0002_idba_bin.121.fa.gz	10674_0002_idba_bin.121.fa.gz	data/blue_catalyst_poc/proteomes/rumen__10674_0002_idba_bin.121.faa	rumen__10674_0002_idba_bin.121.faa	ERZ1037633	webin-genome-10674_0002_idba_bin.121	10674_0002_idba_bin.121.fa.gz	filename	matched	2253	True	True		fgx_662_apollo3_20260612		not_started							compressed_gzip	719752		mag_bin	true	false	MAG functional potential	comparable_mag_bin	MAG/bin-like input; eligible for MAG-level functional atlas if QC and table gates pass	include_in_mag_bin_relaunch_or_retain_if_complete
rumen__10674_0002_idba_bin.125	rumen__10674_0002_idba_bin.125	rumen	rumen	Bacteria	10674_0002_idba_bin.125	data/blue_catalyst_poc/rumen/raw/10674_0002_idba_bin.125.fa.gz	10674_0002_idba_bin.125.fa.gz	data/blue_catalyst_poc/proteomes/rumen__10674_0002_idba_bin.125.faa	rumen__10674_0002_idba_bin.125.faa	ERZ1037634	webin-genome-10674_0002_idba_bin.125	10674_0002_idba_bin.125.fa.gz	filename	matched	1590	True	True		fgx_662_apollo3_20260612		not_started							compressed_gzip	452815		mag_bin	true	false	MAG functional potential	comparable_mag_bin	MAG/bin-like input; eligible for MAG-level functional atlas if QC and table gates pass	include_in_mag_bin_relaunch_or_retain_if_complete
rumen__10674_0002_idba_bin.126	rumen__10674_0002_idba_bin.126	rumen	rumen	Bacteria	10674_0002_idba_bin.126	data/blue_catalyst_poc/rumen/raw/10674_0002_idba_bin.126.fa.gz	10674_0002_idba_bin.126.fa.gz	data/blue_catalyst_poc/proteomes/rumen__10674_0002_idba_bin.126.faa	rumen__10674_0002_idba_bin.126.faa	ERZ1037635	webin-genome-10674_0002_idba_bin.126	10674_0002_idba_bin.126.fa.gz	filename	matched	1528	True	True		fgx_662_apollo3_20260612		not_started							compressed_gzip	499438		mag_bin	true	false	MAG functional potential	comparable_mag_bin	MAG/bin-like input; eligible for MAG-level functional atlas if QC and table gates pass	include_in_mag_bin_relaunch_or_retain_if_complete
rumen__10674_0002_idba_bin.14	rumen__10674_0002_idba_bin.14	rumen	rumen	Bacteria	10674_0002_idba_bin.14	data/blue_catalyst_poc/rumen/raw/10674_0002_idba_bin.14.fa.gz	10674_0002_idba_bin.14.fa.gz	data/blue_catalyst_poc/proteomes/rumen__10674_0002_idba_bin.14.faa	rumen__10674_0002_idba_bin.14.faa	ERZ1037636	webin-genome-10674_0002_idba_bin.14	10674_0002_idba_bin.14.fa.gz	filename	matched	1275	True	True		fgx_662_apollo3_20260612		not_started							compressed_gzip	415412		mag_bin	true	false	MAG functional potential	comparable_mag_bin	MAG/bin-like input; eligible for MAG-level functional atlas if QC and table gates pass	include_in_mag_bin_relaunch_or_retain_if_complete
rumen__10674_0002_idba_bin.2	rumen__10674_0002_idba_bin.2	rumen	rumen	Bacteria	10674_0002_idba_bin.2	data/blue_catalyst_poc/rumen/raw/10674_0002_idba_bin.2.fa.gz	10674_0002_idba_bin.2.fa.gz	data/blue_catalyst_poc/proteomes/rumen__10674_0002_idba_bin.2.faa	rumen__10674_0002_idba_bin.2.faa	ERZ1037637	webin-genome-10674_0002_idba_bin.2	10674_0002_idba_bin.2.fa.gz	filename	matched	951	True	True		fgx_662_apollo3_20260612		not_started							compressed_gzip	286354		mag_bin	true	false	MAG functional potential	comparable_mag_bin	MAG/bin-like input; eligible for MAG-level functional atlas if QC and table gates pass	include_in_mag_bin_relaunch_or_retain_if_complete
rumen__10674_0002_idba_bin.20	rumen__10674_0002_idba_bin.20	rumen	rumen	Bacteria	10674_0002_idba_bin.20	data/blue_catalyst_poc/rumen/raw/10674_0002_idba_bin.20.fa.gz	10674_0002_idba_bin.20.fa.gz	data/blue_catalyst_poc/proteomes/rumen__10674_0002_idba_bin.20.faa	rumen__10674_0002_idba_bin.20.faa	ERZ1037638	webin-genome-10674_0002_idba_bin.20	10674_0002_idba_bin.20.fa.gz	filename	matched	2053	True	True		fgx_662_apollo3_20260612		not_started							compressed_gzip	760573		mag_bin	true	false	MAG functional potential	comparable_mag_bin	MAG/bin-like input; eligible for MAG-level functional atlas if QC and table gates pass	include_in_mag_bin_relaunch_or_retain_if_complete
rumen__10674_0002_idba_bin.22	rumen__10674_0002_idba_bin.22	rumen	rumen	Bacteria	10674_0002_idba_bin.22	data/blue_catalyst_poc/rumen/raw/10674_0002_idba_bin.22.fa.gz	10674_0002_idba_bin.22.fa.gz	data/blue_catalyst_poc/proteomes/rumen__10674_0002_idba_bin.22.faa	rumen__10674_0002_idba_bin.22.faa	ERZ1037639	webin-genome-10674_0002_idba_bin.22	10674_0002_idba_bin.22.fa.gz	filename	matched	2391	True	True		fgx_662_apollo3_20260612		not_started							compressed_gzip	744915		mag_bin	true	false	MAG functional potential	comparable_mag_bin	MAG/bin-like input; eligible for MAG-level functional atlas if QC and table gates pass	include_in_mag_bin_relaunch_or_retain_if_complete
rumen__10674_0002_idba_bin.25	rumen__10674_0002_idba_bin.25	rumen	rumen	Bacteria	10674_0002_idba_bin.25	data/blue_catalyst_poc/rumen/raw/10674_0002_idba_bin.25.fa.gz	10674_0002_idba_bin.25.fa.gz	data/blue_catalyst_poc/proteomes/rumen__10674_0002_idba_bin.25.faa	rumen__10674_0002_idba_bin.25.faa	ERZ1037640	webin-genome-10674_0002_idba_bin.25	10674_0002_idba_bin.25.fa.gz	filename	matched	2294	True	True		fgx_662_apollo3_20260612		not_started							compressed_gzip	744670		mag_bin	true	false	MAG functional potential	comparable_mag_bin	MAG/bin-like input; eligible for MAG-level functional atlas if QC and table gates pass	include_in_mag_bin_relaunch_or_retain_if_complete
rumen__10674_0002_idba_bin.26	rumen__10674_0002_idba_bin.26	rumen	rumen	Bacteria	10674_0002_idba_bin.26	data/blue_catalyst_poc/rumen/raw/10674_0002_idba_bin.26.fa.gz	10674_0002_idba_bin.26.fa.gz	data/blue_catalyst_poc/proteomes/rumen__10674_0002_idba_bin.26.faa	rumen__10674_0002_idba_bin.26.faa	ERZ1037641	webin-genome-10674_0002_idba_bin.26	10674_0002_idba_bin.26.fa.gz	filename	matched	2334	True	True		fgx_662_apollo3_20260612		not_started							compressed_gzip	916323		mag_bin	true	false	MAG functional potential	comparable_mag_bin	MAG/bin-like input; eligible for MAG-level functional atlas if QC and table gates pass	include_in_mag_bin_relaunch_or_retain_if_complete
rumen__10674_0002_idba_bin.28	rumen__10674_0002_idba_bin.28	rumen	rumen	Bacteria	10674_0002_idba_bin.28	data/blue_catalyst_poc/rumen/raw/10674_0002_idba_bin.28.fa.gz	10674_0002_idba_bin.28.fa.gz	data/blue_catalyst_poc/proteomes/rumen__10674_0002_idba_bin.28.faa	rumen__10674_0002_idba_bin.28.faa	ERZ1037642	webin-genome-10674_0002_idba_bin.28	10674_0002_idba_bin.28.fa.gz	filename	matched	2668	True	True		fgx_662_apollo3_20260612		not_started							compressed_gzip	901631		mag_bin	true	false	MAG functional potential	comparable_mag_bin	MAG/bin-like input; eligible for MAG-level functional atlas if QC and table gates pass	include_in_mag_bin_relaunch_or_retain_if_complete
rumen__10674_0002_idba_bin.3	rumen__10674_0002_idba_bin.3	rumen	rumen	Bacteria	10674_0002_idba_bin.3	data/blue_catalyst_poc/rumen/raw/10674_0002_idba_bin.3.fa.gz	10674_0002_idba_bin.3.fa.gz	data/blue_catalyst_poc/proteomes/rumen__10674_0002_idba_bin.3.faa	rumen__10674_0002_idba_bin.3.faa	ERZ1037643	webin-genome-10674_0002_idba_bin.3	10674_0002_idba_bin.3.fa.gz	filename	matched	1838	True	True		fgx_662_apollo3_20260612		not_started							compressed_gzip	508493		mag_bin	true	false	MAG functional potential	comparable_mag_bin	MAG/bin-like input; eligible for MAG-level functional atlas if QC and table gates pass	include_in_mag_bin_relaunch_or_retain_if_complete
rumen__10674_0002_idba_bin.30	rumen__10674_0002_idba_bin.30	rumen	rumen	Bacteria	10674_0002_idba_bin.30	data/blue_catalyst_poc/rumen/raw/10674_0002_idba_bin.30.fa.gz	10674_0002_idba_bin.30.fa.gz	data/blue_catalyst_poc/proteomes/rumen__10674_0002_idba_bin.30.faa	rumen__10674_0002_idba_bin.30.faa	ERZ1037644	webin-genome-10674_0002_idba_bin.30	10674_0002_idba_bin.30.fa.gz	filename	matched	1572	True	True		fgx_662_apollo3_20260612		not_started							compressed_gzip	577038		mag_bin	true	false	MAG functional potential	comparable_mag_bin	MAG/bin-like input; eligible for MAG-level functional atlas if QC and table gates pass	include_in_mag_bin_relaunch_or_retain_if_complete
rumen__10674_0002_idba_bin.32	rumen__10674_0002_idba_bin.32	rumen	rumen	Bacteria	10674_0002_idba_bin.32	data/blue_catalyst_poc/rumen/raw/10674_0002_idba_bin.32.fa.gz	10674_0002_idba_bin.32.fa.gz	data/blue_catalyst_poc/proteomes/rumen__10674_0002_idba_bin.32.faa	rumen__10674_0002_idba_bin.32.faa	ERZ1037645	webin-genome-10674_0002_idba_bin.32	10674_0002_idba_bin.32.fa.gz	filename	matched	2101	True	True		fgx_662_apollo3_20260612		not_started							compressed_gzip	715064		mag_bin	true	false	MAG functional potential	comparable_mag_bin	MAG/bin-like input; eligible for MAG-level functional atlas if QC and table gates pass	include_in_mag_bin_relaunch_or_retain_if_complete
rumen__10674_0002_idba_bin.33	rumen__10674_0002_idba_bin.33	rumen	rumen	Bacteria	10674_0002_idba_bin.33	data/blue_catalyst_poc/rumen/raw/10674_0002_idba_bin.33.fa.gz	10674_0002_idba_bin.33.fa.gz	data/blue_catalyst_poc/proteomes/rumen__10674_0002_idba_bin.33.faa	rumen__10674_0002_idba_bin.33.faa	ERZ1037646	webin-genome-10674_0002_idba_bin.33	10674_0002_idba_bin.33.fa.gz	filename	matched	2001	True	True		fgx_662_apollo3_20260612		not_started							compressed_gzip	671569		mag_bin	true	false	MAG functional potential	comparable_mag_bin	MAG/bin-like input; eligible for MAG-level functional atlas if QC and table gates pass	include_in_mag_bin_relaunch_or_retain_if_complete
rumen__10674_0002_idba_bin.37	rumen__10674_0002_idba_bin.37	rumen	rumen	Bacteria	10674_0002_idba_bin.37	data/blue_catalyst_poc/rumen/raw/10674_0002_idba_bin.37.fa.gz	10674_0002_idba_bin.37.fa.gz	data/blue_catalyst_poc/proteomes/rumen__10674_0002_idba_bin.37.faa	rumen__10674_0002_idba_bin.37.faa	ERZ1037647	webin-genome-10674_0002_idba_bin.37	10674_0002_idba_bin.37.fa.gz	filename	matched	1775	True	True		fgx_662_apollo3_20260612		not_started							compressed_gzip	578215		mag_bin	true	false	MAG functional potential	comparable_mag_bin	MAG/bin-like input; eligible for MAG-level functional atlas if QC and table gates pass	include_in_mag_bin_relaunch_or_retain_if_complete
rumen__10674_0002_idba_bin.39	rumen__10674_0002_idba_bin.39	rumen	rumen	Bacteria	10674_0002_idba_bin.39	data/blue_catalyst_poc/rumen/raw/10674_0002_idba_bin.39.fa.gz	10674_0002_idba_bin.39.fa.gz	data/blue_catalyst_poc/proteomes/rumen__10674_0002_idba_bin.39.faa	rumen__10674_0002_idba_bin.39.faa	ERZ1037648	webin-genome-10674_0002_idba_bin.39	10674_0002_idba_bin.39.fa.gz	filename	matched	1132	True	True		fgx_662_apollo3_20260612		not_started							compressed_gzip	361487		mag_bin	true	false	MAG functional potential	comparable_mag_bin	MAG/bin-like input; eligible for MAG-level functional atlas if QC and table gates pass	include_in_mag_bin_relaunch_or_retain_if_complete
rumen__10674_0002_idba_bin.4	rumen__10674_0002_idba_bin.4	rumen	rumen	Bacteria	10674_0002_idba_bin.4	data/blue_catalyst_poc/rumen/raw/10674_0002_idba_bin.4.fa.gz	10674_0002_idba_bin.4.fa.gz	data/blue_catalyst_poc/proteomes/rumen__10674_0002_idba_bin.4.faa	rumen__10674_0002_idba_bin.4.faa	ERZ1037649	webin-genome-10674_0002_idba_bin.4	10674_0002_idba_bin.4.fa.gz	filename	matched	1616	True	True		fgx_662_apollo3_20260612		not_started							compressed_gzip	482322		mag_bin	true	false	MAG functional potential	comparable_mag_bin	MAG/bin-like input; eligible for MAG-level functional atlas if QC and table gates pass	include_in_mag_bin_relaunch_or_retain_if_complete
rumen__10674_0002_idba_bin.40	rumen__10674_0002_idba_bin.40	rumen	rumen	Bacteria	10674_0002_idba_bin.40	data/blue_catalyst_poc/rumen/raw/10674_0002_idba_bin.40.fa.gz	10674_0002_idba_bin.40.fa.gz	data/blue_catalyst_poc/proteomes/rumen__10674_0002_idba_bin.40.faa	rumen__10674_0002_idba_bin.40.faa	ERZ1037650	webin-genome-10674_0002_idba_bin.40	10674_0002_idba_bin.40.fa.gz	filename	matched	1647	True	True		fgx_662_apollo3_20260612		not_started							compressed_gzip	498744		mag_bin	true	false	MAG functional potential	comparable_mag_bin	MAG/bin-like input; eligible for MAG-level functional atlas if QC and table gates pass	include_in_mag_bin_relaunch_or_retain_if_complete
rumen__10674_0002_idba_bin.41	rumen__10674_0002_idba_bin.41	rumen	rumen	Bacteria	10674_0002_idba_bin.41	data/blue_catalyst_poc/rumen/raw/10674_0002_idba_bin.41.fa.gz	10674_0002_idba_bin.41.fa.gz	data/blue_catalyst_poc/proteomes/rumen__10674_0002_idba_bin.41.faa	rumen__10674_0002_idba_bin.41.faa	ERZ1037651	webin-genome-10674_0002_idba_bin.41	10674_0002_idba_bin.41.fa.gz	filename	matched	1839	True	True		fgx_662_apollo3_20260612		not_started							compressed_gzip	619528		mag_bin	true	false	MAG functional potential	comparable_mag_bin	MAG/bin-like input; eligible for MAG-level functional atlas if QC and table gates pass	include_in_mag_bin_relaunch_or_retain_if_complete
rumen__10674_0002_idba_bin.43	rumen__10674_0002_idba_bin.43	rumen	rumen	Bacteria	10674_0002_idba_bin.43	data/blue_catalyst_poc/rumen/raw/10674_0002_idba_bin.43.fa.gz	10674_0002_idba_bin.43.fa.gz	data/blue_catalyst_poc/proteomes/rumen__10674_0002_idba_bin.43.faa	rumen__10674_0002_idba_bin.43.faa	ERZ1037652	webin-genome-10674_0002_idba_bin.43	10674_0002_idba_bin.43.fa.gz	filename	matched	2528	True	True		fgx_662_apollo3_20260612		not_started							compressed_gzip	848434		mag_bin	true	false	MAG functional potential	comparable_mag_bin	MAG/bin-like input; eligible for MAG-level functional atlas if QC and table gates pass	include_in_mag_bin_relaunch_or_retain_if_complete
rumen__10674_0002_idba_bin.46	rumen__10674_0002_idba_bin.46	rumen	rumen	Bacteria	10674_0002_idba_bin.46	data/blue_catalyst_poc/rumen/raw/10674_0002_idba_bin.46.fa.gz	10674_0002_idba_bin.46.fa.gz	data/blue_catalyst_poc/proteomes/rumen__10674_0002_idba_bin.46.faa	rumen__10674_0002_idba_bin.46.faa	ERZ1037653	webin-genome-10674_0002_idba_bin.46	10674_0002_idba_bin.46.fa.gz	filename	matched	1913	True	True		fgx_662_apollo3_20260612		not_started							compressed_gzip	572828		mag_bin	true	false	MAG functional potential	comparable_mag_bin	MAG/bin-like input; eligible for MAG-level functional atlas if QC and table gates pass	include_in_mag_bin_relaunch_or_retain_if_complete
rumen__10674_0002_idba_bin.47	rumen__10674_0002_idba_bin.47	rumen	rumen	Bacteria	10674_0002_idba_bin.47	data/blue_catalyst_poc/rumen/raw/10674_0002_idba_bin.47.fa.gz	10674_0002_idba_bin.47.fa.gz	data/blue_catalyst_poc/proteomes/rumen__10674_0002_idba_bin.47.faa	rumen__10674_0002_idba_bin.47.faa	ERZ1037654	webin-genome-10674_0002_idba_bin.47	10674_0002_idba_bin.47.fa.gz	filename	matched	1380	True	True		fgx_662_apollo3_20260612		not_started							compressed_gzip	353379		mag_bin	true	false	MAG functional potential	comparable_mag_bin	MAG/bin-like input; eligible for MAG-level functional atlas if QC and table gates pass	include_in_mag_bin_relaunch_or_retain_if_complete
rumen__10674_0002_idba_bin.51	rumen__10674_0002_idba_bin.51	rumen	rumen	Bacteria	10674_0002_idba_bin.51	data/blue_catalyst_poc/rumen/raw/10674_0002_idba_bin.51.fa.gz	10674_0002_idba_bin.51.fa.gz	data/blue_catalyst_poc/proteomes/rumen__10674_0002_idba_bin.51.faa	rumen__10674_0002_idba_bin.51.faa	ERZ1037655	webin-genome-10674_0002_idba_bin.51	10674_0002_idba_bin.51.fa.gz	filename	matched	1983	True	True		fgx_662_apollo3_20260612		not_started							compressed_gzip	698731		mag_bin	true	false	MAG functional potential	comparable_mag_bin	MAG/bin-like input; eligible for MAG-level functional atlas if QC and table gates pass	include_in_mag_bin_relaunch_or_retain_if_complete
rumen__10674_0002_idba_bin.52	rumen__10674_0002_idba_bin.52	rumen	rumen	Bacteria	10674_0002_idba_bin.52	data/blue_catalyst_poc/rumen/raw/10674_0002_idba_bin.52.fa.gz	10674_0002_idba_bin.52.fa.gz	data/blue_catalyst_poc/proteomes/rumen__10674_0002_idba_bin.52.faa	rumen__10674_0002_idba_bin.52.faa	ERZ1037656	webin-genome-10674_0002_idba_bin.52	10674_0002_idba_bin.52.fa.gz	filename	matched	1892	True	True		fgx_662_apollo3_20260612		not_started							compressed_gzip	630509		mag_bin	true	false	MAG functional potential	comparable_mag_bin	MAG/bin-like input; eligible for MAG-level functional atlas if QC and table gates pass	include_in_mag_bin_relaunch_or_retain_if_complete
rumen__10674_0002_idba_bin.55	rumen__10674_0002_idba_bin.55	rumen	rumen	Bacteria	10674_0002_idba_bin.55	data/blue_catalyst_poc/rumen/raw/10674_0002_idba_bin.55.fa.gz	10674_0002_idba_bin.55.fa.gz	data/blue_catalyst_poc/proteomes/rumen__10674_0002_idba_bin.55.faa	rumen__10674_0002_idba_bin.55.faa	ERZ1037657	webin-genome-10674_0002_idba_bin.55	10674_0002_idba_bin.55.fa.gz	filename	matched	2358	True	True		fgx_662_apollo3_20260612		not_started							compressed_gzip	822067		mag_bin	true	false	MAG functional potential	comparable_mag_bin	MAG/bin-like input; eligible for MAG-level functional atlas if QC and table gates pass	include_in_mag_bin_relaunch_or_retain_if_complete
rumen__10674_0002_idba_bin.57	rumen__10674_0002_idba_bin.57	rumen	rumen	Bacteria	10674_0002_idba_bin.57	data/blue_catalyst_poc/rumen/raw/10674_0002_idba_bin.57.fa.gz	10674_0002_idba_bin.57.fa.gz	data/blue_catalyst_poc/proteomes/rumen__10674_0002_idba_bin.57.faa	rumen__10674_0002_idba_bin.57.faa	ERZ1037658	webin-genome-10674_0002_idba_bin.57	10674_0002_idba_bin.57.fa.gz	filename	matched	2531	True	True		fgx_662_apollo3_20260612		not_started							compressed_gzip	812448		mag_bin	true	false	MAG functional potential	comparable_mag_bin	MAG/bin-like input; eligible for MAG-level functional atlas if QC and table gates pass	include_in_mag_bin_relaunch_or_retain_if_complete
rumen__10674_0002_idba_bin.6	rumen__10674_0002_idba_bin.6	rumen	rumen	Bacteria	10674_0002_idba_bin.6	data/blue_catalyst_poc/rumen/raw/10674_0002_idba_bin.6.fa.gz	10674_0002_idba_bin.6.fa.gz	data/blue_catalyst_poc/proteomes/rumen__10674_0002_idba_bin.6.faa	rumen__10674_0002_idba_bin.6.faa	ERZ1037659	webin-genome-10674_0002_idba_bin.6	10674_0002_idba_bin.6.fa.gz	filename	matched	2259	True	True		fgx_662_apollo3_20260612		not_started							compressed_gzip	710049		mag_bin	true	false	MAG functional potential	comparable_mag_bin	MAG/bin-like input; eligible for MAG-level functional atlas if QC and table gates pass	include_in_mag_bin_relaunch_or_retain_if_complete
rumen__10674_0002_idba_bin.61	rumen__10674_0002_idba_bin.61	rumen	rumen	Bacteria	10674_0002_idba_bin.61	data/blue_catalyst_poc/rumen/raw/10674_0002_idba_bin.61.fa.gz	10674_0002_idba_bin.61.fa.gz	data/blue_catalyst_poc/proteomes/rumen__10674_0002_idba_bin.61.faa	rumen__10674_0002_idba_bin.61.faa	ERZ1037660	webin-genome-10674_0002_idba_bin.61	10674_0002_idba_bin.61.fa.gz	filename	matched	1054	True	True		fgx_662_apollo3_20260612		not_started							compressed_gzip	281832		mag_bin	true	false	MAG functional potential	comparable_mag_bin	MAG/bin-like input; eligible for MAG-level functional atlas if QC and table gates pass	include_in_mag_bin_relaunch_or_retain_if_complete
rumen__10674_0002_idba_bin.62	rumen__10674_0002_idba_bin.62	rumen	rumen	Bacteria	10674_0002_idba_bin.62	data/blue_catalyst_poc/rumen/raw/10674_0002_idba_bin.62.fa.gz	10674_0002_idba_bin.62.fa.gz	data/blue_catalyst_poc/proteomes/rumen__10674_0002_idba_bin.62.faa	rumen__10674_0002_idba_bin.62.faa	ERZ1037661	webin-genome-10674_0002_idba_bin.62	10674_0002_idba_bin.62.fa.gz	filename	matched	932	True	True		fgx_662_apollo3_20260612		not_started							compressed_gzip	337204		mag_bin	true	false	MAG functional potential	comparable_mag_bin	MAG/bin-like input; eligible for MAG-level functional atlas if QC and table gates pass	include_in_mag_bin_relaunch_or_retain_if_complete
rumen__10674_0002_idba_bin.67	rumen__10674_0002_idba_bin.67	rumen	rumen	Bacteria	10674_0002_idba_bin.67	data/blue_catalyst_poc/rumen/raw/10674_0002_idba_bin.67.fa.gz	10674_0002_idba_bin.67.fa.gz	data/blue_catalyst_poc/proteomes/rumen__10674_0002_idba_bin.67.faa	rumen__10674_0002_idba_bin.67.faa	ERZ1037662	webin-genome-10674_0002_idba_bin.67	10674_0002_idba_bin.67.fa.gz	filename	matched	2156	True	True		fgx_662_apollo3_20260612		not_started							compressed_gzip	690915		mag_bin	true	false	MAG functional potential	comparable_mag_bin	MAG/bin-like input; eligible for MAG-level functional atlas if QC and table gates pass	include_in_mag_bin_relaunch_or_retain_if_complete
rumen__10674_0002_idba_bin.68	rumen__10674_0002_idba_bin.68	rumen	rumen	Bacteria	10674_0002_idba_bin.68	data/blue_catalyst_poc/rumen/raw/10674_0002_idba_bin.68.fa.gz	10674_0002_idba_bin.68.fa.gz	data/blue_catalyst_poc/proteomes/rumen__10674_0002_idba_bin.68.faa	rumen__10674_0002_idba_bin.68.faa	ERZ1037663	webin-genome-10674_0002_idba_bin.68	10674_0002_idba_bin.68.fa.gz	filename	matched	1490	True	True		fgx_662_apollo3_20260612		not_started							compressed_gzip	521219		mag_bin	true	false	MAG functional potential	comparable_mag_bin	MAG/bin-like input; eligible for MAG-level functional atlas if QC and table gates pass	include_in_mag_bin_relaunch_or_retain_if_complete
rumen__10674_0002_idba_bin.7	rumen__10674_0002_idba_bin.7	rumen	rumen	Bacteria	10674_0002_idba_bin.7	data/blue_catalyst_poc/rumen/raw/10674_0002_idba_bin.7.fa.gz	10674_0002_idba_bin.7.fa.gz	data/blue_catalyst_poc/proteomes/rumen__10674_0002_idba_bin.7.faa	rumen__10674_0002_idba_bin.7.faa	ERZ1037664	webin-genome-10674_0002_idba_bin.7	10674_0002_idba_bin.7.fa.gz	filename	matched	3054	True	True		fgx_662_apollo3_20260612		not_started							compressed_gzip	916008		mag_bin	true	false	MAG functional potential	comparable_mag_bin	MAG/bin-like input; eligible for MAG-level functional atlas if QC and table gates pass	include_in_mag_bin_relaunch_or_retain_if_complete
rumen__10674_0002_idba_bin.70	rumen__10674_0002_idba_bin.70	rumen	rumen	Bacteria	10674_0002_idba_bin.70	data/blue_catalyst_poc/rumen/raw/10674_0002_idba_bin.70.fa.gz	10674_0002_idba_bin.70.fa.gz	data/blue_catalyst_poc/proteomes/rumen__10674_0002_idba_bin.70.faa	rumen__10674_0002_idba_bin.70.faa	ERZ1037665	webin-genome-10674_0002_idba_bin.70	10674_0002_idba_bin.70.fa.gz	filename	matched	2089	True	True		fgx_662_apollo3_20260612		not_started							compressed_gzip	629401		mag_bin	true	false	MAG functional potential	comparable_mag_bin	MAG/bin-like input; eligible for MAG-level functional atlas if QC and table gates pass	include_in_mag_bin_relaunch_or_retain_if_complete
rumen__10674_0002_idba_bin.73	rumen__10674_0002_idba_bin.73	rumen	rumen	Bacteria	10674_0002_idba_bin.73	data/blue_catalyst_poc/rumen/raw/10674_0002_idba_bin.73.fa.gz	10674_0002_idba_bin.73.fa.gz	data/blue_catalyst_poc/proteomes/rumen__10674_0002_idba_bin.73.faa	rumen__10674_0002_idba_bin.73.faa	ERZ1037666	webin-genome-10674_0002_idba_bin.73	10674_0002_idba_bin.73.fa.gz	filename	matched	1548	True	True		fgx_662_apollo3_20260612		not_started							compressed_gzip	605966		mag_bin	true	false	MAG functional potential	comparable_mag_bin	MAG/bin-like input; eligible for MAG-level functional atlas if QC and table gates pass	include_in_mag_bin_relaunch_or_retain_if_complete
rumen__10674_0002_idba_bin.74	rumen__10674_0002_idba_bin.74	rumen	rumen	Bacteria	10674_0002_idba_bin.74	data/blue_catalyst_poc/rumen/raw/10674_0002_idba_bin.74.fa.gz	10674_0002_idba_bin.74.fa.gz	data/blue_catalyst_poc/proteomes/rumen__10674_0002_idba_bin.74.faa	rumen__10674_0002_idba_bin.74.faa	ERZ1037667	webin-genome-10674_0002_idba_bin.74	10674_0002_idba_bin.74.fa.gz	filename	matched	2046	True	True		fgx_662_apollo3_20260612		not_started							compressed_gzip	681364		mag_bin	true	false	MAG functional potential	comparable_mag_bin	MAG/bin-like input; eligible for MAG-level functional atlas if QC and table gates pass	include_in_mag_bin_relaunch_or_retain_if_complete
rumen__10674_0002_idba_bin.76	rumen__10674_0002_idba_bin.76	rumen	rumen	Bacteria	10674_0002_idba_bin.76	data/blue_catalyst_poc/rumen/raw/10674_0002_idba_bin.76.fa.gz	10674_0002_idba_bin.76.fa.gz	data/blue_catalyst_poc/proteomes/rumen__10674_0002_idba_bin.76.faa	rumen__10674_0002_idba_bin.76.faa	ERZ1037669	webin-genome-10674_0002_idba_bin.76	10674_0002_idba_bin.76.fa.gz	filename	matched	2201	True	True		fgx_662_apollo3_20260612		not_started							compressed_gzip	739939		mag_bin	true	false	MAG functional potential	comparable_mag_bin	MAG/bin-like input; eligible for MAG-level functional atlas if QC and table gates pass	include_in_mag_bin_relaunch_or_retain_if_complete
rumen__10674_0002_idba_bin.78	rumen__10674_0002_idba_bin.78	rumen	rumen	Bacteria	10674_0002_idba_bin.78	data/blue_catalyst_poc/rumen/raw/10674_0002_idba_bin.78.fa.gz	10674_0002_idba_bin.78.fa.gz	data/blue_catalyst_poc/proteomes/rumen__10674_0002_idba_bin.78.faa	rumen__10674_0002_idba_bin.78.faa	ERZ1037670	webin-genome-10674_0002_idba_bin.78	10674_0002_idba_bin.78.fa.gz	filename	matched	1721	True	True		fgx_662_apollo3_20260612		not_started							compressed_gzip	592728		mag_bin	true	false	MAG functional potential	comparable_mag_bin	MAG/bin-like input; eligible for MAG-level functional atlas if QC and table gates pass	include_in_mag_bin_relaunch_or_retain_if_complete
rumen__10674_0002_idba_bin.79	rumen__10674_0002_idba_bin.79	rumen	rumen	Bacteria	10674_0002_idba_bin.79	data/blue_catalyst_poc/rumen/raw/10674_0002_idba_bin.79.fa.gz	10674_0002_idba_bin.79.fa.gz	data/blue_catalyst_poc/proteomes/rumen__10674_0002_idba_bin.79.faa	rumen__10674_0002_idba_bin.79.faa	ERZ1037671	webin-genome-10674_0002_idba_bin.79	10674_0002_idba_bin.79.fa.gz	filename	matched	2267	True	True		fgx_662_apollo3_20260612		not_started							compressed_gzip	704846		mag_bin	true	false	MAG functional potential	comparable_mag_bin	MAG/bin-like input; eligible for MAG-level functional atlas if QC and table gates pass	include_in_mag_bin_relaunch_or_retain_if_complete
rumen__10674_0002_idba_bin.8	rumen__10674_0002_idba_bin.8	rumen	rumen	Archaea	10674_0002_idba_bin.8	data/blue_catalyst_poc/rumen/raw/10674_0002_idba_bin.8.fa.gz	10674_0002_idba_bin.8.fa.gz	data/blue_catalyst_poc/proteomes/rumen__10674_0002_idba_bin.8.faa	rumen__10674_0002_idba_bin.8.faa	ERZ1037672	webin-genome-10674_0002_idba_bin.8	10674_0002_idba_bin.8.fa.gz	filename	matched	1321	True	True		fgx_662_apollo3_20260612		not_started							compressed_gzip	362197		mag_bin	true	false	MAG functional potential	comparable_mag_bin	MAG/bin-like input; eligible for MAG-level functional atlas if QC and table gates pass	include_in_mag_bin_relaunch_or_retain_if_complete
rumen__10674_0002_idba_bin.81	rumen__10674_0002_idba_bin.81	rumen	rumen	Bacteria	10674_0002_idba_bin.81	data/blue_catalyst_poc/rumen/raw/10674_0002_idba_bin.81.fa.gz	10674_0002_idba_bin.81.fa.gz	data/blue_catalyst_poc/proteomes/rumen__10674_0002_idba_bin.81.faa	rumen__10674_0002_idba_bin.81.faa	ERZ1037673	webin-genome-10674_0002_idba_bin.81	10674_0002_idba_bin.81.fa.gz	filename	matched	2630	True	True		fgx_662_apollo3_20260612		not_started							compressed_gzip	825337		mag_bin	true	false	MAG functional potential	comparable_mag_bin	MAG/bin-like input; eligible for MAG-level functional atlas if QC and table gates pass	include_in_mag_bin_relaunch_or_retain_if_complete
rumen__10674_0002_idba_bin.82	rumen__10674_0002_idba_bin.82	rumen	rumen	Bacteria	10674_0002_idba_bin.82	data/blue_catalyst_poc/rumen/raw/10674_0002_idba_bin.82.fa.gz	10674_0002_idba_bin.82.fa.gz	data/blue_catalyst_poc/proteomes/rumen__10674_0002_idba_bin.82.faa	rumen__10674_0002_idba_bin.82.faa	ERZ1037674	webin-genome-10674_0002_idba_bin.82	10674_0002_idba_bin.82.fa.gz	filename	matched	1099	True	True		fgx_662_apollo3_20260612		not_started							compressed_gzip	329219		mag_bin	true	false	MAG functional potential	comparable_mag_bin	MAG/bin-like input; eligible for MAG-level functional atlas if QC and table gates pass	include_in_mag_bin_relaunch_or_retain_if_complete
rumen__10674_0002_idba_bin.84	rumen__10674_0002_idba_bin.84	rumen	rumen	Bacteria	10674_0002_idba_bin.84	data/blue_catalyst_poc/rumen/raw/10674_0002_idba_bin.84.fa.gz	10674_0002_idba_bin.84.fa.gz	data/blue_catalyst_poc/proteomes/rumen__10674_0002_idba_bin.84.faa	rumen__10674_0002_idba_bin.84.faa	ERZ1037675	webin-genome-10674_0002_idba_bin.84	10674_0002_idba_bin.84.fa.gz	filename	matched	1451	True	True		fgx_662_apollo3_20260612		not_started							compressed_gzip	483908		mag_bin	true	false	MAG functional potential	comparable_mag_bin	MAG/bin-like input; eligible for MAG-level functional atlas if QC and table gates pass	include_in_mag_bin_relaunch_or_retain_if_complete
rumen__10674_0002_idba_bin.87	rumen__10674_0002_idba_bin.87	rumen	rumen	Bacteria	10674_0002_idba_bin.87	data/blue_catalyst_poc/rumen/raw/10674_0002_idba_bin.87.fa.gz	10674_0002_idba_bin.87.fa.gz	data/blue_catalyst_poc/proteomes/rumen__10674_0002_idba_bin.87.faa	rumen__10674_0002_idba_bin.87.faa	ERZ1037676	webin-genome-10674_0002_idba_bin.87	10674_0002_idba_bin.87.fa.gz	filename	matched	1789	True	True		fgx_662_apollo3_20260612		not_started							compressed_gzip	549837		mag_bin	true	false	MAG functional potential	comparable_mag_bin	MAG/bin-like input; eligible for MAG-level functional atlas if QC and table gates pass	include_in_mag_bin_relaunch_or_retain_if_complete
rumen__10674_0002_idba_bin.88	rumen__10674_0002_idba_bin.88	rumen	rumen	Bacteria	10674_0002_idba_bin.88	data/blue_catalyst_poc/rumen/raw/10674_0002_idba_bin.88.fa.gz	10674_0002_idba_bin.88.fa.gz	data/blue_catalyst_poc/proteomes/rumen__10674_0002_idba_bin.88.faa	rumen__10674_0002_idba_bin.88.faa	ERZ1037677	webin-genome-10674_0002_idba_bin.88	10674_0002_idba_bin.88.fa.gz	filename	matched	2451	True	True		fgx_662_apollo3_20260612		not_started							compressed_gzip	918263		mag_bin	true	false	MAG functional potential	comparable_mag_bin	MAG/bin-like input; eligible for MAG-level functional atlas if QC and table gates pass	include_in_mag_bin_relaunch_or_retain_if_complete
rumen__10674_0002_idba_bin.89	rumen__10674_0002_idba_bin.89	rumen	rumen	Bacteria	10674_0002_idba_bin.89	data/blue_catalyst_poc/rumen/raw/10674_0002_idba_bin.89.fa.gz	10674_0002_idba_bin.89.fa.gz	data/blue_catalyst_poc/proteomes/rumen__10674_0002_idba_bin.89.faa	rumen__10674_0002_idba_bin.89.faa	ERZ1037678	webin-genome-10674_0002_idba_bin.89	10674_0002_idba_bin.89.fa.gz	filename	matched	2090	True	True		fgx_662_apollo3_20260612		not_started							compressed_gzip	743981		mag_bin	true	false	MAG functional potential	comparable_mag_bin	MAG/bin-like input; eligible for MAG-level functional atlas if QC and table gates pass	include_in_mag_bin_relaunch_or_retain_if_complete
rumen__10674_0002_idba_bin.92	rumen__10674_0002_idba_bin.92	rumen	rumen	Bacteria	10674_0002_idba_bin.92	data/blue_catalyst_poc/rumen/raw/10674_0002_idba_bin.92.fa.gz	10674_0002_idba_bin.92.fa.gz	data/blue_catalyst_poc/proteomes/rumen__10674_0002_idba_bin.92.faa	rumen__10674_0002_idba_bin.92.faa	ERZ1037679	webin-genome-10674_0002_idba_bin.92	10674_0002_idba_bin.92.fa.gz	filename	matched	1626	True	True		fgx_662_apollo3_20260612		not_started							compressed_gzip	474215		mag_bin	true	false	MAG functional potential	comparable_mag_bin	MAG/bin-like input; eligible for MAG-level functional atlas if QC and table gates pass	include_in_mag_bin_relaunch_or_retain_if_complete
rumen__10674_0002_idba_bin.93	rumen__10674_0002_idba_bin.93	rumen	rumen	Bacteria	10674_0002_idba_bin.93	data/blue_catalyst_poc/rumen/raw/10674_0002_idba_bin.93.fa.gz	10674_0002_idba_bin.93.fa.gz	data/blue_catalyst_poc/proteomes/rumen__10674_0002_idba_bin.93.faa	rumen__10674_0002_idba_bin.93.faa	ERZ1037680	webin-genome-10674_0002_idba_bin.93	10674_0002_idba_bin.93.fa.gz	filename	matched	2167	True	True		fgx_662_apollo3_20260612		not_started							compressed_gzip	708919		mag_bin	true	false	MAG functional potential	comparable_mag_bin	MAG/bin-like input; eligible for MAG-level functional atlas if QC and table gates pass	include_in_mag_bin_relaunch_or_retain_if_complete
rumen__10674_0002_idba_bin.94	rumen__10674_0002_idba_bin.94	rumen	rumen	Bacteria	10674_0002_idba_bin.94	data/blue_catalyst_poc/rumen/raw/10674_0002_idba_bin.94.fa.gz	10674_0002_idba_bin.94.fa.gz	data/blue_catalyst_poc/proteomes/rumen__10674_0002_idba_bin.94.faa	rumen__10674_0002_idba_bin.94.faa	ERZ1037681	webin-genome-10674_0002_idba_bin.94	10674_0002_idba_bin.94.fa.gz	filename	matched	2659	True	True		fgx_662_apollo3_20260612		not_started							compressed_gzip	993338		mag_bin	true	false	MAG functional potential	comparable_mag_bin	MAG/bin-like input; eligible for MAG-level functional atlas if QC and table gates pass	include_in_mag_bin_relaunch_or_retain_if_complete
rumen__10674_0002_idba_bin.95	rumen__10674_0002_idba_bin.95	rumen	rumen	Bacteria	10674_0002_idba_bin.95	data/blue_catalyst_poc/rumen/raw/10674_0002_idba_bin.95.fa.gz	10674_0002_idba_bin.95.fa.gz	data/blue_catalyst_poc/proteomes/rumen__10674_0002_idba_bin.95.faa	rumen__10674_0002_idba_bin.95.faa	ERZ1037682	webin-genome-10674_0002_idba_bin.95	10674_0002_idba_bin.95.fa.gz	filename	matched	2581	True	True		fgx_662_apollo3_20260612		not_started							compressed_gzip	931044		mag_bin	true	false	MAG functional potential	comparable_mag_bin	MAG/bin-like input; eligible for MAG-level functional atlas if QC and table gates pass	include_in_mag_bin_relaunch_or_retain_if_complete
rumen__10674_0002_idba_bin.96	rumen__10674_0002_idba_bin.96	rumen	rumen	Bacteria	10674_0002_idba_bin.96	data/blue_catalyst_poc/rumen/raw/10674_0002_idba_bin.96.fa.gz	10674_0002_idba_bin.96.fa.gz	data/blue_catalyst_poc/proteomes/rumen__10674_0002_idba_bin.96.faa	rumen__10674_0002_idba_bin.96.faa	ERZ1037683	webin-genome-10674_0002_idba_bin.96	10674_0002_idba_bin.96.fa.gz	filename	matched	2285	True	True		fgx_662_apollo3_20260612		not_started							compressed_gzip	891976		mag_bin	true	false	MAG functional potential	comparable_mag_bin	MAG/bin-like input; eligible for MAG-level functional atlas if QC and table gates pass	include_in_mag_bin_relaunch_or_retain_if_complete
rumen__10674_0002_idba_bin.97	rumen__10674_0002_idba_bin.97	rumen	rumen	Bacteria	10674_0002_idba_bin.97	data/blue_catalyst_poc/rumen/raw/10674_0002_idba_bin.97.fa.gz	10674_0002_idba_bin.97.fa.gz	data/blue_catalyst_poc/proteomes/rumen__10674_0002_idba_bin.97.faa	rumen__10674_0002_idba_bin.97.faa	ERZ1037685	webin-genome-10674_0002_idba_bin.97	10674_0002_idba_bin.97.fa.gz	filename	matched	2497	True	True		fgx_662_apollo3_20260612		not_started							compressed_gzip	981825		mag_bin	true	false	MAG functional potential	comparable_mag_bin	MAG/bin-like input; eligible for MAG-level functional atlas if QC and table gates pass	include_in_mag_bin_relaunch_or_retain_if_complete
rumen__10674_0002_idba_bin.98	rumen__10674_0002_idba_bin.98	rumen	rumen	Bacteria	10674_0002_idba_bin.98	data/blue_catalyst_poc/rumen/raw/10674_0002_idba_bin.98.fa.gz	10674_0002_idba_bin.98.fa.gz	data/blue_catalyst_poc/proteomes/rumen__10674_0002_idba_bin.98.faa	rumen__10674_0002_idba_bin.98.faa	ERZ1037686	webin-genome-10674_0002_idba_bin.98	10674_0002_idba_bin.98.fa.gz	filename	matched	2370	True	True		fgx_662_apollo3_20260612		not_started							compressed_gzip	798828		mag_bin	true	false	MAG functional potential	comparable_mag_bin	MAG/bin-like input; eligible for MAG-level functional atlas if QC and table gates pass	include_in_mag_bin_relaunch_or_retain_if_complete
rumen__10674_0003_idba_bin.1	rumen__10674_0003_idba_bin.1	rumen	rumen	Bacteria	10674_0003_idba_bin.1	data/blue_catalyst_poc/rumen/raw/10674_0003_idba_bin.1.fa.gz	10674_0003_idba_bin.1.fa.gz	data/blue_catalyst_poc/proteomes/rumen__10674_0003_idba_bin.1.faa	rumen__10674_0003_idba_bin.1.faa	ERZ1037687	webin-genome-10674_0003_idba_bin.1	10674_0003_idba_bin.1.fa.gz	filename	matched	1257	True	True		fgx_662_apollo3_20260612		not_started							compressed_gzip	490886		mag_bin	true	false	MAG functional potential	comparable_mag_bin	MAG/bin-like input; eligible for MAG-level functional atlas if QC and table gates pass	include_in_mag_bin_relaunch_or_retain_if_complete
rumen__10674_0003_idba_bin.10	rumen__10674_0003_idba_bin.10	rumen	rumen	Bacteria	10674_0003_idba_bin.10	data/blue_catalyst_poc/rumen/raw/10674_0003_idba_bin.10.fa.gz	10674_0003_idba_bin.10.fa.gz	data/blue_catalyst_poc/proteomes/rumen__10674_0003_idba_bin.10.faa	rumen__10674_0003_idba_bin.10.faa	ERZ1037688	webin-genome-10674_0003_idba_bin.10	10674_0003_idba_bin.10.fa.gz	filename	matched	1500	True	True		fgx_662_apollo3_20260612		not_started							compressed_gzip	423782		mag_bin	true	false	MAG functional potential	comparable_mag_bin	MAG/bin-like input; eligible for MAG-level functional atlas if QC and table gates pass	include_in_mag_bin_relaunch_or_retain_if_complete
rumen__10674_0003_idba_bin.102	rumen__10674_0003_idba_bin.102	rumen	rumen	Bacteria	10674_0003_idba_bin.102	data/blue_catalyst_poc/rumen/raw/10674_0003_idba_bin.102.fa.gz	10674_0003_idba_bin.102.fa.gz	data/blue_catalyst_poc/proteomes/rumen__10674_0003_idba_bin.102.faa	rumen__10674_0003_idba_bin.102.faa	ERZ1037689	webin-genome-10674_0003_idba_bin.102	10674_0003_idba_bin.102.fa.gz	filename	matched	1712	True	True		fgx_662_apollo3_20260612		not_started							compressed_gzip	527248		mag_bin	true	false	MAG functional potential	comparable_mag_bin	MAG/bin-like input; eligible for MAG-level functional atlas if QC and table gates pass	include_in_mag_bin_relaunch_or_retain_if_complete
rumen__10674_0003_idba_bin.103	rumen__10674_0003_idba_bin.103	rumen	rumen	Bacteria	10674_0003_idba_bin.103	data/blue_catalyst_poc/rumen/raw/10674_0003_idba_bin.103.fa.gz	10674_0003_idba_bin.103.fa.gz	data/blue_catalyst_poc/proteomes/rumen__10674_0003_idba_bin.103.faa	rumen__10674_0003_idba_bin.103.faa	ERZ1037690	webin-genome-10674_0003_idba_bin.103	10674_0003_idba_bin.103.fa.gz	filename	matched	1991	True	True		fgx_662_apollo3_20260612		not_started							compressed_gzip	734566		mag_bin	true	false	MAG functional potential	comparable_mag_bin	MAG/bin-like input; eligible for MAG-level functional atlas if QC and table gates pass	include_in_mag_bin_relaunch_or_retain_if_complete
rumen__10674_0003_idba_bin.104	rumen__10674_0003_idba_bin.104	rumen	rumen	Bacteria	10674_0003_idba_bin.104	data/blue_catalyst_poc/rumen/raw/10674_0003_idba_bin.104.fa.gz	10674_0003_idba_bin.104.fa.gz	data/blue_catalyst_poc/proteomes/rumen__10674_0003_idba_bin.104.faa	rumen__10674_0003_idba_bin.104.faa	ERZ1037691	webin-genome-10674_0003_idba_bin.104	10674_0003_idba_bin.104.fa.gz	filename	matched	1707	True	True		fgx_662_apollo3_20260612		not_started							compressed_gzip	599841		mag_bin	true	false	MAG functional potential	comparable_mag_bin	MAG/bin-like input; eligible for MAG-level functional atlas if QC and table gates pass	include_in_mag_bin_relaunch_or_retain_if_complete
rumen__10674_0003_idba_bin.106	rumen__10674_0003_idba_bin.106	rumen	rumen	Bacteria	10674_0003_idba_bin.106	data/blue_catalyst_poc/rumen/raw/10674_0003_idba_bin.106.fa.gz	10674_0003_idba_bin.106.fa.gz	data/blue_catalyst_poc/proteomes/rumen__10674_0003_idba_bin.106.faa	rumen__10674_0003_idba_bin.106.faa	ERZ1037692	webin-genome-10674_0003_idba_bin.106	10674_0003_idba_bin.106.fa.gz	filename	matched	1980	True	True		fgx_662_apollo3_20260612		not_started							compressed_gzip	695841		mag_bin	true	false	MAG functional potential	comparable_mag_bin	MAG/bin-like input; eligible for MAG-level functional atlas if QC and table gates pass	include_in_mag_bin_relaunch_or_retain_if_complete
rumen__10674_0003_idba_bin.108	rumen__10674_0003_idba_bin.108	rumen	rumen	Bacteria	10674_0003_idba_bin.108	data/blue_catalyst_poc/rumen/raw/10674_0003_idba_bin.108.fa.gz	10674_0003_idba_bin.108.fa.gz	data/blue_catalyst_poc/proteomes/rumen__10674_0003_idba_bin.108.faa	rumen__10674_0003_idba_bin.108.faa	ERZ1037693	webin-genome-10674_0003_idba_bin.108	10674_0003_idba_bin.108.fa.gz	filename	matched	2740	True	True		fgx_662_apollo3_20260612		not_started							compressed_gzip	875268		mag_bin	true	false	MAG functional potential	comparable_mag_bin	MAG/bin-like input; eligible for MAG-level functional atlas if QC and table gates pass	include_in_mag_bin_relaunch_or_retain_if_complete
rumen__10674_0003_idba_bin.109	rumen__10674_0003_idba_bin.109	rumen	rumen	Bacteria	10674_0003_idba_bin.109	data/blue_catalyst_poc/rumen/raw/10674_0003_idba_bin.109.fa.gz	10674_0003_idba_bin.109.fa.gz	data/blue_catalyst_poc/proteomes/rumen__10674_0003_idba_bin.109.faa	rumen__10674_0003_idba_bin.109.faa	ERZ1037694	webin-genome-10674_0003_idba_bin.109	10674_0003_idba_bin.109.fa.gz	filename	matched	2905	True	True		fgx_662_apollo3_20260612		not_started							compressed_gzip	1142512		mag_bin	true	false	MAG functional potential	comparable_mag_bin	MAG/bin-like input; eligible for MAG-level functional atlas if QC and table gates pass	include_in_mag_bin_relaunch_or_retain_if_complete
rumen__10674_0003_idba_bin.110	rumen__10674_0003_idba_bin.110	rumen	rumen	Bacteria	10674_0003_idba_bin.110	data/blue_catalyst_poc/rumen/raw/10674_0003_idba_bin.110.fa.gz	10674_0003_idba_bin.110.fa.gz	data/blue_catalyst_poc/proteomes/rumen__10674_0003_idba_bin.110.faa	rumen__10674_0003_idba_bin.110.faa	ERZ1037695	webin-genome-10674_0003_idba_bin.110	10674_0003_idba_bin.110.fa.gz	filename	matched	1259	True	True		fgx_662_apollo3_20260612		not_started							compressed_gzip	406989		mag_bin	true	false	MAG functional potential	comparable_mag_bin	MAG/bin-like input; eligible for MAG-level functional atlas if QC and table gates pass	include_in_mag_bin_relaunch_or_retain_if_complete
rumen__10674_0003_idba_bin.113	rumen__10674_0003_idba_bin.113	rumen	rumen	Bacteria	10674_0003_idba_bin.113	data/blue_catalyst_poc/rumen/raw/10674_0003_idba_bin.113.fa.gz	10674_0003_idba_bin.113.fa.gz	data/blue_catalyst_poc/proteomes/rumen__10674_0003_idba_bin.113.faa	rumen__10674_0003_idba_bin.113.faa	ERZ1037696	webin-genome-10674_0003_idba_bin.113	10674_0003_idba_bin.113.fa.gz	filename	matched	2020	True	True		fgx_662_apollo3_20260612		not_started							compressed_gzip	659109		mag_bin	true	false	MAG functional potential	comparable_mag_bin	MAG/bin-like input; eligible for MAG-level functional atlas if QC and table gates pass	include_in_mag_bin_relaunch_or_retain_if_complete
rumen__10674_0003_idba_bin.115	rumen__10674_0003_idba_bin.115	rumen	rumen	Bacteria	10674_0003_idba_bin.115	data/blue_catalyst_poc/rumen/raw/10674_0003_idba_bin.115.fa.gz	10674_0003_idba_bin.115.fa.gz	data/blue_catalyst_poc/proteomes/rumen__10674_0003_idba_bin.115.faa	rumen__10674_0003_idba_bin.115.faa	ERZ1037697	webin-genome-10674_0003_idba_bin.115	10674_0003_idba_bin.115.fa.gz	filename	matched	2552	True	True		fgx_662_apollo3_20260612		not_started							compressed_gzip	884034		mag_bin	true	false	MAG functional potential	comparable_mag_bin	MAG/bin-like input; eligible for MAG-level functional atlas if QC and table gates pass	include_in_mag_bin_relaunch_or_retain_if_complete
rumen__10674_0003_idba_bin.118	rumen__10674_0003_idba_bin.118	rumen	rumen	Bacteria	10674_0003_idba_bin.118	data/blue_catalyst_poc/rumen/raw/10674_0003_idba_bin.118.fa.gz	10674_0003_idba_bin.118.fa.gz	data/blue_catalyst_poc/proteomes/rumen__10674_0003_idba_bin.118.faa	rumen__10674_0003_idba_bin.118.faa	ERZ1037698	webin-genome-10674_0003_idba_bin.118	10674_0003_idba_bin.118.fa.gz	filename	matched	1864	True	True		fgx_662_apollo3_20260612		not_started							compressed_gzip	851425		mag_bin	true	false	MAG functional potential	comparable_mag_bin	MAG/bin-like input; eligible for MAG-level functional atlas if QC and table gates pass	include_in_mag_bin_relaunch_or_retain_if_complete
rumen__10674_0003_idba_bin.120	rumen__10674_0003_idba_bin.120	rumen	rumen	Bacteria	10674_0003_idba_bin.120	data/blue_catalyst_poc/rumen/raw/10674_0003_idba_bin.120.fa.gz	10674_0003_idba_bin.120.fa.gz	data/blue_catalyst_poc/proteomes/rumen__10674_0003_idba_bin.120.faa	rumen__10674_0003_idba_bin.120.faa	ERZ1037699	webin-genome-10674_0003_idba_bin.120	10674_0003_idba_bin.120.fa.gz	filename	matched	1921	True	True		fgx_662_apollo3_20260612		not_started							compressed_gzip	730883		mag_bin	true	false	MAG functional potential	comparable_mag_bin	MAG/bin-like input; eligible for MAG-level functional atlas if QC and table gates pass	include_in_mag_bin_relaunch_or_retain_if_complete
rumen__10674_0003_idba_bin.125	rumen__10674_0003_idba_bin.125	rumen	rumen	Bacteria	10674_0003_idba_bin.125	data/blue_catalyst_poc/rumen/raw/10674_0003_idba_bin.125.fa.gz	10674_0003_idba_bin.125.fa.gz	data/blue_catalyst_poc/proteomes/rumen__10674_0003_idba_bin.125.faa	rumen__10674_0003_idba_bin.125.faa	ERZ1037700	webin-genome-10674_0003_idba_bin.125	10674_0003_idba_bin.125.fa.gz	filename	matched	2788	True	True		fgx_662_apollo3_20260612		not_started							compressed_gzip	942977		mag_bin	true	false	MAG functional potential	comparable_mag_bin	MAG/bin-like input; eligible for MAG-level functional atlas if QC and table gates pass	include_in_mag_bin_relaunch_or_retain_if_complete
rumen__10674_0003_idba_bin.127	rumen__10674_0003_idba_bin.127	rumen	rumen	Bacteria	10674_0003_idba_bin.127	data/blue_catalyst_poc/rumen/raw/10674_0003_idba_bin.127.fa.gz	10674_0003_idba_bin.127.fa.gz	data/blue_catalyst_poc/proteomes/rumen__10674_0003_idba_bin.127.faa	rumen__10674_0003_idba_bin.127.faa	ERZ1037701	webin-genome-10674_0003_idba_bin.127	10674_0003_idba_bin.127.fa.gz	filename	matched	1364	True	True		fgx_662_apollo3_20260612		not_started							compressed_gzip	388995		mag_bin	true	false	MAG functional potential	comparable_mag_bin	MAG/bin-like input; eligible for MAG-level functional atlas if QC and table gates pass	include_in_mag_bin_relaunch_or_retain_if_complete
rumen__10674_0003_idba_bin.128	rumen__10674_0003_idba_bin.128	rumen	rumen	Bacteria	10674_0003_idba_bin.128	data/blue_catalyst_poc/rumen/raw/10674_0003_idba_bin.128.fa.gz	10674_0003_idba_bin.128.fa.gz	data/blue_catalyst_poc/proteomes/rumen__10674_0003_idba_bin.128.faa	rumen__10674_0003_idba_bin.128.faa	ERZ1037702	webin-genome-10674_0003_idba_bin.128	10674_0003_idba_bin.128.fa.gz	filename	matched	1573	True	True		fgx_662_apollo3_20260612		not_started							compressed_gzip	442483		mag_bin	true	false	MAG functional potential	comparable_mag_bin	MAG/bin-like input; eligible for MAG-level functional atlas if QC and table gates pass	include_in_mag_bin_relaunch_or_retain_if_complete
rumen__10674_0003_idba_bin.135	rumen__10674_0003_idba_bin.135	rumen	rumen	Bacteria	10674_0003_idba_bin.135	data/blue_catalyst_poc/rumen/raw/10674_0003_idba_bin.135.fa.gz	10674_0003_idba_bin.135.fa.gz	data/blue_catalyst_poc/proteomes/rumen__10674_0003_idba_bin.135.faa	rumen__10674_0003_idba_bin.135.faa	ERZ1037703	webin-genome-10674_0003_idba_bin.135	10674_0003_idba_bin.135.fa.gz	filename	matched	2183	True	True		fgx_662_apollo3_20260612		not_started							compressed_gzip	641990		mag_bin	true	false	MAG functional potential	comparable_mag_bin	MAG/bin-like input; eligible for MAG-level functional atlas if QC and table gates pass	include_in_mag_bin_relaunch_or_retain_if_complete
rumen__10674_0003_idba_bin.144	rumen__10674_0003_idba_bin.144	rumen	rumen	Bacteria	10674_0003_idba_bin.144	data/blue_catalyst_poc/rumen/raw/10674_0003_idba_bin.144.fa.gz	10674_0003_idba_bin.144.fa.gz	data/blue_catalyst_poc/proteomes/rumen__10674_0003_idba_bin.144.faa	rumen__10674_0003_idba_bin.144.faa	ERZ1037704	webin-genome-10674_0003_idba_bin.144	10674_0003_idba_bin.144.fa.gz	filename	matched	1603	True	True		fgx_662_apollo3_20260612		not_started							compressed_gzip	494332		mag_bin	true	false	MAG functional potential	comparable_mag_bin	MAG/bin-like input; eligible for MAG-level functional atlas if QC and table gates pass	include_in_mag_bin_relaunch_or_retain_if_complete
rumen__10674_0003_idba_bin.145	rumen__10674_0003_idba_bin.145	rumen	rumen	Bacteria	10674_0003_idba_bin.145	data/blue_catalyst_poc/rumen/raw/10674_0003_idba_bin.145.fa.gz	10674_0003_idba_bin.145.fa.gz	data/blue_catalyst_poc/proteomes/rumen__10674_0003_idba_bin.145.faa	rumen__10674_0003_idba_bin.145.faa	ERZ1037705	webin-genome-10674_0003_idba_bin.145	10674_0003_idba_bin.145.fa.gz	filename	matched	1828	True	True		fgx_662_apollo3_20260612		not_started							compressed_gzip	543282		mag_bin	true	false	MAG functional potential	comparable_mag_bin	MAG/bin-like input; eligible for MAG-level functional atlas if QC and table gates pass	include_in_mag_bin_relaunch_or_retain_if_complete
rumen__10674_0003_idba_bin.148	rumen__10674_0003_idba_bin.148	rumen	rumen	Bacteria	10674_0003_idba_bin.148	data/blue_catalyst_poc/rumen/raw/10674_0003_idba_bin.148.fa.gz	10674_0003_idba_bin.148.fa.gz	data/blue_catalyst_poc/proteomes/rumen__10674_0003_idba_bin.148.faa	rumen__10674_0003_idba_bin.148.faa	ERZ1037706	webin-genome-10674_0003_idba_bin.148	10674_0003_idba_bin.148.fa.gz	filename	matched	2021	True	True		fgx_662_apollo3_20260612		not_started							compressed_gzip	753166		mag_bin	true	false	MAG functional potential	comparable_mag_bin	MAG/bin-like input; eligible for MAG-level functional atlas if QC and table gates pass	include_in_mag_bin_relaunch_or_retain_if_complete
rumen__10674_0003_idba_bin.15	rumen__10674_0003_idba_bin.15	rumen	rumen	Bacteria	10674_0003_idba_bin.15	data/blue_catalyst_poc/rumen/raw/10674_0003_idba_bin.15.fa.gz	10674_0003_idba_bin.15.fa.gz	data/blue_catalyst_poc/proteomes/rumen__10674_0003_idba_bin.15.faa	rumen__10674_0003_idba_bin.15.faa	ERZ1037707	webin-genome-10674_0003_idba_bin.15	10674_0003_idba_bin.15.fa.gz	filename	matched	2852	True	True		fgx_662_apollo3_20260612		not_started							compressed_gzip	866732		mag_bin	true	false	MAG functional potential	comparable_mag_bin	MAG/bin-like input; eligible for MAG-level functional atlas if QC and table gates pass	include_in_mag_bin_relaunch_or_retain_if_complete
rumen__10674_0003_idba_bin.150	rumen__10674_0003_idba_bin.150	rumen	rumen	Bacteria	10674_0003_idba_bin.150	data/blue_catalyst_poc/rumen/raw/10674_0003_idba_bin.150.fa.gz	10674_0003_idba_bin.150.fa.gz	data/blue_catalyst_poc/proteomes/rumen__10674_0003_idba_bin.150.faa	rumen__10674_0003_idba_bin.150.faa	ERZ1037708	webin-genome-10674_0003_idba_bin.150	10674_0003_idba_bin.150.fa.gz	filename	matched	2697	True	True		fgx_662_apollo3_20260612		not_started							compressed_gzip	1023311		mag_bin	true	false	MAG functional potential	comparable_mag_bin	MAG/bin-like input; eligible for MAG-level functional atlas if QC and table gates pass	include_in_mag_bin_relaunch_or_retain_if_complete
rumen__10674_0003_idba_bin.151	rumen__10674_0003_idba_bin.151	rumen	rumen	Bacteria	10674_0003_idba_bin.151	data/blue_catalyst_poc/rumen/raw/10674_0003_idba_bin.151.fa.gz	10674_0003_idba_bin.151.fa.gz	data/blue_catalyst_poc/proteomes/rumen__10674_0003_idba_bin.151.faa	rumen__10674_0003_idba_bin.151.faa	ERZ1037709	webin-genome-10674_0003_idba_bin.151	10674_0003_idba_bin.151.fa.gz	filename	matched	1777	True	True		fgx_662_apollo3_20260612		not_started							compressed_gzip	568919		mag_bin	true	false	MAG functional potential	comparable_mag_bin	MAG/bin-like input; eligible for MAG-level functional atlas if QC and table gates pass	include_in_mag_bin_relaunch_or_retain_if_complete
rumen__10674_0003_idba_bin.152	rumen__10674_0003_idba_bin.152	rumen	rumen	Bacteria	10674_0003_idba_bin.152	data/blue_catalyst_poc/rumen/raw/10674_0003_idba_bin.152.fa.gz	10674_0003_idba_bin.152.fa.gz	data/blue_catalyst_poc/proteomes/rumen__10674_0003_idba_bin.152.faa	rumen__10674_0003_idba_bin.152.faa	ERZ1037710	webin-genome-10674_0003_idba_bin.152	10674_0003_idba_bin.152.fa.gz	filename	matched	989	True	True		fgx_662_apollo3_20260612		not_started							compressed_gzip	371188		mag_bin	true	false	MAG functional potential	comparable_mag_bin	MAG/bin-like input; eligible for MAG-level functional atlas if QC and table gates pass	include_in_mag_bin_relaunch_or_retain_if_complete
rumen__10674_0003_idba_bin.155	rumen__10674_0003_idba_bin.155	rumen	rumen	Bacteria	10674_0003_idba_bin.155	data/blue_catalyst_poc/rumen/raw/10674_0003_idba_bin.155.fa.gz	10674_0003_idba_bin.155.fa.gz	data/blue_catalyst_poc/proteomes/rumen__10674_0003_idba_bin.155.faa	rumen__10674_0003_idba_bin.155.faa	ERZ1037711	webin-genome-10674_0003_idba_bin.155	10674_0003_idba_bin.155.fa.gz	filename	matched	2536	True	True		fgx_662_apollo3_20260612		not_started							compressed_gzip	832771		mag_bin	true	false	MAG functional potential	comparable_mag_bin	MAG/bin-like input; eligible for MAG-level functional atlas if QC and table gates pass	include_in_mag_bin_relaunch_or_retain_if_complete
rumen__10674_0003_idba_bin.160	rumen__10674_0003_idba_bin.160	rumen	rumen	Bacteria	10674_0003_idba_bin.160	data/blue_catalyst_poc/rumen/raw/10674_0003_idba_bin.160.fa.gz	10674_0003_idba_bin.160.fa.gz	data/blue_catalyst_poc/proteomes/rumen__10674_0003_idba_bin.160.faa	rumen__10674_0003_idba_bin.160.faa	ERZ1037712	webin-genome-10674_0003_idba_bin.160	10674_0003_idba_bin.160.fa.gz	filename	matched	1942	True	True		fgx_662_apollo3_20260612		not_started							compressed_gzip	653016		mag_bin	true	false	MAG functional potential	comparable_mag_bin	MAG/bin-like input; eligible for MAG-level functional atlas if QC and table gates pass	include_in_mag_bin_relaunch_or_retain_if_complete
rumen__10674_0003_idba_bin.162	rumen__10674_0003_idba_bin.162	rumen	rumen	Bacteria	10674_0003_idba_bin.162	data/blue_catalyst_poc/rumen/raw/10674_0003_idba_bin.162.fa.gz	10674_0003_idba_bin.162.fa.gz	data/blue_catalyst_poc/proteomes/rumen__10674_0003_idba_bin.162.faa	rumen__10674_0003_idba_bin.162.faa	ERZ1037713	webin-genome-10674_0003_idba_bin.162	10674_0003_idba_bin.162.fa.gz	filename	matched	2938	True	True		fgx_662_apollo3_20260612		not_started							compressed_gzip	1089874		mag_bin	true	false	MAG functional potential	comparable_mag_bin	MAG/bin-like input; eligible for MAG-level functional atlas if QC and table gates pass	include_in_mag_bin_relaunch_or_retain_if_complete
rumen__10674_0003_idba_bin.163	rumen__10674_0003_idba_bin.163	rumen	rumen	Bacteria	10674_0003_idba_bin.163	data/blue_catalyst_poc/rumen/raw/10674_0003_idba_bin.163.fa.gz	10674_0003_idba_bin.163.fa.gz	data/blue_catalyst_poc/proteomes/rumen__10674_0003_idba_bin.163.faa	rumen__10674_0003_idba_bin.163.faa	ERZ1037714	webin-genome-10674_0003_idba_bin.163	10674_0003_idba_bin.163.fa.gz	filename	matched	1697	True	True		fgx_662_apollo3_20260612		not_started							compressed_gzip	500046		mag_bin	true	false	MAG functional potential	comparable_mag_bin	MAG/bin-like input; eligible for MAG-level functional atlas if QC and table gates pass	include_in_mag_bin_relaunch_or_retain_if_complete
rumen__10674_0003_idba_bin.165	rumen__10674_0003_idba_bin.165	rumen	rumen	Bacteria	10674_0003_idba_bin.165	data/blue_catalyst_poc/rumen/raw/10674_0003_idba_bin.165.fa.gz	10674_0003_idba_bin.165.fa.gz	data/blue_catalyst_poc/proteomes/rumen__10674_0003_idba_bin.165.faa	rumen__10674_0003_idba_bin.165.faa	ERZ1037715	webin-genome-10674_0003_idba_bin.165	10674_0003_idba_bin.165.fa.gz	filename	matched	1823	True	True		fgx_662_apollo3_20260612		not_started							compressed_gzip	664049		mag_bin	true	false	MAG functional potential	comparable_mag_bin	MAG/bin-like input; eligible for MAG-level functional atlas if QC and table gates pass	include_in_mag_bin_relaunch_or_retain_if_complete
rumen__10674_0003_idba_bin.166	rumen__10674_0003_idba_bin.166	rumen	rumen	Bacteria	10674_0003_idba_bin.166	data/blue_catalyst_poc/rumen/raw/10674_0003_idba_bin.166.fa.gz	10674_0003_idba_bin.166.fa.gz	data/blue_catalyst_poc/proteomes/rumen__10674_0003_idba_bin.166.faa	rumen__10674_0003_idba_bin.166.faa	ERZ1037716	webin-genome-10674_0003_idba_bin.166	10674_0003_idba_bin.166.fa.gz	filename	matched	1953	True	True		fgx_662_apollo3_20260612		not_started							compressed_gzip	639604		mag_bin	true	false	MAG functional potential	comparable_mag_bin	MAG/bin-like input; eligible for MAG-level functional atlas if QC and table gates pass	include_in_mag_bin_relaunch_or_retain_if_complete
rumen__10674_0003_idba_bin.167	rumen__10674_0003_idba_bin.167	rumen	rumen	Bacteria	10674_0003_idba_bin.167	data/blue_catalyst_poc/rumen/raw/10674_0003_idba_bin.167.fa.gz	10674_0003_idba_bin.167.fa.gz	data/blue_catalyst_poc/proteomes/rumen__10674_0003_idba_bin.167.faa	rumen__10674_0003_idba_bin.167.faa	ERZ1037717	webin-genome-10674_0003_idba_bin.167	10674_0003_idba_bin.167.fa.gz	filename	matched	1600	True	True		fgx_662_apollo3_20260612		not_started							compressed_gzip	605836		mag_bin	true	false	MAG functional potential	comparable_mag_bin	MAG/bin-like input; eligible for MAG-level functional atlas if QC and table gates pass	include_in_mag_bin_relaunch_or_retain_if_complete
rumen__10674_0003_idba_bin.17	rumen__10674_0003_idba_bin.17	rumen	rumen	Bacteria	10674_0003_idba_bin.17	data/blue_catalyst_poc/rumen/raw/10674_0003_idba_bin.17.fa.gz	10674_0003_idba_bin.17.fa.gz	data/blue_catalyst_poc/proteomes/rumen__10674_0003_idba_bin.17.faa	rumen__10674_0003_idba_bin.17.faa	ERZ1037718	webin-genome-10674_0003_idba_bin.17	10674_0003_idba_bin.17.fa.gz	filename	matched	1963	True	True		fgx_662_apollo3_20260612		not_started							compressed_gzip	620995		mag_bin	true	false	MAG functional potential	comparable_mag_bin	MAG/bin-like input; eligible for MAG-level functional atlas if QC and table gates pass	include_in_mag_bin_relaunch_or_retain_if_complete
rumen__10674_0003_idba_bin.171	rumen__10674_0003_idba_bin.171	rumen	rumen	Bacteria	10674_0003_idba_bin.171	data/blue_catalyst_poc/rumen/raw/10674_0003_idba_bin.171.fa.gz	10674_0003_idba_bin.171.fa.gz	data/blue_catalyst_poc/proteomes/rumen__10674_0003_idba_bin.171.faa	rumen__10674_0003_idba_bin.171.faa	ERZ1037719	webin-genome-10674_0003_idba_bin.171	10674_0003_idba_bin.171.fa.gz	filename	matched	2600	True	True		fgx_662_apollo3_20260612		not_started							compressed_gzip	918074		mag_bin	true	false	MAG functional potential	comparable_mag_bin	MAG/bin-like input; eligible for MAG-level functional atlas if QC and table gates pass	include_in_mag_bin_relaunch_or_retain_if_complete
rumen__10674_0003_idba_bin.175	rumen__10674_0003_idba_bin.175	rumen	rumen	Bacteria	10674_0003_idba_bin.175	data/blue_catalyst_poc/rumen/raw/10674_0003_idba_bin.175.fa.gz	10674_0003_idba_bin.175.fa.gz	data/blue_catalyst_poc/proteomes/rumen__10674_0003_idba_bin.175.faa	rumen__10674_0003_idba_bin.175.faa	ERZ1037720	webin-genome-10674_0003_idba_bin.175	10674_0003_idba_bin.175.fa.gz	filename	matched	1263	True	True		fgx_662_apollo3_20260612		not_started							compressed_gzip	351397		mag_bin	true	false	MAG functional potential	comparable_mag_bin	MAG/bin-like input; eligible for MAG-level functional atlas if QC and table gates pass	include_in_mag_bin_relaunch_or_retain_if_complete
rumen__10674_0003_idba_bin.178	rumen__10674_0003_idba_bin.178	rumen	rumen	Bacteria	10674_0003_idba_bin.178	data/blue_catalyst_poc/rumen/raw/10674_0003_idba_bin.178.fa.gz	10674_0003_idba_bin.178.fa.gz	data/blue_catalyst_poc/proteomes/rumen__10674_0003_idba_bin.178.faa	rumen__10674_0003_idba_bin.178.faa	ERZ1037721	webin-genome-10674_0003_idba_bin.178	10674_0003_idba_bin.178.fa.gz	filename	matched	3566	True	True		fgx_662_apollo3_20260612		not_started							compressed_gzip	1237386		mag_bin	true	false	MAG functional potential	comparable_mag_bin	MAG/bin-like input; eligible for MAG-level functional atlas if QC and table gates pass	include_in_mag_bin_relaunch_or_retain_if_complete
rumen__10674_0003_idba_bin.179	rumen__10674_0003_idba_bin.179	rumen	rumen	Bacteria	10674_0003_idba_bin.179	data/blue_catalyst_poc/rumen/raw/10674_0003_idba_bin.179.fa.gz	10674_0003_idba_bin.179.fa.gz	data/blue_catalyst_poc/proteomes/rumen__10674_0003_idba_bin.179.faa	rumen__10674_0003_idba_bin.179.faa	ERZ1037722	webin-genome-10674_0003_idba_bin.179	10674_0003_idba_bin.179.fa.gz	filename	matched	1079	True	True		fgx_662_apollo3_20260612		not_started							compressed_gzip	360317		mag_bin	true	false	MAG functional potential	comparable_mag_bin	MAG/bin-like input; eligible for MAG-level functional atlas if QC and table gates pass	include_in_mag_bin_relaunch_or_retain_if_complete
rumen__10674_0003_idba_bin.18	rumen__10674_0003_idba_bin.18	rumen	rumen	Bacteria	10674_0003_idba_bin.18	data/blue_catalyst_poc/rumen/raw/10674_0003_idba_bin.18.fa.gz	10674_0003_idba_bin.18.fa.gz	data/blue_catalyst_poc/proteomes/rumen__10674_0003_idba_bin.18.faa	rumen__10674_0003_idba_bin.18.faa	ERZ1037723	webin-genome-10674_0003_idba_bin.18	10674_0003_idba_bin.18.fa.gz	filename	matched	1139	True	True		fgx_662_apollo3_20260612		not_started							compressed_gzip	316912		mag_bin	true	false	MAG functional potential	comparable_mag_bin	MAG/bin-like input; eligible for MAG-level functional atlas if QC and table gates pass	include_in_mag_bin_relaunch_or_retain_if_complete
rumen__10674_0003_idba_bin.182	rumen__10674_0003_idba_bin.182	rumen	rumen	Bacteria	10674_0003_idba_bin.182	data/blue_catalyst_poc/rumen/raw/10674_0003_idba_bin.182.fa.gz	10674_0003_idba_bin.182.fa.gz	data/blue_catalyst_poc/proteomes/rumen__10674_0003_idba_bin.182.faa	rumen__10674_0003_idba_bin.182.faa	ERZ1037724	webin-genome-10674_0003_idba_bin.182	10674_0003_idba_bin.182.fa.gz	filename	matched	2476	True	True		fgx_662_apollo3_20260612		not_started							compressed_gzip	833150		mag_bin	true	false	MAG functional potential	comparable_mag_bin	MAG/bin-like input; eligible for MAG-level functional atlas if QC and table gates pass	include_in_mag_bin_relaunch_or_retain_if_complete
rumen__10674_0003_idba_bin.184	rumen__10674_0003_idba_bin.184	rumen	rumen	Bacteria	10674_0003_idba_bin.184	data/blue_catalyst_poc/rumen/raw/10674_0003_idba_bin.184.fa.gz	10674_0003_idba_bin.184.fa.gz	data/blue_catalyst_poc/proteomes/rumen__10674_0003_idba_bin.184.faa	rumen__10674_0003_idba_bin.184.faa	ERZ1037725	webin-genome-10674_0003_idba_bin.184	10674_0003_idba_bin.184.fa.gz	filename	matched	1858	True	True		fgx_662_apollo3_20260612		not_started							compressed_gzip	596974		mag_bin	true	false	MAG functional potential	comparable_mag_bin	MAG/bin-like input; eligible for MAG-level functional atlas if QC and table gates pass	include_in_mag_bin_relaunch_or_retain_if_complete
rumen__10674_0003_idba_bin.185	rumen__10674_0003_idba_bin.185	rumen	rumen	Bacteria	10674_0003_idba_bin.185	data/blue_catalyst_poc/rumen/raw/10674_0003_idba_bin.185.fa.gz	10674_0003_idba_bin.185.fa.gz	data/blue_catalyst_poc/proteomes/rumen__10674_0003_idba_bin.185.faa	rumen__10674_0003_idba_bin.185.faa	ERZ1037726	webin-genome-10674_0003_idba_bin.185	10674_0003_idba_bin.185.fa.gz	filename	matched	1284	True	True		fgx_662_apollo3_20260612		not_started							compressed_gzip	422844		mag_bin	true	false	MAG functional potential	comparable_mag_bin	MAG/bin-like input; eligible for MAG-level functional atlas if QC and table gates pass	include_in_mag_bin_relaunch_or_retain_if_complete
rumen__10674_0003_idba_bin.186	rumen__10674_0003_idba_bin.186	rumen	rumen	Bacteria	10674_0003_idba_bin.186	data/blue_catalyst_poc/rumen/raw/10674_0003_idba_bin.186.fa.gz	10674_0003_idba_bin.186.fa.gz	data/blue_catalyst_poc/proteomes/rumen__10674_0003_idba_bin.186.faa	rumen__10674_0003_idba_bin.186.faa	ERZ1037727	webin-genome-10674_0003_idba_bin.186	10674_0003_idba_bin.186.fa.gz	filename	matched	2370	True	True		fgx_662_apollo3_20260612		not_started							compressed_gzip	990992		mag_bin	true	false	MAG functional potential	comparable_mag_bin	MAG/bin-like input; eligible for MAG-level functional atlas if QC and table gates pass	include_in_mag_bin_relaunch_or_retain_if_complete
rumen__10674_0003_idba_bin.187	rumen__10674_0003_idba_bin.187	rumen	rumen	Bacteria	10674_0003_idba_bin.187	data/blue_catalyst_poc/rumen/raw/10674_0003_idba_bin.187.fa.gz	10674_0003_idba_bin.187.fa.gz	data/blue_catalyst_poc/proteomes/rumen__10674_0003_idba_bin.187.faa	rumen__10674_0003_idba_bin.187.faa	ERZ1037728	webin-genome-10674_0003_idba_bin.187	10674_0003_idba_bin.187.fa.gz	filename	matched	2669	True	True		fgx_662_apollo3_20260612		not_started							compressed_gzip	878596		mag_bin	true	false	MAG functional potential	comparable_mag_bin	MAG/bin-like input; eligible for MAG-level functional atlas if QC and table gates pass	include_in_mag_bin_relaunch_or_retain_if_complete
rumen__10674_0003_idba_bin.189	rumen__10674_0003_idba_bin.189	rumen	rumen	Bacteria	10674_0003_idba_bin.189	data/blue_catalyst_poc/rumen/raw/10674_0003_idba_bin.189.fa.gz	10674_0003_idba_bin.189.fa.gz	data/blue_catalyst_poc/proteomes/rumen__10674_0003_idba_bin.189.faa	rumen__10674_0003_idba_bin.189.faa	ERZ1037729	webin-genome-10674_0003_idba_bin.189	10674_0003_idba_bin.189.fa.gz	filename	matched	1821	True	True		fgx_662_apollo3_20260612		not_started							compressed_gzip	660307		mag_bin	true	false	MAG functional potential	comparable_mag_bin	MAG/bin-like input; eligible for MAG-level functional atlas if QC and table gates pass	include_in_mag_bin_relaunch_or_retain_if_complete
rumen__10674_0003_idba_bin.19	rumen__10674_0003_idba_bin.19	rumen	rumen	Bacteria	10674_0003_idba_bin.19	data/blue_catalyst_poc/rumen/raw/10674_0003_idba_bin.19.fa.gz	10674_0003_idba_bin.19.fa.gz	data/blue_catalyst_poc/proteomes/rumen__10674_0003_idba_bin.19.faa	rumen__10674_0003_idba_bin.19.faa	ERZ1037730	webin-genome-10674_0003_idba_bin.19	10674_0003_idba_bin.19.fa.gz	filename	matched	1925	True	True		fgx_662_apollo3_20260612		not_started							compressed_gzip	585795		mag_bin	true	false	MAG functional potential	comparable_mag_bin	MAG/bin-like input; eligible for MAG-level functional atlas if QC and table gates pass	include_in_mag_bin_relaunch_or_retain_if_complete
rumen__10674_0003_idba_bin.2	rumen__10674_0003_idba_bin.2	rumen	rumen	Bacteria	10674_0003_idba_bin.2	data/blue_catalyst_poc/rumen/raw/10674_0003_idba_bin.2.fa.gz	10674_0003_idba_bin.2.fa.gz	data/blue_catalyst_poc/proteomes/rumen__10674_0003_idba_bin.2.faa	rumen__10674_0003_idba_bin.2.faa	ERZ1037731	webin-genome-10674_0003_idba_bin.2	10674_0003_idba_bin.2.fa.gz	filename	matched	1734	True	True		fgx_662_apollo3_20260612		not_started							compressed_gzip	596632		mag_bin	true	false	MAG functional potential	comparable_mag_bin	MAG/bin-like input; eligible for MAG-level functional atlas if QC and table gates pass	include_in_mag_bin_relaunch_or_retain_if_complete
rumen__10674_0003_idba_bin.20	rumen__10674_0003_idba_bin.20	rumen	rumen	Bacteria	10674_0003_idba_bin.20	data/blue_catalyst_poc/rumen/raw/10674_0003_idba_bin.20.fa.gz	10674_0003_idba_bin.20.fa.gz	data/blue_catalyst_poc/proteomes/rumen__10674_0003_idba_bin.20.faa	rumen__10674_0003_idba_bin.20.faa	ERZ1037732	webin-genome-10674_0003_idba_bin.20	10674_0003_idba_bin.20.fa.gz	filename	matched	2115	True	True		fgx_662_apollo3_20260612		not_started							compressed_gzip	614927		mag_bin	true	false	MAG functional potential	comparable_mag_bin	MAG/bin-like input; eligible for MAG-level functional atlas if QC and table gates pass	include_in_mag_bin_relaunch_or_retain_if_complete
rumen__10674_0003_idba_bin.24	rumen__10674_0003_idba_bin.24	rumen	rumen	Bacteria	10674_0003_idba_bin.24	data/blue_catalyst_poc/rumen/raw/10674_0003_idba_bin.24.fa.gz	10674_0003_idba_bin.24.fa.gz	data/blue_catalyst_poc/proteomes/rumen__10674_0003_idba_bin.24.faa	rumen__10674_0003_idba_bin.24.faa	ERZ1037733	webin-genome-10674_0003_idba_bin.24	10674_0003_idba_bin.24.fa.gz	filename	matched	1089	True	True		fgx_662_apollo3_20260612		not_started							compressed_gzip	312085		mag_bin	true	false	MAG functional potential	comparable_mag_bin	MAG/bin-like input; eligible for MAG-level functional atlas if QC and table gates pass	include_in_mag_bin_relaunch_or_retain_if_complete
rumen__10674_0003_idba_bin.27	rumen__10674_0003_idba_bin.27	rumen	rumen	Bacteria	10674_0003_idba_bin.27	data/blue_catalyst_poc/rumen/raw/10674_0003_idba_bin.27.fa.gz	10674_0003_idba_bin.27.fa.gz	data/blue_catalyst_poc/proteomes/rumen__10674_0003_idba_bin.27.faa	rumen__10674_0003_idba_bin.27.faa	ERZ1037734	webin-genome-10674_0003_idba_bin.27	10674_0003_idba_bin.27.fa.gz	filename	matched	2529	True	True		fgx_662_apollo3_20260612		not_started							compressed_gzip	929786		mag_bin	true	false	MAG functional potential	comparable_mag_bin	MAG/bin-like input; eligible for MAG-level functional atlas if QC and table gates pass	include_in_mag_bin_relaunch_or_retain_if_complete
rumen__10674_0003_idba_bin.28	rumen__10674_0003_idba_bin.28	rumen	rumen	Bacteria	10674_0003_idba_bin.28	data/blue_catalyst_poc/rumen/raw/10674_0003_idba_bin.28.fa.gz	10674_0003_idba_bin.28.fa.gz	data/blue_catalyst_poc/proteomes/rumen__10674_0003_idba_bin.28.faa	rumen__10674_0003_idba_bin.28.faa	ERZ1037735	webin-genome-10674_0003_idba_bin.28	10674_0003_idba_bin.28.fa.gz	filename	matched	2655	True	True		fgx_662_apollo3_20260612		not_started							compressed_gzip	1050215		mag_bin	true	false	MAG functional potential	comparable_mag_bin	MAG/bin-like input; eligible for MAG-level functional atlas if QC and table gates pass	include_in_mag_bin_relaunch_or_retain_if_complete
rumen__10674_0003_idba_bin.29	rumen__10674_0003_idba_bin.29	rumen	rumen	Bacteria	10674_0003_idba_bin.29	data/blue_catalyst_poc/rumen/raw/10674_0003_idba_bin.29.fa.gz	10674_0003_idba_bin.29.fa.gz	data/blue_catalyst_poc/proteomes/rumen__10674_0003_idba_bin.29.faa	rumen__10674_0003_idba_bin.29.faa	ERZ1037736	webin-genome-10674_0003_idba_bin.29	10674_0003_idba_bin.29.fa.gz	filename	matched	1427	True	True		fgx_662_apollo3_20260612		not_started							compressed_gzip	520728		mag_bin	true	false	MAG functional potential	comparable_mag_bin	MAG/bin-like input; eligible for MAG-level functional atlas if QC and table gates pass	include_in_mag_bin_relaunch_or_retain_if_complete
rumen__10674_0003_idba_bin.3	rumen__10674_0003_idba_bin.3	rumen	rumen	Bacteria	10674_0003_idba_bin.3	data/blue_catalyst_poc/rumen/raw/10674_0003_idba_bin.3.fa.gz	10674_0003_idba_bin.3.fa.gz	data/blue_catalyst_poc/proteomes/rumen__10674_0003_idba_bin.3.faa	rumen__10674_0003_idba_bin.3.faa	ERZ1037737	webin-genome-10674_0003_idba_bin.3	10674_0003_idba_bin.3.fa.gz	filename	matched	1962	True	True		fgx_662_apollo3_20260612		not_started							compressed_gzip	600433		mag_bin	true	false	MAG functional potential	comparable_mag_bin	MAG/bin-like input; eligible for MAG-level functional atlas if QC and table gates pass	include_in_mag_bin_relaunch_or_retain_if_complete
rumen__10674_0003_idba_bin.31	rumen__10674_0003_idba_bin.31	rumen	rumen	Bacteria	10674_0003_idba_bin.31	data/blue_catalyst_poc/rumen/raw/10674_0003_idba_bin.31.fa.gz	10674_0003_idba_bin.31.fa.gz	data/blue_catalyst_poc/proteomes/rumen__10674_0003_idba_bin.31.faa	rumen__10674_0003_idba_bin.31.faa	ERZ1037738	webin-genome-10674_0003_idba_bin.31	10674_0003_idba_bin.31.fa.gz	filename	matched	1671	True	True		fgx_662_apollo3_20260612		not_started							compressed_gzip	633618		mag_bin	true	false	MAG functional potential	comparable_mag_bin	MAG/bin-like input; eligible for MAG-level functional atlas if QC and table gates pass	include_in_mag_bin_relaunch_or_retain_if_complete
rumen__10674_0003_idba_bin.33	rumen__10674_0003_idba_bin.33	rumen	rumen	Bacteria	10674_0003_idba_bin.33	data/blue_catalyst_poc/rumen/raw/10674_0003_idba_bin.33.fa.gz	10674_0003_idba_bin.33.fa.gz	data/blue_catalyst_poc/proteomes/rumen__10674_0003_idba_bin.33.faa	rumen__10674_0003_idba_bin.33.faa	ERZ1037739	webin-genome-10674_0003_idba_bin.33	10674_0003_idba_bin.33.fa.gz	filename	matched	1185	True	True		fgx_662_apollo3_20260612		not_started							compressed_gzip	325353		mag_bin	true	false	MAG functional potential	comparable_mag_bin	MAG/bin-like input; eligible for MAG-level functional atlas if QC and table gates pass	include_in_mag_bin_relaunch_or_retain_if_complete
rumen__10674_0003_idba_bin.36	rumen__10674_0003_idba_bin.36	rumen	rumen	Bacteria	10674_0003_idba_bin.36	data/blue_catalyst_poc/rumen/raw/10674_0003_idba_bin.36.fa.gz	10674_0003_idba_bin.36.fa.gz	data/blue_catalyst_poc/proteomes/rumen__10674_0003_idba_bin.36.faa	rumen__10674_0003_idba_bin.36.faa	ERZ1037740	webin-genome-10674_0003_idba_bin.36	10674_0003_idba_bin.36.fa.gz	filename	matched	1661	True	True		fgx_662_apollo3_20260612		not_started							compressed_gzip	516352		mag_bin	true	false	MAG functional potential	comparable_mag_bin	MAG/bin-like input; eligible for MAG-level functional atlas if QC and table gates pass	include_in_mag_bin_relaunch_or_retain_if_complete
rumen__10674_0003_idba_bin.41	rumen__10674_0003_idba_bin.41	rumen	rumen	Bacteria	10674_0003_idba_bin.41	data/blue_catalyst_poc/rumen/raw/10674_0003_idba_bin.41.fa.gz	10674_0003_idba_bin.41.fa.gz	data/blue_catalyst_poc/proteomes/rumen__10674_0003_idba_bin.41.faa	rumen__10674_0003_idba_bin.41.faa	ERZ1037741	webin-genome-10674_0003_idba_bin.41	10674_0003_idba_bin.41.fa.gz	filename	matched	2093	True	True		fgx_662_apollo3_20260612		not_started							compressed_gzip	746930		mag_bin	true	false	MAG functional potential	comparable_mag_bin	MAG/bin-like input; eligible for MAG-level functional atlas if QC and table gates pass	include_in_mag_bin_relaunch_or_retain_if_complete
rumen__10674_0003_idba_bin.44	rumen__10674_0003_idba_bin.44	rumen	rumen	Bacteria	10674_0003_idba_bin.44	data/blue_catalyst_poc/rumen/raw/10674_0003_idba_bin.44.fa.gz	10674_0003_idba_bin.44.fa.gz	data/blue_catalyst_poc/proteomes/rumen__10674_0003_idba_bin.44.faa	rumen__10674_0003_idba_bin.44.faa	ERZ1037742	webin-genome-10674_0003_idba_bin.44	10674_0003_idba_bin.44.fa.gz	filename	matched	2257	True	True		fgx_662_apollo3_20260612		not_started							compressed_gzip	656415		mag_bin	true	false	MAG functional potential	comparable_mag_bin	MAG/bin-like input; eligible for MAG-level functional atlas if QC and table gates pass	include_in_mag_bin_relaunch_or_retain_if_complete
rumen__10674_0003_idba_bin.46	rumen__10674_0003_idba_bin.46	rumen	rumen	Bacteria	10674_0003_idba_bin.46	data/blue_catalyst_poc/rumen/raw/10674_0003_idba_bin.46.fa.gz	10674_0003_idba_bin.46.fa.gz	data/blue_catalyst_poc/proteomes/rumen__10674_0003_idba_bin.46.faa	rumen__10674_0003_idba_bin.46.faa	ERZ1037743	webin-genome-10674_0003_idba_bin.46	10674_0003_idba_bin.46.fa.gz	filename	matched	1487	True	True		fgx_662_apollo3_20260612		not_started							compressed_gzip	445040		mag_bin	true	false	MAG functional potential	comparable_mag_bin	MAG/bin-like input; eligible for MAG-level functional atlas if QC and table gates pass	include_in_mag_bin_relaunch_or_retain_if_complete
rumen__10674_0003_idba_bin.47	rumen__10674_0003_idba_bin.47	rumen	rumen	Bacteria	10674_0003_idba_bin.47	data/blue_catalyst_poc/rumen/raw/10674_0003_idba_bin.47.fa.gz	10674_0003_idba_bin.47.fa.gz	data/blue_catalyst_poc/proteomes/rumen__10674_0003_idba_bin.47.faa	rumen__10674_0003_idba_bin.47.faa	ERZ1037745	webin-genome-10674_0003_idba_bin.47	10674_0003_idba_bin.47.fa.gz	filename	matched	1399	True	True		fgx_662_apollo3_20260612		not_started							compressed_gzip	399597		mag_bin	true	false	MAG functional potential	comparable_mag_bin	MAG/bin-like input; eligible for MAG-level functional atlas if QC and table gates pass	include_in_mag_bin_relaunch_or_retain_if_complete
rumen__10674_0003_idba_bin.48	rumen__10674_0003_idba_bin.48	rumen	rumen	Bacteria	10674_0003_idba_bin.48	data/blue_catalyst_poc/rumen/raw/10674_0003_idba_bin.48.fa.gz	10674_0003_idba_bin.48.fa.gz	data/blue_catalyst_poc/proteomes/rumen__10674_0003_idba_bin.48.faa	rumen__10674_0003_idba_bin.48.faa	ERZ1037746	webin-genome-10674_0003_idba_bin.48	10674_0003_idba_bin.48.fa.gz	filename	matched	1806	True	True		fgx_662_apollo3_20260612		not_started							compressed_gzip	548153		mag_bin	true	false	MAG functional potential	comparable_mag_bin	MAG/bin-like input; eligible for MAG-level functional atlas if QC and table gates pass	include_in_mag_bin_relaunch_or_retain_if_complete
rumen__10674_0003_idba_bin.49	rumen__10674_0003_idba_bin.49	rumen	rumen	Bacteria	10674_0003_idba_bin.49	data/blue_catalyst_poc/rumen/raw/10674_0003_idba_bin.49.fa.gz	10674_0003_idba_bin.49.fa.gz	data/blue_catalyst_poc/proteomes/rumen__10674_0003_idba_bin.49.faa	rumen__10674_0003_idba_bin.49.faa	ERZ1037748	webin-genome-10674_0003_idba_bin.49	10674_0003_idba_bin.49.fa.gz	filename	matched	1822	True	True		fgx_662_apollo3_20260612		not_started							compressed_gzip	591603		mag_bin	true	false	MAG functional potential	comparable_mag_bin	MAG/bin-like input; eligible for MAG-level functional atlas if QC and table gates pass	include_in_mag_bin_relaunch_or_retain_if_complete
rumen__10674_0003_idba_bin.5	rumen__10674_0003_idba_bin.5	rumen	rumen	Bacteria	10674_0003_idba_bin.5	data/blue_catalyst_poc/rumen/raw/10674_0003_idba_bin.5.fa.gz	10674_0003_idba_bin.5.fa.gz	data/blue_catalyst_poc/proteomes/rumen__10674_0003_idba_bin.5.faa	rumen__10674_0003_idba_bin.5.faa	ERZ1037749	webin-genome-10674_0003_idba_bin.5	10674_0003_idba_bin.5.fa.gz	filename	matched	2064	True	True		fgx_662_apollo3_20260612		not_started							compressed_gzip	601561		mag_bin	true	false	MAG functional potential	comparable_mag_bin	MAG/bin-like input; eligible for MAG-level functional atlas if QC and table gates pass	include_in_mag_bin_relaunch_or_retain_if_complete
rumen__10674_0003_idba_bin.52	rumen__10674_0003_idba_bin.52	rumen	rumen	Bacteria	10674_0003_idba_bin.52	data/blue_catalyst_poc/rumen/raw/10674_0003_idba_bin.52.fa.gz	10674_0003_idba_bin.52.fa.gz	data/blue_catalyst_poc/proteomes/rumen__10674_0003_idba_bin.52.faa	rumen__10674_0003_idba_bin.52.faa	ERZ1037750	webin-genome-10674_0003_idba_bin.52	10674_0003_idba_bin.52.fa.gz	filename	matched	370	True	True		fgx_662_apollo3_20260612		not_started							compressed_gzip	106678		mag_bin	true	false	MAG functional potential	comparable_mag_bin	MAG/bin-like input; eligible for MAG-level functional atlas if QC and table gates pass	include_in_mag_bin_relaunch_or_retain_if_complete
rumen__10674_0003_idba_bin.53	rumen__10674_0003_idba_bin.53	rumen	rumen	Bacteria	10674_0003_idba_bin.53	data/blue_catalyst_poc/rumen/raw/10674_0003_idba_bin.53.fa.gz	10674_0003_idba_bin.53.fa.gz	data/blue_catalyst_poc/proteomes/rumen__10674_0003_idba_bin.53.faa	rumen__10674_0003_idba_bin.53.faa	ERZ1037751	webin-genome-10674_0003_idba_bin.53	10674_0003_idba_bin.53.fa.gz	filename	matched	2555	True	True		fgx_662_apollo3_20260612		not_started							compressed_gzip	878545		mag_bin	true	false	MAG functional potential	comparable_mag_bin	MAG/bin-like input; eligible for MAG-level functional atlas if QC and table gates pass	include_in_mag_bin_relaunch_or_retain_if_complete
rumen__10674_0003_idba_bin.56	rumen__10674_0003_idba_bin.56	rumen	rumen	Bacteria	10674_0003_idba_bin.56	data/blue_catalyst_poc/rumen/raw/10674_0003_idba_bin.56.fa.gz	10674_0003_idba_bin.56.fa.gz	data/blue_catalyst_poc/proteomes/rumen__10674_0003_idba_bin.56.faa	rumen__10674_0003_idba_bin.56.faa	ERZ1037752	webin-genome-10674_0003_idba_bin.56	10674_0003_idba_bin.56.fa.gz	filename	matched	2093	True	True		fgx_662_apollo3_20260612		not_started							compressed_gzip	644935		mag_bin	true	false	MAG functional potential	comparable_mag_bin	MAG/bin-like input; eligible for MAG-level functional atlas if QC and table gates pass	include_in_mag_bin_relaunch_or_retain_if_complete
rumen__10674_0003_idba_bin.60	rumen__10674_0003_idba_bin.60	rumen	rumen	Bacteria	10674_0003_idba_bin.60	data/blue_catalyst_poc/rumen/raw/10674_0003_idba_bin.60.fa.gz	10674_0003_idba_bin.60.fa.gz	data/blue_catalyst_poc/proteomes/rumen__10674_0003_idba_bin.60.faa	rumen__10674_0003_idba_bin.60.faa	ERZ1037753	webin-genome-10674_0003_idba_bin.60	10674_0003_idba_bin.60.fa.gz	filename	matched	1826	True	True		fgx_662_apollo3_20260612		not_started							compressed_gzip	591834		mag_bin	true	false	MAG functional potential	comparable_mag_bin	MAG/bin-like input; eligible for MAG-level functional atlas if QC and table gates pass	include_in_mag_bin_relaunch_or_retain_if_complete
rumen__10674_0003_idba_bin.61	rumen__10674_0003_idba_bin.61	rumen	rumen	Bacteria	10674_0003_idba_bin.61	data/blue_catalyst_poc/rumen/raw/10674_0003_idba_bin.61.fa.gz	10674_0003_idba_bin.61.fa.gz	data/blue_catalyst_poc/proteomes/rumen__10674_0003_idba_bin.61.faa	rumen__10674_0003_idba_bin.61.faa	ERZ1037754	webin-genome-10674_0003_idba_bin.61	10674_0003_idba_bin.61.fa.gz	filename	matched	1745	True	True		fgx_662_apollo3_20260612		not_started							compressed_gzip	522988		mag_bin	true	false	MAG functional potential	comparable_mag_bin	MAG/bin-like input; eligible for MAG-level functional atlas if QC and table gates pass	include_in_mag_bin_relaunch_or_retain_if_complete
rumen__10674_0003_idba_bin.62	rumen__10674_0003_idba_bin.62	rumen	rumen	Bacteria	10674_0003_idba_bin.62	data/blue_catalyst_poc/rumen/raw/10674_0003_idba_bin.62.fa.gz	10674_0003_idba_bin.62.fa.gz	data/blue_catalyst_poc/proteomes/rumen__10674_0003_idba_bin.62.faa	rumen__10674_0003_idba_bin.62.faa	ERZ1037755	webin-genome-10674_0003_idba_bin.62	10674_0003_idba_bin.62.fa.gz	filename	matched	2826	True	True		fgx_662_apollo3_20260612		not_started							compressed_gzip	983547		mag_bin	true	false	MAG functional potential	comparable_mag_bin	MAG/bin-like input; eligible for MAG-level functional atlas if QC and table gates pass	include_in_mag_bin_relaunch_or_retain_if_complete
rumen__10674_0003_idba_bin.64	rumen__10674_0003_idba_bin.64	rumen	rumen	Bacteria	10674_0003_idba_bin.64	data/blue_catalyst_poc/rumen/raw/10674_0003_idba_bin.64.fa.gz	10674_0003_idba_bin.64.fa.gz	data/blue_catalyst_poc/proteomes/rumen__10674_0003_idba_bin.64.faa	rumen__10674_0003_idba_bin.64.faa	ERZ1037756	webin-genome-10674_0003_idba_bin.64	10674_0003_idba_bin.64.fa.gz	filename	matched	943	True	True		fgx_662_apollo3_20260612		not_started							compressed_gzip	298181		mag_bin	true	false	MAG functional potential	comparable_mag_bin	MAG/bin-like input; eligible for MAG-level functional atlas if QC and table gates pass	include_in_mag_bin_relaunch_or_retain_if_complete
rumen__10674_0003_idba_bin.65	rumen__10674_0003_idba_bin.65	rumen	rumen	Bacteria	10674_0003_idba_bin.65	data/blue_catalyst_poc/rumen/raw/10674_0003_idba_bin.65.fa.gz	10674_0003_idba_bin.65.fa.gz	data/blue_catalyst_poc/proteomes/rumen__10674_0003_idba_bin.65.faa	rumen__10674_0003_idba_bin.65.faa	ERZ1037757	webin-genome-10674_0003_idba_bin.65	10674_0003_idba_bin.65.fa.gz	filename	matched	2102	True	True		fgx_662_apollo3_20260612		not_started							compressed_gzip	637403		mag_bin	true	false	MAG functional potential	comparable_mag_bin	MAG/bin-like input; eligible for MAG-level functional atlas if QC and table gates pass	include_in_mag_bin_relaunch_or_retain_if_complete
rumen__10674_0003_idba_bin.67	rumen__10674_0003_idba_bin.67	rumen	rumen	Bacteria	10674_0003_idba_bin.67	data/blue_catalyst_poc/rumen/raw/10674_0003_idba_bin.67.fa.gz	10674_0003_idba_bin.67.fa.gz	data/blue_catalyst_poc/proteomes/rumen__10674_0003_idba_bin.67.faa	rumen__10674_0003_idba_bin.67.faa	ERZ1037758	webin-genome-10674_0003_idba_bin.67	10674_0003_idba_bin.67.fa.gz	filename	matched	2328	True	True		fgx_662_apollo3_20260612		not_started							compressed_gzip	821076		mag_bin	true	false	MAG functional potential	comparable_mag_bin	MAG/bin-like input; eligible for MAG-level functional atlas if QC and table gates pass	include_in_mag_bin_relaunch_or_retain_if_complete
rumen__10674_0003_idba_bin.69	rumen__10674_0003_idba_bin.69	rumen	rumen	Bacteria	10674_0003_idba_bin.69	data/blue_catalyst_poc/rumen/raw/10674_0003_idba_bin.69.fa.gz	10674_0003_idba_bin.69.fa.gz	data/blue_catalyst_poc/proteomes/rumen__10674_0003_idba_bin.69.faa	rumen__10674_0003_idba_bin.69.faa	ERZ1037759	webin-genome-10674_0003_idba_bin.69	10674_0003_idba_bin.69.fa.gz	filename	matched	2202	True	True		fgx_662_apollo3_20260612		not_started							compressed_gzip	661628		mag_bin	true	false	MAG functional potential	comparable_mag_bin	MAG/bin-like input; eligible for MAG-level functional atlas if QC and table gates pass	include_in_mag_bin_relaunch_or_retain_if_complete
rumen__10674_0003_idba_bin.7	rumen__10674_0003_idba_bin.7	rumen	rumen	Bacteria	10674_0003_idba_bin.7	data/blue_catalyst_poc/rumen/raw/10674_0003_idba_bin.7.fa.gz	10674_0003_idba_bin.7.fa.gz	data/blue_catalyst_poc/proteomes/rumen__10674_0003_idba_bin.7.faa	rumen__10674_0003_idba_bin.7.faa	ERZ1037760	webin-genome-10674_0003_idba_bin.7	10674_0003_idba_bin.7.fa.gz	filename	matched	1189	True	True		fgx_662_apollo3_20260612		not_started							compressed_gzip	448922		mag_bin	true	false	MAG functional potential	comparable_mag_bin	MAG/bin-like input; eligible for MAG-level functional atlas if QC and table gates pass	include_in_mag_bin_relaunch_or_retain_if_complete
rumen__10674_0003_idba_bin.71	rumen__10674_0003_idba_bin.71	rumen	rumen	Bacteria	10674_0003_idba_bin.71	data/blue_catalyst_poc/rumen/raw/10674_0003_idba_bin.71.fa.gz	10674_0003_idba_bin.71.fa.gz	data/blue_catalyst_poc/proteomes/rumen__10674_0003_idba_bin.71.faa	rumen__10674_0003_idba_bin.71.faa	ERZ1037761	webin-genome-10674_0003_idba_bin.71	10674_0003_idba_bin.71.fa.gz	filename	matched	1025	True	True		fgx_662_apollo3_20260612		not_started							compressed_gzip	281780		mag_bin	true	false	MAG functional potential	comparable_mag_bin	MAG/bin-like input; eligible for MAG-level functional atlas if QC and table gates pass	include_in_mag_bin_relaunch_or_retain_if_complete
rumen__10674_0003_idba_bin.72	rumen__10674_0003_idba_bin.72	rumen	rumen	Bacteria	10674_0003_idba_bin.72	data/blue_catalyst_poc/rumen/raw/10674_0003_idba_bin.72.fa.gz	10674_0003_idba_bin.72.fa.gz	data/blue_catalyst_poc/proteomes/rumen__10674_0003_idba_bin.72.faa	rumen__10674_0003_idba_bin.72.faa	ERZ1037762	webin-genome-10674_0003_idba_bin.72	10674_0003_idba_bin.72.fa.gz	filename	matched	3187	True	True		fgx_662_apollo3_20260612		not_started							compressed_gzip	1208936		mag_bin	true	false	MAG functional potential	comparable_mag_bin	MAG/bin-like input; eligible for MAG-level functional atlas if QC and table gates pass	include_in_mag_bin_relaunch_or_retain_if_complete
rumen__10674_0003_idba_bin.73	rumen__10674_0003_idba_bin.73	rumen	rumen	Bacteria	10674_0003_idba_bin.73	data/blue_catalyst_poc/rumen/raw/10674_0003_idba_bin.73.fa.gz	10674_0003_idba_bin.73.fa.gz	data/blue_catalyst_poc/proteomes/rumen__10674_0003_idba_bin.73.faa	rumen__10674_0003_idba_bin.73.faa	ERZ1037763	webin-genome-10674_0003_idba_bin.73	10674_0003_idba_bin.73.fa.gz	filename	matched	1916	True	True		fgx_662_apollo3_20260612		not_started							compressed_gzip	602991		mag_bin	true	false	MAG functional potential	comparable_mag_bin	MAG/bin-like input; eligible for MAG-level functional atlas if QC and table gates pass	include_in_mag_bin_relaunch_or_retain_if_complete
rumen__10674_0003_idba_bin.74	rumen__10674_0003_idba_bin.74	rumen	rumen	Bacteria	10674_0003_idba_bin.74	data/blue_catalyst_poc/rumen/raw/10674_0003_idba_bin.74.fa.gz	10674_0003_idba_bin.74.fa.gz	data/blue_catalyst_poc/proteomes/rumen__10674_0003_idba_bin.74.faa	rumen__10674_0003_idba_bin.74.faa	ERZ1037764	webin-genome-10674_0003_idba_bin.74	10674_0003_idba_bin.74.fa.gz	filename	matched	2416	True	True		fgx_662_apollo3_20260612		not_started							compressed_gzip	818050		mag_bin	true	false	MAG functional potential	comparable_mag_bin	MAG/bin-like input; eligible for MAG-level functional atlas if QC and table gates pass	include_in_mag_bin_relaunch_or_retain_if_complete
rumen__10674_0003_idba_bin.75	rumen__10674_0003_idba_bin.75	rumen	rumen	Bacteria	10674_0003_idba_bin.75	data/blue_catalyst_poc/rumen/raw/10674_0003_idba_bin.75.fa.gz	10674_0003_idba_bin.75.fa.gz	data/blue_catalyst_poc/proteomes/rumen__10674_0003_idba_bin.75.faa	rumen__10674_0003_idba_bin.75.faa	ERZ1037765	webin-genome-10674_0003_idba_bin.75	10674_0003_idba_bin.75.fa.gz	filename	matched	2151	True	True		fgx_662_apollo3_20260612		not_started							compressed_gzip	824026		mag_bin	true	false	MAG functional potential	comparable_mag_bin	MAG/bin-like input; eligible for MAG-level functional atlas if QC and table gates pass	include_in_mag_bin_relaunch_or_retain_if_complete
rumen__10674_0003_idba_bin.77	rumen__10674_0003_idba_bin.77	rumen	rumen	Bacteria	10674_0003_idba_bin.77	data/blue_catalyst_poc/rumen/raw/10674_0003_idba_bin.77.fa.gz	10674_0003_idba_bin.77.fa.gz	data/blue_catalyst_poc/proteomes/rumen__10674_0003_idba_bin.77.faa	rumen__10674_0003_idba_bin.77.faa	ERZ1037766	webin-genome-10674_0003_idba_bin.77	10674_0003_idba_bin.77.fa.gz	filename	matched	1721	True	True		fgx_662_apollo3_20260612		not_started							compressed_gzip	486743		mag_bin	true	false	MAG functional potential	comparable_mag_bin	MAG/bin-like input; eligible for MAG-level functional atlas if QC and table gates pass	include_in_mag_bin_relaunch_or_retain_if_complete
rumen__10674_0003_idba_bin.78	rumen__10674_0003_idba_bin.78	rumen	rumen	Bacteria	10674_0003_idba_bin.78	data/blue_catalyst_poc/rumen/raw/10674_0003_idba_bin.78.fa.gz	10674_0003_idba_bin.78.fa.gz	data/blue_catalyst_poc/proteomes/rumen__10674_0003_idba_bin.78.faa	rumen__10674_0003_idba_bin.78.faa	ERZ1037767	webin-genome-10674_0003_idba_bin.78	10674_0003_idba_bin.78.fa.gz	filename	matched	2822	True	True		fgx_662_apollo3_20260612		not_started							compressed_gzip	978639		mag_bin	true	false	MAG functional potential	comparable_mag_bin	MAG/bin-like input; eligible for MAG-level functional atlas if QC and table gates pass	include_in_mag_bin_relaunch_or_retain_if_complete
rumen__10674_0003_idba_bin.80	rumen__10674_0003_idba_bin.80	rumen	rumen	Bacteria	10674_0003_idba_bin.80	data/blue_catalyst_poc/rumen/raw/10674_0003_idba_bin.80.fa.gz	10674_0003_idba_bin.80.fa.gz	data/blue_catalyst_poc/proteomes/rumen__10674_0003_idba_bin.80.faa	rumen__10674_0003_idba_bin.80.faa	ERZ1037768	webin-genome-10674_0003_idba_bin.80	10674_0003_idba_bin.80.fa.gz	filename	matched	1958	True	True		fgx_662_apollo3_20260612		not_started							compressed_gzip	727389		mag_bin	true	false	MAG functional potential	comparable_mag_bin	MAG/bin-like input; eligible for MAG-level functional atlas if QC and table gates pass	include_in_mag_bin_relaunch_or_retain_if_complete
rumen__10674_0003_idba_bin.83	rumen__10674_0003_idba_bin.83	rumen	rumen	Bacteria	10674_0003_idba_bin.83	data/blue_catalyst_poc/rumen/raw/10674_0003_idba_bin.83.fa.gz	10674_0003_idba_bin.83.fa.gz	data/blue_catalyst_poc/proteomes/rumen__10674_0003_idba_bin.83.faa	rumen__10674_0003_idba_bin.83.faa	ERZ1037769	webin-genome-10674_0003_idba_bin.83	10674_0003_idba_bin.83.fa.gz	filename	matched	2127	True	True		fgx_662_apollo3_20260612		not_started							compressed_gzip	741107		mag_bin	true	false	MAG functional potential	comparable_mag_bin	MAG/bin-like input; eligible for MAG-level functional atlas if QC and table gates pass	include_in_mag_bin_relaunch_or_retain_if_complete
rumen__10674_0003_idba_bin.84	rumen__10674_0003_idba_bin.84	rumen	rumen	Bacteria	10674_0003_idba_bin.84	data/blue_catalyst_poc/rumen/raw/10674_0003_idba_bin.84.fa.gz	10674_0003_idba_bin.84.fa.gz	data/blue_catalyst_poc/proteomes/rumen__10674_0003_idba_bin.84.faa	rumen__10674_0003_idba_bin.84.faa	ERZ1037770	webin-genome-10674_0003_idba_bin.84	10674_0003_idba_bin.84.fa.gz	filename	matched	2220	True	True		fgx_662_apollo3_20260612		not_started							compressed_gzip	752486		mag_bin	true	false	MAG functional potential	comparable_mag_bin	MAG/bin-like input; eligible for MAG-level functional atlas if QC and table gates pass	include_in_mag_bin_relaunch_or_retain_if_complete
rumen__10674_0003_idba_bin.85	rumen__10674_0003_idba_bin.85	rumen	rumen	Bacteria	10674_0003_idba_bin.85	data/blue_catalyst_poc/rumen/raw/10674_0003_idba_bin.85.fa.gz	10674_0003_idba_bin.85.fa.gz	data/blue_catalyst_poc/proteomes/rumen__10674_0003_idba_bin.85.faa	rumen__10674_0003_idba_bin.85.faa	ERZ1037771	webin-genome-10674_0003_idba_bin.85	10674_0003_idba_bin.85.fa.gz	filename	matched	1869	True	True		fgx_662_apollo3_20260612		not_started							compressed_gzip	556603		mag_bin	true	false	MAG functional potential	comparable_mag_bin	MAG/bin-like input; eligible for MAG-level functional atlas if QC and table gates pass	include_in_mag_bin_relaunch_or_retain_if_complete
rumen__10674_0003_idba_bin.86	rumen__10674_0003_idba_bin.86	rumen	rumen	Bacteria	10674_0003_idba_bin.86	data/blue_catalyst_poc/rumen/raw/10674_0003_idba_bin.86.fa.gz	10674_0003_idba_bin.86.fa.gz	data/blue_catalyst_poc/proteomes/rumen__10674_0003_idba_bin.86.faa	rumen__10674_0003_idba_bin.86.faa	ERZ1037772	webin-genome-10674_0003_idba_bin.86	10674_0003_idba_bin.86.fa.gz	filename	matched	1815	True	True		fgx_662_apollo3_20260612		not_started							compressed_gzip	669908		mag_bin	true	false	MAG functional potential	comparable_mag_bin	MAG/bin-like input; eligible for MAG-level functional atlas if QC and table gates pass	include_in_mag_bin_relaunch_or_retain_if_complete
rumen__10674_0003_idba_bin.87	rumen__10674_0003_idba_bin.87	rumen	rumen	Bacteria	10674_0003_idba_bin.87	data/blue_catalyst_poc/rumen/raw/10674_0003_idba_bin.87.fa.gz	10674_0003_idba_bin.87.fa.gz	data/blue_catalyst_poc/proteomes/rumen__10674_0003_idba_bin.87.faa	rumen__10674_0003_idba_bin.87.faa	ERZ1037773	webin-genome-10674_0003_idba_bin.87	10674_0003_idba_bin.87.fa.gz	filename	matched	1421	True	True		fgx_662_apollo3_20260612		not_started							compressed_gzip	435752		mag_bin	true	false	MAG functional potential	comparable_mag_bin	MAG/bin-like input; eligible for MAG-level functional atlas if QC and table gates pass	include_in_mag_bin_relaunch_or_retain_if_complete
rumen__10674_0003_idba_bin.88	rumen__10674_0003_idba_bin.88	rumen	rumen	Bacteria	10674_0003_idba_bin.88	data/blue_catalyst_poc/rumen/raw/10674_0003_idba_bin.88.fa.gz	10674_0003_idba_bin.88.fa.gz	data/blue_catalyst_poc/proteomes/rumen__10674_0003_idba_bin.88.faa	rumen__10674_0003_idba_bin.88.faa	ERZ1037774	webin-genome-10674_0003_idba_bin.88	10674_0003_idba_bin.88.fa.gz	filename	matched	1309	True	True		fgx_662_apollo3_20260612		not_started							compressed_gzip	400226		mag_bin	true	false	MAG functional potential	comparable_mag_bin	MAG/bin-like input; eligible for MAG-level functional atlas if QC and table gates pass	include_in_mag_bin_relaunch_or_retain_if_complete
rumen__10674_0003_idba_bin.89	rumen__10674_0003_idba_bin.89	rumen	rumen	Bacteria	10674_0003_idba_bin.89	data/blue_catalyst_poc/rumen/raw/10674_0003_idba_bin.89.fa.gz	10674_0003_idba_bin.89.fa.gz	data/blue_catalyst_poc/proteomes/rumen__10674_0003_idba_bin.89.faa	rumen__10674_0003_idba_bin.89.faa	ERZ1037775	webin-genome-10674_0003_idba_bin.89	10674_0003_idba_bin.89.fa.gz	filename	matched	2304	True	True		fgx_662_apollo3_20260612		not_started							compressed_gzip	841489		mag_bin	true	false	MAG functional potential	comparable_mag_bin	MAG/bin-like input; eligible for MAG-level functional atlas if QC and table gates pass	include_in_mag_bin_relaunch_or_retain_if_complete
rumen__10674_0003_idba_bin.9	rumen__10674_0003_idba_bin.9	rumen	rumen	Bacteria	10674_0003_idba_bin.9	data/blue_catalyst_poc/rumen/raw/10674_0003_idba_bin.9.fa.gz	10674_0003_idba_bin.9.fa.gz	data/blue_catalyst_poc/proteomes/rumen__10674_0003_idba_bin.9.faa	rumen__10674_0003_idba_bin.9.faa	ERZ1037776	webin-genome-10674_0003_idba_bin.9	10674_0003_idba_bin.9.fa.gz	filename	matched	2129	True	True		fgx_662_apollo3_20260612		not_started							compressed_gzip	797661		mag_bin	true	false	MAG functional potential	comparable_mag_bin	MAG/bin-like input; eligible for MAG-level functional atlas if QC and table gates pass	include_in_mag_bin_relaunch_or_retain_if_complete
rumen__10674_0003_idba_bin.93	rumen__10674_0003_idba_bin.93	rumen	rumen	Bacteria	10674_0003_idba_bin.93	data/blue_catalyst_poc/rumen/raw/10674_0003_idba_bin.93.fa.gz	10674_0003_idba_bin.93.fa.gz	data/blue_catalyst_poc/proteomes/rumen__10674_0003_idba_bin.93.faa	rumen__10674_0003_idba_bin.93.faa	ERZ1037777	webin-genome-10674_0003_idba_bin.93	10674_0003_idba_bin.93.fa.gz	filename	matched	2316	True	True		fgx_662_apollo3_20260612		not_started							compressed_gzip	782940		mag_bin	true	false	MAG functional potential	comparable_mag_bin	MAG/bin-like input; eligible for MAG-level functional atlas if QC and table gates pass	include_in_mag_bin_relaunch_or_retain_if_complete
rumen__10674_0003_idba_bin.96	rumen__10674_0003_idba_bin.96	rumen	rumen	Bacteria	10674_0003_idba_bin.96	data/blue_catalyst_poc/rumen/raw/10674_0003_idba_bin.96.fa.gz	10674_0003_idba_bin.96.fa.gz	data/blue_catalyst_poc/proteomes/rumen__10674_0003_idba_bin.96.faa	rumen__10674_0003_idba_bin.96.faa	ERZ1037778	webin-genome-10674_0003_idba_bin.96	10674_0003_idba_bin.96.fa.gz	filename	matched	2238	True	True		fgx_662_apollo3_20260612		not_started							compressed_gzip	715875		mag_bin	true	false	MAG functional potential	comparable_mag_bin	MAG/bin-like input; eligible for MAG-level functional atlas if QC and table gates pass	include_in_mag_bin_relaunch_or_retain_if_complete
rumen__10674_0003_idba_bin.98	rumen__10674_0003_idba_bin.98	rumen	rumen	Bacteria	10674_0003_idba_bin.98	data/blue_catalyst_poc/rumen/raw/10674_0003_idba_bin.98.fa.gz	10674_0003_idba_bin.98.fa.gz	data/blue_catalyst_poc/proteomes/rumen__10674_0003_idba_bin.98.faa	rumen__10674_0003_idba_bin.98.faa	ERZ1037779	webin-genome-10674_0003_idba_bin.98	10674_0003_idba_bin.98.fa.gz	filename	matched	1607	True	True		fgx_662_apollo3_20260612		not_started							compressed_gzip	595568		mag_bin	true	false	MAG functional potential	comparable_mag_bin	MAG/bin-like input; eligible for MAG-level functional atlas if QC and table gates pass	include_in_mag_bin_relaunch_or_retain_if_complete
rumen__10674_0004_idba_bin.103	rumen__10674_0004_idba_bin.103	rumen	rumen	Bacteria	10674_0004_idba_bin.103	data/blue_catalyst_poc/rumen/raw/10674_0004_idba_bin.103.fa.gz	10674_0004_idba_bin.103.fa.gz	data/blue_catalyst_poc/proteomes/rumen__10674_0004_idba_bin.103.faa	rumen__10674_0004_idba_bin.103.faa	ERZ1037780	webin-genome-10674_0004_idba_bin.103	10674_0004_idba_bin.103.fa.gz	filename	matched	2313	True	True		fgx_662_apollo3_20260612		not_started							compressed_gzip	874265		mag_bin	true	false	MAG functional potential	comparable_mag_bin	MAG/bin-like input; eligible for MAG-level functional atlas if QC and table gates pass	include_in_mag_bin_relaunch_or_retain_if_complete
rumen__10674_0004_idba_bin.105	rumen__10674_0004_idba_bin.105	rumen	rumen	Bacteria	10674_0004_idba_bin.105	data/blue_catalyst_poc/rumen/raw/10674_0004_idba_bin.105.fa.gz	10674_0004_idba_bin.105.fa.gz	data/blue_catalyst_poc/proteomes/rumen__10674_0004_idba_bin.105.faa	rumen__10674_0004_idba_bin.105.faa	ERZ1037781	webin-genome-10674_0004_idba_bin.105	10674_0004_idba_bin.105.fa.gz	filename	matched	3281	True	True		fgx_662_apollo3_20260612		not_started							compressed_gzip	1160803		mag_bin	true	false	MAG functional potential	comparable_mag_bin	MAG/bin-like input; eligible for MAG-level functional atlas if QC and table gates pass	include_in_mag_bin_relaunch_or_retain_if_complete
rumen__10674_0004_idba_bin.107	rumen__10674_0004_idba_bin.107	rumen	rumen	Bacteria	10674_0004_idba_bin.107	data/blue_catalyst_poc/rumen/raw/10674_0004_idba_bin.107.fa.gz	10674_0004_idba_bin.107.fa.gz	data/blue_catalyst_poc/proteomes/rumen__10674_0004_idba_bin.107.faa	rumen__10674_0004_idba_bin.107.faa	ERZ1037782	webin-genome-10674_0004_idba_bin.107	10674_0004_idba_bin.107.fa.gz	filename	matched	2238	True	True		fgx_662_apollo3_20260612		not_started							compressed_gzip	740561		mag_bin	true	false	MAG functional potential	comparable_mag_bin	MAG/bin-like input; eligible for MAG-level functional atlas if QC and table gates pass	include_in_mag_bin_relaunch_or_retain_if_complete
rumen__10674_0004_idba_bin.108	rumen__10674_0004_idba_bin.108	rumen	rumen	Bacteria	10674_0004_idba_bin.108	data/blue_catalyst_poc/rumen/raw/10674_0004_idba_bin.108.fa.gz	10674_0004_idba_bin.108.fa.gz	data/blue_catalyst_poc/proteomes/rumen__10674_0004_idba_bin.108.faa	rumen__10674_0004_idba_bin.108.faa	ERZ1037783	webin-genome-10674_0004_idba_bin.108	10674_0004_idba_bin.108.fa.gz	filename	matched	2454	True	True		fgx_662_apollo3_20260612		not_started							compressed_gzip	819953		mag_bin	true	false	MAG functional potential	comparable_mag_bin	MAG/bin-like input; eligible for MAG-level functional atlas if QC and table gates pass	include_in_mag_bin_relaunch_or_retain_if_complete
rumen__10674_0004_idba_bin.110	rumen__10674_0004_idba_bin.110	rumen	rumen	Bacteria	10674_0004_idba_bin.110	data/blue_catalyst_poc/rumen/raw/10674_0004_idba_bin.110.fa.gz	10674_0004_idba_bin.110.fa.gz	data/blue_catalyst_poc/proteomes/rumen__10674_0004_idba_bin.110.faa	rumen__10674_0004_idba_bin.110.faa	ERZ1037784	webin-genome-10674_0004_idba_bin.110	10674_0004_idba_bin.110.fa.gz	filename	matched	3763	True	True		fgx_662_apollo3_20260612		not_started							compressed_gzip	1186941		mag_bin	true	false	MAG functional potential	comparable_mag_bin	MAG/bin-like input; eligible for MAG-level functional atlas if QC and table gates pass	include_in_mag_bin_relaunch_or_retain_if_complete
rumen__10674_0004_idba_bin.116	rumen__10674_0004_idba_bin.116	rumen	rumen	Bacteria	10674_0004_idba_bin.116	data/blue_catalyst_poc/rumen/raw/10674_0004_idba_bin.116.fa.gz	10674_0004_idba_bin.116.fa.gz	data/blue_catalyst_poc/proteomes/rumen__10674_0004_idba_bin.116.faa	rumen__10674_0004_idba_bin.116.faa	ERZ1037785	webin-genome-10674_0004_idba_bin.116	10674_0004_idba_bin.116.fa.gz	filename	matched	1548	True	True		fgx_662_apollo3_20260612		not_started							compressed_gzip	630826		mag_bin	true	false	MAG functional potential	comparable_mag_bin	MAG/bin-like input; eligible for MAG-level functional atlas if QC and table gates pass	include_in_mag_bin_relaunch_or_retain_if_complete
rumen__10674_0004_idba_bin.118	rumen__10674_0004_idba_bin.118	rumen	rumen	Bacteria	10674_0004_idba_bin.118	data/blue_catalyst_poc/rumen/raw/10674_0004_idba_bin.118.fa.gz	10674_0004_idba_bin.118.fa.gz	data/blue_catalyst_poc/proteomes/rumen__10674_0004_idba_bin.118.faa	rumen__10674_0004_idba_bin.118.faa	ERZ1037786	webin-genome-10674_0004_idba_bin.118	10674_0004_idba_bin.118.fa.gz	filename	matched	3492	True	True		fgx_662_apollo3_20260612		not_started							compressed_gzip	1018554		mag_bin	true	false	MAG functional potential	comparable_mag_bin	MAG/bin-like input; eligible for MAG-level functional atlas if QC and table gates pass	include_in_mag_bin_relaunch_or_retain_if_complete
rumen__10674_0004_idba_bin.119	rumen__10674_0004_idba_bin.119	rumen	rumen	Bacteria	10674_0004_idba_bin.119	data/blue_catalyst_poc/rumen/raw/10674_0004_idba_bin.119.fa.gz	10674_0004_idba_bin.119.fa.gz	data/blue_catalyst_poc/proteomes/rumen__10674_0004_idba_bin.119.faa	rumen__10674_0004_idba_bin.119.faa	ERZ1037787	webin-genome-10674_0004_idba_bin.119	10674_0004_idba_bin.119.fa.gz	filename	matched	2274	True	True		fgx_662_apollo3_20260612		not_started							compressed_gzip	875780		mag_bin	true	false	MAG functional potential	comparable_mag_bin	MAG/bin-like input; eligible for MAG-level functional atlas if QC and table gates pass	include_in_mag_bin_relaunch_or_retain_if_complete
rumen__10674_0004_idba_bin.12	rumen__10674_0004_idba_bin.12	rumen	rumen	Bacteria	10674_0004_idba_bin.12	data/blue_catalyst_poc/rumen/raw/10674_0004_idba_bin.12.fa.gz	10674_0004_idba_bin.12.fa.gz	data/blue_catalyst_poc/proteomes/rumen__10674_0004_idba_bin.12.faa	rumen__10674_0004_idba_bin.12.faa	ERZ1037788	webin-genome-10674_0004_idba_bin.12	10674_0004_idba_bin.12.fa.gz	filename	matched	2479	True	True		fgx_662_apollo3_20260612		not_started							compressed_gzip	811497		mag_bin	true	false	MAG functional potential	comparable_mag_bin	MAG/bin-like input; eligible for MAG-level functional atlas if QC and table gates pass	include_in_mag_bin_relaunch_or_retain_if_complete
rumen__10674_0004_idba_bin.120	rumen__10674_0004_idba_bin.120	rumen	rumen	Bacteria	10674_0004_idba_bin.120	data/blue_catalyst_poc/rumen/raw/10674_0004_idba_bin.120.fa.gz	10674_0004_idba_bin.120.fa.gz	data/blue_catalyst_poc/proteomes/rumen__10674_0004_idba_bin.120.faa	rumen__10674_0004_idba_bin.120.faa	ERZ1037789	webin-genome-10674_0004_idba_bin.120	10674_0004_idba_bin.120.fa.gz	filename	matched	2005	True	True		fgx_662_apollo3_20260612		not_started							compressed_gzip	652535		mag_bin	true	false	MAG functional potential	comparable_mag_bin	MAG/bin-like input; eligible for MAG-level functional atlas if QC and table gates pass	include_in_mag_bin_relaunch_or_retain_if_complete
rumen__10674_0004_idba_bin.121	rumen__10674_0004_idba_bin.121	rumen	rumen	Bacteria	10674_0004_idba_bin.121	data/blue_catalyst_poc/rumen/raw/10674_0004_idba_bin.121.fa.gz	10674_0004_idba_bin.121.fa.gz	data/blue_catalyst_poc/proteomes/rumen__10674_0004_idba_bin.121.faa	rumen__10674_0004_idba_bin.121.faa	ERZ1037790	webin-genome-10674_0004_idba_bin.121	10674_0004_idba_bin.121.fa.gz	filename	matched	2233	True	True		fgx_662_apollo3_20260612		not_started							compressed_gzip	765313		mag_bin	true	false	MAG functional potential	comparable_mag_bin	MAG/bin-like input; eligible for MAG-level functional atlas if QC and table gates pass	include_in_mag_bin_relaunch_or_retain_if_complete
rumen__10674_0004_idba_bin.122	rumen__10674_0004_idba_bin.122	rumen	rumen	Bacteria	10674_0004_idba_bin.122	data/blue_catalyst_poc/rumen/raw/10674_0004_idba_bin.122.fa.gz	10674_0004_idba_bin.122.fa.gz	data/blue_catalyst_poc/proteomes/rumen__10674_0004_idba_bin.122.faa	rumen__10674_0004_idba_bin.122.faa	ERZ1037791	webin-genome-10674_0004_idba_bin.122	10674_0004_idba_bin.122.fa.gz	filename	matched	2124	True	True		fgx_662_apollo3_20260612		not_started							compressed_gzip	662776		mag_bin	true	false	MAG functional potential	comparable_mag_bin	MAG/bin-like input; eligible for MAG-level functional atlas if QC and table gates pass	include_in_mag_bin_relaunch_or_retain_if_complete
rumen__10674_0004_idba_bin.123	rumen__10674_0004_idba_bin.123	rumen	rumen	Bacteria	10674_0004_idba_bin.123	data/blue_catalyst_poc/rumen/raw/10674_0004_idba_bin.123.fa.gz	10674_0004_idba_bin.123.fa.gz	data/blue_catalyst_poc/proteomes/rumen__10674_0004_idba_bin.123.faa	rumen__10674_0004_idba_bin.123.faa	ERZ1037792	webin-genome-10674_0004_idba_bin.123	10674_0004_idba_bin.123.fa.gz	filename	matched	2274	True	True		fgx_662_apollo3_20260612		not_started							compressed_gzip	724323		mag_bin	true	false	MAG functional potential	comparable_mag_bin	MAG/bin-like input; eligible for MAG-level functional atlas if QC and table gates pass	include_in_mag_bin_relaunch_or_retain_if_complete
rumen__10674_0004_idba_bin.124	rumen__10674_0004_idba_bin.124	rumen	rumen	Bacteria	10674_0004_idba_bin.124	data/blue_catalyst_poc/rumen/raw/10674_0004_idba_bin.124.fa.gz	10674_0004_idba_bin.124.fa.gz	data/blue_catalyst_poc/proteomes/rumen__10674_0004_idba_bin.124.faa	rumen__10674_0004_idba_bin.124.faa	ERZ1037793	webin-genome-10674_0004_idba_bin.124	10674_0004_idba_bin.124.fa.gz	filename	matched	1398	True	True		fgx_662_apollo3_20260612		not_started							compressed_gzip	396654		mag_bin	true	false	MAG functional potential	comparable_mag_bin	MAG/bin-like input; eligible for MAG-level functional atlas if QC and table gates pass	include_in_mag_bin_relaunch_or_retain_if_complete
rumen__10674_0004_idba_bin.125	rumen__10674_0004_idba_bin.125	rumen	rumen	Bacteria	10674_0004_idba_bin.125	data/blue_catalyst_poc/rumen/raw/10674_0004_idba_bin.125.fa.gz	10674_0004_idba_bin.125.fa.gz	data/blue_catalyst_poc/proteomes/rumen__10674_0004_idba_bin.125.faa	rumen__10674_0004_idba_bin.125.faa	ERZ1037794	webin-genome-10674_0004_idba_bin.125	10674_0004_idba_bin.125.fa.gz	filename	matched	659	True	True		fgx_662_apollo3_20260612		not_started							compressed_gzip	219862		mag_bin	true	false	MAG functional potential	comparable_mag_bin	MAG/bin-like input; eligible for MAG-level functional atlas if QC and table gates pass	include_in_mag_bin_relaunch_or_retain_if_complete
rumen__10674_0004_idba_bin.126	rumen__10674_0004_idba_bin.126	rumen	rumen	Bacteria	10674_0004_idba_bin.126	data/blue_catalyst_poc/rumen/raw/10674_0004_idba_bin.126.fa.gz	10674_0004_idba_bin.126.fa.gz	data/blue_catalyst_poc/proteomes/rumen__10674_0004_idba_bin.126.faa	rumen__10674_0004_idba_bin.126.faa	ERZ1037795	webin-genome-10674_0004_idba_bin.126	10674_0004_idba_bin.126.fa.gz	filename	matched	1594	True	True		fgx_662_apollo3_20260612		not_started							compressed_gzip	415765		mag_bin	true	false	MAG functional potential	comparable_mag_bin	MAG/bin-like input; eligible for MAG-level functional atlas if QC and table gates pass	include_in_mag_bin_relaunch_or_retain_if_complete
rumen__10674_0004_idba_bin.127	rumen__10674_0004_idba_bin.127	rumen	rumen	Bacteria	10674_0004_idba_bin.127	data/blue_catalyst_poc/rumen/raw/10674_0004_idba_bin.127.fa.gz	10674_0004_idba_bin.127.fa.gz	data/blue_catalyst_poc/proteomes/rumen__10674_0004_idba_bin.127.faa	rumen__10674_0004_idba_bin.127.faa	ERZ1037796	webin-genome-10674_0004_idba_bin.127	10674_0004_idba_bin.127.fa.gz	filename	matched	1818	True	True		fgx_662_apollo3_20260612		not_started							compressed_gzip	645996		mag_bin	true	false	MAG functional potential	comparable_mag_bin	MAG/bin-like input; eligible for MAG-level functional atlas if QC and table gates pass	include_in_mag_bin_relaunch_or_retain_if_complete
rumen__10674_0004_idba_bin.130	rumen__10674_0004_idba_bin.130	rumen	rumen	Bacteria	10674_0004_idba_bin.130	data/blue_catalyst_poc/rumen/raw/10674_0004_idba_bin.130.fa.gz	10674_0004_idba_bin.130.fa.gz	data/blue_catalyst_poc/proteomes/rumen__10674_0004_idba_bin.130.faa	rumen__10674_0004_idba_bin.130.faa	ERZ1037797	webin-genome-10674_0004_idba_bin.130	10674_0004_idba_bin.130.fa.gz	filename	matched	1461	True	True		fgx_662_apollo3_20260612		not_started							compressed_gzip	532545		mag_bin	true	false	MAG functional potential	comparable_mag_bin	MAG/bin-like input; eligible for MAG-level functional atlas if QC and table gates pass	include_in_mag_bin_relaunch_or_retain_if_complete
rumen__10674_0004_idba_bin.134	rumen__10674_0004_idba_bin.134	rumen	rumen	Bacteria	10674_0004_idba_bin.134	data/blue_catalyst_poc/rumen/raw/10674_0004_idba_bin.134.fa.gz	10674_0004_idba_bin.134.fa.gz	data/blue_catalyst_poc/proteomes/rumen__10674_0004_idba_bin.134.faa	rumen__10674_0004_idba_bin.134.faa	ERZ1037798	webin-genome-10674_0004_idba_bin.134	10674_0004_idba_bin.134.fa.gz	filename	matched	2114	True	True		fgx_662_apollo3_20260612		not_started							compressed_gzip	656331		mag_bin	true	false	MAG functional potential	comparable_mag_bin	MAG/bin-like input; eligible for MAG-level functional atlas if QC and table gates pass	include_in_mag_bin_relaunch_or_retain_if_complete
rumen__10674_0004_idba_bin.138	rumen__10674_0004_idba_bin.138	rumen	rumen	Bacteria	10674_0004_idba_bin.138	data/blue_catalyst_poc/rumen/raw/10674_0004_idba_bin.138.fa.gz	10674_0004_idba_bin.138.fa.gz	data/blue_catalyst_poc/proteomes/rumen__10674_0004_idba_bin.138.faa	rumen__10674_0004_idba_bin.138.faa	ERZ1037799	webin-genome-10674_0004_idba_bin.138	10674_0004_idba_bin.138.fa.gz	filename	matched	2145	True	True		fgx_662_apollo3_20260612		not_started							compressed_gzip	663625		mag_bin	true	false	MAG functional potential	comparable_mag_bin	MAG/bin-like input; eligible for MAG-level functional atlas if QC and table gates pass	include_in_mag_bin_relaunch_or_retain_if_complete
rumen__10674_0004_idba_bin.14	rumen__10674_0004_idba_bin.14	rumen	rumen	Bacteria	10674_0004_idba_bin.14	data/blue_catalyst_poc/rumen/raw/10674_0004_idba_bin.14.fa.gz	10674_0004_idba_bin.14.fa.gz	data/blue_catalyst_poc/proteomes/rumen__10674_0004_idba_bin.14.faa	rumen__10674_0004_idba_bin.14.faa	ERZ1037800	webin-genome-10674_0004_idba_bin.14	10674_0004_idba_bin.14.fa.gz	filename	matched	3034	True	True		fgx_662_apollo3_20260612		not_started							compressed_gzip	983029		mag_bin	true	false	MAG functional potential	comparable_mag_bin	MAG/bin-like input; eligible for MAG-level functional atlas if QC and table gates pass	include_in_mag_bin_relaunch_or_retain_if_complete
rumen__10674_0004_idba_bin.143	rumen__10674_0004_idba_bin.143	rumen	rumen	Bacteria	10674_0004_idba_bin.143	data/blue_catalyst_poc/rumen/raw/10674_0004_idba_bin.143.fa.gz	10674_0004_idba_bin.143.fa.gz	data/blue_catalyst_poc/proteomes/rumen__10674_0004_idba_bin.143.faa	rumen__10674_0004_idba_bin.143.faa	ERZ1037801	webin-genome-10674_0004_idba_bin.143	10674_0004_idba_bin.143.fa.gz	filename	matched	1653	True	True		fgx_662_apollo3_20260612		not_started							compressed_gzip	614988		mag_bin	true	false	MAG functional potential	comparable_mag_bin	MAG/bin-like input; eligible for MAG-level functional atlas if QC and table gates pass	include_in_mag_bin_relaunch_or_retain_if_complete
rumen__10674_0004_idba_bin.144	rumen__10674_0004_idba_bin.144	rumen	rumen	Bacteria	10674_0004_idba_bin.144	data/blue_catalyst_poc/rumen/raw/10674_0004_idba_bin.144.fa.gz	10674_0004_idba_bin.144.fa.gz	data/blue_catalyst_poc/proteomes/rumen__10674_0004_idba_bin.144.faa	rumen__10674_0004_idba_bin.144.faa	ERZ1037802	webin-genome-10674_0004_idba_bin.144	10674_0004_idba_bin.144.fa.gz	filename	matched	1765	True	True		fgx_662_apollo3_20260612		not_started							compressed_gzip	558023		mag_bin	true	false	MAG functional potential	comparable_mag_bin	MAG/bin-like input; eligible for MAG-level functional atlas if QC and table gates pass	include_in_mag_bin_relaunch_or_retain_if_complete
rumen__10674_0004_idba_bin.145	rumen__10674_0004_idba_bin.145	rumen	rumen	Bacteria	10674_0004_idba_bin.145	data/blue_catalyst_poc/rumen/raw/10674_0004_idba_bin.145.fa.gz	10674_0004_idba_bin.145.fa.gz	data/blue_catalyst_poc/proteomes/rumen__10674_0004_idba_bin.145.faa	rumen__10674_0004_idba_bin.145.faa	ERZ1037803	webin-genome-10674_0004_idba_bin.145	10674_0004_idba_bin.145.fa.gz	filename	matched	1266	True	True		fgx_662_apollo3_20260612		not_started							compressed_gzip	321212		mag_bin	true	false	MAG functional potential	comparable_mag_bin	MAG/bin-like input; eligible for MAG-level functional atlas if QC and table gates pass	include_in_mag_bin_relaunch_or_retain_if_complete
rumen__10674_0004_idba_bin.146	rumen__10674_0004_idba_bin.146	rumen	rumen	Bacteria	10674_0004_idba_bin.146	data/blue_catalyst_poc/rumen/raw/10674_0004_idba_bin.146.fa.gz	10674_0004_idba_bin.146.fa.gz	data/blue_catalyst_poc/proteomes/rumen__10674_0004_idba_bin.146.faa	rumen__10674_0004_idba_bin.146.faa	ERZ1037804	webin-genome-10674_0004_idba_bin.146	10674_0004_idba_bin.146.fa.gz	filename	matched	1916	True	True		fgx_662_apollo3_20260612		not_started							compressed_gzip	630328		mag_bin	true	false	MAG functional potential	comparable_mag_bin	MAG/bin-like input; eligible for MAG-level functional atlas if QC and table gates pass	include_in_mag_bin_relaunch_or_retain_if_complete
rumen__10674_0004_idba_bin.147	rumen__10674_0004_idba_bin.147	rumen	rumen	Bacteria	10674_0004_idba_bin.147	data/blue_catalyst_poc/rumen/raw/10674_0004_idba_bin.147.fa.gz	10674_0004_idba_bin.147.fa.gz	data/blue_catalyst_poc/proteomes/rumen__10674_0004_idba_bin.147.faa	rumen__10674_0004_idba_bin.147.faa	ERZ1037805	webin-genome-10674_0004_idba_bin.147	10674_0004_idba_bin.147.fa.gz	filename	matched	1894	True	True		fgx_662_apollo3_20260612		not_started							compressed_gzip	637028		mag_bin	true	false	MAG functional potential	comparable_mag_bin	MAG/bin-like input; eligible for MAG-level functional atlas if QC and table gates pass	include_in_mag_bin_relaunch_or_retain_if_complete
rumen__10674_0004_idba_bin.148	rumen__10674_0004_idba_bin.148	rumen	rumen	Bacteria	10674_0004_idba_bin.148	data/blue_catalyst_poc/rumen/raw/10674_0004_idba_bin.148.fa.gz	10674_0004_idba_bin.148.fa.gz	data/blue_catalyst_poc/proteomes/rumen__10674_0004_idba_bin.148.faa	rumen__10674_0004_idba_bin.148.faa	ERZ1037806	webin-genome-10674_0004_idba_bin.148	10674_0004_idba_bin.148.fa.gz	filename	matched	2570	True	True		fgx_662_apollo3_20260612		not_started							compressed_gzip	792431		mag_bin	true	false	MAG functional potential	comparable_mag_bin	MAG/bin-like input; eligible for MAG-level functional atlas if QC and table gates pass	include_in_mag_bin_relaunch_or_retain_if_complete
rumen__10674_0004_idba_bin.149	rumen__10674_0004_idba_bin.149	rumen	rumen	Bacteria	10674_0004_idba_bin.149	data/blue_catalyst_poc/rumen/raw/10674_0004_idba_bin.149.fa.gz	10674_0004_idba_bin.149.fa.gz	data/blue_catalyst_poc/proteomes/rumen__10674_0004_idba_bin.149.faa	rumen__10674_0004_idba_bin.149.faa	ERZ1037807	webin-genome-10674_0004_idba_bin.149	10674_0004_idba_bin.149.fa.gz	filename	matched	1739	True	True		fgx_662_apollo3_20260612		not_started							compressed_gzip	557905		mag_bin	true	false	MAG functional potential	comparable_mag_bin	MAG/bin-like input; eligible for MAG-level functional atlas if QC and table gates pass	include_in_mag_bin_relaunch_or_retain_if_complete
rumen__10674_0004_idba_bin.15	rumen__10674_0004_idba_bin.15	rumen	rumen	Bacteria	10674_0004_idba_bin.15	data/blue_catalyst_poc/rumen/raw/10674_0004_idba_bin.15.fa.gz	10674_0004_idba_bin.15.fa.gz	data/blue_catalyst_poc/proteomes/rumen__10674_0004_idba_bin.15.faa	rumen__10674_0004_idba_bin.15.faa	ERZ1037808	webin-genome-10674_0004_idba_bin.15	10674_0004_idba_bin.15.fa.gz	filename	matched	1769	True	True		fgx_662_apollo3_20260612		not_started							compressed_gzip	614135		mag_bin	true	false	MAG functional potential	comparable_mag_bin	MAG/bin-like input; eligible for MAG-level functional atlas if QC and table gates pass	include_in_mag_bin_relaunch_or_retain_if_complete
rumen__10674_0004_idba_bin.152	rumen__10674_0004_idba_bin.152	rumen	rumen	Bacteria	10674_0004_idba_bin.152	data/blue_catalyst_poc/rumen/raw/10674_0004_idba_bin.152.fa.gz	10674_0004_idba_bin.152.fa.gz	data/blue_catalyst_poc/proteomes/rumen__10674_0004_idba_bin.152.faa	rumen__10674_0004_idba_bin.152.faa	ERZ1037809	webin-genome-10674_0004_idba_bin.152	10674_0004_idba_bin.152.fa.gz	filename	matched	1689	True	True		fgx_662_apollo3_20260612		not_started							compressed_gzip	562050		mag_bin	true	false	MAG functional potential	comparable_mag_bin	MAG/bin-like input; eligible for MAG-level functional atlas if QC and table gates pass	include_in_mag_bin_relaunch_or_retain_if_complete
rumen__10674_0004_idba_bin.153	rumen__10674_0004_idba_bin.153	rumen	rumen	Bacteria	10674_0004_idba_bin.153	data/blue_catalyst_poc/rumen/raw/10674_0004_idba_bin.153.fa.gz	10674_0004_idba_bin.153.fa.gz	data/blue_catalyst_poc/proteomes/rumen__10674_0004_idba_bin.153.faa	rumen__10674_0004_idba_bin.153.faa	ERZ1037810	webin-genome-10674_0004_idba_bin.153	10674_0004_idba_bin.153.fa.gz	filename	matched	1756	True	True		fgx_662_apollo3_20260612		not_started							compressed_gzip	564851		mag_bin	true	false	MAG functional potential	comparable_mag_bin	MAG/bin-like input; eligible for MAG-level functional atlas if QC and table gates pass	include_in_mag_bin_relaunch_or_retain_if_complete
rumen__10674_0004_idba_bin.156	rumen__10674_0004_idba_bin.156	rumen	rumen	Bacteria	10674_0004_idba_bin.156	data/blue_catalyst_poc/rumen/raw/10674_0004_idba_bin.156.fa.gz	10674_0004_idba_bin.156.fa.gz	data/blue_catalyst_poc/proteomes/rumen__10674_0004_idba_bin.156.faa	rumen__10674_0004_idba_bin.156.faa	ERZ1037811	webin-genome-10674_0004_idba_bin.156	10674_0004_idba_bin.156.fa.gz	filename	matched	2048	True	True		fgx_662_apollo3_20260612		not_started							compressed_gzip	675374		mag_bin	true	false	MAG functional potential	comparable_mag_bin	MAG/bin-like input; eligible for MAG-level functional atlas if QC and table gates pass	include_in_mag_bin_relaunch_or_retain_if_complete
rumen__10674_0004_idba_bin.159	rumen__10674_0004_idba_bin.159	rumen	rumen	Bacteria	10674_0004_idba_bin.159	data/blue_catalyst_poc/rumen/raw/10674_0004_idba_bin.159.fa.gz	10674_0004_idba_bin.159.fa.gz	data/blue_catalyst_poc/proteomes/rumen__10674_0004_idba_bin.159.faa	rumen__10674_0004_idba_bin.159.faa	ERZ1037812	webin-genome-10674_0004_idba_bin.159	10674_0004_idba_bin.159.fa.gz	filename	matched	2206	True	True		fgx_662_apollo3_20260612		not_started							compressed_gzip	710895		mag_bin	true	false	MAG functional potential	comparable_mag_bin	MAG/bin-like input; eligible for MAG-level functional atlas if QC and table gates pass	include_in_mag_bin_relaunch_or_retain_if_complete
rumen__10674_0004_idba_bin.160	rumen__10674_0004_idba_bin.160	rumen	rumen	Bacteria	10674_0004_idba_bin.160	data/blue_catalyst_poc/rumen/raw/10674_0004_idba_bin.160.fa.gz	10674_0004_idba_bin.160.fa.gz	data/blue_catalyst_poc/proteomes/rumen__10674_0004_idba_bin.160.faa	rumen__10674_0004_idba_bin.160.faa	ERZ1037813	webin-genome-10674_0004_idba_bin.160	10674_0004_idba_bin.160.fa.gz	filename	matched	1979	True	True		fgx_662_apollo3_20260612		not_started							compressed_gzip	593365		mag_bin	true	false	MAG functional potential	comparable_mag_bin	MAG/bin-like input; eligible for MAG-level functional atlas if QC and table gates pass	include_in_mag_bin_relaunch_or_retain_if_complete
rumen__10674_0004_idba_bin.163	rumen__10674_0004_idba_bin.163	rumen	rumen	Bacteria	10674_0004_idba_bin.163	data/blue_catalyst_poc/rumen/raw/10674_0004_idba_bin.163.fa.gz	10674_0004_idba_bin.163.fa.gz	data/blue_catalyst_poc/proteomes/rumen__10674_0004_idba_bin.163.faa	rumen__10674_0004_idba_bin.163.faa	ERZ1037814	webin-genome-10674_0004_idba_bin.163	10674_0004_idba_bin.163.fa.gz	filename	matched	2370	True	True		fgx_662_apollo3_20260612		not_started							compressed_gzip	763423		mag_bin	true	false	MAG functional potential	comparable_mag_bin	MAG/bin-like input; eligible for MAG-level functional atlas if QC and table gates pass	include_in_mag_bin_relaunch_or_retain_if_complete
rumen__10674_0004_idba_bin.164	rumen__10674_0004_idba_bin.164	rumen	rumen	Bacteria	10674_0004_idba_bin.164	data/blue_catalyst_poc/rumen/raw/10674_0004_idba_bin.164.fa.gz	10674_0004_idba_bin.164.fa.gz	data/blue_catalyst_poc/proteomes/rumen__10674_0004_idba_bin.164.faa	rumen__10674_0004_idba_bin.164.faa	ERZ1037815	webin-genome-10674_0004_idba_bin.164	10674_0004_idba_bin.164.fa.gz	filename	matched	2218	True	True		fgx_662_apollo3_20260612		not_started							compressed_gzip	766755		mag_bin	true	false	MAG functional potential	comparable_mag_bin	MAG/bin-like input; eligible for MAG-level functional atlas if QC and table gates pass	include_in_mag_bin_relaunch_or_retain_if_complete
rumen__10674_0004_idba_bin.165	rumen__10674_0004_idba_bin.165	rumen	rumen	Bacteria	10674_0004_idba_bin.165	data/blue_catalyst_poc/rumen/raw/10674_0004_idba_bin.165.fa.gz	10674_0004_idba_bin.165.fa.gz	data/blue_catalyst_poc/proteomes/rumen__10674_0004_idba_bin.165.faa	rumen__10674_0004_idba_bin.165.faa	ERZ1037816	webin-genome-10674_0004_idba_bin.165	10674_0004_idba_bin.165.fa.gz	filename	matched	1853	True	True		fgx_662_apollo3_20260612		not_started							compressed_gzip	572179		mag_bin	true	false	MAG functional potential	comparable_mag_bin	MAG/bin-like input; eligible for MAG-level functional atlas if QC and table gates pass	include_in_mag_bin_relaunch_or_retain_if_complete
rumen__10674_0004_idba_bin.166	rumen__10674_0004_idba_bin.166	rumen	rumen	Bacteria	10674_0004_idba_bin.166	data/blue_catalyst_poc/rumen/raw/10674_0004_idba_bin.166.fa.gz	10674_0004_idba_bin.166.fa.gz	data/blue_catalyst_poc/proteomes/rumen__10674_0004_idba_bin.166.faa	rumen__10674_0004_idba_bin.166.faa	ERZ1037817	webin-genome-10674_0004_idba_bin.166	10674_0004_idba_bin.166.fa.gz	filename	matched	2155	True	True		fgx_662_apollo3_20260612		not_started							compressed_gzip	746156		mag_bin	true	false	MAG functional potential	comparable_mag_bin	MAG/bin-like input; eligible for MAG-level functional atlas if QC and table gates pass	include_in_mag_bin_relaunch_or_retain_if_complete
rumen__10674_0004_idba_bin.168	rumen__10674_0004_idba_bin.168	rumen	rumen	Bacteria	10674_0004_idba_bin.168	data/blue_catalyst_poc/rumen/raw/10674_0004_idba_bin.168.fa.gz	10674_0004_idba_bin.168.fa.gz	data/blue_catalyst_poc/proteomes/rumen__10674_0004_idba_bin.168.faa	rumen__10674_0004_idba_bin.168.faa	ERZ1037818	webin-genome-10674_0004_idba_bin.168	10674_0004_idba_bin.168.fa.gz	filename	matched	2302	True	True		fgx_662_apollo3_20260612		not_started							compressed_gzip	889165		mag_bin	true	false	MAG functional potential	comparable_mag_bin	MAG/bin-like input; eligible for MAG-level functional atlas if QC and table gates pass	include_in_mag_bin_relaunch_or_retain_if_complete
rumen__10674_0004_idba_bin.17	rumen__10674_0004_idba_bin.17	rumen	rumen	Bacteria	10674_0004_idba_bin.17	data/blue_catalyst_poc/rumen/raw/10674_0004_idba_bin.17.fa.gz	10674_0004_idba_bin.17.fa.gz	data/blue_catalyst_poc/proteomes/rumen__10674_0004_idba_bin.17.faa	rumen__10674_0004_idba_bin.17.faa	ERZ1037819	webin-genome-10674_0004_idba_bin.17	10674_0004_idba_bin.17.fa.gz	filename	matched	2219	True	True		fgx_662_apollo3_20260612		not_started							compressed_gzip	797113		mag_bin	true	false	MAG functional potential	comparable_mag_bin	MAG/bin-like input; eligible for MAG-level functional atlas if QC and table gates pass	include_in_mag_bin_relaunch_or_retain_if_complete
rumen__10674_0004_idba_bin.170	rumen__10674_0004_idba_bin.170	rumen	rumen	Bacteria	10674_0004_idba_bin.170	data/blue_catalyst_poc/rumen/raw/10674_0004_idba_bin.170.fa.gz	10674_0004_idba_bin.170.fa.gz	data/blue_catalyst_poc/proteomes/rumen__10674_0004_idba_bin.170.faa	rumen__10674_0004_idba_bin.170.faa	ERZ1037820	webin-genome-10674_0004_idba_bin.170	10674_0004_idba_bin.170.fa.gz	filename	matched	2410	True	True		fgx_662_apollo3_20260612		not_started							compressed_gzip	828934		mag_bin	true	false	MAG functional potential	comparable_mag_bin	MAG/bin-like input; eligible for MAG-level functional atlas if QC and table gates pass	include_in_mag_bin_relaunch_or_retain_if_complete
rumen__10674_0004_idba_bin.171	rumen__10674_0004_idba_bin.171	rumen	rumen	Bacteria	10674_0004_idba_bin.171	data/blue_catalyst_poc/rumen/raw/10674_0004_idba_bin.171.fa.gz	10674_0004_idba_bin.171.fa.gz	data/blue_catalyst_poc/proteomes/rumen__10674_0004_idba_bin.171.faa	rumen__10674_0004_idba_bin.171.faa	ERZ1037821	webin-genome-10674_0004_idba_bin.171	10674_0004_idba_bin.171.fa.gz	filename	matched	2508	True	True		fgx_662_apollo3_20260612		not_started							compressed_gzip	786213		mag_bin	true	false	MAG functional potential	comparable_mag_bin	MAG/bin-like input; eligible for MAG-level functional atlas if QC and table gates pass	include_in_mag_bin_relaunch_or_retain_if_complete
rumen__10674_0004_idba_bin.172	rumen__10674_0004_idba_bin.172	rumen	rumen	Bacteria	10674_0004_idba_bin.172	data/blue_catalyst_poc/rumen/raw/10674_0004_idba_bin.172.fa.gz	10674_0004_idba_bin.172.fa.gz	data/blue_catalyst_poc/proteomes/rumen__10674_0004_idba_bin.172.faa	rumen__10674_0004_idba_bin.172.faa	ERZ1037822	webin-genome-10674_0004_idba_bin.172	10674_0004_idba_bin.172.fa.gz	filename	matched	2386	True	True		fgx_662_apollo3_20260612		not_started							compressed_gzip	713374		mag_bin	true	false	MAG functional potential	comparable_mag_bin	MAG/bin-like input; eligible for MAG-level functional atlas if QC and table gates pass	include_in_mag_bin_relaunch_or_retain_if_complete
rumen__10674_0004_idba_bin.175	rumen__10674_0004_idba_bin.175	rumen	rumen	Bacteria	10674_0004_idba_bin.175	data/blue_catalyst_poc/rumen/raw/10674_0004_idba_bin.175.fa.gz	10674_0004_idba_bin.175.fa.gz	data/blue_catalyst_poc/proteomes/rumen__10674_0004_idba_bin.175.faa	rumen__10674_0004_idba_bin.175.faa	ERZ1037823	webin-genome-10674_0004_idba_bin.175	10674_0004_idba_bin.175.fa.gz	filename	matched	1961	True	True		fgx_662_apollo3_20260612		not_started							compressed_gzip	583296		mag_bin	true	false	MAG functional potential	comparable_mag_bin	MAG/bin-like input; eligible for MAG-level functional atlas if QC and table gates pass	include_in_mag_bin_relaunch_or_retain_if_complete
rumen__10674_0004_idba_bin.178	rumen__10674_0004_idba_bin.178	rumen	rumen	Bacteria	10674_0004_idba_bin.178	data/blue_catalyst_poc/rumen/raw/10674_0004_idba_bin.178.fa.gz	10674_0004_idba_bin.178.fa.gz	data/blue_catalyst_poc/proteomes/rumen__10674_0004_idba_bin.178.faa	rumen__10674_0004_idba_bin.178.faa	ERZ1037824	webin-genome-10674_0004_idba_bin.178	10674_0004_idba_bin.178.fa.gz	filename	matched	2721	True	True		fgx_662_apollo3_20260612		not_started							compressed_gzip	791713		mag_bin	true	false	MAG functional potential	comparable_mag_bin	MAG/bin-like input; eligible for MAG-level functional atlas if QC and table gates pass	include_in_mag_bin_relaunch_or_retain_if_complete
rumen__10674_0004_idba_bin.18	rumen__10674_0004_idba_bin.18	rumen	rumen	Bacteria	10674_0004_idba_bin.18	data/blue_catalyst_poc/rumen/raw/10674_0004_idba_bin.18.fa.gz	10674_0004_idba_bin.18.fa.gz	data/blue_catalyst_poc/proteomes/rumen__10674_0004_idba_bin.18.faa	rumen__10674_0004_idba_bin.18.faa	ERZ1037825	webin-genome-10674_0004_idba_bin.18	10674_0004_idba_bin.18.fa.gz	filename	matched	1445	True	True		fgx_662_apollo3_20260612		not_started							compressed_gzip	413671		mag_bin	true	false	MAG functional potential	comparable_mag_bin	MAG/bin-like input; eligible for MAG-level functional atlas if QC and table gates pass	include_in_mag_bin_relaunch_or_retain_if_complete
rumen__10674_0004_idba_bin.182	rumen__10674_0004_idba_bin.182	rumen	rumen	Bacteria	10674_0004_idba_bin.182	data/blue_catalyst_poc/rumen/raw/10674_0004_idba_bin.182.fa.gz	10674_0004_idba_bin.182.fa.gz	data/blue_catalyst_poc/proteomes/rumen__10674_0004_idba_bin.182.faa	rumen__10674_0004_idba_bin.182.faa	ERZ1037826	webin-genome-10674_0004_idba_bin.182	10674_0004_idba_bin.182.fa.gz	filename	matched	1645	True	True		fgx_662_apollo3_20260612		not_started							compressed_gzip	632520		mag_bin	true	false	MAG functional potential	comparable_mag_bin	MAG/bin-like input; eligible for MAG-level functional atlas if QC and table gates pass	include_in_mag_bin_relaunch_or_retain_if_complete
rumen__10674_0004_idba_bin.186	rumen__10674_0004_idba_bin.186	rumen	rumen	Bacteria	10674_0004_idba_bin.186	data/blue_catalyst_poc/rumen/raw/10674_0004_idba_bin.186.fa.gz	10674_0004_idba_bin.186.fa.gz	data/blue_catalyst_poc/proteomes/rumen__10674_0004_idba_bin.186.faa	rumen__10674_0004_idba_bin.186.faa	ERZ1037827	webin-genome-10674_0004_idba_bin.186	10674_0004_idba_bin.186.fa.gz	filename	matched	1405	True	True		fgx_662_apollo3_20260612		not_started							compressed_gzip	478996		mag_bin	true	false	MAG functional potential	comparable_mag_bin	MAG/bin-like input; eligible for MAG-level functional atlas if QC and table gates pass	include_in_mag_bin_relaunch_or_retain_if_complete
rumen__10674_0004_idba_bin.187	rumen__10674_0004_idba_bin.187	rumen	rumen	Bacteria	10674_0004_idba_bin.187	data/blue_catalyst_poc/rumen/raw/10674_0004_idba_bin.187.fa.gz	10674_0004_idba_bin.187.fa.gz	data/blue_catalyst_poc/proteomes/rumen__10674_0004_idba_bin.187.faa	rumen__10674_0004_idba_bin.187.faa	ERZ1037828	webin-genome-10674_0004_idba_bin.187	10674_0004_idba_bin.187.fa.gz	filename	matched	2806	True	True		fgx_662_apollo3_20260612		not_started							compressed_gzip	840997		mag_bin	true	false	MAG functional potential	comparable_mag_bin	MAG/bin-like input; eligible for MAG-level functional atlas if QC and table gates pass	include_in_mag_bin_relaunch_or_retain_if_complete
rumen__10674_0004_idba_bin.189	rumen__10674_0004_idba_bin.189	rumen	rumen	Bacteria	10674_0004_idba_bin.189	data/blue_catalyst_poc/rumen/raw/10674_0004_idba_bin.189.fa.gz	10674_0004_idba_bin.189.fa.gz	data/blue_catalyst_poc/proteomes/rumen__10674_0004_idba_bin.189.faa	rumen__10674_0004_idba_bin.189.faa	ERZ1037829	webin-genome-10674_0004_idba_bin.189	10674_0004_idba_bin.189.fa.gz	filename	matched	1826	True	True		fgx_662_apollo3_20260612		not_started							compressed_gzip	566528		mag_bin	true	false	MAG functional potential	comparable_mag_bin	MAG/bin-like input; eligible for MAG-level functional atlas if QC and table gates pass	include_in_mag_bin_relaunch_or_retain_if_complete
rumen__10674_0004_idba_bin.19	rumen__10674_0004_idba_bin.19	rumen	rumen	Bacteria	10674_0004_idba_bin.19	data/blue_catalyst_poc/rumen/raw/10674_0004_idba_bin.19.fa.gz	10674_0004_idba_bin.19.fa.gz	data/blue_catalyst_poc/proteomes/rumen__10674_0004_idba_bin.19.faa	rumen__10674_0004_idba_bin.19.faa	ERZ1037830	webin-genome-10674_0004_idba_bin.19	10674_0004_idba_bin.19.fa.gz	filename	matched	2448	True	True		fgx_662_apollo3_20260612		not_started							compressed_gzip	844048		mag_bin	true	false	MAG functional potential	comparable_mag_bin	MAG/bin-like input; eligible for MAG-level functional atlas if QC and table gates pass	include_in_mag_bin_relaunch_or_retain_if_complete
rumen__10674_0004_idba_bin.191	rumen__10674_0004_idba_bin.191	rumen	rumen	Bacteria	10674_0004_idba_bin.191	data/blue_catalyst_poc/rumen/raw/10674_0004_idba_bin.191.fa.gz	10674_0004_idba_bin.191.fa.gz	data/blue_catalyst_poc/proteomes/rumen__10674_0004_idba_bin.191.faa	rumen__10674_0004_idba_bin.191.faa	ERZ1037831	webin-genome-10674_0004_idba_bin.191	10674_0004_idba_bin.191.fa.gz	filename	matched	1300	True	True		fgx_662_apollo3_20260612		not_started							compressed_gzip	366571		mag_bin	true	false	MAG functional potential	comparable_mag_bin	MAG/bin-like input; eligible for MAG-level functional atlas if QC and table gates pass	include_in_mag_bin_relaunch_or_retain_if_complete
rumen__10674_0004_idba_bin.193	rumen__10674_0004_idba_bin.193	rumen	rumen	Bacteria	10674_0004_idba_bin.193	data/blue_catalyst_poc/rumen/raw/10674_0004_idba_bin.193.fa.gz	10674_0004_idba_bin.193.fa.gz	data/blue_catalyst_poc/proteomes/rumen__10674_0004_idba_bin.193.faa	rumen__10674_0004_idba_bin.193.faa	ERZ1037832	webin-genome-10674_0004_idba_bin.193	10674_0004_idba_bin.193.fa.gz	filename	matched	944	True	True		fgx_662_apollo3_20260612		not_started							compressed_gzip	350016		mag_bin	true	false	MAG functional potential	comparable_mag_bin	MAG/bin-like input; eligible for MAG-level functional atlas if QC and table gates pass	include_in_mag_bin_relaunch_or_retain_if_complete
rumen__10674_0004_idba_bin.194	rumen__10674_0004_idba_bin.194	rumen	rumen	Bacteria	10674_0004_idba_bin.194	data/blue_catalyst_poc/rumen/raw/10674_0004_idba_bin.194.fa.gz	10674_0004_idba_bin.194.fa.gz	data/blue_catalyst_poc/proteomes/rumen__10674_0004_idba_bin.194.faa	rumen__10674_0004_idba_bin.194.faa	ERZ1037833	webin-genome-10674_0004_idba_bin.194	10674_0004_idba_bin.194.fa.gz	filename	matched	2196	True	True		fgx_662_apollo3_20260612		not_started							compressed_gzip	914624		mag_bin	true	false	MAG functional potential	comparable_mag_bin	MAG/bin-like input; eligible for MAG-level functional atlas if QC and table gates pass	include_in_mag_bin_relaunch_or_retain_if_complete
rumen__10674_0004_idba_bin.196	rumen__10674_0004_idba_bin.196	rumen	rumen	Bacteria	10674_0004_idba_bin.196	data/blue_catalyst_poc/rumen/raw/10674_0004_idba_bin.196.fa.gz	10674_0004_idba_bin.196.fa.gz	data/blue_catalyst_poc/proteomes/rumen__10674_0004_idba_bin.196.faa	rumen__10674_0004_idba_bin.196.faa	ERZ1037834	webin-genome-10674_0004_idba_bin.196	10674_0004_idba_bin.196.fa.gz	filename	matched	2192	True	True		fgx_662_apollo3_20260612		not_started							compressed_gzip	716378		mag_bin	true	false	MAG functional potential	comparable_mag_bin	MAG/bin-like input; eligible for MAG-level functional atlas if QC and table gates pass	include_in_mag_bin_relaunch_or_retain_if_complete
rumen__10674_0004_idba_bin.198	rumen__10674_0004_idba_bin.198	rumen	rumen	Bacteria	10674_0004_idba_bin.198	data/blue_catalyst_poc/rumen/raw/10674_0004_idba_bin.198.fa.gz	10674_0004_idba_bin.198.fa.gz	data/blue_catalyst_poc/proteomes/rumen__10674_0004_idba_bin.198.faa	rumen__10674_0004_idba_bin.198.faa	ERZ1037835	webin-genome-10674_0004_idba_bin.198	10674_0004_idba_bin.198.fa.gz	filename	matched	1993	True	True		fgx_662_apollo3_20260612		not_started							compressed_gzip	716169		mag_bin	true	false	MAG functional potential	comparable_mag_bin	MAG/bin-like input; eligible for MAG-level functional atlas if QC and table gates pass	include_in_mag_bin_relaunch_or_retain_if_complete
rumen__10674_0004_idba_bin.199	rumen__10674_0004_idba_bin.199	rumen	rumen	Bacteria	10674_0004_idba_bin.199	data/blue_catalyst_poc/rumen/raw/10674_0004_idba_bin.199.fa.gz	10674_0004_idba_bin.199.fa.gz	data/blue_catalyst_poc/proteomes/rumen__10674_0004_idba_bin.199.faa	rumen__10674_0004_idba_bin.199.faa	ERZ1037836	webin-genome-10674_0004_idba_bin.199	10674_0004_idba_bin.199.fa.gz	filename	matched	1986	True	True		fgx_662_apollo3_20260612		not_started							compressed_gzip	641643		mag_bin	true	false	MAG functional potential	comparable_mag_bin	MAG/bin-like input; eligible for MAG-level functional atlas if QC and table gates pass	include_in_mag_bin_relaunch_or_retain_if_complete
rumen__10674_0004_idba_bin.2	rumen__10674_0004_idba_bin.2	rumen	rumen	Bacteria	10674_0004_idba_bin.2	data/blue_catalyst_poc/rumen/raw/10674_0004_idba_bin.2.fa.gz	10674_0004_idba_bin.2.fa.gz	data/blue_catalyst_poc/proteomes/rumen__10674_0004_idba_bin.2.faa	rumen__10674_0004_idba_bin.2.faa	ERZ1037837	webin-genome-10674_0004_idba_bin.2	10674_0004_idba_bin.2.fa.gz	filename	matched	1703	True	True		fgx_662_apollo3_20260612		not_started							compressed_gzip	530239		mag_bin	true	false	MAG functional potential	comparable_mag_bin	MAG/bin-like input; eligible for MAG-level functional atlas if QC and table gates pass	include_in_mag_bin_relaunch_or_retain_if_complete
rumen__10674_0004_idba_bin.200	rumen__10674_0004_idba_bin.200	rumen	rumen	Bacteria	10674_0004_idba_bin.200	data/blue_catalyst_poc/rumen/raw/10674_0004_idba_bin.200.fa.gz	10674_0004_idba_bin.200.fa.gz	data/blue_catalyst_poc/proteomes/rumen__10674_0004_idba_bin.200.faa	rumen__10674_0004_idba_bin.200.faa	ERZ1037838	webin-genome-10674_0004_idba_bin.200	10674_0004_idba_bin.200.fa.gz	filename	matched	1422	True	True		fgx_662_apollo3_20260612		not_started							compressed_gzip	465391		mag_bin	true	false	MAG functional potential	comparable_mag_bin	MAG/bin-like input; eligible for MAG-level functional atlas if QC and table gates pass	include_in_mag_bin_relaunch_or_retain_if_complete
rumen__10674_0004_idba_bin.201	rumen__10674_0004_idba_bin.201	rumen	rumen	Bacteria	10674_0004_idba_bin.201	data/blue_catalyst_poc/rumen/raw/10674_0004_idba_bin.201.fa.gz	10674_0004_idba_bin.201.fa.gz	data/blue_catalyst_poc/proteomes/rumen__10674_0004_idba_bin.201.faa	rumen__10674_0004_idba_bin.201.faa	ERZ1037839	webin-genome-10674_0004_idba_bin.201	10674_0004_idba_bin.201.fa.gz	filename	matched	1833	True	True		fgx_662_apollo3_20260612		not_started							compressed_gzip	559579		mag_bin	true	false	MAG functional potential	comparable_mag_bin	MAG/bin-like input; eligible for MAG-level functional atlas if QC and table gates pass	include_in_mag_bin_relaunch_or_retain_if_complete
rumen__10674_0004_idba_bin.202	rumen__10674_0004_idba_bin.202	rumen	rumen	Bacteria	10674_0004_idba_bin.202	data/blue_catalyst_poc/rumen/raw/10674_0004_idba_bin.202.fa.gz	10674_0004_idba_bin.202.fa.gz	data/blue_catalyst_poc/proteomes/rumen__10674_0004_idba_bin.202.faa	rumen__10674_0004_idba_bin.202.faa	ERZ1037840	webin-genome-10674_0004_idba_bin.202	10674_0004_idba_bin.202.fa.gz	filename	matched	1548	True	True		fgx_662_apollo3_20260612		not_started							compressed_gzip	504533		mag_bin	true	false	MAG functional potential	comparable_mag_bin	MAG/bin-like input; eligible for MAG-level functional atlas if QC and table gates pass	include_in_mag_bin_relaunch_or_retain_if_complete
rumen__10674_0004_idba_bin.206	rumen__10674_0004_idba_bin.206	rumen	rumen	Bacteria	10674_0004_idba_bin.206	data/blue_catalyst_poc/rumen/raw/10674_0004_idba_bin.206.fa.gz	10674_0004_idba_bin.206.fa.gz	data/blue_catalyst_poc/proteomes/rumen__10674_0004_idba_bin.206.faa	rumen__10674_0004_idba_bin.206.faa	ERZ1037841	webin-genome-10674_0004_idba_bin.206	10674_0004_idba_bin.206.fa.gz	filename	matched	2082	True	True		fgx_662_apollo3_20260612		not_started							compressed_gzip	631592		mag_bin	true	false	MAG functional potential	comparable_mag_bin	MAG/bin-like input; eligible for MAG-level functional atlas if QC and table gates pass	include_in_mag_bin_relaunch_or_retain_if_complete
rumen__10674_0004_idba_bin.21	rumen__10674_0004_idba_bin.21	rumen	rumen	Bacteria	10674_0004_idba_bin.21	data/blue_catalyst_poc/rumen/raw/10674_0004_idba_bin.21.fa.gz	10674_0004_idba_bin.21.fa.gz	data/blue_catalyst_poc/proteomes/rumen__10674_0004_idba_bin.21.faa	rumen__10674_0004_idba_bin.21.faa	ERZ1037842	webin-genome-10674_0004_idba_bin.21	10674_0004_idba_bin.21.fa.gz	filename	matched	2155	True	True		fgx_662_apollo3_20260612		not_started							compressed_gzip	727854		mag_bin	true	false	MAG functional potential	comparable_mag_bin	MAG/bin-like input; eligible for MAG-level functional atlas if QC and table gates pass	include_in_mag_bin_relaunch_or_retain_if_complete
rumen__10674_0004_idba_bin.22	rumen__10674_0004_idba_bin.22	rumen	rumen	Bacteria	10674_0004_idba_bin.22	data/blue_catalyst_poc/rumen/raw/10674_0004_idba_bin.22.fa.gz	10674_0004_idba_bin.22.fa.gz	data/blue_catalyst_poc/proteomes/rumen__10674_0004_idba_bin.22.faa	rumen__10674_0004_idba_bin.22.faa	ERZ1037843	webin-genome-10674_0004_idba_bin.22	10674_0004_idba_bin.22.fa.gz	filename	matched	1316	True	True		fgx_662_apollo3_20260612		not_started							compressed_gzip	444117		mag_bin	true	false	MAG functional potential	comparable_mag_bin	MAG/bin-like input; eligible for MAG-level functional atlas if QC and table gates pass	include_in_mag_bin_relaunch_or_retain_if_complete
rumen__10674_0004_idba_bin.23	rumen__10674_0004_idba_bin.23	rumen	rumen	Archaea	10674_0004_idba_bin.23	data/blue_catalyst_poc/rumen/raw/10674_0004_idba_bin.23.fa.gz	10674_0004_idba_bin.23.fa.gz	data/blue_catalyst_poc/proteomes/rumen__10674_0004_idba_bin.23.faa	rumen__10674_0004_idba_bin.23.faa	ERZ1037844	webin-genome-10674_0004_idba_bin.23	10674_0004_idba_bin.23.fa.gz	filename	matched	1606	True	True		fgx_662_apollo3_20260612		not_started							compressed_gzip	481903		mag_bin	true	false	MAG functional potential	comparable_mag_bin	MAG/bin-like input; eligible for MAG-level functional atlas if QC and table gates pass	include_in_mag_bin_relaunch_or_retain_if_complete
rumen__10674_0004_idba_bin.25	rumen__10674_0004_idba_bin.25	rumen	rumen	Bacteria	10674_0004_idba_bin.25	data/blue_catalyst_poc/rumen/raw/10674_0004_idba_bin.25.fa.gz	10674_0004_idba_bin.25.fa.gz	data/blue_catalyst_poc/proteomes/rumen__10674_0004_idba_bin.25.faa	rumen__10674_0004_idba_bin.25.faa	ERZ1037845	webin-genome-10674_0004_idba_bin.25	10674_0004_idba_bin.25.fa.gz	filename	matched	1486	True	True		fgx_662_apollo3_20260612		not_started							compressed_gzip	477562		mag_bin	true	false	MAG functional potential	comparable_mag_bin	MAG/bin-like input; eligible for MAG-level functional atlas if QC and table gates pass	include_in_mag_bin_relaunch_or_retain_if_complete
rumen__10674_0004_idba_bin.26	rumen__10674_0004_idba_bin.26	rumen	rumen	Bacteria	10674_0004_idba_bin.26	data/blue_catalyst_poc/rumen/raw/10674_0004_idba_bin.26.fa.gz	10674_0004_idba_bin.26.fa.gz	data/blue_catalyst_poc/proteomes/rumen__10674_0004_idba_bin.26.faa	rumen__10674_0004_idba_bin.26.faa	ERZ1037846	webin-genome-10674_0004_idba_bin.26	10674_0004_idba_bin.26.fa.gz	filename	matched	3371	True	True		fgx_662_apollo3_20260612		not_started							compressed_gzip	1059835		mag_bin	true	false	MAG functional potential	comparable_mag_bin	MAG/bin-like input; eligible for MAG-level functional atlas if QC and table gates pass	include_in_mag_bin_relaunch_or_retain_if_complete
rumen__10674_0004_idba_bin.3	rumen__10674_0004_idba_bin.3	rumen	rumen	Bacteria	10674_0004_idba_bin.3	data/blue_catalyst_poc/rumen/raw/10674_0004_idba_bin.3.fa.gz	10674_0004_idba_bin.3.fa.gz	data/blue_catalyst_poc/proteomes/rumen__10674_0004_idba_bin.3.faa	rumen__10674_0004_idba_bin.3.faa	ERZ1037847	webin-genome-10674_0004_idba_bin.3	10674_0004_idba_bin.3.fa.gz	filename	matched	1832	True	True		fgx_662_apollo3_20260612		not_started							compressed_gzip	559393		mag_bin	true	false	MAG functional potential	comparable_mag_bin	MAG/bin-like input; eligible for MAG-level functional atlas if QC and table gates pass	include_in_mag_bin_relaunch_or_retain_if_complete
rumen__10674_0004_idba_bin.31	rumen__10674_0004_idba_bin.31	rumen	rumen	Bacteria	10674_0004_idba_bin.31	data/blue_catalyst_poc/rumen/raw/10674_0004_idba_bin.31.fa.gz	10674_0004_idba_bin.31.fa.gz	data/blue_catalyst_poc/proteomes/rumen__10674_0004_idba_bin.31.faa	rumen__10674_0004_idba_bin.31.faa	ERZ1037848	webin-genome-10674_0004_idba_bin.31	10674_0004_idba_bin.31.fa.gz	filename	matched	1514	True	True		fgx_662_apollo3_20260612		not_started							compressed_gzip	421811		mag_bin	true	false	MAG functional potential	comparable_mag_bin	MAG/bin-like input; eligible for MAG-level functional atlas if QC and table gates pass	include_in_mag_bin_relaunch_or_retain_if_complete
rumen__10674_0004_idba_bin.32	rumen__10674_0004_idba_bin.32	rumen	rumen	Bacteria	10674_0004_idba_bin.32	data/blue_catalyst_poc/rumen/raw/10674_0004_idba_bin.32.fa.gz	10674_0004_idba_bin.32.fa.gz	data/blue_catalyst_poc/proteomes/rumen__10674_0004_idba_bin.32.faa	rumen__10674_0004_idba_bin.32.faa	ERZ1037849	webin-genome-10674_0004_idba_bin.32	10674_0004_idba_bin.32.fa.gz	filename	matched	1871	True	True		fgx_662_apollo3_20260612		not_started							compressed_gzip	657045		mag_bin	true	false	MAG functional potential	comparable_mag_bin	MAG/bin-like input; eligible for MAG-level functional atlas if QC and table gates pass	include_in_mag_bin_relaunch_or_retain_if_complete
rumen__10674_0004_idba_bin.33	rumen__10674_0004_idba_bin.33	rumen	rumen	Bacteria	10674_0004_idba_bin.33	data/blue_catalyst_poc/rumen/raw/10674_0004_idba_bin.33.fa.gz	10674_0004_idba_bin.33.fa.gz	data/blue_catalyst_poc/proteomes/rumen__10674_0004_idba_bin.33.faa	rumen__10674_0004_idba_bin.33.faa	ERZ1037850	webin-genome-10674_0004_idba_bin.33	10674_0004_idba_bin.33.fa.gz	filename	matched	2400	True	True		fgx_662_apollo3_20260612		not_started							compressed_gzip	824771		mag_bin	true	false	MAG functional potential	comparable_mag_bin	MAG/bin-like input; eligible for MAG-level functional atlas if QC and table gates pass	include_in_mag_bin_relaunch_or_retain_if_complete
rumen__10674_0004_idba_bin.35	rumen__10674_0004_idba_bin.35	rumen	rumen	Bacteria	10674_0004_idba_bin.35	data/blue_catalyst_poc/rumen/raw/10674_0004_idba_bin.35.fa.gz	10674_0004_idba_bin.35.fa.gz	data/blue_catalyst_poc/proteomes/rumen__10674_0004_idba_bin.35.faa	rumen__10674_0004_idba_bin.35.faa	ERZ1037851	webin-genome-10674_0004_idba_bin.35	10674_0004_idba_bin.35.fa.gz	filename	matched	1860	True	True		fgx_662_apollo3_20260612		not_started							compressed_gzip	610926		mag_bin	true	false	MAG functional potential	comparable_mag_bin	MAG/bin-like input; eligible for MAG-level functional atlas if QC and table gates pass	include_in_mag_bin_relaunch_or_retain_if_complete
rumen__10674_0004_idba_bin.37	rumen__10674_0004_idba_bin.37	rumen	rumen	Bacteria	10674_0004_idba_bin.37	data/blue_catalyst_poc/rumen/raw/10674_0004_idba_bin.37.fa.gz	10674_0004_idba_bin.37.fa.gz	data/blue_catalyst_poc/proteomes/rumen__10674_0004_idba_bin.37.faa	rumen__10674_0004_idba_bin.37.faa	ERZ1037852	webin-genome-10674_0004_idba_bin.37	10674_0004_idba_bin.37.fa.gz	filename	matched	2027	True	True		fgx_662_apollo3_20260612		not_started							compressed_gzip	667435		mag_bin	true	false	MAG functional potential	comparable_mag_bin	MAG/bin-like input; eligible for MAG-level functional atlas if QC and table gates pass	include_in_mag_bin_relaunch_or_retain_if_complete
rumen__10674_0004_idba_bin.38	rumen__10674_0004_idba_bin.38	rumen	rumen	Bacteria	10674_0004_idba_bin.38	data/blue_catalyst_poc/rumen/raw/10674_0004_idba_bin.38.fa.gz	10674_0004_idba_bin.38.fa.gz	data/blue_catalyst_poc/proteomes/rumen__10674_0004_idba_bin.38.faa	rumen__10674_0004_idba_bin.38.faa	ERZ1037853	webin-genome-10674_0004_idba_bin.38	10674_0004_idba_bin.38.fa.gz	filename	matched	2375	True	True		fgx_662_apollo3_20260612		not_started							compressed_gzip	766055		mag_bin	true	false	MAG functional potential	comparable_mag_bin	MAG/bin-like input; eligible for MAG-level functional atlas if QC and table gates pass	include_in_mag_bin_relaunch_or_retain_if_complete
rumen__10674_0004_idba_bin.41	rumen__10674_0004_idba_bin.41	rumen	rumen	Bacteria	10674_0004_idba_bin.41	data/blue_catalyst_poc/rumen/raw/10674_0004_idba_bin.41.fa.gz	10674_0004_idba_bin.41.fa.gz	data/blue_catalyst_poc/proteomes/rumen__10674_0004_idba_bin.41.faa	rumen__10674_0004_idba_bin.41.faa	ERZ1037854	webin-genome-10674_0004_idba_bin.41	10674_0004_idba_bin.41.fa.gz	filename	matched	1296	True	True		fgx_662_apollo3_20260612		not_started							compressed_gzip	333330		mag_bin	true	false	MAG functional potential	comparable_mag_bin	MAG/bin-like input; eligible for MAG-level functional atlas if QC and table gates pass	include_in_mag_bin_relaunch_or_retain_if_complete
rumen__10674_0004_idba_bin.42	rumen__10674_0004_idba_bin.42	rumen	rumen	Bacteria	10674_0004_idba_bin.42	data/blue_catalyst_poc/rumen/raw/10674_0004_idba_bin.42.fa.gz	10674_0004_idba_bin.42.fa.gz	data/blue_catalyst_poc/proteomes/rumen__10674_0004_idba_bin.42.faa	rumen__10674_0004_idba_bin.42.faa	ERZ1037855	webin-genome-10674_0004_idba_bin.42	10674_0004_idba_bin.42.fa.gz	filename	matched	1376	True	True		fgx_662_apollo3_20260612		not_started							compressed_gzip	437976		mag_bin	true	false	MAG functional potential	comparable_mag_bin	MAG/bin-like input; eligible for MAG-level functional atlas if QC and table gates pass	include_in_mag_bin_relaunch_or_retain_if_complete
rumen__10674_0004_idba_bin.46	rumen__10674_0004_idba_bin.46	rumen	rumen	Bacteria	10674_0004_idba_bin.46	data/blue_catalyst_poc/rumen/raw/10674_0004_idba_bin.46.fa.gz	10674_0004_idba_bin.46.fa.gz	data/blue_catalyst_poc/proteomes/rumen__10674_0004_idba_bin.46.faa	rumen__10674_0004_idba_bin.46.faa	ERZ1037856	webin-genome-10674_0004_idba_bin.46	10674_0004_idba_bin.46.fa.gz	filename	matched	1564	True	True		fgx_662_apollo3_20260612		not_started							compressed_gzip	431641		mag_bin	true	false	MAG functional potential	comparable_mag_bin	MAG/bin-like input; eligible for MAG-level functional atlas if QC and table gates pass	include_in_mag_bin_relaunch_or_retain_if_complete
rumen__10674_0004_idba_bin.53	rumen__10674_0004_idba_bin.53	rumen	rumen	Bacteria	10674_0004_idba_bin.53	data/blue_catalyst_poc/rumen/raw/10674_0004_idba_bin.53.fa.gz	10674_0004_idba_bin.53.fa.gz	data/blue_catalyst_poc/proteomes/rumen__10674_0004_idba_bin.53.faa	rumen__10674_0004_idba_bin.53.faa	ERZ1037857	webin-genome-10674_0004_idba_bin.53	10674_0004_idba_bin.53.fa.gz	filename	matched	2050	True	True		fgx_662_apollo3_20260612		not_started							compressed_gzip	592936		mag_bin	true	false	MAG functional potential	comparable_mag_bin	MAG/bin-like input; eligible for MAG-level functional atlas if QC and table gates pass	include_in_mag_bin_relaunch_or_retain_if_complete
rumen__10674_0004_idba_bin.54	rumen__10674_0004_idba_bin.54	rumen	rumen	Bacteria	10674_0004_idba_bin.54	data/blue_catalyst_poc/rumen/raw/10674_0004_idba_bin.54.fa.gz	10674_0004_idba_bin.54.fa.gz	data/blue_catalyst_poc/proteomes/rumen__10674_0004_idba_bin.54.faa	rumen__10674_0004_idba_bin.54.faa	ERZ1037858	webin-genome-10674_0004_idba_bin.54	10674_0004_idba_bin.54.fa.gz	filename	matched	1743	True	True		fgx_662_apollo3_20260612		not_started							compressed_gzip	600204		mag_bin	true	false	MAG functional potential	comparable_mag_bin	MAG/bin-like input; eligible for MAG-level functional atlas if QC and table gates pass	include_in_mag_bin_relaunch_or_retain_if_complete
rumen__10674_0004_idba_bin.60	rumen__10674_0004_idba_bin.60	rumen	rumen	Bacteria	10674_0004_idba_bin.60	data/blue_catalyst_poc/rumen/raw/10674_0004_idba_bin.60.fa.gz	10674_0004_idba_bin.60.fa.gz	data/blue_catalyst_poc/proteomes/rumen__10674_0004_idba_bin.60.faa	rumen__10674_0004_idba_bin.60.faa	ERZ1037859	webin-genome-10674_0004_idba_bin.60	10674_0004_idba_bin.60.fa.gz	filename	matched	1227	True	True		fgx_662_apollo3_20260612		not_started							compressed_gzip	424139		mag_bin	true	false	MAG functional potential	comparable_mag_bin	MAG/bin-like input; eligible for MAG-level functional atlas if QC and table gates pass	include_in_mag_bin_relaunch_or_retain_if_complete
rumen__10674_0004_idba_bin.63	rumen__10674_0004_idba_bin.63	rumen	rumen	Bacteria	10674_0004_idba_bin.63	data/blue_catalyst_poc/rumen/raw/10674_0004_idba_bin.63.fa.gz	10674_0004_idba_bin.63.fa.gz	data/blue_catalyst_poc/proteomes/rumen__10674_0004_idba_bin.63.faa	rumen__10674_0004_idba_bin.63.faa	ERZ1037860	webin-genome-10674_0004_idba_bin.63	10674_0004_idba_bin.63.fa.gz	filename	matched	2142	True	True		fgx_662_apollo3_20260612		not_started							compressed_gzip	781132		mag_bin	true	false	MAG functional potential	comparable_mag_bin	MAG/bin-like input; eligible for MAG-level functional atlas if QC and table gates pass	include_in_mag_bin_relaunch_or_retain_if_complete
rumen__10674_0004_idba_bin.64	rumen__10674_0004_idba_bin.64	rumen	rumen	Bacteria	10674_0004_idba_bin.64	data/blue_catalyst_poc/rumen/raw/10674_0004_idba_bin.64.fa.gz	10674_0004_idba_bin.64.fa.gz	data/blue_catalyst_poc/proteomes/rumen__10674_0004_idba_bin.64.faa	rumen__10674_0004_idba_bin.64.faa	ERZ1037861	webin-genome-10674_0004_idba_bin.64	10674_0004_idba_bin.64.fa.gz	filename	matched	2223	True	True		fgx_662_apollo3_20260612		not_started							compressed_gzip	804310		mag_bin	true	false	MAG functional potential	comparable_mag_bin	MAG/bin-like input; eligible for MAG-level functional atlas if QC and table gates pass	include_in_mag_bin_relaunch_or_retain_if_complete
rumen__10674_0004_idba_bin.69	rumen__10674_0004_idba_bin.69	rumen	rumen	Bacteria	10674_0004_idba_bin.69	data/blue_catalyst_poc/rumen/raw/10674_0004_idba_bin.69.fa.gz	10674_0004_idba_bin.69.fa.gz	data/blue_catalyst_poc/proteomes/rumen__10674_0004_idba_bin.69.faa	rumen__10674_0004_idba_bin.69.faa	ERZ1037862	webin-genome-10674_0004_idba_bin.69	10674_0004_idba_bin.69.fa.gz	filename	matched	2177	True	True		fgx_662_apollo3_20260612		not_started							compressed_gzip	657592		mag_bin	true	false	MAG functional potential	comparable_mag_bin	MAG/bin-like input; eligible for MAG-level functional atlas if QC and table gates pass	include_in_mag_bin_relaunch_or_retain_if_complete
rumen__10674_0004_idba_bin.71	rumen__10674_0004_idba_bin.71	rumen	rumen	Bacteria	10674_0004_idba_bin.71	data/blue_catalyst_poc/rumen/raw/10674_0004_idba_bin.71.fa.gz	10674_0004_idba_bin.71.fa.gz	data/blue_catalyst_poc/proteomes/rumen__10674_0004_idba_bin.71.faa	rumen__10674_0004_idba_bin.71.faa	ERZ1037863	webin-genome-10674_0004_idba_bin.71	10674_0004_idba_bin.71.fa.gz	filename	matched	2434	True	True		fgx_662_apollo3_20260612		not_started							compressed_gzip	780462		mag_bin	true	false	MAG functional potential	comparable_mag_bin	MAG/bin-like input; eligible for MAG-level functional atlas if QC and table gates pass	include_in_mag_bin_relaunch_or_retain_if_complete
rumen__10674_0004_idba_bin.72	rumen__10674_0004_idba_bin.72	rumen	rumen	Bacteria	10674_0004_idba_bin.72	data/blue_catalyst_poc/rumen/raw/10674_0004_idba_bin.72.fa.gz	10674_0004_idba_bin.72.fa.gz	data/blue_catalyst_poc/proteomes/rumen__10674_0004_idba_bin.72.faa	rumen__10674_0004_idba_bin.72.faa	ERZ1037864	webin-genome-10674_0004_idba_bin.72	10674_0004_idba_bin.72.fa.gz	filename	matched	1919	True	True		fgx_662_apollo3_20260612		not_started							compressed_gzip	611427		mag_bin	true	false	MAG functional potential	comparable_mag_bin	MAG/bin-like input; eligible for MAG-level functional atlas if QC and table gates pass	include_in_mag_bin_relaunch_or_retain_if_complete
rumen__10674_0004_idba_bin.74	rumen__10674_0004_idba_bin.74	rumen	rumen	Bacteria	10674_0004_idba_bin.74	data/blue_catalyst_poc/rumen/raw/10674_0004_idba_bin.74.fa.gz	10674_0004_idba_bin.74.fa.gz	data/blue_catalyst_poc/proteomes/rumen__10674_0004_idba_bin.74.faa	rumen__10674_0004_idba_bin.74.faa	ERZ1037865	webin-genome-10674_0004_idba_bin.74	10674_0004_idba_bin.74.fa.gz	filename	matched	3321	True	True		fgx_662_apollo3_20260612		not_started							compressed_gzip	1204427		mag_bin	true	false	MAG functional potential	comparable_mag_bin	MAG/bin-like input; eligible for MAG-level functional atlas if QC and table gates pass	include_in_mag_bin_relaunch_or_retain_if_complete
rumen__10674_0004_idba_bin.76	rumen__10674_0004_idba_bin.76	rumen	rumen	Bacteria	10674_0004_idba_bin.76	data/blue_catalyst_poc/rumen/raw/10674_0004_idba_bin.76.fa.gz	10674_0004_idba_bin.76.fa.gz	data/blue_catalyst_poc/proteomes/rumen__10674_0004_idba_bin.76.faa	rumen__10674_0004_idba_bin.76.faa	ERZ1037867	webin-genome-10674_0004_idba_bin.76	10674_0004_idba_bin.76.fa.gz	filename	matched	2708	True	True		fgx_662_apollo3_20260612		not_started							compressed_gzip	1009564		mag_bin	true	false	MAG functional potential	comparable_mag_bin	MAG/bin-like input; eligible for MAG-level functional atlas if QC and table gates pass	include_in_mag_bin_relaunch_or_retain_if_complete
rumen__10674_0004_idba_bin.77	rumen__10674_0004_idba_bin.77	rumen	rumen	Bacteria	10674_0004_idba_bin.77	data/blue_catalyst_poc/rumen/raw/10674_0004_idba_bin.77.fa.gz	10674_0004_idba_bin.77.fa.gz	data/blue_catalyst_poc/proteomes/rumen__10674_0004_idba_bin.77.faa	rumen__10674_0004_idba_bin.77.faa	ERZ1037868	webin-genome-10674_0004_idba_bin.77	10674_0004_idba_bin.77.fa.gz	filename	matched	1600	True	True		fgx_662_apollo3_20260612		not_started							compressed_gzip	611867		mag_bin	true	false	MAG functional potential	comparable_mag_bin	MAG/bin-like input; eligible for MAG-level functional atlas if QC and table gates pass	include_in_mag_bin_relaunch_or_retain_if_complete
rumen__10674_0004_idba_bin.78	rumen__10674_0004_idba_bin.78	rumen	rumen	Bacteria	10674_0004_idba_bin.78	data/blue_catalyst_poc/rumen/raw/10674_0004_idba_bin.78.fa.gz	10674_0004_idba_bin.78.fa.gz	data/blue_catalyst_poc/proteomes/rumen__10674_0004_idba_bin.78.faa	rumen__10674_0004_idba_bin.78.faa	ERZ1037869	webin-genome-10674_0004_idba_bin.78	10674_0004_idba_bin.78.fa.gz	filename	matched	1832	True	True		fgx_662_apollo3_20260612		not_started							compressed_gzip	707471		mag_bin	true	false	MAG functional potential	comparable_mag_bin	MAG/bin-like input; eligible for MAG-level functional atlas if QC and table gates pass	include_in_mag_bin_relaunch_or_retain_if_complete
rumen__10674_0004_idba_bin.79	rumen__10674_0004_idba_bin.79	rumen	rumen	Archaea	10674_0004_idba_bin.79	data/blue_catalyst_poc/rumen/raw/10674_0004_idba_bin.79.fa.gz	10674_0004_idba_bin.79.fa.gz	data/blue_catalyst_poc/proteomes/rumen__10674_0004_idba_bin.79.faa	rumen__10674_0004_idba_bin.79.faa	ERZ1037870	webin-genome-10674_0004_idba_bin.79	10674_0004_idba_bin.79.fa.gz	filename	matched	1748	True	True		fgx_662_apollo3_20260612		not_started							compressed_gzip	566922		mag_bin	true	false	MAG functional potential	comparable_mag_bin	MAG/bin-like input; eligible for MAG-level functional atlas if QC and table gates pass	include_in_mag_bin_relaunch_or_retain_if_complete
rumen__10674_0004_idba_bin.8	rumen__10674_0004_idba_bin.8	rumen	rumen	Bacteria	10674_0004_idba_bin.8	data/blue_catalyst_poc/rumen/raw/10674_0004_idba_bin.8.fa.gz	10674_0004_idba_bin.8.fa.gz	data/blue_catalyst_poc/proteomes/rumen__10674_0004_idba_bin.8.faa	rumen__10674_0004_idba_bin.8.faa	ERZ1037871	webin-genome-10674_0004_idba_bin.8	10674_0004_idba_bin.8.fa.gz	filename	matched	2447	True	True		fgx_662_apollo3_20260612		not_started							compressed_gzip	967214		mag_bin	true	false	MAG functional potential	comparable_mag_bin	MAG/bin-like input; eligible for MAG-level functional atlas if QC and table gates pass	include_in_mag_bin_relaunch_or_retain_if_complete
rumen__10674_0004_idba_bin.81	rumen__10674_0004_idba_bin.81	rumen	rumen	Bacteria	10674_0004_idba_bin.81	data/blue_catalyst_poc/rumen/raw/10674_0004_idba_bin.81.fa.gz	10674_0004_idba_bin.81.fa.gz	data/blue_catalyst_poc/proteomes/rumen__10674_0004_idba_bin.81.faa	rumen__10674_0004_idba_bin.81.faa	ERZ1037872	webin-genome-10674_0004_idba_bin.81	10674_0004_idba_bin.81.fa.gz	filename	matched	1690	True	True		fgx_662_apollo3_20260612		not_started							compressed_gzip	499056		mag_bin	true	false	MAG functional potential	comparable_mag_bin	MAG/bin-like input; eligible for MAG-level functional atlas if QC and table gates pass	include_in_mag_bin_relaunch_or_retain_if_complete
rumen__10674_0004_idba_bin.82	rumen__10674_0004_idba_bin.82	rumen	rumen	Bacteria	10674_0004_idba_bin.82	data/blue_catalyst_poc/rumen/raw/10674_0004_idba_bin.82.fa.gz	10674_0004_idba_bin.82.fa.gz	data/blue_catalyst_poc/proteomes/rumen__10674_0004_idba_bin.82.faa	rumen__10674_0004_idba_bin.82.faa	ERZ1037873	webin-genome-10674_0004_idba_bin.82	10674_0004_idba_bin.82.fa.gz	filename	matched	2502	True	True		fgx_662_apollo3_20260612		not_started							compressed_gzip	846380		mag_bin	true	false	MAG functional potential	comparable_mag_bin	MAG/bin-like input; eligible for MAG-level functional atlas if QC and table gates pass	include_in_mag_bin_relaunch_or_retain_if_complete
rumen__10674_0004_idba_bin.83	rumen__10674_0004_idba_bin.83	rumen	rumen	Bacteria	10674_0004_idba_bin.83	data/blue_catalyst_poc/rumen/raw/10674_0004_idba_bin.83.fa.gz	10674_0004_idba_bin.83.fa.gz	data/blue_catalyst_poc/proteomes/rumen__10674_0004_idba_bin.83.faa	rumen__10674_0004_idba_bin.83.faa	ERZ1037874	webin-genome-10674_0004_idba_bin.83	10674_0004_idba_bin.83.fa.gz	filename	matched	1826	True	True		fgx_662_apollo3_20260612		not_started							compressed_gzip	639576		mag_bin	true	false	MAG functional potential	comparable_mag_bin	MAG/bin-like input; eligible for MAG-level functional atlas if QC and table gates pass	include_in_mag_bin_relaunch_or_retain_if_complete
rumen__10674_0004_idba_bin.84	rumen__10674_0004_idba_bin.84	rumen	rumen	Bacteria	10674_0004_idba_bin.84	data/blue_catalyst_poc/rumen/raw/10674_0004_idba_bin.84.fa.gz	10674_0004_idba_bin.84.fa.gz	data/blue_catalyst_poc/proteomes/rumen__10674_0004_idba_bin.84.faa	rumen__10674_0004_idba_bin.84.faa	ERZ1037875	webin-genome-10674_0004_idba_bin.84	10674_0004_idba_bin.84.fa.gz	filename	matched	2346	True	True		fgx_662_apollo3_20260612		not_started							compressed_gzip	865267		mag_bin	true	false	MAG functional potential	comparable_mag_bin	MAG/bin-like input; eligible for MAG-level functional atlas if QC and table gates pass	include_in_mag_bin_relaunch_or_retain_if_complete
rumen__10674_0004_idba_bin.87	rumen__10674_0004_idba_bin.87	rumen	rumen	Bacteria	10674_0004_idba_bin.87	data/blue_catalyst_poc/rumen/raw/10674_0004_idba_bin.87.fa.gz	10674_0004_idba_bin.87.fa.gz	data/blue_catalyst_poc/proteomes/rumen__10674_0004_idba_bin.87.faa	rumen__10674_0004_idba_bin.87.faa	ERZ1037876	webin-genome-10674_0004_idba_bin.87	10674_0004_idba_bin.87.fa.gz	filename	matched	2830	True	True		fgx_662_apollo3_20260612		not_started							compressed_gzip	988647		mag_bin	true	false	MAG functional potential	comparable_mag_bin	MAG/bin-like input; eligible for MAG-level functional atlas if QC and table gates pass	include_in_mag_bin_relaunch_or_retain_if_complete
rumen__10674_0004_idba_bin.88	rumen__10674_0004_idba_bin.88	rumen	rumen	Bacteria	10674_0004_idba_bin.88	data/blue_catalyst_poc/rumen/raw/10674_0004_idba_bin.88.fa.gz	10674_0004_idba_bin.88.fa.gz	data/blue_catalyst_poc/proteomes/rumen__10674_0004_idba_bin.88.faa	rumen__10674_0004_idba_bin.88.faa	ERZ1037877	webin-genome-10674_0004_idba_bin.88	10674_0004_idba_bin.88.fa.gz	filename	matched	2429	True	True		fgx_662_apollo3_20260612		not_started							compressed_gzip	937435		mag_bin	true	false	MAG functional potential	comparable_mag_bin	MAG/bin-like input; eligible for MAG-level functional atlas if QC and table gates pass	include_in_mag_bin_relaunch_or_retain_if_complete
rumen__10674_0004_idba_bin.89	rumen__10674_0004_idba_bin.89	rumen	rumen	Bacteria	10674_0004_idba_bin.89	data/blue_catalyst_poc/rumen/raw/10674_0004_idba_bin.89.fa.gz	10674_0004_idba_bin.89.fa.gz	data/blue_catalyst_poc/proteomes/rumen__10674_0004_idba_bin.89.faa	rumen__10674_0004_idba_bin.89.faa	ERZ1037878	webin-genome-10674_0004_idba_bin.89	10674_0004_idba_bin.89.fa.gz	filename	matched	1350	True	True		fgx_662_apollo3_20260612		not_started							compressed_gzip	438260		mag_bin	true	false	MAG functional potential	comparable_mag_bin	MAG/bin-like input; eligible for MAG-level functional atlas if QC and table gates pass	include_in_mag_bin_relaunch_or_retain_if_complete
rumen__10674_0004_idba_bin.91	rumen__10674_0004_idba_bin.91	rumen	rumen	Bacteria	10674_0004_idba_bin.91	data/blue_catalyst_poc/rumen/raw/10674_0004_idba_bin.91.fa.gz	10674_0004_idba_bin.91.fa.gz	data/blue_catalyst_poc/proteomes/rumen__10674_0004_idba_bin.91.faa	rumen__10674_0004_idba_bin.91.faa	ERZ1037879	webin-genome-10674_0004_idba_bin.91	10674_0004_idba_bin.91.fa.gz	filename	matched	1336	True	True		fgx_662_apollo3_20260612		not_started							compressed_gzip	448838		mag_bin	true	false	MAG functional potential	comparable_mag_bin	MAG/bin-like input; eligible for MAG-level functional atlas if QC and table gates pass	include_in_mag_bin_relaunch_or_retain_if_complete
rumen__10674_0004_idba_bin.94	rumen__10674_0004_idba_bin.94	rumen	rumen	Bacteria	10674_0004_idba_bin.94	data/blue_catalyst_poc/rumen/raw/10674_0004_idba_bin.94.fa.gz	10674_0004_idba_bin.94.fa.gz	data/blue_catalyst_poc/proteomes/rumen__10674_0004_idba_bin.94.faa	rumen__10674_0004_idba_bin.94.faa	ERZ1037880	webin-genome-10674_0004_idba_bin.94	10674_0004_idba_bin.94.fa.gz	filename	matched	1732	True	True		fgx_662_apollo3_20260612		not_started							compressed_gzip	505905		mag_bin	true	false	MAG functional potential	comparable_mag_bin	MAG/bin-like input; eligible for MAG-level functional atlas if QC and table gates pass	include_in_mag_bin_relaunch_or_retain_if_complete
rumen__10674_0005_idba_bin.100	rumen__10674_0005_idba_bin.100	rumen	rumen	Bacteria	10674_0005_idba_bin.100	data/blue_catalyst_poc/rumen/raw/10674_0005_idba_bin.100.fa.gz	10674_0005_idba_bin.100.fa.gz	data/blue_catalyst_poc/proteomes/rumen__10674_0005_idba_bin.100.faa	rumen__10674_0005_idba_bin.100.faa	ERZ1037881	webin-genome-10674_0005_idba_bin.100	10674_0005_idba_bin.100.fa.gz	filename	matched	2600	True	True		fgx_662_apollo3_20260612		not_started							compressed_gzip	775697		mag_bin	true	false	MAG functional potential	comparable_mag_bin	MAG/bin-like input; eligible for MAG-level functional atlas if QC and table gates pass	include_in_mag_bin_relaunch_or_retain_if_complete
rumen__10674_0005_idba_bin.103	rumen__10674_0005_idba_bin.103	rumen	rumen	Bacteria	10674_0005_idba_bin.103	data/blue_catalyst_poc/rumen/raw/10674_0005_idba_bin.103.fa.gz	10674_0005_idba_bin.103.fa.gz	data/blue_catalyst_poc/proteomes/rumen__10674_0005_idba_bin.103.faa	rumen__10674_0005_idba_bin.103.faa	ERZ1037882	webin-genome-10674_0005_idba_bin.103	10674_0005_idba_bin.103.fa.gz	filename	matched	2602	True	True		fgx_662_apollo3_20260612		not_started							compressed_gzip	744141		mag_bin	true	false	MAG functional potential	comparable_mag_bin	MAG/bin-like input; eligible for MAG-level functional atlas if QC and table gates pass	include_in_mag_bin_relaunch_or_retain_if_complete
rumen__10674_0005_idba_bin.109	rumen__10674_0005_idba_bin.109	rumen	rumen	Bacteria	10674_0005_idba_bin.109	data/blue_catalyst_poc/rumen/raw/10674_0005_idba_bin.109.fa.gz	10674_0005_idba_bin.109.fa.gz	data/blue_catalyst_poc/proteomes/rumen__10674_0005_idba_bin.109.faa	rumen__10674_0005_idba_bin.109.faa	ERZ1037883	webin-genome-10674_0005_idba_bin.109	10674_0005_idba_bin.109.fa.gz	filename	matched	2128	True	True		fgx_662_apollo3_20260612		not_started							compressed_gzip	731617		mag_bin	true	false	MAG functional potential	comparable_mag_bin	MAG/bin-like input; eligible for MAG-level functional atlas if QC and table gates pass	include_in_mag_bin_relaunch_or_retain_if_complete
rumen__10674_0005_idba_bin.110	rumen__10674_0005_idba_bin.110	rumen	rumen	Bacteria	10674_0005_idba_bin.110	data/blue_catalyst_poc/rumen/raw/10674_0005_idba_bin.110.fa.gz	10674_0005_idba_bin.110.fa.gz	data/blue_catalyst_poc/proteomes/rumen__10674_0005_idba_bin.110.faa	rumen__10674_0005_idba_bin.110.faa	ERZ1037884	webin-genome-10674_0005_idba_bin.110	10674_0005_idba_bin.110.fa.gz	filename	matched	1796	True	True		fgx_662_apollo3_20260612		not_started							compressed_gzip	594543		mag_bin	true	false	MAG functional potential	comparable_mag_bin	MAG/bin-like input; eligible for MAG-level functional atlas if QC and table gates pass	include_in_mag_bin_relaunch_or_retain_if_complete
rumen__10674_0005_idba_bin.111	rumen__10674_0005_idba_bin.111	rumen	rumen	Bacteria	10674_0005_idba_bin.111	data/blue_catalyst_poc/rumen/raw/10674_0005_idba_bin.111.fa.gz	10674_0005_idba_bin.111.fa.gz	data/blue_catalyst_poc/proteomes/rumen__10674_0005_idba_bin.111.faa	rumen__10674_0005_idba_bin.111.faa	ERZ1037885	webin-genome-10674_0005_idba_bin.111	10674_0005_idba_bin.111.fa.gz	filename	matched	2105	True	True		fgx_662_apollo3_20260612		not_started							compressed_gzip	726495		mag_bin	true	false	MAG functional potential	comparable_mag_bin	MAG/bin-like input; eligible for MAG-level functional atlas if QC and table gates pass	include_in_mag_bin_relaunch_or_retain_if_complete
rumen__10674_0005_idba_bin.112	rumen__10674_0005_idba_bin.112	rumen	rumen	Bacteria	10674_0005_idba_bin.112	data/blue_catalyst_poc/rumen/raw/10674_0005_idba_bin.112.fa.gz	10674_0005_idba_bin.112.fa.gz	data/blue_catalyst_poc/proteomes/rumen__10674_0005_idba_bin.112.faa	rumen__10674_0005_idba_bin.112.faa	ERZ1037886	webin-genome-10674_0005_idba_bin.112	10674_0005_idba_bin.112.fa.gz	filename	matched	1838	True	True		fgx_662_apollo3_20260612		not_started							compressed_gzip	596085		mag_bin	true	false	MAG functional potential	comparable_mag_bin	MAG/bin-like input; eligible for MAG-level functional atlas if QC and table gates pass	include_in_mag_bin_relaunch_or_retain_if_complete
rumen__10674_0005_idba_bin.116	rumen__10674_0005_idba_bin.116	rumen	rumen	Bacteria	10674_0005_idba_bin.116	data/blue_catalyst_poc/rumen/raw/10674_0005_idba_bin.116.fa.gz	10674_0005_idba_bin.116.fa.gz	data/blue_catalyst_poc/proteomes/rumen__10674_0005_idba_bin.116.faa	rumen__10674_0005_idba_bin.116.faa	ERZ1037887	webin-genome-10674_0005_idba_bin.116	10674_0005_idba_bin.116.fa.gz	filename	matched	1596	True	True		fgx_662_apollo3_20260612		not_started							compressed_gzip	538216		mag_bin	true	false	MAG functional potential	comparable_mag_bin	MAG/bin-like input; eligible for MAG-level functional atlas if QC and table gates pass	include_in_mag_bin_relaunch_or_retain_if_complete
rumen__10674_0005_idba_bin.117	rumen__10674_0005_idba_bin.117	rumen	rumen	Bacteria	10674_0005_idba_bin.117	data/blue_catalyst_poc/rumen/raw/10674_0005_idba_bin.117.fa.gz	10674_0005_idba_bin.117.fa.gz	data/blue_catalyst_poc/proteomes/rumen__10674_0005_idba_bin.117.faa	rumen__10674_0005_idba_bin.117.faa	ERZ1037888	webin-genome-10674_0005_idba_bin.117	10674_0005_idba_bin.117.fa.gz	filename	matched	2164	True	True		fgx_662_apollo3_20260612		not_started							compressed_gzip	707507		mag_bin	true	false	MAG functional potential	comparable_mag_bin	MAG/bin-like input; eligible for MAG-level functional atlas if QC and table gates pass	include_in_mag_bin_relaunch_or_retain_if_complete
rumen__10674_0005_idba_bin.16	rumen__10674_0005_idba_bin.16	rumen	rumen	Bacteria	10674_0005_idba_bin.16	data/blue_catalyst_poc/rumen/raw/10674_0005_idba_bin.16.fa.gz	10674_0005_idba_bin.16.fa.gz	data/blue_catalyst_poc/proteomes/rumen__10674_0005_idba_bin.16.faa	rumen__10674_0005_idba_bin.16.faa	ERZ1037889	webin-genome-10674_0005_idba_bin.16	10674_0005_idba_bin.16.fa.gz	filename	matched	1723	True	True		fgx_662_apollo3_20260612		not_started							compressed_gzip	580587		mag_bin	true	false	MAG functional potential	comparable_mag_bin	MAG/bin-like input; eligible for MAG-level functional atlas if QC and table gates pass	include_in_mag_bin_relaunch_or_retain_if_complete
rumen__10674_0005_idba_bin.20	rumen__10674_0005_idba_bin.20	rumen	rumen	Bacteria	10674_0005_idba_bin.20	data/blue_catalyst_poc/rumen/raw/10674_0005_idba_bin.20.fa.gz	10674_0005_idba_bin.20.fa.gz	data/blue_catalyst_poc/proteomes/rumen__10674_0005_idba_bin.20.faa	rumen__10674_0005_idba_bin.20.faa	ERZ1037890	webin-genome-10674_0005_idba_bin.20	10674_0005_idba_bin.20.fa.gz	filename	matched	1885	True	True		fgx_662_apollo3_20260612		not_started							compressed_gzip	564504		mag_bin	true	false	MAG functional potential	comparable_mag_bin	MAG/bin-like input; eligible for MAG-level functional atlas if QC and table gates pass	include_in_mag_bin_relaunch_or_retain_if_complete
rumen__10674_0005_idba_bin.34	rumen__10674_0005_idba_bin.34	rumen	rumen	Bacteria	10674_0005_idba_bin.34	data/blue_catalyst_poc/rumen/raw/10674_0005_idba_bin.34.fa.gz	10674_0005_idba_bin.34.fa.gz	data/blue_catalyst_poc/proteomes/rumen__10674_0005_idba_bin.34.faa	rumen__10674_0005_idba_bin.34.faa	ERZ1037891	webin-genome-10674_0005_idba_bin.34	10674_0005_idba_bin.34.fa.gz	filename	matched	1935	True	True		fgx_662_apollo3_20260612		not_started							compressed_gzip	700713		mag_bin	true	false	MAG functional potential	comparable_mag_bin	MAG/bin-like input; eligible for MAG-level functional atlas if QC and table gates pass	include_in_mag_bin_relaunch_or_retain_if_complete
rumen__10674_0005_idba_bin.37	rumen__10674_0005_idba_bin.37	rumen	rumen	Bacteria	10674_0005_idba_bin.37	data/blue_catalyst_poc/rumen/raw/10674_0005_idba_bin.37.fa.gz	10674_0005_idba_bin.37.fa.gz	data/blue_catalyst_poc/proteomes/rumen__10674_0005_idba_bin.37.faa	rumen__10674_0005_idba_bin.37.faa	ERZ1037892	webin-genome-10674_0005_idba_bin.37	10674_0005_idba_bin.37.fa.gz	filename	matched	2015	True	True		fgx_662_apollo3_20260612		not_started							compressed_gzip	640402		mag_bin	true	false	MAG functional potential	comparable_mag_bin	MAG/bin-like input; eligible for MAG-level functional atlas if QC and table gates pass	include_in_mag_bin_relaunch_or_retain_if_complete
rumen__10674_0005_idba_bin.39	rumen__10674_0005_idba_bin.39	rumen	rumen	Bacteria	10674_0005_idba_bin.39	data/blue_catalyst_poc/rumen/raw/10674_0005_idba_bin.39.fa.gz	10674_0005_idba_bin.39.fa.gz	data/blue_catalyst_poc/proteomes/rumen__10674_0005_idba_bin.39.faa	rumen__10674_0005_idba_bin.39.faa	ERZ1037893	webin-genome-10674_0005_idba_bin.39	10674_0005_idba_bin.39.fa.gz	filename	matched	1746	True	True		fgx_662_apollo3_20260612		not_started							compressed_gzip	589885		mag_bin	true	false	MAG functional potential	comparable_mag_bin	MAG/bin-like input; eligible for MAG-level functional atlas if QC and table gates pass	include_in_mag_bin_relaunch_or_retain_if_complete
rumen__10674_0005_idba_bin.45	rumen__10674_0005_idba_bin.45	rumen	rumen	Bacteria	10674_0005_idba_bin.45	data/blue_catalyst_poc/rumen/raw/10674_0005_idba_bin.45.fa.gz	10674_0005_idba_bin.45.fa.gz	data/blue_catalyst_poc/proteomes/rumen__10674_0005_idba_bin.45.faa	rumen__10674_0005_idba_bin.45.faa	ERZ1037894	webin-genome-10674_0005_idba_bin.45	10674_0005_idba_bin.45.fa.gz	filename	matched	1961	True	True		fgx_662_apollo3_20260612		not_started							compressed_gzip	723357		mag_bin	true	false	MAG functional potential	comparable_mag_bin	MAG/bin-like input; eligible for MAG-level functional atlas if QC and table gates pass	include_in_mag_bin_relaunch_or_retain_if_complete
rumen__10674_0005_idba_bin.46	rumen__10674_0005_idba_bin.46	rumen	rumen	Bacteria	10674_0005_idba_bin.46	data/blue_catalyst_poc/rumen/raw/10674_0005_idba_bin.46.fa.gz	10674_0005_idba_bin.46.fa.gz	data/blue_catalyst_poc/proteomes/rumen__10674_0005_idba_bin.46.faa	rumen__10674_0005_idba_bin.46.faa	ERZ1037895	webin-genome-10674_0005_idba_bin.46	10674_0005_idba_bin.46.fa.gz	filename	matched	2609	True	True		fgx_662_apollo3_20260612		not_started							compressed_gzip	943908		mag_bin	true	false	MAG functional potential	comparable_mag_bin	MAG/bin-like input; eligible for MAG-level functional atlas if QC and table gates pass	include_in_mag_bin_relaunch_or_retain_if_complete
rumen__10674_0005_idba_bin.49	rumen__10674_0005_idba_bin.49	rumen	rumen	Bacteria	10674_0005_idba_bin.49	data/blue_catalyst_poc/rumen/raw/10674_0005_idba_bin.49.fa.gz	10674_0005_idba_bin.49.fa.gz	data/blue_catalyst_poc/proteomes/rumen__10674_0005_idba_bin.49.faa	rumen__10674_0005_idba_bin.49.faa	ERZ1037896	webin-genome-10674_0005_idba_bin.49	10674_0005_idba_bin.49.fa.gz	filename	matched	1404	True	True		fgx_662_apollo3_20260612		not_started							compressed_gzip	490234		mag_bin	true	false	MAG functional potential	comparable_mag_bin	MAG/bin-like input; eligible for MAG-level functional atlas if QC and table gates pass	include_in_mag_bin_relaunch_or_retain_if_complete
rumen__10674_0005_idba_bin.50	rumen__10674_0005_idba_bin.50	rumen	rumen	Bacteria	10674_0005_idba_bin.50	data/blue_catalyst_poc/rumen/raw/10674_0005_idba_bin.50.fa.gz	10674_0005_idba_bin.50.fa.gz	data/blue_catalyst_poc/proteomes/rumen__10674_0005_idba_bin.50.faa	rumen__10674_0005_idba_bin.50.faa	ERZ1037897	webin-genome-10674_0005_idba_bin.50	10674_0005_idba_bin.50.fa.gz	filename	matched	3041	True	True		fgx_662_apollo3_20260612		not_started							compressed_gzip	1077914		mag_bin	true	false	MAG functional potential	comparable_mag_bin	MAG/bin-like input; eligible for MAG-level functional atlas if QC and table gates pass	include_in_mag_bin_relaunch_or_retain_if_complete
rumen__10674_0005_idba_bin.52	rumen__10674_0005_idba_bin.52	rumen	rumen	Bacteria	10674_0005_idba_bin.52	data/blue_catalyst_poc/rumen/raw/10674_0005_idba_bin.52.fa.gz	10674_0005_idba_bin.52.fa.gz	data/blue_catalyst_poc/proteomes/rumen__10674_0005_idba_bin.52.faa	rumen__10674_0005_idba_bin.52.faa	ERZ1037898	webin-genome-10674_0005_idba_bin.52	10674_0005_idba_bin.52.fa.gz	filename	matched	2597	True	True		fgx_662_apollo3_20260612		not_started							compressed_gzip	1036230		mag_bin	true	false	MAG functional potential	comparable_mag_bin	MAG/bin-like input; eligible for MAG-level functional atlas if QC and table gates pass	include_in_mag_bin_relaunch_or_retain_if_complete
rumen__10674_0005_idba_bin.53	rumen__10674_0005_idba_bin.53	rumen	rumen	Archaea	10674_0005_idba_bin.53	data/blue_catalyst_poc/rumen/raw/10674_0005_idba_bin.53.fa.gz	10674_0005_idba_bin.53.fa.gz	data/blue_catalyst_poc/proteomes/rumen__10674_0005_idba_bin.53.faa	rumen__10674_0005_idba_bin.53.faa	ERZ1037899	webin-genome-10674_0005_idba_bin.53	10674_0005_idba_bin.53.fa.gz	filename	matched	1787	True	True		fgx_662_apollo3_20260612		not_started							compressed_gzip	531251		mag_bin	true	false	MAG functional potential	comparable_mag_bin	MAG/bin-like input; eligible for MAG-level functional atlas if QC and table gates pass	include_in_mag_bin_relaunch_or_retain_if_complete
rumen__10674_0005_idba_bin.54	rumen__10674_0005_idba_bin.54	rumen	rumen	Bacteria	10674_0005_idba_bin.54	data/blue_catalyst_poc/rumen/raw/10674_0005_idba_bin.54.fa.gz	10674_0005_idba_bin.54.fa.gz	data/blue_catalyst_poc/proteomes/rumen__10674_0005_idba_bin.54.faa	rumen__10674_0005_idba_bin.54.faa	ERZ1037900	webin-genome-10674_0005_idba_bin.54	10674_0005_idba_bin.54.fa.gz	filename	matched	2683	True	True		fgx_662_apollo3_20260612		not_started							compressed_gzip	861590		mag_bin	true	false	MAG functional potential	comparable_mag_bin	MAG/bin-like input; eligible for MAG-level functional atlas if QC and table gates pass	include_in_mag_bin_relaunch_or_retain_if_complete
rumen__10674_0005_idba_bin.57	rumen__10674_0005_idba_bin.57	rumen	rumen	Bacteria	10674_0005_idba_bin.57	data/blue_catalyst_poc/rumen/raw/10674_0005_idba_bin.57.fa.gz	10674_0005_idba_bin.57.fa.gz	data/blue_catalyst_poc/proteomes/rumen__10674_0005_idba_bin.57.faa	rumen__10674_0005_idba_bin.57.faa	ERZ1037901	webin-genome-10674_0005_idba_bin.57	10674_0005_idba_bin.57.fa.gz	filename	matched	2151	True	True		fgx_662_apollo3_20260612		not_started							compressed_gzip	644640		mag_bin	true	false	MAG functional potential	comparable_mag_bin	MAG/bin-like input; eligible for MAG-level functional atlas if QC and table gates pass	include_in_mag_bin_relaunch_or_retain_if_complete
rumen__10674_0005_idba_bin.59	rumen__10674_0005_idba_bin.59	rumen	rumen	Bacteria	10674_0005_idba_bin.59	data/blue_catalyst_poc/rumen/raw/10674_0005_idba_bin.59.fa.gz	10674_0005_idba_bin.59.fa.gz	data/blue_catalyst_poc/proteomes/rumen__10674_0005_idba_bin.59.faa	rumen__10674_0005_idba_bin.59.faa	ERZ1037902	webin-genome-10674_0005_idba_bin.59	10674_0005_idba_bin.59.fa.gz	filename	matched	2216	True	True		fgx_662_apollo3_20260612		not_started							compressed_gzip	763015		mag_bin	true	false	MAG functional potential	comparable_mag_bin	MAG/bin-like input; eligible for MAG-level functional atlas if QC and table gates pass	include_in_mag_bin_relaunch_or_retain_if_complete
rumen__10674_0005_idba_bin.6	rumen__10674_0005_idba_bin.6	rumen	rumen	Bacteria	10674_0005_idba_bin.6	data/blue_catalyst_poc/rumen/raw/10674_0005_idba_bin.6.fa.gz	10674_0005_idba_bin.6.fa.gz	data/blue_catalyst_poc/proteomes/rumen__10674_0005_idba_bin.6.faa	rumen__10674_0005_idba_bin.6.faa	ERZ1037903	webin-genome-10674_0005_idba_bin.6	10674_0005_idba_bin.6.fa.gz	filename	matched	877	True	True		fgx_662_apollo3_20260612		not_started							compressed_gzip	282073		mag_bin	true	false	MAG functional potential	comparable_mag_bin	MAG/bin-like input; eligible for MAG-level functional atlas if QC and table gates pass	include_in_mag_bin_relaunch_or_retain_if_complete
rumen__10674_0005_idba_bin.66	rumen__10674_0005_idba_bin.66	rumen	rumen	Bacteria	10674_0005_idba_bin.66	data/blue_catalyst_poc/rumen/raw/10674_0005_idba_bin.66.fa.gz	10674_0005_idba_bin.66.fa.gz	data/blue_catalyst_poc/proteomes/rumen__10674_0005_idba_bin.66.faa	rumen__10674_0005_idba_bin.66.faa	ERZ1037904	webin-genome-10674_0005_idba_bin.66	10674_0005_idba_bin.66.fa.gz	filename	matched	2451	True	True		fgx_662_apollo3_20260612		not_started							compressed_gzip	767826		mag_bin	true	false	MAG functional potential	comparable_mag_bin	MAG/bin-like input; eligible for MAG-level functional atlas if QC and table gates pass	include_in_mag_bin_relaunch_or_retain_if_complete
rumen__10674_0005_idba_bin.69	rumen__10674_0005_idba_bin.69	rumen	rumen	Bacteria	10674_0005_idba_bin.69	data/blue_catalyst_poc/rumen/raw/10674_0005_idba_bin.69.fa.gz	10674_0005_idba_bin.69.fa.gz	data/blue_catalyst_poc/proteomes/rumen__10674_0005_idba_bin.69.faa	rumen__10674_0005_idba_bin.69.faa	ERZ1037905	webin-genome-10674_0005_idba_bin.69	10674_0005_idba_bin.69.fa.gz	filename	matched	2620	True	True		fgx_662_apollo3_20260612		not_started							compressed_gzip	975936		mag_bin	true	false	MAG functional potential	comparable_mag_bin	MAG/bin-like input; eligible for MAG-level functional atlas if QC and table gates pass	include_in_mag_bin_relaunch_or_retain_if_complete
rumen__10674_0005_idba_bin.7	rumen__10674_0005_idba_bin.7	rumen	rumen	Bacteria	10674_0005_idba_bin.7	data/blue_catalyst_poc/rumen/raw/10674_0005_idba_bin.7.fa.gz	10674_0005_idba_bin.7.fa.gz	data/blue_catalyst_poc/proteomes/rumen__10674_0005_idba_bin.7.faa	rumen__10674_0005_idba_bin.7.faa	ERZ1037906	webin-genome-10674_0005_idba_bin.7	10674_0005_idba_bin.7.fa.gz	filename	matched	1623	True	True		fgx_662_apollo3_20260612		not_started							compressed_gzip	564899		mag_bin	true	false	MAG functional potential	comparable_mag_bin	MAG/bin-like input; eligible for MAG-level functional atlas if QC and table gates pass	include_in_mag_bin_relaunch_or_retain_if_complete
rumen__10674_0005_idba_bin.71	rumen__10674_0005_idba_bin.71	rumen	rumen	Bacteria	10674_0005_idba_bin.71	data/blue_catalyst_poc/rumen/raw/10674_0005_idba_bin.71.fa.gz	10674_0005_idba_bin.71.fa.gz	data/blue_catalyst_poc/proteomes/rumen__10674_0005_idba_bin.71.faa	rumen__10674_0005_idba_bin.71.faa	ERZ1037907	webin-genome-10674_0005_idba_bin.71	10674_0005_idba_bin.71.fa.gz	filename	matched	3111	True	True		fgx_662_apollo3_20260612		not_started							compressed_gzip	1025399		mag_bin	true	false	MAG functional potential	comparable_mag_bin	MAG/bin-like input; eligible for MAG-level functional atlas if QC and table gates pass	include_in_mag_bin_relaunch_or_retain_if_complete
rumen__10674_0005_idba_bin.72	rumen__10674_0005_idba_bin.72	rumen	rumen	Archaea	10674_0005_idba_bin.72	data/blue_catalyst_poc/rumen/raw/10674_0005_idba_bin.72.fa.gz	10674_0005_idba_bin.72.fa.gz	data/blue_catalyst_poc/proteomes/rumen__10674_0005_idba_bin.72.faa	rumen__10674_0005_idba_bin.72.faa	ERZ1037908	webin-genome-10674_0005_idba_bin.72	10674_0005_idba_bin.72.fa.gz	filename	matched	1983	True	True		fgx_662_apollo3_20260612		not_started							compressed_gzip	644258		mag_bin	true	false	MAG functional potential	comparable_mag_bin	MAG/bin-like input; eligible for MAG-level functional atlas if QC and table gates pass	include_in_mag_bin_relaunch_or_retain_if_complete
rumen__10674_0005_idba_bin.73	rumen__10674_0005_idba_bin.73	rumen	rumen	Bacteria	10674_0005_idba_bin.73	data/blue_catalyst_poc/rumen/raw/10674_0005_idba_bin.73.fa.gz	10674_0005_idba_bin.73.fa.gz	data/blue_catalyst_poc/proteomes/rumen__10674_0005_idba_bin.73.faa	rumen__10674_0005_idba_bin.73.faa	ERZ1037909	webin-genome-10674_0005_idba_bin.73	10674_0005_idba_bin.73.fa.gz	filename	matched	4761	True	True		fgx_662_apollo3_20260612		not_started							compressed_gzip	1892866		mag_bin	true	false	MAG functional potential	comparable_mag_bin	MAG/bin-like input; eligible for MAG-level functional atlas if QC and table gates pass	include_in_mag_bin_relaunch_or_retain_if_complete
rumen__10674_0005_idba_bin.74	rumen__10674_0005_idba_bin.74	rumen	rumen	Bacteria	10674_0005_idba_bin.74	data/blue_catalyst_poc/rumen/raw/10674_0005_idba_bin.74.fa.gz	10674_0005_idba_bin.74.fa.gz	data/blue_catalyst_poc/proteomes/rumen__10674_0005_idba_bin.74.faa	rumen__10674_0005_idba_bin.74.faa	ERZ1037910	webin-genome-10674_0005_idba_bin.74	10674_0005_idba_bin.74.fa.gz	filename	matched	1760	True	True		fgx_662_apollo3_20260612		not_started							compressed_gzip	606126		mag_bin	true	false	MAG functional potential	comparable_mag_bin	MAG/bin-like input; eligible for MAG-level functional atlas if QC and table gates pass	include_in_mag_bin_relaunch_or_retain_if_complete
rumen__10674_0005_idba_bin.77	rumen__10674_0005_idba_bin.77	rumen	rumen	Bacteria	10674_0005_idba_bin.77	data/blue_catalyst_poc/rumen/raw/10674_0005_idba_bin.77.fa.gz	10674_0005_idba_bin.77.fa.gz	data/blue_catalyst_poc/proteomes/rumen__10674_0005_idba_bin.77.faa	rumen__10674_0005_idba_bin.77.faa	ERZ1037912	webin-genome-10674_0005_idba_bin.77	10674_0005_idba_bin.77.fa.gz	filename	matched	1737	True	True		fgx_662_apollo3_20260612		not_started							compressed_gzip	563391		mag_bin	true	false	MAG functional potential	comparable_mag_bin	MAG/bin-like input; eligible for MAG-level functional atlas if QC and table gates pass	include_in_mag_bin_relaunch_or_retain_if_complete
rumen__10674_0005_idba_bin.79	rumen__10674_0005_idba_bin.79	rumen	rumen	Bacteria	10674_0005_idba_bin.79	data/blue_catalyst_poc/rumen/raw/10674_0005_idba_bin.79.fa.gz	10674_0005_idba_bin.79.fa.gz	data/blue_catalyst_poc/proteomes/rumen__10674_0005_idba_bin.79.faa	rumen__10674_0005_idba_bin.79.faa	ERZ1037913	webin-genome-10674_0005_idba_bin.79	10674_0005_idba_bin.79.fa.gz	filename	matched	2025	True	True		fgx_662_apollo3_20260612		not_started							compressed_gzip	762561		mag_bin	true	false	MAG functional potential	comparable_mag_bin	MAG/bin-like input; eligible for MAG-level functional atlas if QC and table gates pass	include_in_mag_bin_relaunch_or_retain_if_complete
rumen__10674_0005_idba_bin.82	rumen__10674_0005_idba_bin.82	rumen	rumen	Bacteria	10674_0005_idba_bin.82	data/blue_catalyst_poc/rumen/raw/10674_0005_idba_bin.82.fa.gz	10674_0005_idba_bin.82.fa.gz	data/blue_catalyst_poc/proteomes/rumen__10674_0005_idba_bin.82.faa	rumen__10674_0005_idba_bin.82.faa	ERZ1037914	webin-genome-10674_0005_idba_bin.82	10674_0005_idba_bin.82.fa.gz	filename	matched	2319	True	True		fgx_662_apollo3_20260612		not_started							compressed_gzip	862380		mag_bin	true	false	MAG functional potential	comparable_mag_bin	MAG/bin-like input; eligible for MAG-level functional atlas if QC and table gates pass	include_in_mag_bin_relaunch_or_retain_if_complete
rumen__10674_0006_idba_bin.12	rumen__10674_0006_idba_bin.12	rumen	rumen	Bacteria	10674_0006_idba_bin.12	data/blue_catalyst_poc/rumen/raw/10674_0006_idba_bin.12.fa.gz	10674_0006_idba_bin.12.fa.gz	data/blue_catalyst_poc/proteomes/rumen__10674_0006_idba_bin.12.faa	rumen__10674_0006_idba_bin.12.faa	ERZ1037915	webin-genome-10674_0006_idba_bin.12	10674_0006_idba_bin.12.fa.gz	filename	matched	1585	True	True		fgx_662_apollo3_20260612		not_started							compressed_gzip	547284		mag_bin	true	false	MAG functional potential	comparable_mag_bin	MAG/bin-like input; eligible for MAG-level functional atlas if QC and table gates pass	include_in_mag_bin_relaunch_or_retain_if_complete
rumen__10674_0006_idba_bin.13	rumen__10674_0006_idba_bin.13	rumen	rumen	Bacteria	10674_0006_idba_bin.13	data/blue_catalyst_poc/rumen/raw/10674_0006_idba_bin.13.fa.gz	10674_0006_idba_bin.13.fa.gz	data/blue_catalyst_poc/proteomes/rumen__10674_0006_idba_bin.13.faa	rumen__10674_0006_idba_bin.13.faa	ERZ1037916	webin-genome-10674_0006_idba_bin.13	10674_0006_idba_bin.13.fa.gz	filename	matched	2527	True	True		fgx_662_apollo3_20260612		not_started							compressed_gzip	792120		mag_bin	true	false	MAG functional potential	comparable_mag_bin	MAG/bin-like input; eligible for MAG-level functional atlas if QC and table gates pass	include_in_mag_bin_relaunch_or_retain_if_complete
rumen__10674_0006_idba_bin.15	rumen__10674_0006_idba_bin.15	rumen	rumen	Bacteria	10674_0006_idba_bin.15	data/blue_catalyst_poc/rumen/raw/10674_0006_idba_bin.15.fa.gz	10674_0006_idba_bin.15.fa.gz	data/blue_catalyst_poc/proteomes/rumen__10674_0006_idba_bin.15.faa	rumen__10674_0006_idba_bin.15.faa	ERZ1037917	webin-genome-10674_0006_idba_bin.15	10674_0006_idba_bin.15.fa.gz	filename	matched	1774	True	True		fgx_662_apollo3_20260612		not_started							compressed_gzip	606037		mag_bin	true	false	MAG functional potential	comparable_mag_bin	MAG/bin-like input; eligible for MAG-level functional atlas if QC and table gates pass	include_in_mag_bin_relaunch_or_retain_if_complete
rumen__10674_0006_idba_bin.21	rumen__10674_0006_idba_bin.21	rumen	rumen	Bacteria	10674_0006_idba_bin.21	data/blue_catalyst_poc/rumen/raw/10674_0006_idba_bin.21.fa.gz	10674_0006_idba_bin.21.fa.gz	data/blue_catalyst_poc/proteomes/rumen__10674_0006_idba_bin.21.faa	rumen__10674_0006_idba_bin.21.faa	ERZ1037918	webin-genome-10674_0006_idba_bin.21	10674_0006_idba_bin.21.fa.gz	filename	matched	1259	True	True		fgx_662_apollo3_20260612		not_started							compressed_gzip	435150		mag_bin	true	false	MAG functional potential	comparable_mag_bin	MAG/bin-like input; eligible for MAG-level functional atlas if QC and table gates pass	include_in_mag_bin_relaunch_or_retain_if_complete
rumen__10674_0006_idba_bin.22	rumen__10674_0006_idba_bin.22	rumen	rumen	Bacteria	10674_0006_idba_bin.22	data/blue_catalyst_poc/rumen/raw/10674_0006_idba_bin.22.fa.gz	10674_0006_idba_bin.22.fa.gz	data/blue_catalyst_poc/proteomes/rumen__10674_0006_idba_bin.22.faa	rumen__10674_0006_idba_bin.22.faa	ERZ1037919	webin-genome-10674_0006_idba_bin.22	10674_0006_idba_bin.22.fa.gz	filename	matched	1885	True	True		fgx_662_apollo3_20260612		not_started							compressed_gzip	588153		mag_bin	true	false	MAG functional potential	comparable_mag_bin	MAG/bin-like input; eligible for MAG-level functional atlas if QC and table gates pass	include_in_mag_bin_relaunch_or_retain_if_complete
rumen__10674_0006_idba_bin.25	rumen__10674_0006_idba_bin.25	rumen	rumen	Bacteria	10674_0006_idba_bin.25	data/blue_catalyst_poc/rumen/raw/10674_0006_idba_bin.25.fa.gz	10674_0006_idba_bin.25.fa.gz	data/blue_catalyst_poc/proteomes/rumen__10674_0006_idba_bin.25.faa	rumen__10674_0006_idba_bin.25.faa	ERZ1037920	webin-genome-10674_0006_idba_bin.25	10674_0006_idba_bin.25.fa.gz	filename	matched	1984	True	True		fgx_662_apollo3_20260612		not_started							compressed_gzip	647701		mag_bin	true	false	MAG functional potential	comparable_mag_bin	MAG/bin-like input; eligible for MAG-level functional atlas if QC and table gates pass	include_in_mag_bin_relaunch_or_retain_if_complete
rumen__10674_0006_idba_bin.26	rumen__10674_0006_idba_bin.26	rumen	rumen	Bacteria	10674_0006_idba_bin.26	data/blue_catalyst_poc/rumen/raw/10674_0006_idba_bin.26.fa.gz	10674_0006_idba_bin.26.fa.gz	data/blue_catalyst_poc/proteomes/rumen__10674_0006_idba_bin.26.faa	rumen__10674_0006_idba_bin.26.faa	ERZ1037921	webin-genome-10674_0006_idba_bin.26	10674_0006_idba_bin.26.fa.gz	filename	matched	1799	True	True		fgx_662_apollo3_20260612		not_started							compressed_gzip	574209		mag_bin	true	false	MAG functional potential	comparable_mag_bin	MAG/bin-like input; eligible for MAG-level functional atlas if QC and table gates pass	include_in_mag_bin_relaunch_or_retain_if_complete
rumen__10674_0006_idba_bin.27	rumen__10674_0006_idba_bin.27	rumen	rumen	Bacteria	10674_0006_idba_bin.27	data/blue_catalyst_poc/rumen/raw/10674_0006_idba_bin.27.fa.gz	10674_0006_idba_bin.27.fa.gz	data/blue_catalyst_poc/proteomes/rumen__10674_0006_idba_bin.27.faa	rumen__10674_0006_idba_bin.27.faa	ERZ1037922	webin-genome-10674_0006_idba_bin.27	10674_0006_idba_bin.27.fa.gz	filename	matched	1855	True	True		fgx_662_apollo3_20260612		not_started							compressed_gzip	671255		mag_bin	true	false	MAG functional potential	comparable_mag_bin	MAG/bin-like input; eligible for MAG-level functional atlas if QC and table gates pass	include_in_mag_bin_relaunch_or_retain_if_complete
rumen__10674_0006_idba_bin.3	rumen__10674_0006_idba_bin.3	rumen	rumen	Bacteria	10674_0006_idba_bin.3	data/blue_catalyst_poc/rumen/raw/10674_0006_idba_bin.3.fa.gz	10674_0006_idba_bin.3.fa.gz	data/blue_catalyst_poc/proteomes/rumen__10674_0006_idba_bin.3.faa	rumen__10674_0006_idba_bin.3.faa	ERZ1037923	webin-genome-10674_0006_idba_bin.3	10674_0006_idba_bin.3.fa.gz	filename	matched	2152	True	True		fgx_662_apollo3_20260612		not_started							compressed_gzip	757604		mag_bin	true	false	MAG functional potential	comparable_mag_bin	MAG/bin-like input; eligible for MAG-level functional atlas if QC and table gates pass	include_in_mag_bin_relaunch_or_retain_if_complete
rumen__10674_0006_idba_bin.36	rumen__10674_0006_idba_bin.36	rumen	rumen	Bacteria	10674_0006_idba_bin.36	data/blue_catalyst_poc/rumen/raw/10674_0006_idba_bin.36.fa.gz	10674_0006_idba_bin.36.fa.gz	data/blue_catalyst_poc/proteomes/rumen__10674_0006_idba_bin.36.faa	rumen__10674_0006_idba_bin.36.faa	ERZ1037924	webin-genome-10674_0006_idba_bin.36	10674_0006_idba_bin.36.fa.gz	filename	matched	2047	True	True		fgx_662_apollo3_20260612		not_started							compressed_gzip	646794		mag_bin	true	false	MAG functional potential	comparable_mag_bin	MAG/bin-like input; eligible for MAG-level functional atlas if QC and table gates pass	include_in_mag_bin_relaunch_or_retain_if_complete
rumen__10674_0006_idba_bin.39	rumen__10674_0006_idba_bin.39	rumen	rumen	Bacteria	10674_0006_idba_bin.39	data/blue_catalyst_poc/rumen/raw/10674_0006_idba_bin.39.fa.gz	10674_0006_idba_bin.39.fa.gz	data/blue_catalyst_poc/proteomes/rumen__10674_0006_idba_bin.39.faa	rumen__10674_0006_idba_bin.39.faa	ERZ1037925	webin-genome-10674_0006_idba_bin.39	10674_0006_idba_bin.39.fa.gz	filename	matched	1559	True	True		fgx_662_apollo3_20260612		not_started							compressed_gzip	450429		mag_bin	true	false	MAG functional potential	comparable_mag_bin	MAG/bin-like input; eligible for MAG-level functional atlas if QC and table gates pass	include_in_mag_bin_relaunch_or_retain_if_complete
rumen__10674_0006_idba_bin.4	rumen__10674_0006_idba_bin.4	rumen	rumen	Bacteria	10674_0006_idba_bin.4	data/blue_catalyst_poc/rumen/raw/10674_0006_idba_bin.4.fa.gz	10674_0006_idba_bin.4.fa.gz	data/blue_catalyst_poc/proteomes/rumen__10674_0006_idba_bin.4.faa	rumen__10674_0006_idba_bin.4.faa	ERZ1037926	webin-genome-10674_0006_idba_bin.4	10674_0006_idba_bin.4.fa.gz	filename	matched	1410	True	True		fgx_662_apollo3_20260612		not_started							compressed_gzip	465460		mag_bin	true	false	MAG functional potential	comparable_mag_bin	MAG/bin-like input; eligible for MAG-level functional atlas if QC and table gates pass	include_in_mag_bin_relaunch_or_retain_if_complete
rumen__10674_0006_idba_bin.42	rumen__10674_0006_idba_bin.42	rumen	rumen	Bacteria	10674_0006_idba_bin.42	data/blue_catalyst_poc/rumen/raw/10674_0006_idba_bin.42.fa.gz	10674_0006_idba_bin.42.fa.gz	data/blue_catalyst_poc/proteomes/rumen__10674_0006_idba_bin.42.faa	rumen__10674_0006_idba_bin.42.faa	ERZ1037927	webin-genome-10674_0006_idba_bin.42	10674_0006_idba_bin.42.fa.gz	filename	matched	1093	True	True		fgx_662_apollo3_20260612		not_started							compressed_gzip	375581		mag_bin	true	false	MAG functional potential	comparable_mag_bin	MAG/bin-like input; eligible for MAG-level functional atlas if QC and table gates pass	include_in_mag_bin_relaunch_or_retain_if_complete
rumen__10674_0006_idba_bin.45	rumen__10674_0006_idba_bin.45	rumen	rumen	Bacteria	10674_0006_idba_bin.45	data/blue_catalyst_poc/rumen/raw/10674_0006_idba_bin.45.fa.gz	10674_0006_idba_bin.45.fa.gz	data/blue_catalyst_poc/proteomes/rumen__10674_0006_idba_bin.45.faa	rumen__10674_0006_idba_bin.45.faa	ERZ1037928	webin-genome-10674_0006_idba_bin.45	10674_0006_idba_bin.45.fa.gz	filename	matched	1615	True	True		fgx_662_apollo3_20260612		not_started							compressed_gzip	498970		mag_bin	true	false	MAG functional potential	comparable_mag_bin	MAG/bin-like input; eligible for MAG-level functional atlas if QC and table gates pass	include_in_mag_bin_relaunch_or_retain_if_complete
rumen__10674_0006_idba_bin.48	rumen__10674_0006_idba_bin.48	rumen	rumen	Bacteria	10674_0006_idba_bin.48	data/blue_catalyst_poc/rumen/raw/10674_0006_idba_bin.48.fa.gz	10674_0006_idba_bin.48.fa.gz	data/blue_catalyst_poc/proteomes/rumen__10674_0006_idba_bin.48.faa	rumen__10674_0006_idba_bin.48.faa	ERZ1037929	webin-genome-10674_0006_idba_bin.48	10674_0006_idba_bin.48.fa.gz	filename	matched	1798	True	True		fgx_662_apollo3_20260612		not_started							compressed_gzip	587496		mag_bin	true	false	MAG functional potential	comparable_mag_bin	MAG/bin-like input; eligible for MAG-level functional atlas if QC and table gates pass	include_in_mag_bin_relaunch_or_retain_if_complete
rumen__10674_0006_idba_bin.5	rumen__10674_0006_idba_bin.5	rumen	rumen	Bacteria	10674_0006_idba_bin.5	data/blue_catalyst_poc/rumen/raw/10674_0006_idba_bin.5.fa.gz	10674_0006_idba_bin.5.fa.gz	data/blue_catalyst_poc/proteomes/rumen__10674_0006_idba_bin.5.faa	rumen__10674_0006_idba_bin.5.faa	ERZ1037930	webin-genome-10674_0006_idba_bin.5	10674_0006_idba_bin.5.fa.gz	filename	matched	1284	True	True		fgx_662_apollo3_20260612		not_started							compressed_gzip	344121		mag_bin	true	false	MAG functional potential	comparable_mag_bin	MAG/bin-like input; eligible for MAG-level functional atlas if QC and table gates pass	include_in_mag_bin_relaunch_or_retain_if_complete
rumen__10674_0006_idba_bin.52	rumen__10674_0006_idba_bin.52	rumen	rumen	Bacteria	10674_0006_idba_bin.52	data/blue_catalyst_poc/rumen/raw/10674_0006_idba_bin.52.fa.gz	10674_0006_idba_bin.52.fa.gz	data/blue_catalyst_poc/proteomes/rumen__10674_0006_idba_bin.52.faa	rumen__10674_0006_idba_bin.52.faa	ERZ1037931	webin-genome-10674_0006_idba_bin.52	10674_0006_idba_bin.52.fa.gz	filename	matched	2089	True	True		fgx_662_apollo3_20260612		not_started							compressed_gzip	751233		mag_bin	true	false	MAG functional potential	comparable_mag_bin	MAG/bin-like input; eligible for MAG-level functional atlas if QC and table gates pass	include_in_mag_bin_relaunch_or_retain_if_complete
rumen__10674_0006_idba_bin.56	rumen__10674_0006_idba_bin.56	rumen	rumen	Archaea	10674_0006_idba_bin.56	data/blue_catalyst_poc/rumen/raw/10674_0006_idba_bin.56.fa.gz	10674_0006_idba_bin.56.fa.gz	data/blue_catalyst_poc/proteomes/rumen__10674_0006_idba_bin.56.faa	rumen__10674_0006_idba_bin.56.faa	ERZ1037932	webin-genome-10674_0006_idba_bin.56	10674_0006_idba_bin.56.fa.gz	filename	matched	2091	True	True		fgx_662_apollo3_20260612		not_started							compressed_gzip	653117		mag_bin	true	false	MAG functional potential	comparable_mag_bin	MAG/bin-like input; eligible for MAG-level functional atlas if QC and table gates pass	include_in_mag_bin_relaunch_or_retain_if_complete
rumen__10674_0006_idba_bin.59	rumen__10674_0006_idba_bin.59	rumen	rumen	Bacteria	10674_0006_idba_bin.59	data/blue_catalyst_poc/rumen/raw/10674_0006_idba_bin.59.fa.gz	10674_0006_idba_bin.59.fa.gz	data/blue_catalyst_poc/proteomes/rumen__10674_0006_idba_bin.59.faa	rumen__10674_0006_idba_bin.59.faa	ERZ1037933	webin-genome-10674_0006_idba_bin.59	10674_0006_idba_bin.59.fa.gz	filename	matched	1177	True	True		fgx_662_apollo3_20260612		not_started							compressed_gzip	365922		mag_bin	true	false	MAG functional potential	comparable_mag_bin	MAG/bin-like input; eligible for MAG-level functional atlas if QC and table gates pass	include_in_mag_bin_relaunch_or_retain_if_complete
rumen__10674_0006_idba_bin.6	rumen__10674_0006_idba_bin.6	rumen	rumen	Bacteria	10674_0006_idba_bin.6	data/blue_catalyst_poc/rumen/raw/10674_0006_idba_bin.6.fa.gz	10674_0006_idba_bin.6.fa.gz	data/blue_catalyst_poc/proteomes/rumen__10674_0006_idba_bin.6.faa	rumen__10674_0006_idba_bin.6.faa	ERZ1037934	webin-genome-10674_0006_idba_bin.6	10674_0006_idba_bin.6.fa.gz	filename	matched	1886	True	True		fgx_662_apollo3_20260612		not_started							compressed_gzip	551331		mag_bin	true	false	MAG functional potential	comparable_mag_bin	MAG/bin-like input; eligible for MAG-level functional atlas if QC and table gates pass	include_in_mag_bin_relaunch_or_retain_if_complete
rumen__10674_0006_idba_bin.60	rumen__10674_0006_idba_bin.60	rumen	rumen	Bacteria	10674_0006_idba_bin.60	data/blue_catalyst_poc/rumen/raw/10674_0006_idba_bin.60.fa.gz	10674_0006_idba_bin.60.fa.gz	data/blue_catalyst_poc/proteomes/rumen__10674_0006_idba_bin.60.faa	rumen__10674_0006_idba_bin.60.faa	ERZ1037935	webin-genome-10674_0006_idba_bin.60	10674_0006_idba_bin.60.fa.gz	filename	matched	1688	True	True		fgx_662_apollo3_20260612		not_started							compressed_gzip	475528		mag_bin	true	false	MAG functional potential	comparable_mag_bin	MAG/bin-like input; eligible for MAG-level functional atlas if QC and table gates pass	include_in_mag_bin_relaunch_or_retain_if_complete
rumen__10674_0006_idba_bin.62	rumen__10674_0006_idba_bin.62	rumen	rumen	Bacteria	10674_0006_idba_bin.62	data/blue_catalyst_poc/rumen/raw/10674_0006_idba_bin.62.fa.gz	10674_0006_idba_bin.62.fa.gz	data/blue_catalyst_poc/proteomes/rumen__10674_0006_idba_bin.62.faa	rumen__10674_0006_idba_bin.62.faa	ERZ1037936	webin-genome-10674_0006_idba_bin.62	10674_0006_idba_bin.62.fa.gz	filename	matched	1926	True	True		fgx_662_apollo3_20260612		not_started							compressed_gzip	798006		mag_bin	true	false	MAG functional potential	comparable_mag_bin	MAG/bin-like input; eligible for MAG-level functional atlas if QC and table gates pass	include_in_mag_bin_relaunch_or_retain_if_complete
rumen__10674_0006_idba_bin.66	rumen__10674_0006_idba_bin.66	rumen	rumen	Bacteria	10674_0006_idba_bin.66	data/blue_catalyst_poc/rumen/raw/10674_0006_idba_bin.66.fa.gz	10674_0006_idba_bin.66.fa.gz	data/blue_catalyst_poc/proteomes/rumen__10674_0006_idba_bin.66.faa	rumen__10674_0006_idba_bin.66.faa	ERZ1037937	webin-genome-10674_0006_idba_bin.66	10674_0006_idba_bin.66.fa.gz	filename	matched	1736	True	True		fgx_662_apollo3_20260612		not_started							compressed_gzip	508289		mag_bin	true	false	MAG functional potential	comparable_mag_bin	MAG/bin-like input; eligible for MAG-level functional atlas if QC and table gates pass	include_in_mag_bin_relaunch_or_retain_if_complete
rumen__10674_0006_idba_bin.69	rumen__10674_0006_idba_bin.69	rumen	rumen	Bacteria	10674_0006_idba_bin.69	data/blue_catalyst_poc/rumen/raw/10674_0006_idba_bin.69.fa.gz	10674_0006_idba_bin.69.fa.gz	data/blue_catalyst_poc/proteomes/rumen__10674_0006_idba_bin.69.faa	rumen__10674_0006_idba_bin.69.faa	ERZ1037938	webin-genome-10674_0006_idba_bin.69	10674_0006_idba_bin.69.fa.gz	filename	matched	1777	True	True		fgx_662_apollo3_20260612		not_started							compressed_gzip	568858		mag_bin	true	false	MAG functional potential	comparable_mag_bin	MAG/bin-like input; eligible for MAG-level functional atlas if QC and table gates pass	include_in_mag_bin_relaunch_or_retain_if_complete
rumen__10674_0006_idba_bin.7	rumen__10674_0006_idba_bin.7	rumen	rumen	Bacteria	10674_0006_idba_bin.7	data/blue_catalyst_poc/rumen/raw/10674_0006_idba_bin.7.fa.gz	10674_0006_idba_bin.7.fa.gz	data/blue_catalyst_poc/proteomes/rumen__10674_0006_idba_bin.7.faa	rumen__10674_0006_idba_bin.7.faa	ERZ1037939	webin-genome-10674_0006_idba_bin.7	10674_0006_idba_bin.7.fa.gz	filename	matched	1574	True	True		fgx_662_apollo3_20260612		not_started							compressed_gzip	506731		mag_bin	true	false	MAG functional potential	comparable_mag_bin	MAG/bin-like input; eligible for MAG-level functional atlas if QC and table gates pass	include_in_mag_bin_relaunch_or_retain_if_complete
rumen__10674_0006_idba_bin.73	rumen__10674_0006_idba_bin.73	rumen	rumen	Bacteria	10674_0006_idba_bin.73	data/blue_catalyst_poc/rumen/raw/10674_0006_idba_bin.73.fa.gz	10674_0006_idba_bin.73.fa.gz	data/blue_catalyst_poc/proteomes/rumen__10674_0006_idba_bin.73.faa	rumen__10674_0006_idba_bin.73.faa	ERZ1037940	webin-genome-10674_0006_idba_bin.73	10674_0006_idba_bin.73.fa.gz	filename	matched	1670	True	True		fgx_662_apollo3_20260612		not_started							compressed_gzip	450729		mag_bin	true	false	MAG functional potential	comparable_mag_bin	MAG/bin-like input; eligible for MAG-level functional atlas if QC and table gates pass	include_in_mag_bin_relaunch_or_retain_if_complete
rumen__10674_0006_idba_bin.9	rumen__10674_0006_idba_bin.9	rumen	rumen	Bacteria	10674_0006_idba_bin.9	data/blue_catalyst_poc/rumen/raw/10674_0006_idba_bin.9.fa.gz	10674_0006_idba_bin.9.fa.gz	data/blue_catalyst_poc/proteomes/rumen__10674_0006_idba_bin.9.faa	rumen__10674_0006_idba_bin.9.faa	ERZ1037941	webin-genome-10674_0006_idba_bin.9	10674_0006_idba_bin.9.fa.gz	filename	matched	1651	True	True		fgx_662_apollo3_20260612		not_started							compressed_gzip	496742		mag_bin	true	false	MAG functional potential	comparable_mag_bin	MAG/bin-like input; eligible for MAG-level functional atlas if QC and table gates pass	include_in_mag_bin_relaunch_or_retain_if_complete
rumen__10674_0007_idba_bin.100	rumen__10674_0007_idba_bin.100	rumen	rumen	Bacteria	10674_0007_idba_bin.100	data/blue_catalyst_poc/rumen/raw/10674_0007_idba_bin.100.fa.gz	10674_0007_idba_bin.100.fa.gz	data/blue_catalyst_poc/proteomes/rumen__10674_0007_idba_bin.100.faa	rumen__10674_0007_idba_bin.100.faa	ERZ1037942	webin-genome-10674_0007_idba_bin.100	10674_0007_idba_bin.100.fa.gz	filename	matched	1724	True	True		fgx_662_apollo3_20260612		not_started							compressed_gzip	534378		mag_bin	true	false	MAG functional potential	comparable_mag_bin	MAG/bin-like input; eligible for MAG-level functional atlas if QC and table gates pass	include_in_mag_bin_relaunch_or_retain_if_complete
rumen__10674_0007_idba_bin.101	rumen__10674_0007_idba_bin.101	rumen	rumen	Bacteria	10674_0007_idba_bin.101	data/blue_catalyst_poc/rumen/raw/10674_0007_idba_bin.101.fa.gz	10674_0007_idba_bin.101.fa.gz	data/blue_catalyst_poc/proteomes/rumen__10674_0007_idba_bin.101.faa	rumen__10674_0007_idba_bin.101.faa	ERZ1037943	webin-genome-10674_0007_idba_bin.101	10674_0007_idba_bin.101.fa.gz	filename	matched	1021	True	True		fgx_662_apollo3_20260612		not_started							compressed_gzip	271572		mag_bin	true	false	MAG functional potential	comparable_mag_bin	MAG/bin-like input; eligible for MAG-level functional atlas if QC and table gates pass	include_in_mag_bin_relaunch_or_retain_if_complete
rumen__10674_0007_idba_bin.105	rumen__10674_0007_idba_bin.105	rumen	rumen	Bacteria	10674_0007_idba_bin.105	data/blue_catalyst_poc/rumen/raw/10674_0007_idba_bin.105.fa.gz	10674_0007_idba_bin.105.fa.gz	data/blue_catalyst_poc/proteomes/rumen__10674_0007_idba_bin.105.faa	rumen__10674_0007_idba_bin.105.faa	ERZ1037944	webin-genome-10674_0007_idba_bin.105	10674_0007_idba_bin.105.fa.gz	filename	matched	1912	True	True		fgx_662_apollo3_20260612		not_started							compressed_gzip	650112		mag_bin	true	false	MAG functional potential	comparable_mag_bin	MAG/bin-like input; eligible for MAG-level functional atlas if QC and table gates pass	include_in_mag_bin_relaunch_or_retain_if_complete
rumen__10674_0007_idba_bin.108	rumen__10674_0007_idba_bin.108	rumen	rumen	Bacteria	10674_0007_idba_bin.108	data/blue_catalyst_poc/rumen/raw/10674_0007_idba_bin.108.fa.gz	10674_0007_idba_bin.108.fa.gz	data/blue_catalyst_poc/proteomes/rumen__10674_0007_idba_bin.108.faa	rumen__10674_0007_idba_bin.108.faa	ERZ1037945	webin-genome-10674_0007_idba_bin.108	10674_0007_idba_bin.108.fa.gz	filename	matched	2434	True	True		fgx_662_apollo3_20260612		not_started							compressed_gzip	762433		mag_bin	true	false	MAG functional potential	comparable_mag_bin	MAG/bin-like input; eligible for MAG-level functional atlas if QC and table gates pass	include_in_mag_bin_relaunch_or_retain_if_complete
rumen__10674_0007_idba_bin.111	rumen__10674_0007_idba_bin.111	rumen	rumen	Bacteria	10674_0007_idba_bin.111	data/blue_catalyst_poc/rumen/raw/10674_0007_idba_bin.111.fa.gz	10674_0007_idba_bin.111.fa.gz	data/blue_catalyst_poc/proteomes/rumen__10674_0007_idba_bin.111.faa	rumen__10674_0007_idba_bin.111.faa	ERZ1037946	webin-genome-10674_0007_idba_bin.111	10674_0007_idba_bin.111.fa.gz	filename	matched	2601	True	True		fgx_662_apollo3_20260612		not_started							compressed_gzip	807181		mag_bin	true	false	MAG functional potential	comparable_mag_bin	MAG/bin-like input; eligible for MAG-level functional atlas if QC and table gates pass	include_in_mag_bin_relaunch_or_retain_if_complete
rumen__10674_0007_idba_bin.113	rumen__10674_0007_idba_bin.113	rumen	rumen	Bacteria	10674_0007_idba_bin.113	data/blue_catalyst_poc/rumen/raw/10674_0007_idba_bin.113.fa.gz	10674_0007_idba_bin.113.fa.gz	data/blue_catalyst_poc/proteomes/rumen__10674_0007_idba_bin.113.faa	rumen__10674_0007_idba_bin.113.faa	ERZ1037947	webin-genome-10674_0007_idba_bin.113	10674_0007_idba_bin.113.fa.gz	filename	matched	2040	True	True		fgx_662_apollo3_20260612		not_started							compressed_gzip	736423		mag_bin	true	false	MAG functional potential	comparable_mag_bin	MAG/bin-like input; eligible for MAG-level functional atlas if QC and table gates pass	include_in_mag_bin_relaunch_or_retain_if_complete
rumen__10674_0007_idba_bin.118	rumen__10674_0007_idba_bin.118	rumen	rumen	Bacteria	10674_0007_idba_bin.118	data/blue_catalyst_poc/rumen/raw/10674_0007_idba_bin.118.fa.gz	10674_0007_idba_bin.118.fa.gz	data/blue_catalyst_poc/proteomes/rumen__10674_0007_idba_bin.118.faa	rumen__10674_0007_idba_bin.118.faa	ERZ1037948	webin-genome-10674_0007_idba_bin.118	10674_0007_idba_bin.118.fa.gz	filename	matched	2375	True	True		fgx_662_apollo3_20260612		not_started							compressed_gzip	931155		mag_bin	true	false	MAG functional potential	comparable_mag_bin	MAG/bin-like input; eligible for MAG-level functional atlas if QC and table gates pass	include_in_mag_bin_relaunch_or_retain_if_complete
rumen__10674_0007_idba_bin.119	rumen__10674_0007_idba_bin.119	rumen	rumen	Bacteria	10674_0007_idba_bin.119	data/blue_catalyst_poc/rumen/raw/10674_0007_idba_bin.119.fa.gz	10674_0007_idba_bin.119.fa.gz	data/blue_catalyst_poc/proteomes/rumen__10674_0007_idba_bin.119.faa	rumen__10674_0007_idba_bin.119.faa	ERZ1037949	webin-genome-10674_0007_idba_bin.119	10674_0007_idba_bin.119.fa.gz	filename	matched	2793	True	True		fgx_662_apollo3_20260612		not_started							compressed_gzip	1166874		mag_bin	true	false	MAG functional potential	comparable_mag_bin	MAG/bin-like input; eligible for MAG-level functional atlas if QC and table gates pass	include_in_mag_bin_relaunch_or_retain_if_complete
rumen__10674_0007_idba_bin.12	rumen__10674_0007_idba_bin.12	rumen	rumen	Bacteria	10674_0007_idba_bin.12	data/blue_catalyst_poc/rumen/raw/10674_0007_idba_bin.12.fa.gz	10674_0007_idba_bin.12.fa.gz	data/blue_catalyst_poc/proteomes/rumen__10674_0007_idba_bin.12.faa	rumen__10674_0007_idba_bin.12.faa	ERZ1037950	webin-genome-10674_0007_idba_bin.12	10674_0007_idba_bin.12.fa.gz	filename	matched	2450	True	True		fgx_662_apollo3_20260612		not_started							compressed_gzip	922819		mag_bin	true	false	MAG functional potential	comparable_mag_bin	MAG/bin-like input; eligible for MAG-level functional atlas if QC and table gates pass	include_in_mag_bin_relaunch_or_retain_if_complete
rumen__10674_0007_idba_bin.120	rumen__10674_0007_idba_bin.120	rumen	rumen	Bacteria	10674_0007_idba_bin.120	data/blue_catalyst_poc/rumen/raw/10674_0007_idba_bin.120.fa.gz	10674_0007_idba_bin.120.fa.gz	data/blue_catalyst_poc/proteomes/rumen__10674_0007_idba_bin.120.faa	rumen__10674_0007_idba_bin.120.faa	ERZ1037951	webin-genome-10674_0007_idba_bin.120	10674_0007_idba_bin.120.fa.gz	filename	matched	1331	True	True		fgx_662_apollo3_20260612		not_started							compressed_gzip	357516		mag_bin	true	false	MAG functional potential	comparable_mag_bin	MAG/bin-like input; eligible for MAG-level functional atlas if QC and table gates pass	include_in_mag_bin_relaunch_or_retain_if_complete
rumen__10674_0007_idba_bin.122	rumen__10674_0007_idba_bin.122	rumen	rumen	Bacteria	10674_0007_idba_bin.122	data/blue_catalyst_poc/rumen/raw/10674_0007_idba_bin.122.fa.gz	10674_0007_idba_bin.122.fa.gz	data/blue_catalyst_poc/proteomes/rumen__10674_0007_idba_bin.122.faa	rumen__10674_0007_idba_bin.122.faa	ERZ1037952	webin-genome-10674_0007_idba_bin.122	10674_0007_idba_bin.122.fa.gz	filename	matched	2174	True	True		fgx_662_apollo3_20260612		not_started							compressed_gzip	828347		mag_bin	true	false	MAG functional potential	comparable_mag_bin	MAG/bin-like input; eligible for MAG-level functional atlas if QC and table gates pass	include_in_mag_bin_relaunch_or_retain_if_complete
rumen__10674_0007_idba_bin.123	rumen__10674_0007_idba_bin.123	rumen	rumen	Bacteria	10674_0007_idba_bin.123	data/blue_catalyst_poc/rumen/raw/10674_0007_idba_bin.123.fa.gz	10674_0007_idba_bin.123.fa.gz	data/blue_catalyst_poc/proteomes/rumen__10674_0007_idba_bin.123.faa	rumen__10674_0007_idba_bin.123.faa	ERZ1037953	webin-genome-10674_0007_idba_bin.123	10674_0007_idba_bin.123.fa.gz	filename	matched	1754	True	True		fgx_662_apollo3_20260612		not_started							compressed_gzip	596842		mag_bin	true	false	MAG functional potential	comparable_mag_bin	MAG/bin-like input; eligible for MAG-level functional atlas if QC and table gates pass	include_in_mag_bin_relaunch_or_retain_if_complete
rumen__10674_0007_idba_bin.126	rumen__10674_0007_idba_bin.126	rumen	rumen	Bacteria	10674_0007_idba_bin.126	data/blue_catalyst_poc/rumen/raw/10674_0007_idba_bin.126.fa.gz	10674_0007_idba_bin.126.fa.gz	data/blue_catalyst_poc/proteomes/rumen__10674_0007_idba_bin.126.faa	rumen__10674_0007_idba_bin.126.faa	ERZ1037954	webin-genome-10674_0007_idba_bin.126	10674_0007_idba_bin.126.fa.gz	filename	matched	2148	True	True		fgx_662_apollo3_20260612		not_started							compressed_gzip	741264		mag_bin	true	false	MAG functional potential	comparable_mag_bin	MAG/bin-like input; eligible for MAG-level functional atlas if QC and table gates pass	include_in_mag_bin_relaunch_or_retain_if_complete
rumen__10674_0007_idba_bin.131	rumen__10674_0007_idba_bin.131	rumen	rumen	Bacteria	10674_0007_idba_bin.131	data/blue_catalyst_poc/rumen/raw/10674_0007_idba_bin.131.fa.gz	10674_0007_idba_bin.131.fa.gz	data/blue_catalyst_poc/proteomes/rumen__10674_0007_idba_bin.131.faa	rumen__10674_0007_idba_bin.131.faa	ERZ1037955	webin-genome-10674_0007_idba_bin.131	10674_0007_idba_bin.131.fa.gz	filename	matched	1282	True	True		fgx_662_apollo3_20260612		not_started							compressed_gzip	341087		mag_bin	true	false	MAG functional potential	comparable_mag_bin	MAG/bin-like input; eligible for MAG-level functional atlas if QC and table gates pass	include_in_mag_bin_relaunch_or_retain_if_complete
rumen__10674_0007_idba_bin.132	rumen__10674_0007_idba_bin.132	rumen	rumen	Bacteria	10674_0007_idba_bin.132	data/blue_catalyst_poc/rumen/raw/10674_0007_idba_bin.132.fa.gz	10674_0007_idba_bin.132.fa.gz	data/blue_catalyst_poc/proteomes/rumen__10674_0007_idba_bin.132.faa	rumen__10674_0007_idba_bin.132.faa	ERZ1037956	webin-genome-10674_0007_idba_bin.132	10674_0007_idba_bin.132.fa.gz	filename	matched	1766	True	True		fgx_662_apollo3_20260612		not_started							compressed_gzip	580331		mag_bin	true	false	MAG functional potential	comparable_mag_bin	MAG/bin-like input; eligible for MAG-level functional atlas if QC and table gates pass	include_in_mag_bin_relaunch_or_retain_if_complete
rumen__10674_0007_idba_bin.133	rumen__10674_0007_idba_bin.133	rumen	rumen	Bacteria	10674_0007_idba_bin.133	data/blue_catalyst_poc/rumen/raw/10674_0007_idba_bin.133.fa.gz	10674_0007_idba_bin.133.fa.gz	data/blue_catalyst_poc/proteomes/rumen__10674_0007_idba_bin.133.faa	rumen__10674_0007_idba_bin.133.faa	ERZ1037957	webin-genome-10674_0007_idba_bin.133	10674_0007_idba_bin.133.fa.gz	filename	matched	1073	True	True		fgx_662_apollo3_20260612		not_started							compressed_gzip	307123		mag_bin	true	false	MAG functional potential	comparable_mag_bin	MAG/bin-like input; eligible for MAG-level functional atlas if QC and table gates pass	include_in_mag_bin_relaunch_or_retain_if_complete
rumen__10674_0007_idba_bin.134	rumen__10674_0007_idba_bin.134	rumen	rumen	Bacteria	10674_0007_idba_bin.134	data/blue_catalyst_poc/rumen/raw/10674_0007_idba_bin.134.fa.gz	10674_0007_idba_bin.134.fa.gz	data/blue_catalyst_poc/proteomes/rumen__10674_0007_idba_bin.134.faa	rumen__10674_0007_idba_bin.134.faa	ERZ1037958	webin-genome-10674_0007_idba_bin.134	10674_0007_idba_bin.134.fa.gz	filename	matched	1468	True	True		fgx_662_apollo3_20260612		not_started							compressed_gzip	434192		mag_bin	true	false	MAG functional potential	comparable_mag_bin	MAG/bin-like input; eligible for MAG-level functional atlas if QC and table gates pass	include_in_mag_bin_relaunch_or_retain_if_complete
rumen__10674_0007_idba_bin.136	rumen__10674_0007_idba_bin.136	rumen	rumen	Bacteria	10674_0007_idba_bin.136	data/blue_catalyst_poc/rumen/raw/10674_0007_idba_bin.136.fa.gz	10674_0007_idba_bin.136.fa.gz	data/blue_catalyst_poc/proteomes/rumen__10674_0007_idba_bin.136.faa	rumen__10674_0007_idba_bin.136.faa	ERZ1037959	webin-genome-10674_0007_idba_bin.136	10674_0007_idba_bin.136.fa.gz	filename	matched	1660	True	True		fgx_662_apollo3_20260612		not_started							compressed_gzip	545641		mag_bin	true	false	MAG functional potential	comparable_mag_bin	MAG/bin-like input; eligible for MAG-level functional atlas if QC and table gates pass	include_in_mag_bin_relaunch_or_retain_if_complete
rumen__10674_0007_idba_bin.14	rumen__10674_0007_idba_bin.14	rumen	rumen	Bacteria	10674_0007_idba_bin.14	data/blue_catalyst_poc/rumen/raw/10674_0007_idba_bin.14.fa.gz	10674_0007_idba_bin.14.fa.gz	data/blue_catalyst_poc/proteomes/rumen__10674_0007_idba_bin.14.faa	rumen__10674_0007_idba_bin.14.faa	ERZ1037960	webin-genome-10674_0007_idba_bin.14	10674_0007_idba_bin.14.fa.gz	filename	matched	1732	True	True		fgx_662_apollo3_20260612		not_started							compressed_gzip	662169		mag_bin	true	false	MAG functional potential	comparable_mag_bin	MAG/bin-like input; eligible for MAG-level functional atlas if QC and table gates pass	include_in_mag_bin_relaunch_or_retain_if_complete
rumen__10674_0007_idba_bin.142	rumen__10674_0007_idba_bin.142	rumen	rumen	Bacteria	10674_0007_idba_bin.142	data/blue_catalyst_poc/rumen/raw/10674_0007_idba_bin.142.fa.gz	10674_0007_idba_bin.142.fa.gz	data/blue_catalyst_poc/proteomes/rumen__10674_0007_idba_bin.142.faa	rumen__10674_0007_idba_bin.142.faa	ERZ1037961	webin-genome-10674_0007_idba_bin.142	10674_0007_idba_bin.142.fa.gz	filename	matched	2530	True	True		fgx_662_apollo3_20260612		not_started							compressed_gzip	837150		mag_bin	true	false	MAG functional potential	comparable_mag_bin	MAG/bin-like input; eligible for MAG-level functional atlas if QC and table gates pass	include_in_mag_bin_relaunch_or_retain_if_complete
rumen__10674_0007_idba_bin.143	rumen__10674_0007_idba_bin.143	rumen	rumen	Bacteria	10674_0007_idba_bin.143	data/blue_catalyst_poc/rumen/raw/10674_0007_idba_bin.143.fa.gz	10674_0007_idba_bin.143.fa.gz	data/blue_catalyst_poc/proteomes/rumen__10674_0007_idba_bin.143.faa	rumen__10674_0007_idba_bin.143.faa	ERZ1037962	webin-genome-10674_0007_idba_bin.143	10674_0007_idba_bin.143.fa.gz	filename	matched	2042	True	True		fgx_662_apollo3_20260612		not_started							compressed_gzip	609064		mag_bin	true	false	MAG functional potential	comparable_mag_bin	MAG/bin-like input; eligible for MAG-level functional atlas if QC and table gates pass	include_in_mag_bin_relaunch_or_retain_if_complete
rumen__10674_0007_idba_bin.144	rumen__10674_0007_idba_bin.144	rumen	rumen	Bacteria	10674_0007_idba_bin.144	data/blue_catalyst_poc/rumen/raw/10674_0007_idba_bin.144.fa.gz	10674_0007_idba_bin.144.fa.gz	data/blue_catalyst_poc/proteomes/rumen__10674_0007_idba_bin.144.faa	rumen__10674_0007_idba_bin.144.faa	ERZ1037963	webin-genome-10674_0007_idba_bin.144	10674_0007_idba_bin.144.fa.gz	filename	matched	829	True	True		fgx_662_apollo3_20260612		not_started							compressed_gzip	272528		mag_bin	true	false	MAG functional potential	comparable_mag_bin	MAG/bin-like input; eligible for MAG-level functional atlas if QC and table gates pass	include_in_mag_bin_relaunch_or_retain_if_complete
rumen__10674_0007_idba_bin.149	rumen__10674_0007_idba_bin.149	rumen	rumen	Bacteria	10674_0007_idba_bin.149	data/blue_catalyst_poc/rumen/raw/10674_0007_idba_bin.149.fa.gz	10674_0007_idba_bin.149.fa.gz	data/blue_catalyst_poc/proteomes/rumen__10674_0007_idba_bin.149.faa	rumen__10674_0007_idba_bin.149.faa	ERZ1037964	webin-genome-10674_0007_idba_bin.149	10674_0007_idba_bin.149.fa.gz	filename	matched	1026	True	True		fgx_662_apollo3_20260612		not_started							compressed_gzip	267234		mag_bin	true	false	MAG functional potential	comparable_mag_bin	MAG/bin-like input; eligible for MAG-level functional atlas if QC and table gates pass	include_in_mag_bin_relaunch_or_retain_if_complete
rumen__10674_0007_idba_bin.150	rumen__10674_0007_idba_bin.150	rumen	rumen	Bacteria	10674_0007_idba_bin.150	data/blue_catalyst_poc/rumen/raw/10674_0007_idba_bin.150.fa.gz	10674_0007_idba_bin.150.fa.gz	data/blue_catalyst_poc/proteomes/rumen__10674_0007_idba_bin.150.faa	rumen__10674_0007_idba_bin.150.faa	ERZ1037965	webin-genome-10674_0007_idba_bin.150	10674_0007_idba_bin.150.fa.gz	filename	matched	2177	True	True		fgx_662_apollo3_20260612		not_started							compressed_gzip	734533		mag_bin	true	false	MAG functional potential	comparable_mag_bin	MAG/bin-like input; eligible for MAG-level functional atlas if QC and table gates pass	include_in_mag_bin_relaunch_or_retain_if_complete
rumen__10674_0007_idba_bin.151	rumen__10674_0007_idba_bin.151	rumen	rumen	Bacteria	10674_0007_idba_bin.151	data/blue_catalyst_poc/rumen/raw/10674_0007_idba_bin.151.fa.gz	10674_0007_idba_bin.151.fa.gz	data/blue_catalyst_poc/proteomes/rumen__10674_0007_idba_bin.151.faa	rumen__10674_0007_idba_bin.151.faa	ERZ1037966	webin-genome-10674_0007_idba_bin.151	10674_0007_idba_bin.151.fa.gz	filename	matched	2134	True	True		fgx_662_apollo3_20260612		not_started							compressed_gzip	802840		mag_bin	true	false	MAG functional potential	comparable_mag_bin	MAG/bin-like input; eligible for MAG-level functional atlas if QC and table gates pass	include_in_mag_bin_relaunch_or_retain_if_complete
rumen__10674_0007_idba_bin.152	rumen__10674_0007_idba_bin.152	rumen	rumen	Bacteria	10674_0007_idba_bin.152	data/blue_catalyst_poc/rumen/raw/10674_0007_idba_bin.152.fa.gz	10674_0007_idba_bin.152.fa.gz	data/blue_catalyst_poc/proteomes/rumen__10674_0007_idba_bin.152.faa	rumen__10674_0007_idba_bin.152.faa	ERZ1037967	webin-genome-10674_0007_idba_bin.152	10674_0007_idba_bin.152.fa.gz	filename	matched	1735	True	True		fgx_662_apollo3_20260612		not_started							compressed_gzip	577355		mag_bin	true	false	MAG functional potential	comparable_mag_bin	MAG/bin-like input; eligible for MAG-level functional atlas if QC and table gates pass	include_in_mag_bin_relaunch_or_retain_if_complete
rumen__10674_0007_idba_bin.154	rumen__10674_0007_idba_bin.154	rumen	rumen	Bacteria	10674_0007_idba_bin.154	data/blue_catalyst_poc/rumen/raw/10674_0007_idba_bin.154.fa.gz	10674_0007_idba_bin.154.fa.gz	data/blue_catalyst_poc/proteomes/rumen__10674_0007_idba_bin.154.faa	rumen__10674_0007_idba_bin.154.faa	ERZ1037968	webin-genome-10674_0007_idba_bin.154	10674_0007_idba_bin.154.fa.gz	filename	matched	2733	True	True		fgx_662_apollo3_20260612		not_started							compressed_gzip	983655		mag_bin	true	false	MAG functional potential	comparable_mag_bin	MAG/bin-like input; eligible for MAG-level functional atlas if QC and table gates pass	include_in_mag_bin_relaunch_or_retain_if_complete
rumen__10674_0007_idba_bin.156	rumen__10674_0007_idba_bin.156	rumen	rumen	Bacteria	10674_0007_idba_bin.156	data/blue_catalyst_poc/rumen/raw/10674_0007_idba_bin.156.fa.gz	10674_0007_idba_bin.156.fa.gz	data/blue_catalyst_poc/proteomes/rumen__10674_0007_idba_bin.156.faa	rumen__10674_0007_idba_bin.156.faa	ERZ1037970	webin-genome-10674_0007_idba_bin.156	10674_0007_idba_bin.156.fa.gz	filename	matched	2289	True	True		fgx_662_apollo3_20260612		not_started							compressed_gzip	798516		mag_bin	true	false	MAG functional potential	comparable_mag_bin	MAG/bin-like input; eligible for MAG-level functional atlas if QC and table gates pass	include_in_mag_bin_relaunch_or_retain_if_complete
rumen__10674_0007_idba_bin.157	rumen__10674_0007_idba_bin.157	rumen	rumen	Bacteria	10674_0007_idba_bin.157	data/blue_catalyst_poc/rumen/raw/10674_0007_idba_bin.157.fa.gz	10674_0007_idba_bin.157.fa.gz	data/blue_catalyst_poc/proteomes/rumen__10674_0007_idba_bin.157.faa	rumen__10674_0007_idba_bin.157.faa	ERZ1037971	webin-genome-10674_0007_idba_bin.157	10674_0007_idba_bin.157.fa.gz	filename	matched	1913	True	True		fgx_662_apollo3_20260612		not_started							compressed_gzip	695104		mag_bin	true	false	MAG functional potential	comparable_mag_bin	MAG/bin-like input; eligible for MAG-level functional atlas if QC and table gates pass	include_in_mag_bin_relaunch_or_retain_if_complete
rumen__10674_0007_idba_bin.160	rumen__10674_0007_idba_bin.160	rumen	rumen	Bacteria	10674_0007_idba_bin.160	data/blue_catalyst_poc/rumen/raw/10674_0007_idba_bin.160.fa.gz	10674_0007_idba_bin.160.fa.gz	data/blue_catalyst_poc/proteomes/rumen__10674_0007_idba_bin.160.faa	rumen__10674_0007_idba_bin.160.faa	ERZ1037972	webin-genome-10674_0007_idba_bin.160	10674_0007_idba_bin.160.fa.gz	filename	matched	2173	True	True		fgx_662_apollo3_20260612		not_started							compressed_gzip	835125		mag_bin	true	false	MAG functional potential	comparable_mag_bin	MAG/bin-like input; eligible for MAG-level functional atlas if QC and table gates pass	include_in_mag_bin_relaunch_or_retain_if_complete
rumen__10674_0007_idba_bin.161	rumen__10674_0007_idba_bin.161	rumen	rumen	Bacteria	10674_0007_idba_bin.161	data/blue_catalyst_poc/rumen/raw/10674_0007_idba_bin.161.fa.gz	10674_0007_idba_bin.161.fa.gz	data/blue_catalyst_poc/proteomes/rumen__10674_0007_idba_bin.161.faa	rumen__10674_0007_idba_bin.161.faa	ERZ1037973	webin-genome-10674_0007_idba_bin.161	10674_0007_idba_bin.161.fa.gz	filename	matched	1487	True	True		fgx_662_apollo3_20260612		not_started							compressed_gzip	401957		mag_bin	true	false	MAG functional potential	comparable_mag_bin	MAG/bin-like input; eligible for MAG-level functional atlas if QC and table gates pass	include_in_mag_bin_relaunch_or_retain_if_complete
rumen__10674_0007_idba_bin.163	rumen__10674_0007_idba_bin.163	rumen	rumen	Bacteria	10674_0007_idba_bin.163	data/blue_catalyst_poc/rumen/raw/10674_0007_idba_bin.163.fa.gz	10674_0007_idba_bin.163.fa.gz	data/blue_catalyst_poc/proteomes/rumen__10674_0007_idba_bin.163.faa	rumen__10674_0007_idba_bin.163.faa	ERZ1037974	webin-genome-10674_0007_idba_bin.163	10674_0007_idba_bin.163.fa.gz	filename	matched	2319	True	True		fgx_662_apollo3_20260612		not_started							compressed_gzip	717522		mag_bin	true	false	MAG functional potential	comparable_mag_bin	MAG/bin-like input; eligible for MAG-level functional atlas if QC and table gates pass	include_in_mag_bin_relaunch_or_retain_if_complete
rumen__10674_0007_idba_bin.168	rumen__10674_0007_idba_bin.168	rumen	rumen	Bacteria	10674_0007_idba_bin.168	data/blue_catalyst_poc/rumen/raw/10674_0007_idba_bin.168.fa.gz	10674_0007_idba_bin.168.fa.gz	data/blue_catalyst_poc/proteomes/rumen__10674_0007_idba_bin.168.faa	rumen__10674_0007_idba_bin.168.faa	ERZ1037975	webin-genome-10674_0007_idba_bin.168	10674_0007_idba_bin.168.fa.gz	filename	matched	1282	True	True		fgx_662_apollo3_20260612		not_started							compressed_gzip	380744		mag_bin	true	false	MAG functional potential	comparable_mag_bin	MAG/bin-like input; eligible for MAG-level functional atlas if QC and table gates pass	include_in_mag_bin_relaunch_or_retain_if_complete
rumen__10674_0007_idba_bin.17	rumen__10674_0007_idba_bin.17	rumen	rumen	Bacteria	10674_0007_idba_bin.17	data/blue_catalyst_poc/rumen/raw/10674_0007_idba_bin.17.fa.gz	10674_0007_idba_bin.17.fa.gz	data/blue_catalyst_poc/proteomes/rumen__10674_0007_idba_bin.17.faa	rumen__10674_0007_idba_bin.17.faa	ERZ1037976	webin-genome-10674_0007_idba_bin.17	10674_0007_idba_bin.17.fa.gz	filename	matched	1872	True	True		fgx_662_apollo3_20260612		not_started							compressed_gzip	571548		mag_bin	true	false	MAG functional potential	comparable_mag_bin	MAG/bin-like input; eligible for MAG-level functional atlas if QC and table gates pass	include_in_mag_bin_relaunch_or_retain_if_complete
rumen__10674_0007_idba_bin.171	rumen__10674_0007_idba_bin.171	rumen	rumen	Bacteria	10674_0007_idba_bin.171	data/blue_catalyst_poc/rumen/raw/10674_0007_idba_bin.171.fa.gz	10674_0007_idba_bin.171.fa.gz	data/blue_catalyst_poc/proteomes/rumen__10674_0007_idba_bin.171.faa	rumen__10674_0007_idba_bin.171.faa	ERZ1037977	webin-genome-10674_0007_idba_bin.171	10674_0007_idba_bin.171.fa.gz	filename	matched	2592	True	True		fgx_662_apollo3_20260612		not_started							compressed_gzip	896642		mag_bin	true	false	MAG functional potential	comparable_mag_bin	MAG/bin-like input; eligible for MAG-level functional atlas if QC and table gates pass	include_in_mag_bin_relaunch_or_retain_if_complete
rumen__10674_0007_idba_bin.173	rumen__10674_0007_idba_bin.173	rumen	rumen	Bacteria	10674_0007_idba_bin.173	data/blue_catalyst_poc/rumen/raw/10674_0007_idba_bin.173.fa.gz	10674_0007_idba_bin.173.fa.gz	data/blue_catalyst_poc/proteomes/rumen__10674_0007_idba_bin.173.faa	rumen__10674_0007_idba_bin.173.faa	ERZ1037978	webin-genome-10674_0007_idba_bin.173	10674_0007_idba_bin.173.fa.gz	filename	matched	2879	True	True		fgx_662_apollo3_20260612		not_started							compressed_gzip	1060293		mag_bin	true	false	MAG functional potential	comparable_mag_bin	MAG/bin-like input; eligible for MAG-level functional atlas if QC and table gates pass	include_in_mag_bin_relaunch_or_retain_if_complete
rumen__10674_0007_idba_bin.174	rumen__10674_0007_idba_bin.174	rumen	rumen	Bacteria	10674_0007_idba_bin.174	data/blue_catalyst_poc/rumen/raw/10674_0007_idba_bin.174.fa.gz	10674_0007_idba_bin.174.fa.gz	data/blue_catalyst_poc/proteomes/rumen__10674_0007_idba_bin.174.faa	rumen__10674_0007_idba_bin.174.faa	ERZ1037979	webin-genome-10674_0007_idba_bin.174	10674_0007_idba_bin.174.fa.gz	filename	matched	794	True	True		fgx_662_apollo3_20260612		not_started							compressed_gzip	269291		mag_bin	true	false	MAG functional potential	comparable_mag_bin	MAG/bin-like input; eligible for MAG-level functional atlas if QC and table gates pass	include_in_mag_bin_relaunch_or_retain_if_complete
rumen__10674_0007_idba_bin.175	rumen__10674_0007_idba_bin.175	rumen	rumen	Bacteria	10674_0007_idba_bin.175	data/blue_catalyst_poc/rumen/raw/10674_0007_idba_bin.175.fa.gz	10674_0007_idba_bin.175.fa.gz	data/blue_catalyst_poc/proteomes/rumen__10674_0007_idba_bin.175.faa	rumen__10674_0007_idba_bin.175.faa	ERZ1037980	webin-genome-10674_0007_idba_bin.175	10674_0007_idba_bin.175.fa.gz	filename	matched	1977	True	True		fgx_662_apollo3_20260612		not_started							compressed_gzip	566116		mag_bin	true	false	MAG functional potential	comparable_mag_bin	MAG/bin-like input; eligible for MAG-level functional atlas if QC and table gates pass	include_in_mag_bin_relaunch_or_retain_if_complete
rumen__10674_0007_idba_bin.176	rumen__10674_0007_idba_bin.176	rumen	rumen	Bacteria	10674_0007_idba_bin.176	data/blue_catalyst_poc/rumen/raw/10674_0007_idba_bin.176.fa.gz	10674_0007_idba_bin.176.fa.gz	data/blue_catalyst_poc/proteomes/rumen__10674_0007_idba_bin.176.faa	rumen__10674_0007_idba_bin.176.faa	ERZ1037981	webin-genome-10674_0007_idba_bin.176	10674_0007_idba_bin.176.fa.gz	filename	matched	2507	True	True		fgx_662_apollo3_20260612		not_started							compressed_gzip	837546		mag_bin	true	false	MAG functional potential	comparable_mag_bin	MAG/bin-like input; eligible for MAG-level functional atlas if QC and table gates pass	include_in_mag_bin_relaunch_or_retain_if_complete
rumen__10674_0007_idba_bin.178	rumen__10674_0007_idba_bin.178	rumen	rumen	Bacteria	10674_0007_idba_bin.178	data/blue_catalyst_poc/rumen/raw/10674_0007_idba_bin.178.fa.gz	10674_0007_idba_bin.178.fa.gz	data/blue_catalyst_poc/proteomes/rumen__10674_0007_idba_bin.178.faa	rumen__10674_0007_idba_bin.178.faa	ERZ1037982	webin-genome-10674_0007_idba_bin.178	10674_0007_idba_bin.178.fa.gz	filename	matched	1338	True	True		fgx_662_apollo3_20260612		not_started							compressed_gzip	402992		mag_bin	true	false	MAG functional potential	comparable_mag_bin	MAG/bin-like input; eligible for MAG-level functional atlas if QC and table gates pass	include_in_mag_bin_relaunch_or_retain_if_complete
rumen__10674_0007_idba_bin.19	rumen__10674_0007_idba_bin.19	rumen	rumen	Bacteria	10674_0007_idba_bin.19	data/blue_catalyst_poc/rumen/raw/10674_0007_idba_bin.19.fa.gz	10674_0007_idba_bin.19.fa.gz	data/blue_catalyst_poc/proteomes/rumen__10674_0007_idba_bin.19.faa	rumen__10674_0007_idba_bin.19.faa	ERZ1037983	webin-genome-10674_0007_idba_bin.19	10674_0007_idba_bin.19.fa.gz	filename	matched	2018	True	True		fgx_662_apollo3_20260612		not_started							compressed_gzip	572602		mag_bin	true	false	MAG functional potential	comparable_mag_bin	MAG/bin-like input; eligible for MAG-level functional atlas if QC and table gates pass	include_in_mag_bin_relaunch_or_retain_if_complete
rumen__10674_0007_idba_bin.25	rumen__10674_0007_idba_bin.25	rumen	rumen	Bacteria	10674_0007_idba_bin.25	data/blue_catalyst_poc/rumen/raw/10674_0007_idba_bin.25.fa.gz	10674_0007_idba_bin.25.fa.gz	data/blue_catalyst_poc/proteomes/rumen__10674_0007_idba_bin.25.faa	rumen__10674_0007_idba_bin.25.faa	ERZ1037984	webin-genome-10674_0007_idba_bin.25	10674_0007_idba_bin.25.fa.gz	filename	matched	1750	True	True		fgx_662_apollo3_20260612		not_started							compressed_gzip	477544		mag_bin	true	false	MAG functional potential	comparable_mag_bin	MAG/bin-like input; eligible for MAG-level functional atlas if QC and table gates pass	include_in_mag_bin_relaunch_or_retain_if_complete
rumen__10674_0007_idba_bin.26	rumen__10674_0007_idba_bin.26	rumen	rumen	Bacteria	10674_0007_idba_bin.26	data/blue_catalyst_poc/rumen/raw/10674_0007_idba_bin.26.fa.gz	10674_0007_idba_bin.26.fa.gz	data/blue_catalyst_poc/proteomes/rumen__10674_0007_idba_bin.26.faa	rumen__10674_0007_idba_bin.26.faa	ERZ1037985	webin-genome-10674_0007_idba_bin.26	10674_0007_idba_bin.26.fa.gz	filename	matched	2433	True	True		fgx_662_apollo3_20260612		not_started							compressed_gzip	983303		mag_bin	true	false	MAG functional potential	comparable_mag_bin	MAG/bin-like input; eligible for MAG-level functional atlas if QC and table gates pass	include_in_mag_bin_relaunch_or_retain_if_complete
rumen__10674_0007_idba_bin.27	rumen__10674_0007_idba_bin.27	rumen	rumen	Archaea	10674_0007_idba_bin.27	data/blue_catalyst_poc/rumen/raw/10674_0007_idba_bin.27.fa.gz	10674_0007_idba_bin.27.fa.gz	data/blue_catalyst_poc/proteomes/rumen__10674_0007_idba_bin.27.faa	rumen__10674_0007_idba_bin.27.faa	ERZ1037986	webin-genome-10674_0007_idba_bin.27	10674_0007_idba_bin.27.fa.gz	filename	matched	2359	True	True		fgx_662_apollo3_20260612		not_started							compressed_gzip	651598		mag_bin	true	false	MAG functional potential	comparable_mag_bin	MAG/bin-like input; eligible for MAG-level functional atlas if QC and table gates pass	include_in_mag_bin_relaunch_or_retain_if_complete
rumen__10674_0007_idba_bin.30	rumen__10674_0007_idba_bin.30	rumen	rumen	Bacteria	10674_0007_idba_bin.30	data/blue_catalyst_poc/rumen/raw/10674_0007_idba_bin.30.fa.gz	10674_0007_idba_bin.30.fa.gz	data/blue_catalyst_poc/proteomes/rumen__10674_0007_idba_bin.30.faa	rumen__10674_0007_idba_bin.30.faa	ERZ1037987	webin-genome-10674_0007_idba_bin.30	10674_0007_idba_bin.30.fa.gz	filename	matched	1746	True	True		fgx_662_apollo3_20260612		not_started							compressed_gzip	596043		mag_bin	true	false	MAG functional potential	comparable_mag_bin	MAG/bin-like input; eligible for MAG-level functional atlas if QC and table gates pass	include_in_mag_bin_relaunch_or_retain_if_complete
rumen__10674_0007_idba_bin.31	rumen__10674_0007_idba_bin.31	rumen	rumen	Bacteria	10674_0007_idba_bin.31	data/blue_catalyst_poc/rumen/raw/10674_0007_idba_bin.31.fa.gz	10674_0007_idba_bin.31.fa.gz	data/blue_catalyst_poc/proteomes/rumen__10674_0007_idba_bin.31.faa	rumen__10674_0007_idba_bin.31.faa	ERZ1037988	webin-genome-10674_0007_idba_bin.31	10674_0007_idba_bin.31.fa.gz	filename	matched	2119	True	True		fgx_662_apollo3_20260612		not_started							compressed_gzip	723353		mag_bin	true	false	MAG functional potential	comparable_mag_bin	MAG/bin-like input; eligible for MAG-level functional atlas if QC and table gates pass	include_in_mag_bin_relaunch_or_retain_if_complete
rumen__10674_0007_idba_bin.34	rumen__10674_0007_idba_bin.34	rumen	rumen	Bacteria	10674_0007_idba_bin.34	data/blue_catalyst_poc/rumen/raw/10674_0007_idba_bin.34.fa.gz	10674_0007_idba_bin.34.fa.gz	data/blue_catalyst_poc/proteomes/rumen__10674_0007_idba_bin.34.faa	rumen__10674_0007_idba_bin.34.faa	ERZ1037989	webin-genome-10674_0007_idba_bin.34	10674_0007_idba_bin.34.fa.gz	filename	matched	1540	True	True		fgx_662_apollo3_20260612		not_started							compressed_gzip	431879		mag_bin	true	false	MAG functional potential	comparable_mag_bin	MAG/bin-like input; eligible for MAG-level functional atlas if QC and table gates pass	include_in_mag_bin_relaunch_or_retain_if_complete
rumen__10674_0007_idba_bin.35	rumen__10674_0007_idba_bin.35	rumen	rumen	Bacteria	10674_0007_idba_bin.35	data/blue_catalyst_poc/rumen/raw/10674_0007_idba_bin.35.fa.gz	10674_0007_idba_bin.35.fa.gz	data/blue_catalyst_poc/proteomes/rumen__10674_0007_idba_bin.35.faa	rumen__10674_0007_idba_bin.35.faa	ERZ1037990	webin-genome-10674_0007_idba_bin.35	10674_0007_idba_bin.35.fa.gz	filename	matched	1941	True	True		fgx_662_apollo3_20260612		not_started							compressed_gzip	766885		mag_bin	true	false	MAG functional potential	comparable_mag_bin	MAG/bin-like input; eligible for MAG-level functional atlas if QC and table gates pass	include_in_mag_bin_relaunch_or_retain_if_complete
rumen__10674_0007_idba_bin.36	rumen__10674_0007_idba_bin.36	rumen	rumen	Bacteria	10674_0007_idba_bin.36	data/blue_catalyst_poc/rumen/raw/10674_0007_idba_bin.36.fa.gz	10674_0007_idba_bin.36.fa.gz	data/blue_catalyst_poc/proteomes/rumen__10674_0007_idba_bin.36.faa	rumen__10674_0007_idba_bin.36.faa	ERZ1037991	webin-genome-10674_0007_idba_bin.36	10674_0007_idba_bin.36.fa.gz	filename	matched	2017	True	True		fgx_662_apollo3_20260612		not_started							compressed_gzip	702771		mag_bin	true	false	MAG functional potential	comparable_mag_bin	MAG/bin-like input; eligible for MAG-level functional atlas if QC and table gates pass	include_in_mag_bin_relaunch_or_retain_if_complete
rumen__10674_0007_idba_bin.37	rumen__10674_0007_idba_bin.37	rumen	rumen	Bacteria	10674_0007_idba_bin.37	data/blue_catalyst_poc/rumen/raw/10674_0007_idba_bin.37.fa.gz	10674_0007_idba_bin.37.fa.gz	data/blue_catalyst_poc/proteomes/rumen__10674_0007_idba_bin.37.faa	rumen__10674_0007_idba_bin.37.faa	ERZ1037992	webin-genome-10674_0007_idba_bin.37	10674_0007_idba_bin.37.fa.gz	filename	matched	2281	True	True		fgx_662_apollo3_20260612		not_started							compressed_gzip	674689		mag_bin	true	false	MAG functional potential	comparable_mag_bin	MAG/bin-like input; eligible for MAG-level functional atlas if QC and table gates pass	include_in_mag_bin_relaunch_or_retain_if_complete
rumen__10674_0007_idba_bin.39	rumen__10674_0007_idba_bin.39	rumen	rumen	Bacteria	10674_0007_idba_bin.39	data/blue_catalyst_poc/rumen/raw/10674_0007_idba_bin.39.fa.gz	10674_0007_idba_bin.39.fa.gz	data/blue_catalyst_poc/proteomes/rumen__10674_0007_idba_bin.39.faa	rumen__10674_0007_idba_bin.39.faa	ERZ1037993	webin-genome-10674_0007_idba_bin.39	10674_0007_idba_bin.39.fa.gz	filename	matched	1836	True	True		fgx_662_apollo3_20260612		not_started							compressed_gzip	624349		mag_bin	true	false	MAG functional potential	comparable_mag_bin	MAG/bin-like input; eligible for MAG-level functional atlas if QC and table gates pass	include_in_mag_bin_relaunch_or_retain_if_complete
rumen__10674_0007_idba_bin.4	rumen__10674_0007_idba_bin.4	rumen	rumen	Bacteria	10674_0007_idba_bin.4	data/blue_catalyst_poc/rumen/raw/10674_0007_idba_bin.4.fa.gz	10674_0007_idba_bin.4.fa.gz	data/blue_catalyst_poc/proteomes/rumen__10674_0007_idba_bin.4.faa	rumen__10674_0007_idba_bin.4.faa	ERZ1037994	webin-genome-10674_0007_idba_bin.4	10674_0007_idba_bin.4.fa.gz	filename	matched	2384	True	True		fgx_662_apollo3_20260612		not_started							compressed_gzip	756006		mag_bin	true	false	MAG functional potential	comparable_mag_bin	MAG/bin-like input; eligible for MAG-level functional atlas if QC and table gates pass	include_in_mag_bin_relaunch_or_retain_if_complete
rumen__10674_0007_idba_bin.42	rumen__10674_0007_idba_bin.42	rumen	rumen	Bacteria	10674_0007_idba_bin.42	data/blue_catalyst_poc/rumen/raw/10674_0007_idba_bin.42.fa.gz	10674_0007_idba_bin.42.fa.gz	data/blue_catalyst_poc/proteomes/rumen__10674_0007_idba_bin.42.faa	rumen__10674_0007_idba_bin.42.faa	ERZ1037995	webin-genome-10674_0007_idba_bin.42	10674_0007_idba_bin.42.fa.gz	filename	matched	2091	True	True		fgx_662_apollo3_20260612		not_started							compressed_gzip	608803		mag_bin	true	false	MAG functional potential	comparable_mag_bin	MAG/bin-like input; eligible for MAG-level functional atlas if QC and table gates pass	include_in_mag_bin_relaunch_or_retain_if_complete
rumen__10674_0007_idba_bin.45	rumen__10674_0007_idba_bin.45	rumen	rumen	Bacteria	10674_0007_idba_bin.45	data/blue_catalyst_poc/rumen/raw/10674_0007_idba_bin.45.fa.gz	10674_0007_idba_bin.45.fa.gz	data/blue_catalyst_poc/proteomes/rumen__10674_0007_idba_bin.45.faa	rumen__10674_0007_idba_bin.45.faa	ERZ1037996	webin-genome-10674_0007_idba_bin.45	10674_0007_idba_bin.45.fa.gz	filename	matched	1721	True	True		fgx_662_apollo3_20260612		not_started							compressed_gzip	592922		mag_bin	true	false	MAG functional potential	comparable_mag_bin	MAG/bin-like input; eligible for MAG-level functional atlas if QC and table gates pass	include_in_mag_bin_relaunch_or_retain_if_complete
rumen__10674_0007_idba_bin.47	rumen__10674_0007_idba_bin.47	rumen	rumen	Bacteria	10674_0007_idba_bin.47	data/blue_catalyst_poc/rumen/raw/10674_0007_idba_bin.47.fa.gz	10674_0007_idba_bin.47.fa.gz	data/blue_catalyst_poc/proteomes/rumen__10674_0007_idba_bin.47.faa	rumen__10674_0007_idba_bin.47.faa	ERZ1037997	webin-genome-10674_0007_idba_bin.47	10674_0007_idba_bin.47.fa.gz	filename	matched	1951	True	True		fgx_662_apollo3_20260612		not_started							compressed_gzip	645893		mag_bin	true	false	MAG functional potential	comparable_mag_bin	MAG/bin-like input; eligible for MAG-level functional atlas if QC and table gates pass	include_in_mag_bin_relaunch_or_retain_if_complete
rumen__10674_0007_idba_bin.49	rumen__10674_0007_idba_bin.49	rumen	rumen	Bacteria	10674_0007_idba_bin.49	data/blue_catalyst_poc/rumen/raw/10674_0007_idba_bin.49.fa.gz	10674_0007_idba_bin.49.fa.gz	data/blue_catalyst_poc/proteomes/rumen__10674_0007_idba_bin.49.faa	rumen__10674_0007_idba_bin.49.faa	ERZ1037998	webin-genome-10674_0007_idba_bin.49	10674_0007_idba_bin.49.fa.gz	filename	matched	2839	True	True		fgx_662_apollo3_20260612		not_started							compressed_gzip	894501		mag_bin	true	false	MAG functional potential	comparable_mag_bin	MAG/bin-like input; eligible for MAG-level functional atlas if QC and table gates pass	include_in_mag_bin_relaunch_or_retain_if_complete
rumen__10674_0007_idba_bin.5	rumen__10674_0007_idba_bin.5	rumen	rumen	Bacteria	10674_0007_idba_bin.5	data/blue_catalyst_poc/rumen/raw/10674_0007_idba_bin.5.fa.gz	10674_0007_idba_bin.5.fa.gz	data/blue_catalyst_poc/proteomes/rumen__10674_0007_idba_bin.5.faa	rumen__10674_0007_idba_bin.5.faa	ERZ1037999	webin-genome-10674_0007_idba_bin.5	10674_0007_idba_bin.5.fa.gz	filename	matched	1553	True	True		fgx_662_apollo3_20260612		not_started							compressed_gzip	569068		mag_bin	true	false	MAG functional potential	comparable_mag_bin	MAG/bin-like input; eligible for MAG-level functional atlas if QC and table gates pass	include_in_mag_bin_relaunch_or_retain_if_complete
rumen__10674_0007_idba_bin.52	rumen__10674_0007_idba_bin.52	rumen	rumen	Bacteria	10674_0007_idba_bin.52	data/blue_catalyst_poc/rumen/raw/10674_0007_idba_bin.52.fa.gz	10674_0007_idba_bin.52.fa.gz	data/blue_catalyst_poc/proteomes/rumen__10674_0007_idba_bin.52.faa	rumen__10674_0007_idba_bin.52.faa	ERZ1038000	webin-genome-10674_0007_idba_bin.52	10674_0007_idba_bin.52.fa.gz	filename	matched	1522	True	True		fgx_662_apollo3_20260612		not_started							compressed_gzip	512480		mag_bin	true	false	MAG functional potential	comparable_mag_bin	MAG/bin-like input; eligible for MAG-level functional atlas if QC and table gates pass	include_in_mag_bin_relaunch_or_retain_if_complete
rumen__10674_0007_idba_bin.55	rumen__10674_0007_idba_bin.55	rumen	rumen	Bacteria	10674_0007_idba_bin.55	data/blue_catalyst_poc/rumen/raw/10674_0007_idba_bin.55.fa.gz	10674_0007_idba_bin.55.fa.gz	data/blue_catalyst_poc/proteomes/rumen__10674_0007_idba_bin.55.faa	rumen__10674_0007_idba_bin.55.faa	ERZ1038001	webin-genome-10674_0007_idba_bin.55	10674_0007_idba_bin.55.fa.gz	filename	matched	2568	True	True		fgx_662_apollo3_20260612		not_started							compressed_gzip	948567		mag_bin	true	false	MAG functional potential	comparable_mag_bin	MAG/bin-like input; eligible for MAG-level functional atlas if QC and table gates pass	include_in_mag_bin_relaunch_or_retain_if_complete
rumen__10674_0007_idba_bin.58	rumen__10674_0007_idba_bin.58	rumen	rumen	Bacteria	10674_0007_idba_bin.58	data/blue_catalyst_poc/rumen/raw/10674_0007_idba_bin.58.fa.gz	10674_0007_idba_bin.58.fa.gz	data/blue_catalyst_poc/proteomes/rumen__10674_0007_idba_bin.58.faa	rumen__10674_0007_idba_bin.58.faa	ERZ1038002	webin-genome-10674_0007_idba_bin.58	10674_0007_idba_bin.58.fa.gz	filename	matched	1922	True	True		fgx_662_apollo3_20260612		not_started							compressed_gzip	644367		mag_bin	true	false	MAG functional potential	comparable_mag_bin	MAG/bin-like input; eligible for MAG-level functional atlas if QC and table gates pass	include_in_mag_bin_relaunch_or_retain_if_complete
rumen__10674_0007_idba_bin.59	rumen__10674_0007_idba_bin.59	rumen	rumen	Bacteria	10674_0007_idba_bin.59	data/blue_catalyst_poc/rumen/raw/10674_0007_idba_bin.59.fa.gz	10674_0007_idba_bin.59.fa.gz	data/blue_catalyst_poc/proteomes/rumen__10674_0007_idba_bin.59.faa	rumen__10674_0007_idba_bin.59.faa	ERZ1038003	webin-genome-10674_0007_idba_bin.59	10674_0007_idba_bin.59.fa.gz	filename	matched	694	True	True		fgx_662_apollo3_20260612		not_started							compressed_gzip	206212		mag_bin	true	false	MAG functional potential	comparable_mag_bin	MAG/bin-like input; eligible for MAG-level functional atlas if QC and table gates pass	include_in_mag_bin_relaunch_or_retain_if_complete
rumen__10674_0007_idba_bin.61	rumen__10674_0007_idba_bin.61	rumen	rumen	Bacteria	10674_0007_idba_bin.61	data/blue_catalyst_poc/rumen/raw/10674_0007_idba_bin.61.fa.gz	10674_0007_idba_bin.61.fa.gz	data/blue_catalyst_poc/proteomes/rumen__10674_0007_idba_bin.61.faa	rumen__10674_0007_idba_bin.61.faa	ERZ1038004	webin-genome-10674_0007_idba_bin.61	10674_0007_idba_bin.61.fa.gz	filename	matched	1352	True	True		fgx_662_apollo3_20260612		not_started							compressed_gzip	470793		mag_bin	true	false	MAG functional potential	comparable_mag_bin	MAG/bin-like input; eligible for MAG-level functional atlas if QC and table gates pass	include_in_mag_bin_relaunch_or_retain_if_complete
rumen__10674_0007_idba_bin.62	rumen__10674_0007_idba_bin.62	rumen	rumen	Bacteria	10674_0007_idba_bin.62	data/blue_catalyst_poc/rumen/raw/10674_0007_idba_bin.62.fa.gz	10674_0007_idba_bin.62.fa.gz	data/blue_catalyst_poc/proteomes/rumen__10674_0007_idba_bin.62.faa	rumen__10674_0007_idba_bin.62.faa	ERZ1038005	webin-genome-10674_0007_idba_bin.62	10674_0007_idba_bin.62.fa.gz	filename	matched	561	True	True		fgx_662_apollo3_20260612		not_started							compressed_gzip	169049		mag_bin	true	false	MAG functional potential	comparable_mag_bin	MAG/bin-like input; eligible for MAG-level functional atlas if QC and table gates pass	include_in_mag_bin_relaunch_or_retain_if_complete
rumen__10674_0007_idba_bin.63	rumen__10674_0007_idba_bin.63	rumen	rumen	Bacteria	10674_0007_idba_bin.63	data/blue_catalyst_poc/rumen/raw/10674_0007_idba_bin.63.fa.gz	10674_0007_idba_bin.63.fa.gz	data/blue_catalyst_poc/proteomes/rumen__10674_0007_idba_bin.63.faa	rumen__10674_0007_idba_bin.63.faa	ERZ1038006	webin-genome-10674_0007_idba_bin.63	10674_0007_idba_bin.63.fa.gz	filename	matched	946	True	True		fgx_662_apollo3_20260612		not_started							compressed_gzip	300670		mag_bin	true	false	MAG functional potential	comparable_mag_bin	MAG/bin-like input; eligible for MAG-level functional atlas if QC and table gates pass	include_in_mag_bin_relaunch_or_retain_if_complete
rumen__10674_0007_idba_bin.66	rumen__10674_0007_idba_bin.66	rumen	rumen	Bacteria	10674_0007_idba_bin.66	data/blue_catalyst_poc/rumen/raw/10674_0007_idba_bin.66.fa.gz	10674_0007_idba_bin.66.fa.gz	data/blue_catalyst_poc/proteomes/rumen__10674_0007_idba_bin.66.faa	rumen__10674_0007_idba_bin.66.faa	ERZ1038007	webin-genome-10674_0007_idba_bin.66	10674_0007_idba_bin.66.fa.gz	filename	matched	1122	True	True		fgx_662_apollo3_20260612		not_started							compressed_gzip	364652		mag_bin	true	false	MAG functional potential	comparable_mag_bin	MAG/bin-like input; eligible for MAG-level functional atlas if QC and table gates pass	include_in_mag_bin_relaunch_or_retain_if_complete
rumen__10674_0007_idba_bin.67	rumen__10674_0007_idba_bin.67	rumen	rumen	Bacteria	10674_0007_idba_bin.67	data/blue_catalyst_poc/rumen/raw/10674_0007_idba_bin.67.fa.gz	10674_0007_idba_bin.67.fa.gz	data/blue_catalyst_poc/proteomes/rumen__10674_0007_idba_bin.67.faa	rumen__10674_0007_idba_bin.67.faa	ERZ1038008	webin-genome-10674_0007_idba_bin.67	10674_0007_idba_bin.67.fa.gz	filename	matched	2074	True	True		fgx_662_apollo3_20260612		not_started							compressed_gzip	643655		mag_bin	true	false	MAG functional potential	comparable_mag_bin	MAG/bin-like input; eligible for MAG-level functional atlas if QC and table gates pass	include_in_mag_bin_relaunch_or_retain_if_complete
rumen__10674_0007_idba_bin.68	rumen__10674_0007_idba_bin.68	rumen	rumen	Bacteria	10674_0007_idba_bin.68	data/blue_catalyst_poc/rumen/raw/10674_0007_idba_bin.68.fa.gz	10674_0007_idba_bin.68.fa.gz	data/blue_catalyst_poc/proteomes/rumen__10674_0007_idba_bin.68.faa	rumen__10674_0007_idba_bin.68.faa	ERZ1038009	webin-genome-10674_0007_idba_bin.68	10674_0007_idba_bin.68.fa.gz	filename	matched	2515	True	True		fgx_662_apollo3_20260612		not_started							compressed_gzip	951636		mag_bin	true	false	MAG functional potential	comparable_mag_bin	MAG/bin-like input; eligible for MAG-level functional atlas if QC and table gates pass	include_in_mag_bin_relaunch_or_retain_if_complete
rumen__10674_0007_idba_bin.7	rumen__10674_0007_idba_bin.7	rumen	rumen	Bacteria	10674_0007_idba_bin.7	data/blue_catalyst_poc/rumen/raw/10674_0007_idba_bin.7.fa.gz	10674_0007_idba_bin.7.fa.gz	data/blue_catalyst_poc/proteomes/rumen__10674_0007_idba_bin.7.faa	rumen__10674_0007_idba_bin.7.faa	ERZ1038010	webin-genome-10674_0007_idba_bin.7	10674_0007_idba_bin.7.fa.gz	filename	matched	1359	True	True		fgx_662_apollo3_20260612		not_started							compressed_gzip	456995		mag_bin	true	false	MAG functional potential	comparable_mag_bin	MAG/bin-like input; eligible for MAG-level functional atlas if QC and table gates pass	include_in_mag_bin_relaunch_or_retain_if_complete
rumen__10674_0007_idba_bin.71	rumen__10674_0007_idba_bin.71	rumen	rumen	Bacteria	10674_0007_idba_bin.71	data/blue_catalyst_poc/rumen/raw/10674_0007_idba_bin.71.fa.gz	10674_0007_idba_bin.71.fa.gz	data/blue_catalyst_poc/proteomes/rumen__10674_0007_idba_bin.71.faa	rumen__10674_0007_idba_bin.71.faa	ERZ1038011	webin-genome-10674_0007_idba_bin.71	10674_0007_idba_bin.71.fa.gz	filename	matched	1941	True	True		fgx_662_apollo3_20260612		not_started							compressed_gzip	702044		mag_bin	true	false	MAG functional potential	comparable_mag_bin	MAG/bin-like input; eligible for MAG-level functional atlas if QC and table gates pass	include_in_mag_bin_relaunch_or_retain_if_complete
rumen__10674_0007_idba_bin.72	rumen__10674_0007_idba_bin.72	rumen	rumen	Bacteria	10674_0007_idba_bin.72	data/blue_catalyst_poc/rumen/raw/10674_0007_idba_bin.72.fa.gz	10674_0007_idba_bin.72.fa.gz	data/blue_catalyst_poc/proteomes/rumen__10674_0007_idba_bin.72.faa	rumen__10674_0007_idba_bin.72.faa	ERZ1038012	webin-genome-10674_0007_idba_bin.72	10674_0007_idba_bin.72.fa.gz	filename	matched	2573	True	True		fgx_662_apollo3_20260612		not_started							compressed_gzip	936713		mag_bin	true	false	MAG functional potential	comparable_mag_bin	MAG/bin-like input; eligible for MAG-level functional atlas if QC and table gates pass	include_in_mag_bin_relaunch_or_retain_if_complete
rumen__10674_0007_idba_bin.73	rumen__10674_0007_idba_bin.73	rumen	rumen	Bacteria	10674_0007_idba_bin.73	data/blue_catalyst_poc/rumen/raw/10674_0007_idba_bin.73.fa.gz	10674_0007_idba_bin.73.fa.gz	data/blue_catalyst_poc/proteomes/rumen__10674_0007_idba_bin.73.faa	rumen__10674_0007_idba_bin.73.faa	ERZ1038013	webin-genome-10674_0007_idba_bin.73	10674_0007_idba_bin.73.fa.gz	filename	matched	1302	True	True		fgx_662_apollo3_20260612		not_started							compressed_gzip	367002		mag_bin	true	false	MAG functional potential	comparable_mag_bin	MAG/bin-like input; eligible for MAG-level functional atlas if QC and table gates pass	include_in_mag_bin_relaunch_or_retain_if_complete
rumen__10674_0007_idba_bin.76	rumen__10674_0007_idba_bin.76	rumen	rumen	Bacteria	10674_0007_idba_bin.76	data/blue_catalyst_poc/rumen/raw/10674_0007_idba_bin.76.fa.gz	10674_0007_idba_bin.76.fa.gz	data/blue_catalyst_poc/proteomes/rumen__10674_0007_idba_bin.76.faa	rumen__10674_0007_idba_bin.76.faa	ERZ1038014	webin-genome-10674_0007_idba_bin.76	10674_0007_idba_bin.76.fa.gz	filename	matched	1708	True	True		fgx_662_apollo3_20260612		not_started							compressed_gzip	524327		mag_bin	true	false	MAG functional potential	comparable_mag_bin	MAG/bin-like input; eligible for MAG-level functional atlas if QC and table gates pass	include_in_mag_bin_relaunch_or_retain_if_complete
rumen__10674_0007_idba_bin.79	rumen__10674_0007_idba_bin.79	rumen	rumen	Bacteria	10674_0007_idba_bin.79	data/blue_catalyst_poc/rumen/raw/10674_0007_idba_bin.79.fa.gz	10674_0007_idba_bin.79.fa.gz	data/blue_catalyst_poc/proteomes/rumen__10674_0007_idba_bin.79.faa	rumen__10674_0007_idba_bin.79.faa	ERZ1038015	webin-genome-10674_0007_idba_bin.79	10674_0007_idba_bin.79.fa.gz	filename	matched	1457	True	True		fgx_662_apollo3_20260612		not_started							compressed_gzip	489026		mag_bin	true	false	MAG functional potential	comparable_mag_bin	MAG/bin-like input; eligible for MAG-level functional atlas if QC and table gates pass	include_in_mag_bin_relaunch_or_retain_if_complete
rumen__10674_0007_idba_bin.81	rumen__10674_0007_idba_bin.81	rumen	rumen	Bacteria	10674_0007_idba_bin.81	data/blue_catalyst_poc/rumen/raw/10674_0007_idba_bin.81.fa.gz	10674_0007_idba_bin.81.fa.gz	data/blue_catalyst_poc/proteomes/rumen__10674_0007_idba_bin.81.faa	rumen__10674_0007_idba_bin.81.faa	ERZ1038016	webin-genome-10674_0007_idba_bin.81	10674_0007_idba_bin.81.fa.gz	filename	matched	2286	True	True		fgx_662_apollo3_20260612		not_started							compressed_gzip	713340		mag_bin	true	false	MAG functional potential	comparable_mag_bin	MAG/bin-like input; eligible for MAG-level functional atlas if QC and table gates pass	include_in_mag_bin_relaunch_or_retain_if_complete
rumen__10674_0007_idba_bin.82	rumen__10674_0007_idba_bin.82	rumen	rumen	Bacteria	10674_0007_idba_bin.82	data/blue_catalyst_poc/rumen/raw/10674_0007_idba_bin.82.fa.gz	10674_0007_idba_bin.82.fa.gz	data/blue_catalyst_poc/proteomes/rumen__10674_0007_idba_bin.82.faa	rumen__10674_0007_idba_bin.82.faa	ERZ1038017	webin-genome-10674_0007_idba_bin.82	10674_0007_idba_bin.82.fa.gz	filename	matched	853	True	True		fgx_662_apollo3_20260612		not_started							compressed_gzip	312593		mag_bin	true	false	MAG functional potential	comparable_mag_bin	MAG/bin-like input; eligible for MAG-level functional atlas if QC and table gates pass	include_in_mag_bin_relaunch_or_retain_if_complete
rumen__10674_0007_idba_bin.83	rumen__10674_0007_idba_bin.83	rumen	rumen	Archaea	10674_0007_idba_bin.83	data/blue_catalyst_poc/rumen/raw/10674_0007_idba_bin.83.fa.gz	10674_0007_idba_bin.83.fa.gz	data/blue_catalyst_poc/proteomes/rumen__10674_0007_idba_bin.83.faa	rumen__10674_0007_idba_bin.83.faa	ERZ1038018	webin-genome-10674_0007_idba_bin.83	10674_0007_idba_bin.83.fa.gz	filename	matched	2559	True	True		fgx_662_apollo3_20260612		not_started							compressed_gzip	811325		mag_bin	true	false	MAG functional potential	comparable_mag_bin	MAG/bin-like input; eligible for MAG-level functional atlas if QC and table gates pass	include_in_mag_bin_relaunch_or_retain_if_complete
rumen__10674_0007_idba_bin.84	rumen__10674_0007_idba_bin.84	rumen	rumen	Bacteria	10674_0007_idba_bin.84	data/blue_catalyst_poc/rumen/raw/10674_0007_idba_bin.84.fa.gz	10674_0007_idba_bin.84.fa.gz	data/blue_catalyst_poc/proteomes/rumen__10674_0007_idba_bin.84.faa	rumen__10674_0007_idba_bin.84.faa	ERZ1038019	webin-genome-10674_0007_idba_bin.84	10674_0007_idba_bin.84.fa.gz	filename	matched	1303	True	True		fgx_662_apollo3_20260612		not_started							compressed_gzip	410554		mag_bin	true	false	MAG functional potential	comparable_mag_bin	MAG/bin-like input; eligible for MAG-level functional atlas if QC and table gates pass	include_in_mag_bin_relaunch_or_retain_if_complete
rumen__10674_0007_idba_bin.88	rumen__10674_0007_idba_bin.88	rumen	rumen	Bacteria	10674_0007_idba_bin.88	data/blue_catalyst_poc/rumen/raw/10674_0007_idba_bin.88.fa.gz	10674_0007_idba_bin.88.fa.gz	data/blue_catalyst_poc/proteomes/rumen__10674_0007_idba_bin.88.faa	rumen__10674_0007_idba_bin.88.faa	ERZ1038020	webin-genome-10674_0007_idba_bin.88	10674_0007_idba_bin.88.fa.gz	filename	matched	1614	True	True		fgx_662_apollo3_20260612		not_started							compressed_gzip	554950		mag_bin	true	false	MAG functional potential	comparable_mag_bin	MAG/bin-like input; eligible for MAG-level functional atlas if QC and table gates pass	include_in_mag_bin_relaunch_or_retain_if_complete
rumen__10674_0007_idba_bin.90	rumen__10674_0007_idba_bin.90	rumen	rumen	Bacteria	10674_0007_idba_bin.90	data/blue_catalyst_poc/rumen/raw/10674_0007_idba_bin.90.fa.gz	10674_0007_idba_bin.90.fa.gz	data/blue_catalyst_poc/proteomes/rumen__10674_0007_idba_bin.90.faa	rumen__10674_0007_idba_bin.90.faa	ERZ1038021	webin-genome-10674_0007_idba_bin.90	10674_0007_idba_bin.90.fa.gz	filename	matched	2739	True	True		fgx_662_apollo3_20260612		not_started							compressed_gzip	833780		mag_bin	true	false	MAG functional potential	comparable_mag_bin	MAG/bin-like input; eligible for MAG-level functional atlas if QC and table gates pass	include_in_mag_bin_relaunch_or_retain_if_complete
rumen__10674_0007_idba_bin.92	rumen__10674_0007_idba_bin.92	rumen	rumen	Bacteria	10674_0007_idba_bin.92	data/blue_catalyst_poc/rumen/raw/10674_0007_idba_bin.92.fa.gz	10674_0007_idba_bin.92.fa.gz	data/blue_catalyst_poc/proteomes/rumen__10674_0007_idba_bin.92.faa	rumen__10674_0007_idba_bin.92.faa	ERZ1038022	webin-genome-10674_0007_idba_bin.92	10674_0007_idba_bin.92.fa.gz	filename	matched	2085	True	True		fgx_662_apollo3_20260612		not_started							compressed_gzip	759384		mag_bin	true	false	MAG functional potential	comparable_mag_bin	MAG/bin-like input; eligible for MAG-level functional atlas if QC and table gates pass	include_in_mag_bin_relaunch_or_retain_if_complete
rumen__10674_0007_idba_bin.93	rumen__10674_0007_idba_bin.93	rumen	rumen	Bacteria	10674_0007_idba_bin.93	data/blue_catalyst_poc/rumen/raw/10674_0007_idba_bin.93.fa.gz	10674_0007_idba_bin.93.fa.gz	data/blue_catalyst_poc/proteomes/rumen__10674_0007_idba_bin.93.faa	rumen__10674_0007_idba_bin.93.faa	ERZ1038023	webin-genome-10674_0007_idba_bin.93	10674_0007_idba_bin.93.fa.gz	filename	matched	1564	True	True		fgx_662_apollo3_20260612		not_started							compressed_gzip	516989		mag_bin	true	false	MAG functional potential	comparable_mag_bin	MAG/bin-like input; eligible for MAG-level functional atlas if QC and table gates pass	include_in_mag_bin_relaunch_or_retain_if_complete
rumen__10674_0007_idba_bin.94	rumen__10674_0007_idba_bin.94	rumen	rumen	Bacteria	10674_0007_idba_bin.94	data/blue_catalyst_poc/rumen/raw/10674_0007_idba_bin.94.fa.gz	10674_0007_idba_bin.94.fa.gz	data/blue_catalyst_poc/proteomes/rumen__10674_0007_idba_bin.94.faa	rumen__10674_0007_idba_bin.94.faa	ERZ1038024	webin-genome-10674_0007_idba_bin.94	10674_0007_idba_bin.94.fa.gz	filename	matched	1740	True	True		fgx_662_apollo3_20260612		not_started							compressed_gzip	503416		mag_bin	true	false	MAG functional potential	comparable_mag_bin	MAG/bin-like input; eligible for MAG-level functional atlas if QC and table gates pass	include_in_mag_bin_relaunch_or_retain_if_complete
rumen__10674_0007_idba_bin.97	rumen__10674_0007_idba_bin.97	rumen	rumen	Bacteria	10674_0007_idba_bin.97	data/blue_catalyst_poc/rumen/raw/10674_0007_idba_bin.97.fa.gz	10674_0007_idba_bin.97.fa.gz	data/blue_catalyst_poc/proteomes/rumen__10674_0007_idba_bin.97.faa	rumen__10674_0007_idba_bin.97.faa	ERZ1038025	webin-genome-10674_0007_idba_bin.97	10674_0007_idba_bin.97.fa.gz	filename	matched	1971	True	True		fgx_662_apollo3_20260612		not_started							compressed_gzip	621174		mag_bin	true	false	MAG functional potential	comparable_mag_bin	MAG/bin-like input; eligible for MAG-level functional atlas if QC and table gates pass	include_in_mag_bin_relaunch_or_retain_if_complete
rumen__10674_0008_idba_bin.10	rumen__10674_0008_idba_bin.10	rumen	rumen	Bacteria	10674_0008_idba_bin.10	data/blue_catalyst_poc/rumen/raw/10674_0008_idba_bin.10.fa.gz	10674_0008_idba_bin.10.fa.gz	data/blue_catalyst_poc/proteomes/rumen__10674_0008_idba_bin.10.faa	rumen__10674_0008_idba_bin.10.faa	ERZ1038026	webin-genome-10674_0008_idba_bin.10	10674_0008_idba_bin.10.fa.gz	filename	matched	569	True	True		fgx_662_apollo3_20260612		not_started							compressed_gzip	141853		mag_bin	true	false	MAG functional potential	comparable_mag_bin	MAG/bin-like input; eligible for MAG-level functional atlas if QC and table gates pass	include_in_mag_bin_relaunch_or_retain_if_complete
rumen__10674_0008_idba_bin.100	rumen__10674_0008_idba_bin.100	rumen	rumen	Bacteria	10674_0008_idba_bin.100	data/blue_catalyst_poc/rumen/raw/10674_0008_idba_bin.100.fa.gz	10674_0008_idba_bin.100.fa.gz	data/blue_catalyst_poc/proteomes/rumen__10674_0008_idba_bin.100.faa	rumen__10674_0008_idba_bin.100.faa	ERZ1038027	webin-genome-10674_0008_idba_bin.100	10674_0008_idba_bin.100.fa.gz	filename	matched	2274	True	True		fgx_662_apollo3_20260612		not_started							compressed_gzip	781741		mag_bin	true	false	MAG functional potential	comparable_mag_bin	MAG/bin-like input; eligible for MAG-level functional atlas if QC and table gates pass	include_in_mag_bin_relaunch_or_retain_if_complete
rumen__10674_0008_idba_bin.101	rumen__10674_0008_idba_bin.101	rumen	rumen	Bacteria	10674_0008_idba_bin.101	data/blue_catalyst_poc/rumen/raw/10674_0008_idba_bin.101.fa.gz	10674_0008_idba_bin.101.fa.gz	data/blue_catalyst_poc/proteomes/rumen__10674_0008_idba_bin.101.faa	rumen__10674_0008_idba_bin.101.faa	ERZ1038028	webin-genome-10674_0008_idba_bin.101	10674_0008_idba_bin.101.fa.gz	filename	matched	1676	True	True		fgx_662_apollo3_20260612		not_started							compressed_gzip	583459		mag_bin	true	false	MAG functional potential	comparable_mag_bin	MAG/bin-like input; eligible for MAG-level functional atlas if QC and table gates pass	include_in_mag_bin_relaunch_or_retain_if_complete
rumen__10674_0008_idba_bin.108	rumen__10674_0008_idba_bin.108	rumen	rumen	Bacteria	10674_0008_idba_bin.108	data/blue_catalyst_poc/rumen/raw/10674_0008_idba_bin.108.fa.gz	10674_0008_idba_bin.108.fa.gz	data/blue_catalyst_poc/proteomes/rumen__10674_0008_idba_bin.108.faa	rumen__10674_0008_idba_bin.108.faa	ERZ1038029	webin-genome-10674_0008_idba_bin.108	10674_0008_idba_bin.108.fa.gz	filename	matched	1550	True	True		fgx_662_apollo3_20260612		not_started							compressed_gzip	484649		mag_bin	true	false	MAG functional potential	comparable_mag_bin	MAG/bin-like input; eligible for MAG-level functional atlas if QC and table gates pass	include_in_mag_bin_relaunch_or_retain_if_complete
rumen__10674_0008_idba_bin.111	rumen__10674_0008_idba_bin.111	rumen	rumen	Bacteria	10674_0008_idba_bin.111	data/blue_catalyst_poc/rumen/raw/10674_0008_idba_bin.111.fa.gz	10674_0008_idba_bin.111.fa.gz	data/blue_catalyst_poc/proteomes/rumen__10674_0008_idba_bin.111.faa	rumen__10674_0008_idba_bin.111.faa	ERZ1038030	webin-genome-10674_0008_idba_bin.111	10674_0008_idba_bin.111.fa.gz	filename	matched	1217	True	True		fgx_662_apollo3_20260612		not_started							compressed_gzip	341270		mag_bin	true	false	MAG functional potential	comparable_mag_bin	MAG/bin-like input; eligible for MAG-level functional atlas if QC and table gates pass	include_in_mag_bin_relaunch_or_retain_if_complete
rumen__10674_0008_idba_bin.113	rumen__10674_0008_idba_bin.113	rumen	rumen	Bacteria	10674_0008_idba_bin.113	data/blue_catalyst_poc/rumen/raw/10674_0008_idba_bin.113.fa.gz	10674_0008_idba_bin.113.fa.gz	data/blue_catalyst_poc/proteomes/rumen__10674_0008_idba_bin.113.faa	rumen__10674_0008_idba_bin.113.faa	ERZ1038031	webin-genome-10674_0008_idba_bin.113	10674_0008_idba_bin.113.fa.gz	filename	matched	1876	True	True		fgx_662_apollo3_20260612		not_started							compressed_gzip	523632		mag_bin	true	false	MAG functional potential	comparable_mag_bin	MAG/bin-like input; eligible for MAG-level functional atlas if QC and table gates pass	include_in_mag_bin_relaunch_or_retain_if_complete
rumen__10674_0008_idba_bin.15	rumen__10674_0008_idba_bin.15	rumen	rumen	Bacteria	10674_0008_idba_bin.15	data/blue_catalyst_poc/rumen/raw/10674_0008_idba_bin.15.fa.gz	10674_0008_idba_bin.15.fa.gz	data/blue_catalyst_poc/proteomes/rumen__10674_0008_idba_bin.15.faa	rumen__10674_0008_idba_bin.15.faa	ERZ1038032	webin-genome-10674_0008_idba_bin.15	10674_0008_idba_bin.15.fa.gz	filename	matched	3046	True	True		fgx_662_apollo3_20260612		not_started							compressed_gzip	924624		mag_bin	true	false	MAG functional potential	comparable_mag_bin	MAG/bin-like input; eligible for MAG-level functional atlas if QC and table gates pass	include_in_mag_bin_relaunch_or_retain_if_complete
rumen__10674_0008_idba_bin.17	rumen__10674_0008_idba_bin.17	rumen	rumen	Bacteria	10674_0008_idba_bin.17	data/blue_catalyst_poc/rumen/raw/10674_0008_idba_bin.17.fa.gz	10674_0008_idba_bin.17.fa.gz	data/blue_catalyst_poc/proteomes/rumen__10674_0008_idba_bin.17.faa	rumen__10674_0008_idba_bin.17.faa	ERZ1038033	webin-genome-10674_0008_idba_bin.17	10674_0008_idba_bin.17.fa.gz	filename	matched	2252	True	True		fgx_662_apollo3_20260612		not_started							compressed_gzip	820418		mag_bin	true	false	MAG functional potential	comparable_mag_bin	MAG/bin-like input; eligible for MAG-level functional atlas if QC and table gates pass	include_in_mag_bin_relaunch_or_retain_if_complete
rumen__10674_0008_idba_bin.19	rumen__10674_0008_idba_bin.19	rumen	rumen	Bacteria	10674_0008_idba_bin.19	data/blue_catalyst_poc/rumen/raw/10674_0008_idba_bin.19.fa.gz	10674_0008_idba_bin.19.fa.gz	data/blue_catalyst_poc/proteomes/rumen__10674_0008_idba_bin.19.faa	rumen__10674_0008_idba_bin.19.faa	ERZ1038034	webin-genome-10674_0008_idba_bin.19	10674_0008_idba_bin.19.fa.gz	filename	matched	1400	True	True		fgx_662_apollo3_20260612		not_started							compressed_gzip	430451		mag_bin	true	false	MAG functional potential	comparable_mag_bin	MAG/bin-like input; eligible for MAG-level functional atlas if QC and table gates pass	include_in_mag_bin_relaunch_or_retain_if_complete
rumen__10674_0008_idba_bin.2	rumen__10674_0008_idba_bin.2	rumen	rumen	Bacteria	10674_0008_idba_bin.2	data/blue_catalyst_poc/rumen/raw/10674_0008_idba_bin.2.fa.gz	10674_0008_idba_bin.2.fa.gz	data/blue_catalyst_poc/proteomes/rumen__10674_0008_idba_bin.2.faa	rumen__10674_0008_idba_bin.2.faa	ERZ1038035	webin-genome-10674_0008_idba_bin.2	10674_0008_idba_bin.2.fa.gz	filename	matched	3254	True	True		fgx_662_apollo3_20260612		not_started							compressed_gzip	1099395		mag_bin	true	false	MAG functional potential	comparable_mag_bin	MAG/bin-like input; eligible for MAG-level functional atlas if QC and table gates pass	include_in_mag_bin_relaunch_or_retain_if_complete
rumen__10674_0008_idba_bin.3	rumen__10674_0008_idba_bin.3	rumen	rumen	Bacteria	10674_0008_idba_bin.3	data/blue_catalyst_poc/rumen/raw/10674_0008_idba_bin.3.fa.gz	10674_0008_idba_bin.3.fa.gz	data/blue_catalyst_poc/proteomes/rumen__10674_0008_idba_bin.3.faa	rumen__10674_0008_idba_bin.3.faa	ERZ1038036	webin-genome-10674_0008_idba_bin.3	10674_0008_idba_bin.3.fa.gz	filename	matched	1635	True	True		fgx_662_apollo3_20260612		not_started							compressed_gzip	450903		mag_bin	true	false	MAG functional potential	comparable_mag_bin	MAG/bin-like input; eligible for MAG-level functional atlas if QC and table gates pass	include_in_mag_bin_relaunch_or_retain_if_complete
rumen__10674_0008_idba_bin.31	rumen__10674_0008_idba_bin.31	rumen	rumen	Bacteria	10674_0008_idba_bin.31	data/blue_catalyst_poc/rumen/raw/10674_0008_idba_bin.31.fa.gz	10674_0008_idba_bin.31.fa.gz	data/blue_catalyst_poc/proteomes/rumen__10674_0008_idba_bin.31.faa	rumen__10674_0008_idba_bin.31.faa	ERZ1038037	webin-genome-10674_0008_idba_bin.31	10674_0008_idba_bin.31.fa.gz	filename	matched	1681	True	True		fgx_662_apollo3_20260612		not_started							compressed_gzip	542127		mag_bin	true	false	MAG functional potential	comparable_mag_bin	MAG/bin-like input; eligible for MAG-level functional atlas if QC and table gates pass	include_in_mag_bin_relaunch_or_retain_if_complete
rumen__10674_0008_idba_bin.4	rumen__10674_0008_idba_bin.4	rumen	rumen	Bacteria	10674_0008_idba_bin.4	data/blue_catalyst_poc/rumen/raw/10674_0008_idba_bin.4.fa.gz	10674_0008_idba_bin.4.fa.gz	data/blue_catalyst_poc/proteomes/rumen__10674_0008_idba_bin.4.faa	rumen__10674_0008_idba_bin.4.faa	ERZ1038038	webin-genome-10674_0008_idba_bin.4	10674_0008_idba_bin.4.fa.gz	filename	matched	1948	True	True		fgx_662_apollo3_20260612		not_started							compressed_gzip	604941		mag_bin	true	false	MAG functional potential	comparable_mag_bin	MAG/bin-like input; eligible for MAG-level functional atlas if QC and table gates pass	include_in_mag_bin_relaunch_or_retain_if_complete
rumen__10674_0008_idba_bin.40	rumen__10674_0008_idba_bin.40	rumen	rumen	Bacteria	10674_0008_idba_bin.40	data/blue_catalyst_poc/rumen/raw/10674_0008_idba_bin.40.fa.gz	10674_0008_idba_bin.40.fa.gz	data/blue_catalyst_poc/proteomes/rumen__10674_0008_idba_bin.40.faa	rumen__10674_0008_idba_bin.40.faa	ERZ1038039	webin-genome-10674_0008_idba_bin.40	10674_0008_idba_bin.40.fa.gz	filename	matched	1332	True	True		fgx_662_apollo3_20260612		not_started							compressed_gzip	398144		mag_bin	true	false	MAG functional potential	comparable_mag_bin	MAG/bin-like input; eligible for MAG-level functional atlas if QC and table gates pass	include_in_mag_bin_relaunch_or_retain_if_complete
rumen__10674_0008_idba_bin.41	rumen__10674_0008_idba_bin.41	rumen	rumen	Bacteria	10674_0008_idba_bin.41	data/blue_catalyst_poc/rumen/raw/10674_0008_idba_bin.41.fa.gz	10674_0008_idba_bin.41.fa.gz	data/blue_catalyst_poc/proteomes/rumen__10674_0008_idba_bin.41.faa	rumen__10674_0008_idba_bin.41.faa	ERZ1038040	webin-genome-10674_0008_idba_bin.41	10674_0008_idba_bin.41.fa.gz	filename	matched	2029	True	True		fgx_662_apollo3_20260612		not_started							compressed_gzip	600730		mag_bin	true	false	MAG functional potential	comparable_mag_bin	MAG/bin-like input; eligible for MAG-level functional atlas if QC and table gates pass	include_in_mag_bin_relaunch_or_retain_if_complete
rumen__10674_0008_idba_bin.43	rumen__10674_0008_idba_bin.43	rumen	rumen	Bacteria	10674_0008_idba_bin.43	data/blue_catalyst_poc/rumen/raw/10674_0008_idba_bin.43.fa.gz	10674_0008_idba_bin.43.fa.gz	data/blue_catalyst_poc/proteomes/rumen__10674_0008_idba_bin.43.faa	rumen__10674_0008_idba_bin.43.faa	ERZ1038041	webin-genome-10674_0008_idba_bin.43	10674_0008_idba_bin.43.fa.gz	filename	matched	1766	True	True		fgx_662_apollo3_20260612		not_started							compressed_gzip	546196		mag_bin	true	false	MAG functional potential	comparable_mag_bin	MAG/bin-like input; eligible for MAG-level functional atlas if QC and table gates pass	include_in_mag_bin_relaunch_or_retain_if_complete
rumen__10674_0008_idba_bin.44	rumen__10674_0008_idba_bin.44	rumen	rumen	Bacteria	10674_0008_idba_bin.44	data/blue_catalyst_poc/rumen/raw/10674_0008_idba_bin.44.fa.gz	10674_0008_idba_bin.44.fa.gz	data/blue_catalyst_poc/proteomes/rumen__10674_0008_idba_bin.44.faa	rumen__10674_0008_idba_bin.44.faa	ERZ1038042	webin-genome-10674_0008_idba_bin.44	10674_0008_idba_bin.44.fa.gz	filename	matched	1468	True	True		fgx_662_apollo3_20260612		not_started							compressed_gzip	522326		mag_bin	true	false	MAG functional potential	comparable_mag_bin	MAG/bin-like input; eligible for MAG-level functional atlas if QC and table gates pass	include_in_mag_bin_relaunch_or_retain_if_complete
rumen__10674_0008_idba_bin.45	rumen__10674_0008_idba_bin.45	rumen	rumen	Bacteria	10674_0008_idba_bin.45	data/blue_catalyst_poc/rumen/raw/10674_0008_idba_bin.45.fa.gz	10674_0008_idba_bin.45.fa.gz	data/blue_catalyst_poc/proteomes/rumen__10674_0008_idba_bin.45.faa	rumen__10674_0008_idba_bin.45.faa	ERZ1038043	webin-genome-10674_0008_idba_bin.45	10674_0008_idba_bin.45.fa.gz	filename	matched	2094	True	True		fgx_662_apollo3_20260612		not_started							compressed_gzip	766010		mag_bin	true	false	MAG functional potential	comparable_mag_bin	MAG/bin-like input; eligible for MAG-level functional atlas if QC and table gates pass	include_in_mag_bin_relaunch_or_retain_if_complete
rumen__10674_0008_idba_bin.48	rumen__10674_0008_idba_bin.48	rumen	rumen	Bacteria	10674_0008_idba_bin.48	data/blue_catalyst_poc/rumen/raw/10674_0008_idba_bin.48.fa.gz	10674_0008_idba_bin.48.fa.gz	data/blue_catalyst_poc/proteomes/rumen__10674_0008_idba_bin.48.faa	rumen__10674_0008_idba_bin.48.faa	ERZ1038044	webin-genome-10674_0008_idba_bin.48	10674_0008_idba_bin.48.fa.gz	filename	matched	927	True	True		fgx_662_apollo3_20260612		not_started							compressed_gzip	264075		mag_bin	true	false	MAG functional potential	comparable_mag_bin	MAG/bin-like input; eligible for MAG-level functional atlas if QC and table gates pass	include_in_mag_bin_relaunch_or_retain_if_complete
rumen__10674_0008_idba_bin.50	rumen__10674_0008_idba_bin.50	rumen	rumen	Bacteria	10674_0008_idba_bin.50	data/blue_catalyst_poc/rumen/raw/10674_0008_idba_bin.50.fa.gz	10674_0008_idba_bin.50.fa.gz	data/blue_catalyst_poc/proteomes/rumen__10674_0008_idba_bin.50.faa	rumen__10674_0008_idba_bin.50.faa	ERZ1038045	webin-genome-10674_0008_idba_bin.50	10674_0008_idba_bin.50.fa.gz	filename	matched	1037	True	True		fgx_662_apollo3_20260612		not_started							compressed_gzip	341286		mag_bin	true	false	MAG functional potential	comparable_mag_bin	MAG/bin-like input; eligible for MAG-level functional atlas if QC and table gates pass	include_in_mag_bin_relaunch_or_retain_if_complete
rumen__10674_0008_idba_bin.52	rumen__10674_0008_idba_bin.52	rumen	rumen	Bacteria	10674_0008_idba_bin.52	data/blue_catalyst_poc/rumen/raw/10674_0008_idba_bin.52.fa.gz	10674_0008_idba_bin.52.fa.gz	data/blue_catalyst_poc/proteomes/rumen__10674_0008_idba_bin.52.faa	rumen__10674_0008_idba_bin.52.faa	ERZ1038046	webin-genome-10674_0008_idba_bin.52	10674_0008_idba_bin.52.fa.gz	filename	matched	2014	True	True		fgx_662_apollo3_20260612		not_started							compressed_gzip	760355		mag_bin	true	false	MAG functional potential	comparable_mag_bin	MAG/bin-like input; eligible for MAG-level functional atlas if QC and table gates pass	include_in_mag_bin_relaunch_or_retain_if_complete
rumen__10674_0008_idba_bin.54	rumen__10674_0008_idba_bin.54	rumen	rumen	Bacteria	10674_0008_idba_bin.54	data/blue_catalyst_poc/rumen/raw/10674_0008_idba_bin.54.fa.gz	10674_0008_idba_bin.54.fa.gz	data/blue_catalyst_poc/proteomes/rumen__10674_0008_idba_bin.54.faa	rumen__10674_0008_idba_bin.54.faa	ERZ1038047	webin-genome-10674_0008_idba_bin.54	10674_0008_idba_bin.54.fa.gz	filename	matched	2080	True	True		fgx_662_apollo3_20260612		not_started							compressed_gzip	723939		mag_bin	true	false	MAG functional potential	comparable_mag_bin	MAG/bin-like input; eligible for MAG-level functional atlas if QC and table gates pass	include_in_mag_bin_relaunch_or_retain_if_complete
rumen__10674_0008_idba_bin.59	rumen__10674_0008_idba_bin.59	rumen	rumen	Bacteria	10674_0008_idba_bin.59	data/blue_catalyst_poc/rumen/raw/10674_0008_idba_bin.59.fa.gz	10674_0008_idba_bin.59.fa.gz	data/blue_catalyst_poc/proteomes/rumen__10674_0008_idba_bin.59.faa	rumen__10674_0008_idba_bin.59.faa	ERZ1038048	webin-genome-10674_0008_idba_bin.59	10674_0008_idba_bin.59.fa.gz	filename	matched	1955	True	True		fgx_662_apollo3_20260612		not_started							compressed_gzip	668432		mag_bin	true	false	MAG functional potential	comparable_mag_bin	MAG/bin-like input; eligible for MAG-level functional atlas if QC and table gates pass	include_in_mag_bin_relaunch_or_retain_if_complete
rumen__10674_0008_idba_bin.60	rumen__10674_0008_idba_bin.60	rumen	rumen	Bacteria	10674_0008_idba_bin.60	data/blue_catalyst_poc/rumen/raw/10674_0008_idba_bin.60.fa.gz	10674_0008_idba_bin.60.fa.gz	data/blue_catalyst_poc/proteomes/rumen__10674_0008_idba_bin.60.faa	rumen__10674_0008_idba_bin.60.faa	ERZ1038049	webin-genome-10674_0008_idba_bin.60	10674_0008_idba_bin.60.fa.gz	filename	matched	2143	True	True		fgx_662_apollo3_20260612		not_started							compressed_gzip	746795		mag_bin	true	false	MAG functional potential	comparable_mag_bin	MAG/bin-like input; eligible for MAG-level functional atlas if QC and table gates pass	include_in_mag_bin_relaunch_or_retain_if_complete
rumen__10674_0008_idba_bin.66	rumen__10674_0008_idba_bin.66	rumen	rumen	Bacteria	10674_0008_idba_bin.66	data/blue_catalyst_poc/rumen/raw/10674_0008_idba_bin.66.fa.gz	10674_0008_idba_bin.66.fa.gz	data/blue_catalyst_poc/proteomes/rumen__10674_0008_idba_bin.66.faa	rumen__10674_0008_idba_bin.66.faa	ERZ1038050	webin-genome-10674_0008_idba_bin.66	10674_0008_idba_bin.66.fa.gz	filename	matched	1770	True	True		fgx_662_apollo3_20260612		not_started							compressed_gzip	613194		mag_bin	true	false	MAG functional potential	comparable_mag_bin	MAG/bin-like input; eligible for MAG-level functional atlas if QC and table gates pass	include_in_mag_bin_relaunch_or_retain_if_complete
rumen__10674_0008_idba_bin.67	rumen__10674_0008_idba_bin.67	rumen	rumen	Archaea	10674_0008_idba_bin.67	data/blue_catalyst_poc/rumen/raw/10674_0008_idba_bin.67.fa.gz	10674_0008_idba_bin.67.fa.gz	data/blue_catalyst_poc/proteomes/rumen__10674_0008_idba_bin.67.faa	rumen__10674_0008_idba_bin.67.faa	ERZ1038051	webin-genome-10674_0008_idba_bin.67	10674_0008_idba_bin.67.fa.gz	filename	matched	2109	True	True		fgx_662_apollo3_20260612		not_started							compressed_gzip	599595		mag_bin	true	false	MAG functional potential	comparable_mag_bin	MAG/bin-like input; eligible for MAG-level functional atlas if QC and table gates pass	include_in_mag_bin_relaunch_or_retain_if_complete
rumen__10674_0008_idba_bin.68	rumen__10674_0008_idba_bin.68	rumen	rumen	Bacteria	10674_0008_idba_bin.68	data/blue_catalyst_poc/rumen/raw/10674_0008_idba_bin.68.fa.gz	10674_0008_idba_bin.68.fa.gz	data/blue_catalyst_poc/proteomes/rumen__10674_0008_idba_bin.68.faa	rumen__10674_0008_idba_bin.68.faa	ERZ1038052	webin-genome-10674_0008_idba_bin.68	10674_0008_idba_bin.68.fa.gz	filename	matched	1621	True	True		fgx_662_apollo3_20260612		not_started							compressed_gzip	492633		mag_bin	true	false	MAG functional potential	comparable_mag_bin	MAG/bin-like input; eligible for MAG-level functional atlas if QC and table gates pass	include_in_mag_bin_relaunch_or_retain_if_complete
rumen__10674_0008_idba_bin.78	rumen__10674_0008_idba_bin.78	rumen	rumen	Bacteria	10674_0008_idba_bin.78	data/blue_catalyst_poc/rumen/raw/10674_0008_idba_bin.78.fa.gz	10674_0008_idba_bin.78.fa.gz	data/blue_catalyst_poc/proteomes/rumen__10674_0008_idba_bin.78.faa	rumen__10674_0008_idba_bin.78.faa	ERZ1038053	webin-genome-10674_0008_idba_bin.78	10674_0008_idba_bin.78.fa.gz	filename	matched	715	True	True		fgx_662_apollo3_20260612		not_started							compressed_gzip	203189		mag_bin	true	false	MAG functional potential	comparable_mag_bin	MAG/bin-like input; eligible for MAG-level functional atlas if QC and table gates pass	include_in_mag_bin_relaunch_or_retain_if_complete
rumen__10674_0008_idba_bin.79	rumen__10674_0008_idba_bin.79	rumen	rumen	Bacteria	10674_0008_idba_bin.79	data/blue_catalyst_poc/rumen/raw/10674_0008_idba_bin.79.fa.gz	10674_0008_idba_bin.79.fa.gz	data/blue_catalyst_poc/proteomes/rumen__10674_0008_idba_bin.79.faa	rumen__10674_0008_idba_bin.79.faa	ERZ1038054	webin-genome-10674_0008_idba_bin.79	10674_0008_idba_bin.79.fa.gz	filename	matched	1867	True	True		fgx_662_apollo3_20260612		not_started							compressed_gzip	641023		mag_bin	true	false	MAG functional potential	comparable_mag_bin	MAG/bin-like input; eligible for MAG-level functional atlas if QC and table gates pass	include_in_mag_bin_relaunch_or_retain_if_complete
rumen__10674_0008_idba_bin.81	rumen__10674_0008_idba_bin.81	rumen	rumen	Bacteria	10674_0008_idba_bin.81	data/blue_catalyst_poc/rumen/raw/10674_0008_idba_bin.81.fa.gz	10674_0008_idba_bin.81.fa.gz	data/blue_catalyst_poc/proteomes/rumen__10674_0008_idba_bin.81.faa	rumen__10674_0008_idba_bin.81.faa	ERZ1038055	webin-genome-10674_0008_idba_bin.81	10674_0008_idba_bin.81.fa.gz	filename	matched	1360	True	True		fgx_662_apollo3_20260612		not_started							compressed_gzip	465056		mag_bin	true	false	MAG functional potential	comparable_mag_bin	MAG/bin-like input; eligible for MAG-level functional atlas if QC and table gates pass	include_in_mag_bin_relaunch_or_retain_if_complete
rumen__10674_0008_idba_bin.82	rumen__10674_0008_idba_bin.82	rumen	rumen	Archaea	10674_0008_idba_bin.82	data/blue_catalyst_poc/rumen/raw/10674_0008_idba_bin.82.fa.gz	10674_0008_idba_bin.82.fa.gz	data/blue_catalyst_poc/proteomes/rumen__10674_0008_idba_bin.82.faa	rumen__10674_0008_idba_bin.82.faa	ERZ1038056	webin-genome-10674_0008_idba_bin.82	10674_0008_idba_bin.82.fa.gz	filename	matched	2186	True	True		fgx_662_apollo3_20260612		not_started							compressed_gzip	729750		mag_bin	true	false	MAG functional potential	comparable_mag_bin	MAG/bin-like input; eligible for MAG-level functional atlas if QC and table gates pass	include_in_mag_bin_relaunch_or_retain_if_complete
rumen__10674_0008_idba_bin.87	rumen__10674_0008_idba_bin.87	rumen	rumen	Bacteria	10674_0008_idba_bin.87	data/blue_catalyst_poc/rumen/raw/10674_0008_idba_bin.87.fa.gz	10674_0008_idba_bin.87.fa.gz	data/blue_catalyst_poc/proteomes/rumen__10674_0008_idba_bin.87.faa	rumen__10674_0008_idba_bin.87.faa	ERZ1038057	webin-genome-10674_0008_idba_bin.87	10674_0008_idba_bin.87.fa.gz	filename	matched	2436	True	True		fgx_662_apollo3_20260612		not_started							compressed_gzip	803185		mag_bin	true	false	MAG functional potential	comparable_mag_bin	MAG/bin-like input; eligible for MAG-level functional atlas if QC and table gates pass	include_in_mag_bin_relaunch_or_retain_if_complete
rumen__10674_0008_idba_bin.95	rumen__10674_0008_idba_bin.95	rumen	rumen	Bacteria	10674_0008_idba_bin.95	data/blue_catalyst_poc/rumen/raw/10674_0008_idba_bin.95.fa.gz	10674_0008_idba_bin.95.fa.gz	data/blue_catalyst_poc/proteomes/rumen__10674_0008_idba_bin.95.faa	rumen__10674_0008_idba_bin.95.faa	ERZ1038058	webin-genome-10674_0008_idba_bin.95	10674_0008_idba_bin.95.fa.gz	filename	matched	1794	True	True		fgx_662_apollo3_20260612		not_started							compressed_gzip	666504		mag_bin	true	false	MAG functional potential	comparable_mag_bin	MAG/bin-like input; eligible for MAG-level functional atlas if QC and table gates pass	include_in_mag_bin_relaunch_or_retain_if_complete
rumen__10674_0008_idba_bin.97	rumen__10674_0008_idba_bin.97	rumen	rumen	Bacteria	10674_0008_idba_bin.97	data/blue_catalyst_poc/rumen/raw/10674_0008_idba_bin.97.fa.gz	10674_0008_idba_bin.97.fa.gz	data/blue_catalyst_poc/proteomes/rumen__10674_0008_idba_bin.97.faa	rumen__10674_0008_idba_bin.97.faa	ERZ1038059	webin-genome-10674_0008_idba_bin.97	10674_0008_idba_bin.97.fa.gz	filename	matched	2008	True	True		fgx_662_apollo3_20260612		not_started							compressed_gzip	659781		mag_bin	true	false	MAG functional potential	comparable_mag_bin	MAG/bin-like input; eligible for MAG-level functional atlas if QC and table gates pass	include_in_mag_bin_relaunch_or_retain_if_complete
rumen__10674_0008_idba_bin.99	rumen__10674_0008_idba_bin.99	rumen	rumen	Bacteria	10674_0008_idba_bin.99	data/blue_catalyst_poc/rumen/raw/10674_0008_idba_bin.99.fa.gz	10674_0008_idba_bin.99.fa.gz	data/blue_catalyst_poc/proteomes/rumen__10674_0008_idba_bin.99.faa	rumen__10674_0008_idba_bin.99.faa	ERZ1038060	webin-genome-10674_0008_idba_bin.99	10674_0008_idba_bin.99.fa.gz	filename	matched	1626	True	True		fgx_662_apollo3_20260612		not_started							compressed_gzip	673442		mag_bin	true	false	MAG functional potential	comparable_mag_bin	MAG/bin-like input; eligible for MAG-level functional atlas if QC and table gates pass	include_in_mag_bin_relaunch_or_retain_if_complete
rumen__10674_0009_idba_bin.1	rumen__10674_0009_idba_bin.1	rumen	rumen	Bacteria	10674_0009_idba_bin.1	data/blue_catalyst_poc/rumen/raw/10674_0009_idba_bin.1.fa.gz	10674_0009_idba_bin.1.fa.gz	data/blue_catalyst_poc/proteomes/rumen__10674_0009_idba_bin.1.faa	rumen__10674_0009_idba_bin.1.faa	ERZ1038061	webin-genome-10674_0009_idba_bin.1	10674_0009_idba_bin.1.fa.gz	filename	matched	1671	True	True		fgx_662_apollo3_20260612		not_started							compressed_gzip	595287		mag_bin	true	false	MAG functional potential	comparable_mag_bin	MAG/bin-like input; eligible for MAG-level functional atlas if QC and table gates pass	include_in_mag_bin_relaunch_or_retain_if_complete
rumen__10674_0009_idba_bin.10	rumen__10674_0009_idba_bin.10	rumen	rumen	Bacteria	10674_0009_idba_bin.10	data/blue_catalyst_poc/rumen/raw/10674_0009_idba_bin.10.fa.gz	10674_0009_idba_bin.10.fa.gz	data/blue_catalyst_poc/proteomes/rumen__10674_0009_idba_bin.10.faa	rumen__10674_0009_idba_bin.10.faa	ERZ1038062	webin-genome-10674_0009_idba_bin.10	10674_0009_idba_bin.10.fa.gz	filename	matched	2496	True	True		fgx_662_apollo3_20260612		not_started							compressed_gzip	917392		mag_bin	true	false	MAG functional potential	comparable_mag_bin	MAG/bin-like input; eligible for MAG-level functional atlas if QC and table gates pass	include_in_mag_bin_relaunch_or_retain_if_complete
rumen__10674_0009_idba_bin.101	rumen__10674_0009_idba_bin.101	rumen	rumen	Bacteria	10674_0009_idba_bin.101	data/blue_catalyst_poc/rumen/raw/10674_0009_idba_bin.101.fa.gz	10674_0009_idba_bin.101.fa.gz	data/blue_catalyst_poc/proteomes/rumen__10674_0009_idba_bin.101.faa	rumen__10674_0009_idba_bin.101.faa	ERZ1038063	webin-genome-10674_0009_idba_bin.101	10674_0009_idba_bin.101.fa.gz	filename	matched	1853	True	True		fgx_662_apollo3_20260612		not_started							compressed_gzip	616465		mag_bin	true	false	MAG functional potential	comparable_mag_bin	MAG/bin-like input; eligible for MAG-level functional atlas if QC and table gates pass	include_in_mag_bin_relaunch_or_retain_if_complete
rumen__10674_0009_idba_bin.104	rumen__10674_0009_idba_bin.104	rumen	rumen	Bacteria	10674_0009_idba_bin.104	data/blue_catalyst_poc/rumen/raw/10674_0009_idba_bin.104.fa.gz	10674_0009_idba_bin.104.fa.gz	data/blue_catalyst_poc/proteomes/rumen__10674_0009_idba_bin.104.faa	rumen__10674_0009_idba_bin.104.faa	ERZ1038064	webin-genome-10674_0009_idba_bin.104	10674_0009_idba_bin.104.fa.gz	filename	matched	1916	True	True		fgx_662_apollo3_20260612		not_started							compressed_gzip	548323		mag_bin	true	false	MAG functional potential	comparable_mag_bin	MAG/bin-like input; eligible for MAG-level functional atlas if QC and table gates pass	include_in_mag_bin_relaunch_or_retain_if_complete
rumen__10674_0009_idba_bin.108	rumen__10674_0009_idba_bin.108	rumen	rumen	Bacteria	10674_0009_idba_bin.108	data/blue_catalyst_poc/rumen/raw/10674_0009_idba_bin.108.fa.gz	10674_0009_idba_bin.108.fa.gz	data/blue_catalyst_poc/proteomes/rumen__10674_0009_idba_bin.108.faa	rumen__10674_0009_idba_bin.108.faa	ERZ1038065	webin-genome-10674_0009_idba_bin.108	10674_0009_idba_bin.108.fa.gz	filename	matched	1767	True	True		fgx_662_apollo3_20260612		not_started							compressed_gzip	618143		mag_bin	true	false	MAG functional potential	comparable_mag_bin	MAG/bin-like input; eligible for MAG-level functional atlas if QC and table gates pass	include_in_mag_bin_relaunch_or_retain_if_complete
rumen__10674_0009_idba_bin.11	rumen__10674_0009_idba_bin.11	rumen	rumen	Bacteria	10674_0009_idba_bin.11	data/blue_catalyst_poc/rumen/raw/10674_0009_idba_bin.11.fa.gz	10674_0009_idba_bin.11.fa.gz	data/blue_catalyst_poc/proteomes/rumen__10674_0009_idba_bin.11.faa	rumen__10674_0009_idba_bin.11.faa	ERZ1038066	webin-genome-10674_0009_idba_bin.11	10674_0009_idba_bin.11.fa.gz	filename	matched	2029	True	True		fgx_662_apollo3_20260612		not_started							compressed_gzip	690635		mag_bin	true	false	MAG functional potential	comparable_mag_bin	MAG/bin-like input; eligible for MAG-level functional atlas if QC and table gates pass	include_in_mag_bin_relaunch_or_retain_if_complete
rumen__10674_0009_idba_bin.110	rumen__10674_0009_idba_bin.110	rumen	rumen	Bacteria	10674_0009_idba_bin.110	data/blue_catalyst_poc/rumen/raw/10674_0009_idba_bin.110.fa.gz	10674_0009_idba_bin.110.fa.gz	data/blue_catalyst_poc/proteomes/rumen__10674_0009_idba_bin.110.faa	rumen__10674_0009_idba_bin.110.faa	ERZ1038067	webin-genome-10674_0009_idba_bin.110	10674_0009_idba_bin.110.fa.gz	filename	matched	1556	True	True		fgx_662_apollo3_20260612		not_started							compressed_gzip	449602		mag_bin	true	false	MAG functional potential	comparable_mag_bin	MAG/bin-like input; eligible for MAG-level functional atlas if QC and table gates pass	include_in_mag_bin_relaunch_or_retain_if_complete
rumen__10674_0009_idba_bin.111	rumen__10674_0009_idba_bin.111	rumen	rumen	Bacteria	10674_0009_idba_bin.111	data/blue_catalyst_poc/rumen/raw/10674_0009_idba_bin.111.fa.gz	10674_0009_idba_bin.111.fa.gz	data/blue_catalyst_poc/proteomes/rumen__10674_0009_idba_bin.111.faa	rumen__10674_0009_idba_bin.111.faa	ERZ1038068	webin-genome-10674_0009_idba_bin.111	10674_0009_idba_bin.111.fa.gz	filename	matched	1695	True	True		fgx_662_apollo3_20260612		not_started							compressed_gzip	612036		mag_bin	true	false	MAG functional potential	comparable_mag_bin	MAG/bin-like input; eligible for MAG-level functional atlas if QC and table gates pass	include_in_mag_bin_relaunch_or_retain_if_complete
rumen__10674_0009_idba_bin.113	rumen__10674_0009_idba_bin.113	rumen	rumen	Bacteria	10674_0009_idba_bin.113	data/blue_catalyst_poc/rumen/raw/10674_0009_idba_bin.113.fa.gz	10674_0009_idba_bin.113.fa.gz	data/blue_catalyst_poc/proteomes/rumen__10674_0009_idba_bin.113.faa	rumen__10674_0009_idba_bin.113.faa	ERZ1038069	webin-genome-10674_0009_idba_bin.113	10674_0009_idba_bin.113.fa.gz	filename	matched	1556	True	True		fgx_662_apollo3_20260612		not_started							compressed_gzip	575839		mag_bin	true	false	MAG functional potential	comparable_mag_bin	MAG/bin-like input; eligible for MAG-level functional atlas if QC and table gates pass	include_in_mag_bin_relaunch_or_retain_if_complete
rumen__10674_0009_idba_bin.114	rumen__10674_0009_idba_bin.114	rumen	rumen	Bacteria	10674_0009_idba_bin.114	data/blue_catalyst_poc/rumen/raw/10674_0009_idba_bin.114.fa.gz	10674_0009_idba_bin.114.fa.gz	data/blue_catalyst_poc/proteomes/rumen__10674_0009_idba_bin.114.faa	rumen__10674_0009_idba_bin.114.faa	ERZ1038070	webin-genome-10674_0009_idba_bin.114	10674_0009_idba_bin.114.fa.gz	filename	matched	1894	True	True		fgx_662_apollo3_20260612		not_started							compressed_gzip	575013		mag_bin	true	false	MAG functional potential	comparable_mag_bin	MAG/bin-like input; eligible for MAG-level functional atlas if QC and table gates pass	include_in_mag_bin_relaunch_or_retain_if_complete
rumen__10674_0009_idba_bin.115	rumen__10674_0009_idba_bin.115	rumen	rumen	Bacteria	10674_0009_idba_bin.115	data/blue_catalyst_poc/rumen/raw/10674_0009_idba_bin.115.fa.gz	10674_0009_idba_bin.115.fa.gz	data/blue_catalyst_poc/proteomes/rumen__10674_0009_idba_bin.115.faa	rumen__10674_0009_idba_bin.115.faa	ERZ1038071	webin-genome-10674_0009_idba_bin.115	10674_0009_idba_bin.115.fa.gz	filename	matched	1406	True	True		fgx_662_apollo3_20260612		not_started							compressed_gzip	444803		mag_bin	true	false	MAG functional potential	comparable_mag_bin	MAG/bin-like input; eligible for MAG-level functional atlas if QC and table gates pass	include_in_mag_bin_relaunch_or_retain_if_complete
rumen__10674_0009_idba_bin.117	rumen__10674_0009_idba_bin.117	rumen	rumen	Bacteria	10674_0009_idba_bin.117	data/blue_catalyst_poc/rumen/raw/10674_0009_idba_bin.117.fa.gz	10674_0009_idba_bin.117.fa.gz	data/blue_catalyst_poc/proteomes/rumen__10674_0009_idba_bin.117.faa	rumen__10674_0009_idba_bin.117.faa	ERZ1038072	webin-genome-10674_0009_idba_bin.117	10674_0009_idba_bin.117.fa.gz	filename	matched	2355	True	True		fgx_662_apollo3_20260612		not_started							compressed_gzip	755651		mag_bin	true	false	MAG functional potential	comparable_mag_bin	MAG/bin-like input; eligible for MAG-level functional atlas if QC and table gates pass	include_in_mag_bin_relaunch_or_retain_if_complete
rumen__10674_0009_idba_bin.118	rumen__10674_0009_idba_bin.118	rumen	rumen	Bacteria	10674_0009_idba_bin.118	data/blue_catalyst_poc/rumen/raw/10674_0009_idba_bin.118.fa.gz	10674_0009_idba_bin.118.fa.gz	data/blue_catalyst_poc/proteomes/rumen__10674_0009_idba_bin.118.faa	rumen__10674_0009_idba_bin.118.faa	ERZ1038073	webin-genome-10674_0009_idba_bin.118	10674_0009_idba_bin.118.fa.gz	filename	matched	2634	True	True		fgx_662_apollo3_20260612		not_started							compressed_gzip	837988		mag_bin	true	false	MAG functional potential	comparable_mag_bin	MAG/bin-like input; eligible for MAG-level functional atlas if QC and table gates pass	include_in_mag_bin_relaunch_or_retain_if_complete
rumen__10674_0009_idba_bin.12	rumen__10674_0009_idba_bin.12	rumen	rumen	Bacteria	10674_0009_idba_bin.12	data/blue_catalyst_poc/rumen/raw/10674_0009_idba_bin.12.fa.gz	10674_0009_idba_bin.12.fa.gz	data/blue_catalyst_poc/proteomes/rumen__10674_0009_idba_bin.12.faa	rumen__10674_0009_idba_bin.12.faa	ERZ1038074	webin-genome-10674_0009_idba_bin.12	10674_0009_idba_bin.12.fa.gz	filename	matched	2861	True	True		fgx_662_apollo3_20260612		not_started							compressed_gzip	1009934		mag_bin	true	false	MAG functional potential	comparable_mag_bin	MAG/bin-like input; eligible for MAG-level functional atlas if QC and table gates pass	include_in_mag_bin_relaunch_or_retain_if_complete
rumen__10674_0009_idba_bin.122	rumen__10674_0009_idba_bin.122	rumen	rumen	Bacteria	10674_0009_idba_bin.122	data/blue_catalyst_poc/rumen/raw/10674_0009_idba_bin.122.fa.gz	10674_0009_idba_bin.122.fa.gz	data/blue_catalyst_poc/proteomes/rumen__10674_0009_idba_bin.122.faa	rumen__10674_0009_idba_bin.122.faa	ERZ1038075	webin-genome-10674_0009_idba_bin.122	10674_0009_idba_bin.122.fa.gz	filename	matched	1583	True	True		fgx_662_apollo3_20260612		not_started							compressed_gzip	476710		mag_bin	true	false	MAG functional potential	comparable_mag_bin	MAG/bin-like input; eligible for MAG-level functional atlas if QC and table gates pass	include_in_mag_bin_relaunch_or_retain_if_complete
rumen__10674_0009_idba_bin.123	rumen__10674_0009_idba_bin.123	rumen	rumen	Bacteria	10674_0009_idba_bin.123	data/blue_catalyst_poc/rumen/raw/10674_0009_idba_bin.123.fa.gz	10674_0009_idba_bin.123.fa.gz	data/blue_catalyst_poc/proteomes/rumen__10674_0009_idba_bin.123.faa	rumen__10674_0009_idba_bin.123.faa	ERZ1038076	webin-genome-10674_0009_idba_bin.123	10674_0009_idba_bin.123.fa.gz	filename	matched	1930	True	True		fgx_662_apollo3_20260612		not_started							compressed_gzip	689872		mag_bin	true	false	MAG functional potential	comparable_mag_bin	MAG/bin-like input; eligible for MAG-level functional atlas if QC and table gates pass	include_in_mag_bin_relaunch_or_retain_if_complete
rumen__10674_0009_idba_bin.126	rumen__10674_0009_idba_bin.126	rumen	rumen	Bacteria	10674_0009_idba_bin.126	data/blue_catalyst_poc/rumen/raw/10674_0009_idba_bin.126.fa.gz	10674_0009_idba_bin.126.fa.gz	data/blue_catalyst_poc/proteomes/rumen__10674_0009_idba_bin.126.faa	rumen__10674_0009_idba_bin.126.faa	ERZ1038077	webin-genome-10674_0009_idba_bin.126	10674_0009_idba_bin.126.fa.gz	filename	matched	1703	True	True		fgx_662_apollo3_20260612		not_started							compressed_gzip	498741		mag_bin	true	false	MAG functional potential	comparable_mag_bin	MAG/bin-like input; eligible for MAG-level functional atlas if QC and table gates pass	include_in_mag_bin_relaunch_or_retain_if_complete
rumen__10674_0009_idba_bin.133	rumen__10674_0009_idba_bin.133	rumen	rumen	Bacteria	10674_0009_idba_bin.133	data/blue_catalyst_poc/rumen/raw/10674_0009_idba_bin.133.fa.gz	10674_0009_idba_bin.133.fa.gz	data/blue_catalyst_poc/proteomes/rumen__10674_0009_idba_bin.133.faa	rumen__10674_0009_idba_bin.133.faa	ERZ1038078	webin-genome-10674_0009_idba_bin.133	10674_0009_idba_bin.133.fa.gz	filename	matched	2001	True	True		fgx_662_apollo3_20260612		not_started							compressed_gzip	629288		mag_bin	true	false	MAG functional potential	comparable_mag_bin	MAG/bin-like input; eligible for MAG-level functional atlas if QC and table gates pass	include_in_mag_bin_relaunch_or_retain_if_complete
rumen__10674_0009_idba_bin.136	rumen__10674_0009_idba_bin.136	rumen	rumen	Bacteria	10674_0009_idba_bin.136	data/blue_catalyst_poc/rumen/raw/10674_0009_idba_bin.136.fa.gz	10674_0009_idba_bin.136.fa.gz	data/blue_catalyst_poc/proteomes/rumen__10674_0009_idba_bin.136.faa	rumen__10674_0009_idba_bin.136.faa	ERZ1038079	webin-genome-10674_0009_idba_bin.136	10674_0009_idba_bin.136.fa.gz	filename	matched	1952	True	True		fgx_662_apollo3_20260612		not_started							compressed_gzip	647751		mag_bin	true	false	MAG functional potential	comparable_mag_bin	MAG/bin-like input; eligible for MAG-level functional atlas if QC and table gates pass	include_in_mag_bin_relaunch_or_retain_if_complete
rumen__10674_0009_idba_bin.138	rumen__10674_0009_idba_bin.138	rumen	rumen	Bacteria	10674_0009_idba_bin.138	data/blue_catalyst_poc/rumen/raw/10674_0009_idba_bin.138.fa.gz	10674_0009_idba_bin.138.fa.gz	data/blue_catalyst_poc/proteomes/rumen__10674_0009_idba_bin.138.faa	rumen__10674_0009_idba_bin.138.faa	ERZ1038080	webin-genome-10674_0009_idba_bin.138	10674_0009_idba_bin.138.fa.gz	filename	matched	2348	True	True		fgx_662_apollo3_20260612		not_started							compressed_gzip	855708		mag_bin	true	false	MAG functional potential	comparable_mag_bin	MAG/bin-like input; eligible for MAG-level functional atlas if QC and table gates pass	include_in_mag_bin_relaunch_or_retain_if_complete
rumen__10674_0009_idba_bin.139	rumen__10674_0009_idba_bin.139	rumen	rumen	Bacteria	10674_0009_idba_bin.139	data/blue_catalyst_poc/rumen/raw/10674_0009_idba_bin.139.fa.gz	10674_0009_idba_bin.139.fa.gz	data/blue_catalyst_poc/proteomes/rumen__10674_0009_idba_bin.139.faa	rumen__10674_0009_idba_bin.139.faa	ERZ1038081	webin-genome-10674_0009_idba_bin.139	10674_0009_idba_bin.139.fa.gz	filename	matched	1982	True	True		fgx_662_apollo3_20260612		not_started							compressed_gzip	637494		mag_bin	true	false	MAG functional potential	comparable_mag_bin	MAG/bin-like input; eligible for MAG-level functional atlas if QC and table gates pass	include_in_mag_bin_relaunch_or_retain_if_complete
rumen__10674_0009_idba_bin.14	rumen__10674_0009_idba_bin.14	rumen	rumen	Bacteria	10674_0009_idba_bin.14	data/blue_catalyst_poc/rumen/raw/10674_0009_idba_bin.14.fa.gz	10674_0009_idba_bin.14.fa.gz	data/blue_catalyst_poc/proteomes/rumen__10674_0009_idba_bin.14.faa	rumen__10674_0009_idba_bin.14.faa	ERZ1038082	webin-genome-10674_0009_idba_bin.14	10674_0009_idba_bin.14.fa.gz	filename	matched	2087	True	True		fgx_662_apollo3_20260612		not_started							compressed_gzip	768351		mag_bin	true	false	MAG functional potential	comparable_mag_bin	MAG/bin-like input; eligible for MAG-level functional atlas if QC and table gates pass	include_in_mag_bin_relaunch_or_retain_if_complete
rumen__10674_0009_idba_bin.142	rumen__10674_0009_idba_bin.142	rumen	rumen	Bacteria	10674_0009_idba_bin.142	data/blue_catalyst_poc/rumen/raw/10674_0009_idba_bin.142.fa.gz	10674_0009_idba_bin.142.fa.gz	data/blue_catalyst_poc/proteomes/rumen__10674_0009_idba_bin.142.faa	rumen__10674_0009_idba_bin.142.faa	ERZ1038083	webin-genome-10674_0009_idba_bin.142	10674_0009_idba_bin.142.fa.gz	filename	matched	1969	True	True		fgx_662_apollo3_20260612		not_started							compressed_gzip	571650		mag_bin	true	false	MAG functional potential	comparable_mag_bin	MAG/bin-like input; eligible for MAG-level functional atlas if QC and table gates pass	include_in_mag_bin_relaunch_or_retain_if_complete
rumen__10674_0009_idba_bin.144	rumen__10674_0009_idba_bin.144	rumen	rumen	Bacteria	10674_0009_idba_bin.144	data/blue_catalyst_poc/rumen/raw/10674_0009_idba_bin.144.fa.gz	10674_0009_idba_bin.144.fa.gz	data/blue_catalyst_poc/proteomes/rumen__10674_0009_idba_bin.144.faa	rumen__10674_0009_idba_bin.144.faa	ERZ1038084	webin-genome-10674_0009_idba_bin.144	10674_0009_idba_bin.144.fa.gz	filename	matched	1656	True	True		fgx_662_apollo3_20260612		not_started							compressed_gzip	501799		mag_bin	true	false	MAG functional potential	comparable_mag_bin	MAG/bin-like input; eligible for MAG-level functional atlas if QC and table gates pass	include_in_mag_bin_relaunch_or_retain_if_complete
rumen__10674_0009_idba_bin.146	rumen__10674_0009_idba_bin.146	rumen	rumen	Bacteria	10674_0009_idba_bin.146	data/blue_catalyst_poc/rumen/raw/10674_0009_idba_bin.146.fa.gz	10674_0009_idba_bin.146.fa.gz	data/blue_catalyst_poc/proteomes/rumen__10674_0009_idba_bin.146.faa	rumen__10674_0009_idba_bin.146.faa	ERZ1038085	webin-genome-10674_0009_idba_bin.146	10674_0009_idba_bin.146.fa.gz	filename	matched	1730	True	True		fgx_662_apollo3_20260612		not_started							compressed_gzip	545159		mag_bin	true	false	MAG functional potential	comparable_mag_bin	MAG/bin-like input; eligible for MAG-level functional atlas if QC and table gates pass	include_in_mag_bin_relaunch_or_retain_if_complete
rumen__10674_0009_idba_bin.148	rumen__10674_0009_idba_bin.148	rumen	rumen	Bacteria	10674_0009_idba_bin.148	data/blue_catalyst_poc/rumen/raw/10674_0009_idba_bin.148.fa.gz	10674_0009_idba_bin.148.fa.gz	data/blue_catalyst_poc/proteomes/rumen__10674_0009_idba_bin.148.faa	rumen__10674_0009_idba_bin.148.faa	ERZ1038086	webin-genome-10674_0009_idba_bin.148	10674_0009_idba_bin.148.fa.gz	filename	matched	1924	True	True		fgx_662_apollo3_20260612		not_started							compressed_gzip	614223		mag_bin	true	false	MAG functional potential	comparable_mag_bin	MAG/bin-like input; eligible for MAG-level functional atlas if QC and table gates pass	include_in_mag_bin_relaunch_or_retain_if_complete
rumen__10674_0009_idba_bin.149	rumen__10674_0009_idba_bin.149	rumen	rumen	Bacteria	10674_0009_idba_bin.149	data/blue_catalyst_poc/rumen/raw/10674_0009_idba_bin.149.fa.gz	10674_0009_idba_bin.149.fa.gz	data/blue_catalyst_poc/proteomes/rumen__10674_0009_idba_bin.149.faa	rumen__10674_0009_idba_bin.149.faa	ERZ1038087	webin-genome-10674_0009_idba_bin.149	10674_0009_idba_bin.149.fa.gz	filename	matched	710	True	True		fgx_662_apollo3_20260612		not_started							compressed_gzip	190250		mag_bin	true	false	MAG functional potential	comparable_mag_bin	MAG/bin-like input; eligible for MAG-level functional atlas if QC and table gates pass	include_in_mag_bin_relaunch_or_retain_if_complete
rumen__10674_0009_idba_bin.15	rumen__10674_0009_idba_bin.15	rumen	rumen	Bacteria	10674_0009_idba_bin.15	data/blue_catalyst_poc/rumen/raw/10674_0009_idba_bin.15.fa.gz	10674_0009_idba_bin.15.fa.gz	data/blue_catalyst_poc/proteomes/rumen__10674_0009_idba_bin.15.faa	rumen__10674_0009_idba_bin.15.faa	ERZ1038088	webin-genome-10674_0009_idba_bin.15	10674_0009_idba_bin.15.fa.gz	filename	matched	1558	True	True		fgx_662_apollo3_20260612		not_started							compressed_gzip	464952		mag_bin	true	false	MAG functional potential	comparable_mag_bin	MAG/bin-like input; eligible for MAG-level functional atlas if QC and table gates pass	include_in_mag_bin_relaunch_or_retain_if_complete
rumen__10674_0009_idba_bin.151	rumen__10674_0009_idba_bin.151	rumen	rumen	Bacteria	10674_0009_idba_bin.151	data/blue_catalyst_poc/rumen/raw/10674_0009_idba_bin.151.fa.gz	10674_0009_idba_bin.151.fa.gz	data/blue_catalyst_poc/proteomes/rumen__10674_0009_idba_bin.151.faa	rumen__10674_0009_idba_bin.151.faa	ERZ1038089	webin-genome-10674_0009_idba_bin.151	10674_0009_idba_bin.151.fa.gz	filename	matched	2315	True	True		fgx_662_apollo3_20260612		not_started							compressed_gzip	852687		mag_bin	true	false	MAG functional potential	comparable_mag_bin	MAG/bin-like input; eligible for MAG-level functional atlas if QC and table gates pass	include_in_mag_bin_relaunch_or_retain_if_complete
rumen__10674_0009_idba_bin.153	rumen__10674_0009_idba_bin.153	rumen	rumen	Bacteria	10674_0009_idba_bin.153	data/blue_catalyst_poc/rumen/raw/10674_0009_idba_bin.153.fa.gz	10674_0009_idba_bin.153.fa.gz	data/blue_catalyst_poc/proteomes/rumen__10674_0009_idba_bin.153.faa	rumen__10674_0009_idba_bin.153.faa	ERZ1038090	webin-genome-10674_0009_idba_bin.153	10674_0009_idba_bin.153.fa.gz	filename	matched	1659	True	True		fgx_662_apollo3_20260612		not_started							compressed_gzip	601942		mag_bin	true	false	MAG functional potential	comparable_mag_bin	MAG/bin-like input; eligible for MAG-level functional atlas if QC and table gates pass	include_in_mag_bin_relaunch_or_retain_if_complete
rumen__10674_0009_idba_bin.157	rumen__10674_0009_idba_bin.157	rumen	rumen	Bacteria	10674_0009_idba_bin.157	data/blue_catalyst_poc/rumen/raw/10674_0009_idba_bin.157.fa.gz	10674_0009_idba_bin.157.fa.gz	data/blue_catalyst_poc/proteomes/rumen__10674_0009_idba_bin.157.faa	rumen__10674_0009_idba_bin.157.faa	ERZ1038091	webin-genome-10674_0009_idba_bin.157	10674_0009_idba_bin.157.fa.gz	filename	matched	1735	True	True		fgx_662_apollo3_20260612		not_started							compressed_gzip	510896		mag_bin	true	false	MAG functional potential	comparable_mag_bin	MAG/bin-like input; eligible for MAG-level functional atlas if QC and table gates pass	include_in_mag_bin_relaunch_or_retain_if_complete
rumen__10674_0009_idba_bin.158	rumen__10674_0009_idba_bin.158	rumen	rumen	Bacteria	10674_0009_idba_bin.158	data/blue_catalyst_poc/rumen/raw/10674_0009_idba_bin.158.fa.gz	10674_0009_idba_bin.158.fa.gz	data/blue_catalyst_poc/proteomes/rumen__10674_0009_idba_bin.158.faa	rumen__10674_0009_idba_bin.158.faa	ERZ1038092	webin-genome-10674_0009_idba_bin.158	10674_0009_idba_bin.158.fa.gz	filename	matched	1742	True	True		fgx_662_apollo3_20260612		not_started							compressed_gzip	624687		mag_bin	true	false	MAG functional potential	comparable_mag_bin	MAG/bin-like input; eligible for MAG-level functional atlas if QC and table gates pass	include_in_mag_bin_relaunch_or_retain_if_complete
rumen__10674_0009_idba_bin.159	rumen__10674_0009_idba_bin.159	rumen	rumen	Bacteria	10674_0009_idba_bin.159	data/blue_catalyst_poc/rumen/raw/10674_0009_idba_bin.159.fa.gz	10674_0009_idba_bin.159.fa.gz	data/blue_catalyst_poc/proteomes/rumen__10674_0009_idba_bin.159.faa	rumen__10674_0009_idba_bin.159.faa	ERZ1038093	webin-genome-10674_0009_idba_bin.159	10674_0009_idba_bin.159.fa.gz	filename	matched	1556	True	True		fgx_662_apollo3_20260612		not_started							compressed_gzip	544955		mag_bin	true	false	MAG functional potential	comparable_mag_bin	MAG/bin-like input; eligible for MAG-level functional atlas if QC and table gates pass	include_in_mag_bin_relaunch_or_retain_if_complete
rumen__10674_0009_idba_bin.161	rumen__10674_0009_idba_bin.161	rumen	rumen	Bacteria	10674_0009_idba_bin.161	data/blue_catalyst_poc/rumen/raw/10674_0009_idba_bin.161.fa.gz	10674_0009_idba_bin.161.fa.gz	data/blue_catalyst_poc/proteomes/rumen__10674_0009_idba_bin.161.faa	rumen__10674_0009_idba_bin.161.faa	ERZ1038094	webin-genome-10674_0009_idba_bin.161	10674_0009_idba_bin.161.fa.gz	filename	matched	1955	True	True		fgx_662_apollo3_20260612		not_started							compressed_gzip	656557		mag_bin	true	false	MAG functional potential	comparable_mag_bin	MAG/bin-like input; eligible for MAG-level functional atlas if QC and table gates pass	include_in_mag_bin_relaunch_or_retain_if_complete
rumen__10674_0009_idba_bin.162	rumen__10674_0009_idba_bin.162	rumen	rumen	Bacteria	10674_0009_idba_bin.162	data/blue_catalyst_poc/rumen/raw/10674_0009_idba_bin.162.fa.gz	10674_0009_idba_bin.162.fa.gz	data/blue_catalyst_poc/proteomes/rumen__10674_0009_idba_bin.162.faa	rumen__10674_0009_idba_bin.162.faa	ERZ1038095	webin-genome-10674_0009_idba_bin.162	10674_0009_idba_bin.162.fa.gz	filename	matched	2152	True	True		fgx_662_apollo3_20260612		not_started							compressed_gzip	784796		mag_bin	true	false	MAG functional potential	comparable_mag_bin	MAG/bin-like input; eligible for MAG-level functional atlas if QC and table gates pass	include_in_mag_bin_relaunch_or_retain_if_complete
rumen__10674_0009_idba_bin.163	rumen__10674_0009_idba_bin.163	rumen	rumen	Bacteria	10674_0009_idba_bin.163	data/blue_catalyst_poc/rumen/raw/10674_0009_idba_bin.163.fa.gz	10674_0009_idba_bin.163.fa.gz	data/blue_catalyst_poc/proteomes/rumen__10674_0009_idba_bin.163.faa	rumen__10674_0009_idba_bin.163.faa	ERZ1038096	webin-genome-10674_0009_idba_bin.163	10674_0009_idba_bin.163.fa.gz	filename	matched	1722	True	True		fgx_662_apollo3_20260612		not_started							compressed_gzip	530650		mag_bin	true	false	MAG functional potential	comparable_mag_bin	MAG/bin-like input; eligible for MAG-level functional atlas if QC and table gates pass	include_in_mag_bin_relaunch_or_retain_if_complete
rumen__10674_0009_idba_bin.165	rumen__10674_0009_idba_bin.165	rumen	rumen	Bacteria	10674_0009_idba_bin.165	data/blue_catalyst_poc/rumen/raw/10674_0009_idba_bin.165.fa.gz	10674_0009_idba_bin.165.fa.gz	data/blue_catalyst_poc/proteomes/rumen__10674_0009_idba_bin.165.faa	rumen__10674_0009_idba_bin.165.faa	ERZ1038097	webin-genome-10674_0009_idba_bin.165	10674_0009_idba_bin.165.fa.gz	filename	matched	1547	True	True		fgx_662_apollo3_20260612		not_started							compressed_gzip	481259		mag_bin	true	false	MAG functional potential	comparable_mag_bin	MAG/bin-like input; eligible for MAG-level functional atlas if QC and table gates pass	include_in_mag_bin_relaunch_or_retain_if_complete
rumen__10674_0009_idba_bin.168	rumen__10674_0009_idba_bin.168	rumen	rumen	Bacteria	10674_0009_idba_bin.168	data/blue_catalyst_poc/rumen/raw/10674_0009_idba_bin.168.fa.gz	10674_0009_idba_bin.168.fa.gz	data/blue_catalyst_poc/proteomes/rumen__10674_0009_idba_bin.168.faa	rumen__10674_0009_idba_bin.168.faa	ERZ1038098	webin-genome-10674_0009_idba_bin.168	10674_0009_idba_bin.168.fa.gz	filename	matched	1902	True	True		fgx_662_apollo3_20260612		not_started							compressed_gzip	655483		mag_bin	true	false	MAG functional potential	comparable_mag_bin	MAG/bin-like input; eligible for MAG-level functional atlas if QC and table gates pass	include_in_mag_bin_relaunch_or_retain_if_complete
rumen__10674_0009_idba_bin.169	rumen__10674_0009_idba_bin.169	rumen	rumen	Bacteria	10674_0009_idba_bin.169	data/blue_catalyst_poc/rumen/raw/10674_0009_idba_bin.169.fa.gz	10674_0009_idba_bin.169.fa.gz	data/blue_catalyst_poc/proteomes/rumen__10674_0009_idba_bin.169.faa	rumen__10674_0009_idba_bin.169.faa	ERZ1038099	webin-genome-10674_0009_idba_bin.169	10674_0009_idba_bin.169.fa.gz	filename	matched	1456	True	True		fgx_662_apollo3_20260612		not_started							compressed_gzip	582924		mag_bin	true	false	MAG functional potential	comparable_mag_bin	MAG/bin-like input; eligible for MAG-level functional atlas if QC and table gates pass	include_in_mag_bin_relaunch_or_retain_if_complete
rumen__10674_0009_idba_bin.171	rumen__10674_0009_idba_bin.171	rumen	rumen	Bacteria	10674_0009_idba_bin.171	data/blue_catalyst_poc/rumen/raw/10674_0009_idba_bin.171.fa.gz	10674_0009_idba_bin.171.fa.gz	data/blue_catalyst_poc/proteomes/rumen__10674_0009_idba_bin.171.faa	rumen__10674_0009_idba_bin.171.faa	ERZ1038100	webin-genome-10674_0009_idba_bin.171	10674_0009_idba_bin.171.fa.gz	filename	matched	2291	True	True		fgx_662_apollo3_20260612		not_started							compressed_gzip	879686		mag_bin	true	false	MAG functional potential	comparable_mag_bin	MAG/bin-like input; eligible for MAG-level functional atlas if QC and table gates pass	include_in_mag_bin_relaunch_or_retain_if_complete
rumen__10674_0009_idba_bin.172	rumen__10674_0009_idba_bin.172	rumen	rumen	Bacteria	10674_0009_idba_bin.172	data/blue_catalyst_poc/rumen/raw/10674_0009_idba_bin.172.fa.gz	10674_0009_idba_bin.172.fa.gz	data/blue_catalyst_poc/proteomes/rumen__10674_0009_idba_bin.172.faa	rumen__10674_0009_idba_bin.172.faa	ERZ1038101	webin-genome-10674_0009_idba_bin.172	10674_0009_idba_bin.172.fa.gz	filename	matched	3374	True	True		fgx_662_apollo3_20260612		not_started							compressed_gzip	1110766		mag_bin	true	false	MAG functional potential	comparable_mag_bin	MAG/bin-like input; eligible for MAG-level functional atlas if QC and table gates pass	include_in_mag_bin_relaunch_or_retain_if_complete
rumen__10674_0009_idba_bin.18	rumen__10674_0009_idba_bin.18	rumen	rumen	Bacteria	10674_0009_idba_bin.18	data/blue_catalyst_poc/rumen/raw/10674_0009_idba_bin.18.fa.gz	10674_0009_idba_bin.18.fa.gz	data/blue_catalyst_poc/proteomes/rumen__10674_0009_idba_bin.18.faa	rumen__10674_0009_idba_bin.18.faa	ERZ1038102	webin-genome-10674_0009_idba_bin.18	10674_0009_idba_bin.18.fa.gz	filename	matched	2917	True	True		fgx_662_apollo3_20260612		not_started							compressed_gzip	906369		mag_bin	true	false	MAG functional potential	comparable_mag_bin	MAG/bin-like input; eligible for MAG-level functional atlas if QC and table gates pass	include_in_mag_bin_relaunch_or_retain_if_complete
rumen__10674_0009_idba_bin.181	rumen__10674_0009_idba_bin.181	rumen	rumen	Bacteria	10674_0009_idba_bin.181	data/blue_catalyst_poc/rumen/raw/10674_0009_idba_bin.181.fa.gz	10674_0009_idba_bin.181.fa.gz	data/blue_catalyst_poc/proteomes/rumen__10674_0009_idba_bin.181.faa	rumen__10674_0009_idba_bin.181.faa	ERZ1038103	webin-genome-10674_0009_idba_bin.181	10674_0009_idba_bin.181.fa.gz	filename	matched	2556	True	True		fgx_662_apollo3_20260612		not_started							compressed_gzip	1119451		mag_bin	true	false	MAG functional potential	comparable_mag_bin	MAG/bin-like input; eligible for MAG-level functional atlas if QC and table gates pass	include_in_mag_bin_relaunch_or_retain_if_complete
rumen__10674_0009_idba_bin.182	rumen__10674_0009_idba_bin.182	rumen	rumen	Bacteria	10674_0009_idba_bin.182	data/blue_catalyst_poc/rumen/raw/10674_0009_idba_bin.182.fa.gz	10674_0009_idba_bin.182.fa.gz	data/blue_catalyst_poc/proteomes/rumen__10674_0009_idba_bin.182.faa	rumen__10674_0009_idba_bin.182.faa	ERZ1038104	webin-genome-10674_0009_idba_bin.182	10674_0009_idba_bin.182.fa.gz	filename	matched	3254	True	True		fgx_662_apollo3_20260612		not_started							compressed_gzip	1097904		mag_bin	true	false	MAG functional potential	comparable_mag_bin	MAG/bin-like input; eligible for MAG-level functional atlas if QC and table gates pass	include_in_mag_bin_relaunch_or_retain_if_complete
rumen__10674_0009_idba_bin.183	rumen__10674_0009_idba_bin.183	rumen	rumen	Bacteria	10674_0009_idba_bin.183	data/blue_catalyst_poc/rumen/raw/10674_0009_idba_bin.183.fa.gz	10674_0009_idba_bin.183.fa.gz	data/blue_catalyst_poc/proteomes/rumen__10674_0009_idba_bin.183.faa	rumen__10674_0009_idba_bin.183.faa	ERZ1038105	webin-genome-10674_0009_idba_bin.183	10674_0009_idba_bin.183.fa.gz	filename	matched	2382	True	True		fgx_662_apollo3_20260612		not_started							compressed_gzip	815648		mag_bin	true	false	MAG functional potential	comparable_mag_bin	MAG/bin-like input; eligible for MAG-level functional atlas if QC and table gates pass	include_in_mag_bin_relaunch_or_retain_if_complete
rumen__10674_0009_idba_bin.184	rumen__10674_0009_idba_bin.184	rumen	rumen	Bacteria	10674_0009_idba_bin.184	data/blue_catalyst_poc/rumen/raw/10674_0009_idba_bin.184.fa.gz	10674_0009_idba_bin.184.fa.gz	data/blue_catalyst_poc/proteomes/rumen__10674_0009_idba_bin.184.faa	rumen__10674_0009_idba_bin.184.faa	ERZ1038106	webin-genome-10674_0009_idba_bin.184	10674_0009_idba_bin.184.fa.gz	filename	matched	2262	True	True		fgx_662_apollo3_20260612		not_started							compressed_gzip	795243		mag_bin	true	false	MAG functional potential	comparable_mag_bin	MAG/bin-like input; eligible for MAG-level functional atlas if QC and table gates pass	include_in_mag_bin_relaunch_or_retain_if_complete
rumen__10674_0009_idba_bin.185	rumen__10674_0009_idba_bin.185	rumen	rumen	Bacteria	10674_0009_idba_bin.185	data/blue_catalyst_poc/rumen/raw/10674_0009_idba_bin.185.fa.gz	10674_0009_idba_bin.185.fa.gz	data/blue_catalyst_poc/proteomes/rumen__10674_0009_idba_bin.185.faa	rumen__10674_0009_idba_bin.185.faa	ERZ1038107	webin-genome-10674_0009_idba_bin.185	10674_0009_idba_bin.185.fa.gz	filename	matched	1891	True	True		fgx_662_apollo3_20260612		not_started							compressed_gzip	642634		mag_bin	true	false	MAG functional potential	comparable_mag_bin	MAG/bin-like input; eligible for MAG-level functional atlas if QC and table gates pass	include_in_mag_bin_relaunch_or_retain_if_complete
rumen__10674_0009_idba_bin.187	rumen__10674_0009_idba_bin.187	rumen	rumen	Bacteria	10674_0009_idba_bin.187	data/blue_catalyst_poc/rumen/raw/10674_0009_idba_bin.187.fa.gz	10674_0009_idba_bin.187.fa.gz	data/blue_catalyst_poc/proteomes/rumen__10674_0009_idba_bin.187.faa	rumen__10674_0009_idba_bin.187.faa	ERZ1038108	webin-genome-10674_0009_idba_bin.187	10674_0009_idba_bin.187.fa.gz	filename	matched	2232	True	True		fgx_662_apollo3_20260612		not_started							compressed_gzip	842406		mag_bin	true	false	MAG functional potential	comparable_mag_bin	MAG/bin-like input; eligible for MAG-level functional atlas if QC and table gates pass	include_in_mag_bin_relaunch_or_retain_if_complete
rumen__10674_0009_idba_bin.189	rumen__10674_0009_idba_bin.189	rumen	rumen	Bacteria	10674_0009_idba_bin.189	data/blue_catalyst_poc/rumen/raw/10674_0009_idba_bin.189.fa.gz	10674_0009_idba_bin.189.fa.gz	data/blue_catalyst_poc/proteomes/rumen__10674_0009_idba_bin.189.faa	rumen__10674_0009_idba_bin.189.faa	ERZ1038109	webin-genome-10674_0009_idba_bin.189	10674_0009_idba_bin.189.fa.gz	filename	matched	1874	True	True		fgx_662_apollo3_20260612		not_started							compressed_gzip	644075		mag_bin	true	false	MAG functional potential	comparable_mag_bin	MAG/bin-like input; eligible for MAG-level functional atlas if QC and table gates pass	include_in_mag_bin_relaunch_or_retain_if_complete
rumen__10676_0040_idba_bin.58	rumen__10676_0040_idba_bin.58	rumen	rumen	Bacteria	10676_0040_idba_bin.58	data/blue_catalyst_poc/rumen/raw/10676_0040_idba_bin.58.fa.gz	10676_0040_idba_bin.58.fa.gz	data/blue_catalyst_poc/proteomes/rumen__10676_0040_idba_bin.58.faa	rumen__10676_0040_idba_bin.58.faa	ERZ1042108	webin-genome-10676_0040_idba_bin.58	10676_0040_idba_bin.58.fa.gz	filename	matched	2141	True	True		fgx_662_apollo3_20260612		not_started							compressed_gzip	790190		mag_bin	true	false	MAG functional potential	comparable_mag_bin	MAG/bin-like input; eligible for MAG-level functional atlas if QC and table gates pass	include_in_mag_bin_relaunch_or_retain_if_complete
rumen__10676_0040_idba_bin.61	rumen__10676_0040_idba_bin.61	rumen	rumen	Bacteria	10676_0040_idba_bin.61	data/blue_catalyst_poc/rumen/raw/10676_0040_idba_bin.61.fa.gz	10676_0040_idba_bin.61.fa.gz	data/blue_catalyst_poc/proteomes/rumen__10676_0040_idba_bin.61.faa	rumen__10676_0040_idba_bin.61.faa	ERZ1042112	webin-genome-10676_0040_idba_bin.61	10676_0040_idba_bin.61.fa.gz	filename	matched	912	True	True		fgx_662_apollo3_20260612		not_started							compressed_gzip	265618		mag_bin	true	false	MAG functional potential	comparable_mag_bin	MAG/bin-like input; eligible for MAG-level functional atlas if QC and table gates pass	include_in_mag_bin_relaunch_or_retain_if_complete
rumen__10676_0041_idba_bin.114	rumen__10676_0041_idba_bin.114	rumen	rumen	Bacteria	10676_0041_idba_bin.114	data/blue_catalyst_poc/rumen/raw/10676_0041_idba_bin.114.fa.gz	10676_0041_idba_bin.114.fa.gz	data/blue_catalyst_poc/proteomes/rumen__10676_0041_idba_bin.114.faa	rumen__10676_0041_idba_bin.114.faa	ERZ1042128	webin-genome-10676_0041_idba_bin.114	10676_0041_idba_bin.114.fa.gz	filename	matched	1800	True	True		fgx_662_apollo3_20260612		not_started							compressed_gzip	660865		mag_bin	true	false	MAG functional potential	comparable_mag_bin	MAG/bin-like input; eligible for MAG-level functional atlas if QC and table gates pass	include_in_mag_bin_relaunch_or_retain_if_complete
rumen__10676_0041_idba_bin.63	rumen__10676_0041_idba_bin.63	rumen	rumen	Bacteria	10676_0041_idba_bin.63	data/blue_catalyst_poc/rumen/raw/10676_0041_idba_bin.63.fa.gz	10676_0041_idba_bin.63.fa.gz	data/blue_catalyst_poc/proteomes/rumen__10676_0041_idba_bin.63.faa	rumen__10676_0041_idba_bin.63.faa	ERZ1042158	webin-genome-10676_0041_idba_bin.63	10676_0041_idba_bin.63.fa.gz	filename	matched	1663	True	True		fgx_662_apollo3_20260612		not_started							compressed_gzip	646480		mag_bin	true	false	MAG functional potential	comparable_mag_bin	MAG/bin-like input; eligible for MAG-level functional atlas if QC and table gates pass	include_in_mag_bin_relaunch_or_retain_if_complete
rumen__10676_0041_idba_bin.71	rumen__10676_0041_idba_bin.71	rumen	rumen	Bacteria	10676_0041_idba_bin.71	data/blue_catalyst_poc/rumen/raw/10676_0041_idba_bin.71.fa.gz	10676_0041_idba_bin.71.fa.gz	data/blue_catalyst_poc/proteomes/rumen__10676_0041_idba_bin.71.faa	rumen__10676_0041_idba_bin.71.faa	ERZ1042161	webin-genome-10676_0041_idba_bin.71	10676_0041_idba_bin.71.fa.gz	filename	matched	1729	True	True		fgx_662_apollo3_20260612		not_started							compressed_gzip	506540		mag_bin	true	false	MAG functional potential	comparable_mag_bin	MAG/bin-like input; eligible for MAG-level functional atlas if QC and table gates pass	include_in_mag_bin_relaunch_or_retain_if_complete
rumen__10676_0041_idba_bin.75	rumen__10676_0041_idba_bin.75	rumen	rumen	Bacteria	10676_0041_idba_bin.75	data/blue_catalyst_poc/rumen/raw/10676_0041_idba_bin.75.fa.gz	10676_0041_idba_bin.75.fa.gz	data/blue_catalyst_poc/proteomes/rumen__10676_0041_idba_bin.75.faa	rumen__10676_0041_idba_bin.75.faa	ERZ1042163	webin-genome-10676_0041_idba_bin.75	10676_0041_idba_bin.75.fa.gz	filename	matched	862	True	True		fgx_662_apollo3_20260612	fgx_662_rumen__10676_0041_idba_bin.75_20260612_163349	attempt_created	/home/rsg-jcorre38/Jay_Proyects/MethaNet/results/functional_metagenomics/fgx_662_apollo3_20260612/per_mag/rumen__10676_0041_idba_bin.75/fgx_662_rumen__10676_0041_idba_bin.75_20260612_163349						compressed_gzip	247217		mag_bin	true	false	MAG functional potential	comparable_mag_bin	MAG/bin-like input; eligible for MAG-level functional atlas if QC and table gates pass	include_in_mag_bin_relaunch_or_retain_if_complete
