proteome_id	sample	source	ecosystem	domain	mag_id	mag_fasta	mag_fasta_basename	proteome_faa	proteome_faa_basename	source_analysis_accession	analysis_alias	source_filename	match_key	match_status	n_proteins_used	embedded_final_662	functional_run_include	notes
mucc__2162886008_15	mucc__2162886008_15	mucc	wetland	Unknown	2162886008_15	data/assemblies/2162886008_15.fasta	2162886008_15.fasta	data/blue_catalyst_poc/proteomes/mucc__2162886008_15.faa	mucc__2162886008_15.faa				mag_id_candidate	matched	1792	True	True	
mucc__3300001784_29	mucc__3300001784_29	mucc	wetland	Unknown	3300001784_29	data/assemblies/3300001784_29.fasta	3300001784_29.fasta	data/blue_catalyst_poc/proteomes/mucc__3300001784_29.faa	mucc__3300001784_29.faa				mag_id_candidate	matched	2513	True	True	
mucc__3300004775_9	mucc__3300004775_9	mucc	wetland	Unknown	3300004775_9	data/assemblies/3300004775_9.fasta	3300004775_9.fasta	data/blue_catalyst_poc/proteomes/mucc__3300004775_9.faa	mucc__3300004775_9.faa				mag_id_candidate	matched	1771	True	True	
mucc__3300005325_23	mucc__3300005325_23	mucc	wetland	Unknown	3300005325_23	data/assemblies/3300005325_23.fasta	3300005325_23.fasta	data/blue_catalyst_poc/proteomes/mucc__3300005325_23.faa	mucc__3300005325_23.faa				mag_id_candidate	matched	2347	True	True	
mucc__3300005326_54	mucc__3300005326_54	mucc	wetland	Unknown	3300005326_54	data/assemblies/3300005326_54.fasta	3300005326_54.fasta	data/blue_catalyst_poc/proteomes/mucc__3300005326_54.faa	mucc__3300005326_54.faa				mag_id_candidate	matched	1670	True	True	
mucc__3300009053_19	mucc__3300009053_19	mucc	wetland	Unknown	3300009053_19	data/assemblies/3300009053_19.fasta	3300009053_19.fasta	data/blue_catalyst_poc/proteomes/mucc__3300009053_19.faa	mucc__3300009053_19.faa				mag_id_candidate	matched	1888	True	True	
mucc__3300009081_10	mucc__3300009081_10	mucc	wetland	Unknown	3300009081_10	data/assemblies/3300009081_10.fasta	3300009081_10.fasta	data/blue_catalyst_poc/proteomes/mucc__3300009081_10.faa	mucc__3300009081_10.faa				mag_id_candidate	matched	2305	True	True	
mucc__3300009153_19	mucc__3300009153_19	mucc	wetland	Unknown	3300009153_19	data/assemblies/3300009153_19.fasta	3300009153_19.fasta	data/blue_catalyst_poc/proteomes/mucc__3300009153_19.faa	mucc__3300009153_19.faa				mag_id_candidate	matched	1526	True	True	
mucc__3300010293_30	mucc__3300010293_30	mucc	wetland	Unknown	3300010293_30	data/assemblies/3300010293_30.fasta	3300010293_30.fasta	data/blue_catalyst_poc/proteomes/mucc__3300010293_30.faa	mucc__3300010293_30.faa				mag_id_candidate	matched	1566	True	True	
mucc__3300013126_82	mucc__3300013126_82	mucc	wetland	Unknown	3300013126_82	data/assemblies/3300013126_82.fasta	3300013126_82.fasta	data/blue_catalyst_poc/proteomes/mucc__3300013126_82.faa	mucc__3300013126_82.faa				mag_id_candidate	matched	1967	True	True	
mucc__3300013126_97	mucc__3300013126_97	mucc	wetland	Unknown	3300013126_97	data/assemblies/3300013126_97.fasta	3300013126_97.fasta	data/blue_catalyst_poc/proteomes/mucc__3300013126_97.faa	mucc__3300013126_97.faa				mag_id_candidate	matched	1641	True	True	
mucc__3300014199_19	mucc__3300014199_19	mucc	wetland	Unknown	3300014199_19	data/assemblies/3300014199_19.fasta	3300014199_19.fasta	data/blue_catalyst_poc/proteomes/mucc__3300014199_19.faa	mucc__3300014199_19.faa				mag_id_candidate	matched	1393	True	True	
mucc__3300014205_53	mucc__3300014205_53	mucc	wetland	Unknown	3300014205_53	data/assemblies/3300014205_53.fasta	3300014205_53.fasta	data/blue_catalyst_poc/proteomes/mucc__3300014205_53.faa	mucc__3300014205_53.faa				mag_id_candidate	matched	1924	True	True	
mucc__3300016725_15	mucc__3300016725_15	mucc	wetland	Unknown	3300016725_15	data/assemblies/3300016725_15.fasta	3300016725_15.fasta	data/blue_catalyst_poc/proteomes/mucc__3300016725_15.faa	mucc__3300016725_15.faa				mag_id_candidate	matched	3164	True	True	
mucc__3300017643_20	mucc__3300017643_20	mucc	wetland	Unknown	3300017643_20	data/assemblies/3300017643_20.fasta	3300017643_20.fasta	data/blue_catalyst_poc/proteomes/mucc__3300017643_20.faa	mucc__3300017643_20.faa				mag_id_candidate	matched	2711	True	True	
mucc__3300017947_8	mucc__3300017947_8	mucc	wetland	Unknown	3300017947_8	data/assemblies/3300017947_8.fasta	3300017947_8.fasta	data/blue_catalyst_poc/proteomes/mucc__3300017947_8.faa	mucc__3300017947_8.faa				mag_id_candidate	matched	1984	True	True	
mucc__3300017959_16	mucc__3300017959_16	mucc	wetland	Unknown	3300017959_16	data/assemblies/3300017959_16.fasta	3300017959_16.fasta	data/blue_catalyst_poc/proteomes/mucc__3300017959_16.faa	mucc__3300017959_16.faa				mag_id_candidate	matched	1279	True	True	
mucc__3300017975_11	mucc__3300017975_11	mucc	wetland	Unknown	3300017975_11	data/assemblies/3300017975_11.fasta	3300017975_11.fasta	data/blue_catalyst_poc/proteomes/mucc__3300017975_11.faa	mucc__3300017975_11.faa				mag_id_candidate	matched	1868	True	True	
mucc__3300018012_6	mucc__3300018012_6	mucc	wetland	Unknown	3300018012_6	data/assemblies/3300018012_6.fasta	3300018012_6.fasta	data/blue_catalyst_poc/proteomes/mucc__3300018012_6.faa	mucc__3300018012_6.faa				mag_id_candidate	matched	3404	True	True	
mucc__3300018019_17	mucc__3300018019_17	mucc	wetland	Unknown	3300018019_17	data/assemblies/3300018019_17.fasta	3300018019_17.fasta	data/blue_catalyst_poc/proteomes/mucc__3300018019_17.faa	mucc__3300018019_17.faa				mag_id_candidate	matched	2297	True	True	
mucc__3300021071_20	mucc__3300021071_20	mucc	wetland	Unknown	3300021071_20	data/assemblies/3300021071_20.fasta	3300021071_20.fasta	data/blue_catalyst_poc/proteomes/mucc__3300021071_20.faa	mucc__3300021071_20.faa				mag_id_candidate	matched	1527	True	True	
mucc__3300025858_29	mucc__3300025858_29	mucc	wetland	Unknown	3300025858_29	data/assemblies/3300025858_29.fasta	3300025858_29.fasta	data/blue_catalyst_poc/proteomes/mucc__3300025858_29.faa	mucc__3300025858_29.faa				mag_id_candidate	matched	2335	True	True	
mucc__3300025963_1	mucc__3300025963_1	mucc	wetland	Unknown	3300025963_1	data/assemblies/3300025963_1.fasta	3300025963_1.fasta	data/blue_catalyst_poc/proteomes/mucc__3300025963_1.faa	mucc__3300025963_1.faa				mag_id_candidate	matched	1396	True	True	
mucc__3300025975_1	mucc__3300025975_1	mucc	wetland	Unknown	3300025975_1	data/assemblies/3300025975_1.fasta	3300025975_1.fasta	data/blue_catalyst_poc/proteomes/mucc__3300025975_1.faa	mucc__3300025975_1.faa				mag_id_candidate	matched	1725	True	True	
mucc__3300026026_4	mucc__3300026026_4	mucc	wetland	Unknown	3300026026_4	data/assemblies/3300026026_4.fasta	3300026026_4.fasta	data/blue_catalyst_poc/proteomes/mucc__3300026026_4.faa	mucc__3300026026_4.faa				mag_id_candidate	matched	1571	True	True	
mucc__3300027825_24	mucc__3300027825_24	mucc	wetland	Unknown	3300027825_24	data/assemblies/3300027825_24.fasta	3300027825_24.fasta	data/blue_catalyst_poc/proteomes/mucc__3300027825_24.faa	mucc__3300027825_24.faa				mag_id_candidate	matched	1950	True	True	
mucc__3300027972_11	mucc__3300027972_11	mucc	wetland	Unknown	3300027972_11	data/assemblies/3300027972_11.fasta	3300027972_11.fasta	data/blue_catalyst_poc/proteomes/mucc__3300027972_11.faa	mucc__3300027972_11.faa				mag_id_candidate	matched	2074	True	True	
mucc__3300027979_35	mucc__3300027979_35	mucc	wetland	Unknown	3300027979_35	data/assemblies/3300027979_35.fasta	3300027979_35.fasta	data/blue_catalyst_poc/proteomes/mucc__3300027979_35.faa	mucc__3300027979_35.faa				mag_id_candidate	matched	1601	True	True	
mucc__3300028669_5	mucc__3300028669_5	mucc	wetland	Unknown	3300028669_5	data/assemblies/3300028669_5.fasta	3300028669_5.fasta	data/blue_catalyst_poc/proteomes/mucc__3300028669_5.faa	mucc__3300028669_5.faa				mag_id_candidate	matched	3264	True	True	
mucc__3300032805_20	mucc__3300032805_20	mucc	wetland	Unknown	3300032805_20	data/assemblies/3300032805_20.fasta	3300032805_20.fasta	data/blue_catalyst_poc/proteomes/mucc__3300032805_20.faa	mucc__3300032805_20.faa				mag_id_candidate	matched	1540	True	True	
mucc__3300032892_32	mucc__3300032892_32	mucc	wetland	Unknown	3300032892_32	data/assemblies/3300032892_32.fasta	3300032892_32.fasta	data/blue_catalyst_poc/proteomes/mucc__3300032892_32.faa	mucc__3300032892_32.faa				mag_id_candidate	matched	1148	True	True	
mucc__3300034281_6	mucc__3300034281_6	mucc	wetland	Unknown	3300034281_6	data/assemblies/3300034281_6.fasta	3300034281_6.fasta	data/blue_catalyst_poc/proteomes/mucc__3300034281_6.faa	mucc__3300034281_6.faa				mag_id_candidate	matched	2574	True	True	
mucc__3300036760_62	mucc__3300036760_62	mucc	wetland	Unknown	3300036760_62	data/assemblies/3300036760_62.fasta	3300036760_62.fasta	data/blue_catalyst_poc/proteomes/mucc__3300036760_62.faa	mucc__3300036760_62.faa				mag_id_candidate	matched	1548	True	True	
mucc__3300036886_19	mucc__3300036886_19	mucc	wetland	Unknown	3300036886_19	data/assemblies/3300036886_19.fasta	3300036886_19.fasta	data/blue_catalyst_poc/proteomes/mucc__3300036886_19.faa	mucc__3300036886_19.faa				mag_id_candidate	matched	2322	True	True	
mucc__3300037043_48	mucc__3300037043_48	mucc	wetland	Unknown	3300037043_48	data/assemblies/3300037043_48.fasta	3300037043_48.fasta	data/blue_catalyst_poc/proteomes/mucc__3300037043_48.faa	mucc__3300037043_48.faa				mag_id_candidate	matched	2926	True	True	
mucc__3300037062_11	mucc__3300037062_11	mucc	wetland	Unknown	3300037062_11	data/assemblies/3300037062_11.fasta	3300037062_11.fasta	data/blue_catalyst_poc/proteomes/mucc__3300037062_11.faa	mucc__3300037062_11.faa				mag_id_candidate	matched	2903	True	True	
mucc__3300037089_14	mucc__3300037089_14	mucc	wetland	Unknown	3300037089_14	data/assemblies/3300037089_14.fasta	3300037089_14.fasta	data/blue_catalyst_poc/proteomes/mucc__3300037089_14.faa	mucc__3300037089_14.faa				mag_id_candidate	matched	2587	True	True	
mucc__3300037104_21	mucc__3300037104_21	mucc	wetland	Unknown	3300037104_21	data/assemblies/3300037104_21.fasta	3300037104_21.fasta	data/blue_catalyst_poc/proteomes/mucc__3300037104_21.faa	mucc__3300037104_21.faa				mag_id_candidate	matched	1897	True	True	
mucc__3300037264_32	mucc__3300037264_32	mucc	wetland	Unknown	3300037264_32	data/assemblies/3300037264_32.fasta	3300037264_32.fasta	data/blue_catalyst_poc/proteomes/mucc__3300037264_32.faa	mucc__3300037264_32.faa				mag_id_candidate	matched	2100	True	True	
mucc__3300037365_14	mucc__3300037365_14	mucc	wetland	Unknown	3300037365_14	data/assemblies/3300037365_14.fasta	3300037365_14.fasta	data/blue_catalyst_poc/proteomes/mucc__3300037365_14.faa	mucc__3300037365_14.faa				mag_id_candidate	matched	1649	True	True	
mucc__3300038415_26	mucc__3300038415_26	mucc	wetland	Unknown	3300038415_26	data/assemblies/3300038415_26.fasta	3300038415_26.fasta	data/blue_catalyst_poc/proteomes/mucc__3300038415_26.faa	mucc__3300038415_26.faa				mag_id_candidate	matched	2451	True	True	
mucc__3300038427_21	mucc__3300038427_21	mucc	wetland	Unknown	3300038427_21	data/assemblies/3300038427_21.fasta	3300038427_21.fasta	data/blue_catalyst_poc/proteomes/mucc__3300038427_21.faa	mucc__3300038427_21.faa				mag_id_candidate	matched	2635	True	True	
mucc__3300038429_25	mucc__3300038429_25	mucc	wetland	Unknown	3300038429_25	data/assemblies/3300038429_25.fasta	3300038429_25.fasta	data/blue_catalyst_poc/proteomes/mucc__3300038429_25.faa	mucc__3300038429_25.faa				mag_id_candidate	matched	2087	True	True	
mucc__3300038469_39	mucc__3300038469_39	mucc	wetland	Unknown	3300038469_39	data/assemblies/3300038469_39.fasta	3300038469_39.fasta	data/blue_catalyst_poc/proteomes/mucc__3300038469_39.faa	mucc__3300038469_39.faa				mag_id_candidate	matched	1483	True	True	
mucc__3300038619_18	mucc__3300038619_18	mucc	wetland	Unknown	3300038619_18	data/assemblies/3300038619_18.fasta	3300038619_18.fasta	data/blue_catalyst_poc/proteomes/mucc__3300038619_18.faa	mucc__3300038619_18.faa				mag_id_candidate	matched	2004	True	True	
mucc__3300040758_18	mucc__3300040758_18	mucc	wetland	Unknown	3300040758_18	data/assemblies/3300040758_18.fasta	3300040758_18.fasta	data/blue_catalyst_poc/proteomes/mucc__3300040758_18.faa	mucc__3300040758_18.faa				mag_id_candidate	matched	2256	True	True	
mucc__3300043294_37	mucc__3300043294_37	mucc	wetland	Unknown	3300043294_37	data/assemblies/3300043294_37.fasta	3300043294_37.fasta	data/blue_catalyst_poc/proteomes/mucc__3300043294_37.faa	mucc__3300043294_37.faa				mag_id_candidate	matched	2548	True	True	
mucc__3300044712_168	mucc__3300044712_168	mucc	wetland	Unknown	3300044712_168	data/assemblies/3300044712_168.fasta	3300044712_168.fasta	data/blue_catalyst_poc/proteomes/mucc__3300044712_168.faa	mucc__3300044712_168.faa				mag_id_candidate	matched	1597	True	True	
mucc__3300044712_309	mucc__3300044712_309	mucc	wetland	Unknown	3300044712_309	data/assemblies/3300044712_309.fasta	3300044712_309.fasta	data/blue_catalyst_poc/proteomes/mucc__3300044712_309.faa	mucc__3300044712_309.faa				mag_id_candidate	matched	1369	True	True	
mucc__3300044798_59	mucc__3300044798_59	mucc	wetland	Unknown	3300044798_59	data/assemblies/3300044798_59.fasta	3300044798_59.fasta	data/blue_catalyst_poc/proteomes/mucc__3300044798_59.faa	mucc__3300044798_59.faa				mag_id_candidate	matched	860	True	True	
mucc__3300045007_113	mucc__3300045007_113	mucc	wetland	Unknown	3300045007_113	data/assemblies/3300045007_113.fasta	3300045007_113.fasta	data/blue_catalyst_poc/proteomes/mucc__3300045007_113.faa	mucc__3300045007_113.faa				mag_id_candidate	matched	1409	True	True	
mucc__3300045146_47	mucc__3300045146_47	mucc	wetland	Unknown	3300045146_47	data/assemblies/3300045146_47.fasta	3300045146_47.fasta	data/blue_catalyst_poc/proteomes/mucc__3300045146_47.faa	mucc__3300045146_47.faa				mag_id_candidate	matched	2121	True	True	
mucc__3300046504_2	mucc__3300046504_2	mucc	wetland	Unknown	3300046504_2	data/assemblies/3300046504_2.fasta	3300046504_2.fasta	data/blue_catalyst_poc/proteomes/mucc__3300046504_2.faa	mucc__3300046504_2.faa				mag_id_candidate	matched	1466	True	True	
mucc__3300046652_21	mucc__3300046652_21	mucc	wetland	Unknown	3300046652_21	data/assemblies/3300046652_21.fasta	3300046652_21.fasta	data/blue_catalyst_poc/proteomes/mucc__3300046652_21.faa	mucc__3300046652_21.faa				mag_id_candidate	matched	1604	True	True	
mucc__3300046710_16	mucc__3300046710_16	mucc	wetland	Unknown	3300046710_16	data/assemblies/3300046710_16.fasta	3300046710_16.fasta	data/blue_catalyst_poc/proteomes/mucc__3300046710_16.faa	mucc__3300046710_16.faa				mag_id_candidate	matched	1428	True	True	
mucc__3300047187_12	mucc__3300047187_12	mucc	wetland	Unknown	3300047187_12	data/assemblies/3300047187_12.fasta	3300047187_12.fasta	data/blue_catalyst_poc/proteomes/mucc__3300047187_12.faa	mucc__3300047187_12.faa				mag_id_candidate	matched	1383	True	True	
mucc__3300047644_14	mucc__3300047644_14	mucc	wetland	Unknown	3300047644_14	data/assemblies/3300047644_14.fasta	3300047644_14.fasta	data/blue_catalyst_poc/proteomes/mucc__3300047644_14.faa	mucc__3300047644_14.faa				mag_id_candidate	matched	2565	True	True	
mucc__3300048599_34	mucc__3300048599_34	mucc	wetland	Unknown	3300048599_34	data/assemblies/3300048599_34.fasta	3300048599_34.fasta	data/blue_catalyst_poc/proteomes/mucc__3300048599_34.faa	mucc__3300048599_34.faa				mag_id_candidate	matched	2437	True	True	
mucc__3300049718_33	mucc__3300049718_33	mucc	wetland	Unknown	3300049718_33	data/assemblies/3300049718_33.fasta	3300049718_33.fasta	data/blue_catalyst_poc/proteomes/mucc__3300049718_33.faa	mucc__3300049718_33.faa				mag_id_candidate	matched	2366	True	True	
mucc__3300050014_5	mucc__3300050014_5	mucc	wetland	Unknown	3300050014_5	data/assemblies/3300050014_5.fasta	3300050014_5.fasta	data/blue_catalyst_poc/proteomes/mucc__3300050014_5.faa	mucc__3300050014_5.faa				mag_id_candidate	matched	2085	True	True	
mucc__3300052918_29	mucc__3300052918_29	mucc	wetland	Unknown	3300052918_29	data/assemblies/3300052918_29.fasta	3300052918_29.fasta	data/blue_catalyst_poc/proteomes/mucc__3300052918_29.faa	mucc__3300052918_29.faa				mag_id_candidate	matched	2515	True	True	
mucc__GCA_002067035.1_genomic	mucc__GCA_002067035.1_genomic	mucc	wetland	Unknown	GCA_002067035.1_genomic	data/assemblies/GCA_002067035.1_genomic.fasta	GCA_002067035.1_genomic.fasta	data/blue_catalyst_poc/proteomes/mucc__GCA_002067035.1_genomic.faa	mucc__GCA_002067035.1_genomic.faa				mag_id_candidate	matched	2903	True	True	
mucc__GCA_002495055.1_genomic	mucc__GCA_002495055.1_genomic	mucc	wetland	Unknown	GCA_002495055.1_genomic	data/assemblies/GCA_002495055.1_genomic.fasta	GCA_002495055.1_genomic.fasta	data/blue_catalyst_poc/proteomes/mucc__GCA_002495055.1_genomic.faa	mucc__GCA_002495055.1_genomic.faa				mag_id_candidate	matched	2870	True	True	
mucc__GCA_002495065.1_genomic	mucc__GCA_002495065.1_genomic	mucc	wetland	Unknown	GCA_002495065.1_genomic	data/assemblies/GCA_002495065.1_genomic.fasta	GCA_002495065.1_genomic.fasta	data/blue_catalyst_poc/proteomes/mucc__GCA_002495065.1_genomic.faa	mucc__GCA_002495065.1_genomic.faa				mag_id_candidate	matched	2546	True	True	
mucc__GCA_002495465.1_ASM249546v1_genomic	mucc__GCA_002495465.1_ASM249546v1_genomic	mucc	wetland	Unknown	GCA_002495465.1_ASM249546v1_genomic	data/assemblies/GCA_002495465.1_ASM249546v1_genomic.fasta	GCA_002495465.1_ASM249546v1_genomic.fasta	data/blue_catalyst_poc/proteomes/mucc__GCA_002495465.1_ASM249546v1_genomic.faa	mucc__GCA_002495465.1_ASM249546v1_genomic.faa				mag_id_candidate	matched	731	True	True	
mucc__GCA_002497485.1_genomic	mucc__GCA_002497485.1_genomic	mucc	wetland	Unknown	GCA_002497485.1_genomic	data/assemblies/GCA_002497485.1_genomic.fasta	GCA_002497485.1_genomic.fasta	data/blue_catalyst_poc/proteomes/mucc__GCA_002497485.1_genomic.faa	mucc__GCA_002497485.1_genomic.faa				mag_id_candidate	matched	1912	True	True	
mucc__GCA_002502245.1_genomic	mucc__GCA_002502245.1_genomic	mucc	wetland	Unknown	GCA_002502245.1_genomic	data/assemblies/GCA_002502245.1_genomic.fasta	GCA_002502245.1_genomic.fasta	data/blue_catalyst_poc/proteomes/mucc__GCA_002502245.1_genomic.faa	mucc__GCA_002502245.1_genomic.faa				mag_id_candidate	matched	2213	True	True	
mucc__GCA_002502735.1_genomic	mucc__GCA_002502735.1_genomic	mucc	wetland	Unknown	GCA_002502735.1_genomic	data/assemblies/GCA_002502735.1_genomic.fasta	GCA_002502735.1_genomic.fasta	data/blue_catalyst_poc/proteomes/mucc__GCA_002502735.1_genomic.faa	mucc__GCA_002502735.1_genomic.faa				mag_id_candidate	matched	2414	True	True	
mucc__GCA_002508495.1_genomic	mucc__GCA_002508495.1_genomic	mucc	wetland	Unknown	GCA_002508495.1_genomic	data/assemblies/GCA_002508495.1_genomic.fasta	GCA_002508495.1_genomic.fasta	data/blue_catalyst_poc/proteomes/mucc__GCA_002508495.1_genomic.faa	mucc__GCA_002508495.1_genomic.faa				mag_id_candidate	matched	2047	True	True	
mucc__GCA_002835825.1_genomic	mucc__GCA_002835825.1_genomic	mucc	wetland	Unknown	GCA_002835825.1_genomic	data/assemblies/GCA_002835825.1_genomic.fasta	GCA_002835825.1_genomic.fasta	data/blue_catalyst_poc/proteomes/mucc__GCA_002835825.1_genomic.faa	mucc__GCA_002835825.1_genomic.faa				mag_id_candidate	matched	3160	True	True	
mucc__GCA_002839605.1_genomic	mucc__GCA_002839605.1_genomic	mucc	wetland	Unknown	GCA_002839605.1_genomic	data/assemblies/GCA_002839605.1_genomic.fasta	GCA_002839605.1_genomic.fasta	data/blue_catalyst_poc/proteomes/mucc__GCA_002839605.1_genomic.faa	mucc__GCA_002839605.1_genomic.faa				mag_id_candidate	matched	2601	True	True	
mucc__GCA_002839675.1_genomic	mucc__GCA_002839675.1_genomic	mucc	wetland	Unknown	GCA_002839675.1_genomic	data/assemblies/GCA_002839675.1_genomic.fasta	GCA_002839675.1_genomic.fasta	data/blue_catalyst_poc/proteomes/mucc__GCA_002839675.1_genomic.faa	mucc__GCA_002839675.1_genomic.faa				mag_id_candidate	matched	2491	True	True	
mucc__GCA_003136075.1_genomic	mucc__GCA_003136075.1_genomic	mucc	wetland	Unknown	GCA_003136075.1_genomic	data/assemblies/GCA_003136075.1_genomic.fasta	GCA_003136075.1_genomic.fasta	data/blue_catalyst_poc/proteomes/mucc__GCA_003136075.1_genomic.faa	mucc__GCA_003136075.1_genomic.faa				mag_id_candidate	matched	2554	True	True	
mucc__GCA_003154335.1_genomic	mucc__GCA_003154335.1_genomic	mucc	wetland	Unknown	GCA_003154335.1_genomic	data/assemblies/GCA_003154335.1_genomic.fasta	GCA_003154335.1_genomic.fasta	data/blue_catalyst_poc/proteomes/mucc__GCA_003154335.1_genomic.faa	mucc__GCA_003154335.1_genomic.faa				mag_id_candidate	matched	2391	True	True	
mucc__GCA_003157895.1_genomic	mucc__GCA_003157895.1_genomic	mucc	wetland	Unknown	GCA_003157895.1_genomic	data/assemblies/GCA_003157895.1_genomic.fasta	GCA_003157895.1_genomic.fasta	data/blue_catalyst_poc/proteomes/mucc__GCA_003157895.1_genomic.faa	mucc__GCA_003157895.1_genomic.faa				mag_id_candidate	matched	2280	True	True	
mucc__GCA_003170075.1_genomic	mucc__GCA_003170075.1_genomic	mucc	wetland	Unknown	GCA_003170075.1_genomic	data/assemblies/GCA_003170075.1_genomic.fasta	GCA_003170075.1_genomic.fasta	data/blue_catalyst_poc/proteomes/mucc__GCA_003170075.1_genomic.faa	mucc__GCA_003170075.1_genomic.faa				mag_id_candidate	matched	1982	True	True	
mucc__GCA_012798365.1_genomic	mucc__GCA_012798365.1_genomic	mucc	wetland	Unknown	GCA_012798365.1_genomic	data/assemblies/GCA_012798365.1_genomic.fasta	GCA_012798365.1_genomic.fasta	data/blue_catalyst_poc/proteomes/mucc__GCA_012798365.1_genomic.faa	mucc__GCA_012798365.1_genomic.faa				mag_id_candidate	matched	2821	True	True	
mucc__GCA_013331015.1_genomic	mucc__GCA_013331015.1_genomic	mucc	wetland	Unknown	GCA_013331015.1_genomic	data/assemblies/GCA_013331015.1_genomic.fasta	GCA_013331015.1_genomic.fasta	data/blue_catalyst_poc/proteomes/mucc__GCA_013331015.1_genomic.faa	mucc__GCA_013331015.1_genomic.faa				mag_id_candidate	matched	2397	True	True	
mucc__GCA_903832665.1_genomic	mucc__GCA_903832665.1_genomic	mucc	wetland	Unknown	GCA_903832665.1_genomic	data/assemblies/GCA_903832665.1_genomic.fasta	GCA_903832665.1_genomic.fasta	data/blue_catalyst_poc/proteomes/mucc__GCA_903832665.1_genomic.faa	mucc__GCA_903832665.1_genomic.faa				mag_id_candidate	matched	3016	True	True	
mucc__GCF_000017625.1_genomic	mucc__GCF_000017625.1_genomic	mucc	wetland	Unknown	GCF_000017625.1_genomic	data/assemblies/GCF_000017625.1_genomic.fasta	GCF_000017625.1_genomic.fasta	data/blue_catalyst_poc/proteomes/mucc__GCF_000017625.1_genomic.faa	mucc__GCF_000017625.1_genomic.faa				mag_id_candidate	matched	2503	True	True	
mucc__GCF_000327485.1_genomic	mucc__GCF_000327485.1_genomic	mucc	wetland	Unknown	GCF_000327485.1_genomic	data/assemblies/GCF_000327485.1_genomic.fasta	GCF_000327485.1_genomic.fasta	data/blue_catalyst_poc/proteomes/mucc__GCF_000327485.1_genomic.faa	mucc__GCF_000327485.1_genomic.faa				mag_id_candidate	matched	2850	True	True	
mucc__OWC_0039	mucc__OWC_0039	mucc	wetland	Unknown	OWC_0039	data/assemblies/OWC_0039.fasta	OWC_0039.fasta	data/blue_catalyst_poc/proteomes/mucc__OWC_0039.faa	mucc__OWC_0039.faa				mag_id_candidate	matched	839	True	True	
mucc__OWC_0040	mucc__OWC_0040	mucc	wetland	Unknown	OWC_0040	data/assemblies/OWC_0040.fasta	OWC_0040.fasta	data/blue_catalyst_poc/proteomes/mucc__OWC_0040.faa	mucc__OWC_0040.faa				mag_id_candidate	matched	999	True	True	
mucc__OWC_0041	mucc__OWC_0041	mucc	wetland	Unknown	OWC_0041	data/assemblies/OWC_0041.fasta	OWC_0041.fasta	data/blue_catalyst_poc/proteomes/mucc__OWC_0041.faa	mucc__OWC_0041.faa				mag_id_candidate	matched	2014	True	True	
mucc__OWC_0042	mucc__OWC_0042	mucc	wetland	Unknown	OWC_0042	data/assemblies/OWC_0042.fasta	OWC_0042.fasta	data/blue_catalyst_poc/proteomes/mucc__OWC_0042.faa	mucc__OWC_0042.faa				mag_id_candidate	matched	2161	True	True	
mucc__OWC_0043	mucc__OWC_0043	mucc	wetland	Unknown	OWC_0043	data/assemblies/OWC_0043.fasta	OWC_0043.fasta	data/blue_catalyst_poc/proteomes/mucc__OWC_0043.faa	mucc__OWC_0043.faa				mag_id_candidate	matched	1290	True	True	
mucc__OWC_0044	mucc__OWC_0044	mucc	wetland	Unknown	OWC_0044	data/assemblies/OWC_0044.fasta	OWC_0044.fasta	data/blue_catalyst_poc/proteomes/mucc__OWC_0044.faa	mucc__OWC_0044.faa				mag_id_candidate	matched	1782	True	True	
mucc__OWC_0045	mucc__OWC_0045	mucc	wetland	Unknown	OWC_0045	data/assemblies/OWC_0045.fasta	OWC_0045.fasta	data/blue_catalyst_poc/proteomes/mucc__OWC_0045.faa	mucc__OWC_0045.faa				mag_id_candidate	matched	1001	True	True	
mucc__OWC_0046	mucc__OWC_0046	mucc	wetland	Unknown	OWC_0046	data/assemblies/OWC_0046.fasta	OWC_0046.fasta	data/blue_catalyst_poc/proteomes/mucc__OWC_0046.faa	mucc__OWC_0046.faa				mag_id_candidate	matched	2334	True	True	
mucc__OWC_0047	mucc__OWC_0047	mucc	wetland	Unknown	OWC_0047	data/assemblies/OWC_0047.fasta	OWC_0047.fasta	data/blue_catalyst_poc/proteomes/mucc__OWC_0047.faa	mucc__OWC_0047.faa				mag_id_candidate	matched	1204	True	True	
mucc__OWC_0048	mucc__OWC_0048	mucc	wetland	Unknown	OWC_0048	data/assemblies/OWC_0048.fasta	OWC_0048.fasta	data/blue_catalyst_poc/proteomes/mucc__OWC_0048.faa	mucc__OWC_0048.faa				mag_id_candidate	matched	1781	True	True	
mucc__OWC_0049	mucc__OWC_0049	mucc	wetland	Unknown	OWC_0049	data/assemblies/OWC_0049.fasta	OWC_0049.fasta	data/blue_catalyst_poc/proteomes/mucc__OWC_0049.faa	mucc__OWC_0049.faa				mag_id_candidate	matched	2337	True	True	
mucc__OWC_0050	mucc__OWC_0050	mucc	wetland	Unknown	OWC_0050	data/assemblies/OWC_0050.fasta	OWC_0050.fasta	data/blue_catalyst_poc/proteomes/mucc__OWC_0050.faa	mucc__OWC_0050.faa				mag_id_candidate	matched	1859	True	True	
mucc__OWC_0051	mucc__OWC_0051	mucc	wetland	Unknown	OWC_0051	data/assemblies/OWC_0051.fasta	OWC_0051.fasta	data/blue_catalyst_poc/proteomes/mucc__OWC_0051.faa	mucc__OWC_0051.faa				mag_id_candidate	matched	2248	True	True	
mucc__OWC_0052	mucc__OWC_0052	mucc	wetland	Unknown	OWC_0052	data/assemblies/OWC_0052.fasta	OWC_0052.fasta	data/blue_catalyst_poc/proteomes/mucc__OWC_0052.faa	mucc__OWC_0052.faa				mag_id_candidate	matched	1541	True	True	
mucc__OWC_0053	mucc__OWC_0053	mucc	wetland	Unknown	OWC_0053	data/assemblies/OWC_0053.fasta	OWC_0053.fasta	data/blue_catalyst_poc/proteomes/mucc__OWC_0053.faa	mucc__OWC_0053.faa				mag_id_candidate	matched	2591	True	True	
mucc__OWC_0054	mucc__OWC_0054	mucc	wetland	Unknown	OWC_0054	data/assemblies/OWC_0054.fasta	OWC_0054.fasta	data/blue_catalyst_poc/proteomes/mucc__OWC_0054.faa	mucc__OWC_0054.faa				mag_id_candidate	matched	1154	True	True	
mucc__OWC_0055	mucc__OWC_0055	mucc	wetland	Unknown	OWC_0055	data/assemblies/OWC_0055.fasta	OWC_0055.fasta	data/blue_catalyst_poc/proteomes/mucc__OWC_0055.faa	mucc__OWC_0055.faa				mag_id_candidate	matched	1654	True	True	
mucc__OWC_0056	mucc__OWC_0056	mucc	wetland	Unknown	OWC_0056	data/assemblies/OWC_0056.fasta	OWC_0056.fasta	data/blue_catalyst_poc/proteomes/mucc__OWC_0056.faa	mucc__OWC_0056.faa				mag_id_candidate	matched	2269	True	True	
mucc__OWC_0057	mucc__OWC_0057	mucc	wetland	Unknown	OWC_0057	data/assemblies/OWC_0057.fasta	OWC_0057.fasta	data/blue_catalyst_poc/proteomes/mucc__OWC_0057.faa	mucc__OWC_0057.faa				mag_id_candidate	matched	2574	True	True	
mucc__OWC_0058	mucc__OWC_0058	mucc	wetland	Unknown	OWC_0058	data/assemblies/OWC_0058.fasta	OWC_0058.fasta	data/blue_catalyst_poc/proteomes/mucc__OWC_0058.faa	mucc__OWC_0058.faa				mag_id_candidate	matched	2648	True	True	
mucc__OWC_0059	mucc__OWC_0059	mucc	wetland	Unknown	OWC_0059	data/assemblies/OWC_0059.fasta	OWC_0059.fasta	data/blue_catalyst_poc/proteomes/mucc__OWC_0059.faa	mucc__OWC_0059.faa				mag_id_candidate	matched	1126	True	True	
mucc__OWC_0060	mucc__OWC_0060	mucc	wetland	Unknown	OWC_0060	data/assemblies/OWC_0060.fasta	OWC_0060.fasta	data/blue_catalyst_poc/proteomes/mucc__OWC_0060.faa	mucc__OWC_0060.faa				mag_id_candidate	matched	2284	True	True	
mucc__OWC_0061	mucc__OWC_0061	mucc	wetland	Unknown	OWC_0061	data/assemblies/OWC_0061.fasta	OWC_0061.fasta	data/blue_catalyst_poc/proteomes/mucc__OWC_0061.faa	mucc__OWC_0061.faa				mag_id_candidate	matched	2126	True	True	
mucc__PMBL01	mucc__PMBL01	mucc	wetland	Unknown	PMBL01	data/assemblies/PMBL01.fasta	PMBL01.fasta	data/blue_catalyst_poc/proteomes/mucc__PMBL01.faa	mucc__PMBL01.faa				mag_id_candidate	matched	2337	True	True	
mucc__PMXY01	mucc__PMXY01	mucc	wetland	Unknown	PMXY01	data/assemblies/PMXY01.fasta	PMXY01.fasta	data/blue_catalyst_poc/proteomes/mucc__PMXY01.faa	mucc__PMXY01.faa				mag_id_candidate	matched	1838	True	True	
mucc__PPR_1022_P8D_M_E_Formate2_Day30_megahit_bin.13	mucc__PPR_1022_P8D_M_E_Formate2_Day30_megahit_bin.13	mucc	wetland	Unknown	PPR_1022_P8D_M_E_Formate2_Day30_megahit_bin.13	data/assemblies/PPR_1022_P8D_M_E_Formate2_Day30_megahit_bin.13.fasta	PPR_1022_P8D_M_E_Formate2_Day30_megahit_bin.13.fasta	data/blue_catalyst_poc/proteomes/mucc__PPR_1022_P8D_M_E_Formate2_Day30_megahit_bin.13.faa	mucc__PPR_1022_P8D_M_E_Formate2_Day30_megahit_bin.13.faa				mag_id_candidate	matched	2336	True	True	
rumen__10676_0001_idba	rumen__10676_0001_idba	rumen	rumen	Bacteria	10676_0001_idba	data/blue_catalyst_poc/rumen/raw/10676_0001_idba.fa.gz	10676_0001_idba.fa.gz	data/blue_catalyst_poc/proteomes/rumen__10676_0001_idba.faa	rumen__10676_0001_idba.faa	ERZ1024255	webin-genome-10676_0001_idba_1kb	10676_0001_idba.fa.gz	filename	matched	6000	True	True	
rumen__10676_0002_idba	rumen__10676_0002_idba	rumen	rumen	Bacteria	10676_0002_idba	data/blue_catalyst_poc/rumen/raw/10676_0002_idba.fa.gz	10676_0002_idba.fa.gz	data/blue_catalyst_poc/proteomes/rumen__10676_0002_idba.faa	rumen__10676_0002_idba.faa	ERZ1024256	webin-genome-10676_0002_idba_1kb	10676_0002_idba.fa.gz	filename	matched	6000	True	True	
rumen__10676_0006_idba	rumen__10676_0006_idba	rumen	rumen	Bacteria	10676_0006_idba	data/blue_catalyst_poc/rumen/raw/10676_0006_idba.fa.gz	10676_0006_idba.fa.gz	data/blue_catalyst_poc/proteomes/rumen__10676_0006_idba.faa	rumen__10676_0006_idba.faa	ERZ1024258	webin-genome-10676_0006_idba_1kb	10676_0006_idba.fa.gz	filename	matched	6000	True	True	
rumen__10676_0004_idba	rumen__10676_0004_idba	rumen	rumen	Bacteria	10676_0004_idba	data/blue_catalyst_poc/rumen/raw/10676_0004_idba.fa.gz	10676_0004_idba.fa.gz	data/blue_catalyst_poc/proteomes/rumen__10676_0004_idba.faa	rumen__10676_0004_idba.faa	ERZ1024259	webin-genome-10676_0004_idba_1kb	10676_0004_idba.fa.gz	filename	matched	6000	True	True	
rumen__10676_0015_idba	rumen__10676_0015_idba	rumen	rumen	Bacteria	10676_0015_idba	data/blue_catalyst_poc/rumen/raw/10676_0015_idba.fa.gz	10676_0015_idba.fa.gz	data/blue_catalyst_poc/proteomes/rumen__10676_0015_idba.faa	rumen__10676_0015_idba.faa	ERZ1024260	webin-genome-10676_0015_idba_1kb	10676_0015_idba.fa.gz	filename	matched	6000	True	True	
rumen__10676_0011_idba	rumen__10676_0011_idba	rumen	rumen	Bacteria	10676_0011_idba	data/blue_catalyst_poc/rumen/raw/10676_0011_idba.fa.gz	10676_0011_idba.fa.gz	data/blue_catalyst_poc/proteomes/rumen__10676_0011_idba.faa	rumen__10676_0011_idba.faa	ERZ1024261	webin-genome-10676_0011_idba_1kb	10676_0011_idba.fa.gz	filename	matched	6000	True	True	
rumen__10676_0010_idba	rumen__10676_0010_idba	rumen	rumen	Bacteria	10676_0010_idba	data/blue_catalyst_poc/rumen/raw/10676_0010_idba.fa.gz	10676_0010_idba.fa.gz	data/blue_catalyst_poc/proteomes/rumen__10676_0010_idba.faa	rumen__10676_0010_idba.faa	ERZ1024262	webin-genome-10676_0010_idba_1kb	10676_0010_idba.fa.gz	filename	matched	6000	True	True	
rumen__10676_0012_idba	rumen__10676_0012_idba	rumen	rumen	Bacteria	10676_0012_idba	data/blue_catalyst_poc/rumen/raw/10676_0012_idba.fa.gz	10676_0012_idba.fa.gz	data/blue_catalyst_poc/proteomes/rumen__10676_0012_idba.faa	rumen__10676_0012_idba.faa	ERZ1024263	webin-genome-10676_0012_idba_1kb	10676_0012_idba.fa.gz	filename	matched	6000	True	True	
rumen__10676_0018_idba	rumen__10676_0018_idba	rumen	rumen	Bacteria	10676_0018_idba	data/blue_catalyst_poc/rumen/raw/10676_0018_idba.fa.gz	10676_0018_idba.fa.gz	data/blue_catalyst_poc/proteomes/rumen__10676_0018_idba.faa	rumen__10676_0018_idba.faa	ERZ1024264	webin-genome-10676_0018_idba_1kb	10676_0018_idba.fa.gz	filename	matched	6000	True	True	
rumen__10676_0017_idba	rumen__10676_0017_idba	rumen	rumen	Bacteria	10676_0017_idba	data/blue_catalyst_poc/rumen/raw/10676_0017_idba.fa.gz	10676_0017_idba.fa.gz	data/blue_catalyst_poc/proteomes/rumen__10676_0017_idba.faa	rumen__10676_0017_idba.faa	ERZ1024265	webin-genome-10676_0017_idba_1kb	10676_0017_idba.fa.gz	filename	matched	6000	True	True	
rumen__10676_0022_idba	rumen__10676_0022_idba	rumen	rumen	Bacteria	10676_0022_idba	data/blue_catalyst_poc/rumen/raw/10676_0022_idba.fa.gz	10676_0022_idba.fa.gz	data/blue_catalyst_poc/proteomes/rumen__10676_0022_idba.faa	rumen__10676_0022_idba.faa	ERZ1024266	webin-genome-10676_0022_idba_1kb	10676_0022_idba.fa.gz	filename	matched	6000	True	True	
rumen__10676_0021_idba	rumen__10676_0021_idba	rumen	rumen	Bacteria	10676_0021_idba	data/blue_catalyst_poc/rumen/raw/10676_0021_idba.fa.gz	10676_0021_idba.fa.gz	data/blue_catalyst_poc/proteomes/rumen__10676_0021_idba.faa	rumen__10676_0021_idba.faa	ERZ1024267	webin-genome-10676_0021_idba_1kb	10676_0021_idba.fa.gz	filename	matched	6000	True	True	
rumen__10676_0025_idba	rumen__10676_0025_idba	rumen	rumen	Bacteria	10676_0025_idba	data/blue_catalyst_poc/rumen/raw/10676_0025_idba.fa.gz	10676_0025_idba.fa.gz	data/blue_catalyst_poc/proteomes/rumen__10676_0025_idba.faa	rumen__10676_0025_idba.faa	ERZ1024268	webin-genome-10676_0025_idba_1kb	10676_0025_idba.fa.gz	filename	matched	6000	True	True	
rumen__10676_0028_idba	rumen__10676_0028_idba	rumen	rumen	Bacteria	10676_0028_idba	data/blue_catalyst_poc/rumen/raw/10676_0028_idba.fa.gz	10676_0028_idba.fa.gz	data/blue_catalyst_poc/proteomes/rumen__10676_0028_idba.faa	rumen__10676_0028_idba.faa	ERZ1024269	webin-genome-10676_0028_idba_1kb	10676_0028_idba.fa.gz	filename	matched	6000	True	True	
rumen__10676_0020_idba	rumen__10676_0020_idba	rumen	rumen	Bacteria	10676_0020_idba	data/blue_catalyst_poc/rumen/raw/10676_0020_idba.fa.gz	10676_0020_idba.fa.gz	data/blue_catalyst_poc/proteomes/rumen__10676_0020_idba.faa	rumen__10676_0020_idba.faa	ERZ1024270	webin-genome-10676_0020_idba_1kb	10676_0020_idba.fa.gz	filename	matched	6000	True	True	
rumen__10676_0029_idba	rumen__10676_0029_idba	rumen	rumen	Bacteria	10676_0029_idba	data/blue_catalyst_poc/rumen/raw/10676_0029_idba.fa.gz	10676_0029_idba.fa.gz	data/blue_catalyst_poc/proteomes/rumen__10676_0029_idba.faa	rumen__10676_0029_idba.faa	ERZ1024271	webin-genome-10676_0029_idba_1kb	10676_0029_idba.fa.gz	filename	matched	6000	True	True	
rumen__10676_0035_idba	rumen__10676_0035_idba	rumen	rumen	Bacteria	10676_0035_idba	data/blue_catalyst_poc/rumen/raw/10676_0035_idba.fa.gz	10676_0035_idba.fa.gz	data/blue_catalyst_poc/proteomes/rumen__10676_0035_idba.faa	rumen__10676_0035_idba.faa	ERZ1024272	webin-genome-10676_0035_idba_1kb	10676_0035_idba.fa.gz	filename	matched	6000	True	True	
rumen__10676_0034_idba	rumen__10676_0034_idba	rumen	rumen	Bacteria	10676_0034_idba	data/blue_catalyst_poc/rumen/raw/10676_0034_idba.fa.gz	10676_0034_idba.fa.gz	data/blue_catalyst_poc/proteomes/rumen__10676_0034_idba.faa	rumen__10676_0034_idba.faa	ERZ1024273	webin-genome-10676_0034_idba_1kb	10676_0034_idba.fa.gz	filename	matched	6000	True	True	
rumen__10676_0030_idba	rumen__10676_0030_idba	rumen	rumen	Bacteria	10676_0030_idba	data/blue_catalyst_poc/rumen/raw/10676_0030_idba.fa.gz	10676_0030_idba.fa.gz	data/blue_catalyst_poc/proteomes/rumen__10676_0030_idba.faa	rumen__10676_0030_idba.faa	ERZ1024274	webin-genome-10676_0030_idba_1kb	10676_0030_idba.fa.gz	filename	matched	6000	True	True	
rumen__10676_0036_idba	rumen__10676_0036_idba	rumen	rumen	Bacteria	10676_0036_idba	data/blue_catalyst_poc/rumen/raw/10676_0036_idba.fa.gz	10676_0036_idba.fa.gz	data/blue_catalyst_poc/proteomes/rumen__10676_0036_idba.faa	rumen__10676_0036_idba.faa	ERZ1024275	webin-genome-10676_0036_idba_1kb	10676_0036_idba.fa.gz	filename	matched	6000	True	True	
rumen__10676_0032_idba	rumen__10676_0032_idba	rumen	rumen	Bacteria	10676_0032_idba	data/blue_catalyst_poc/rumen/raw/10676_0032_idba.fa.gz	10676_0032_idba.fa.gz	data/blue_catalyst_poc/proteomes/rumen__10676_0032_idba.faa	rumen__10676_0032_idba.faa	ERZ1024276	webin-genome-10676_0032_idba_1kb	10676_0032_idba.fa.gz	filename	matched	6000	True	True	
rumen__10676_0026_idba	rumen__10676_0026_idba	rumen	rumen	Bacteria	10676_0026_idba	data/blue_catalyst_poc/rumen/raw/10676_0026_idba.fa.gz	10676_0026_idba.fa.gz	data/blue_catalyst_poc/proteomes/rumen__10676_0026_idba.faa	rumen__10676_0026_idba.faa	ERZ1024277	webin-genome-10676_0026_idba_1kb	10676_0026_idba.fa.gz	filename	matched	6000	True	True	
rumen__10676_0033_idba	rumen__10676_0033_idba	rumen	rumen	Bacteria	10676_0033_idba	data/blue_catalyst_poc/rumen/raw/10676_0033_idba.fa.gz	10676_0033_idba.fa.gz	data/blue_catalyst_poc/proteomes/rumen__10676_0033_idba.faa	rumen__10676_0033_idba.faa	ERZ1024278	webin-genome-10676_0033_idba_1kb	10676_0033_idba.fa.gz	filename	matched	6000	True	True	
rumen__10676_0027_idba	rumen__10676_0027_idba	rumen	rumen	Bacteria	10676_0027_idba	data/blue_catalyst_poc/rumen/raw/10676_0027_idba.fa.gz	10676_0027_idba.fa.gz	data/blue_catalyst_poc/proteomes/rumen__10676_0027_idba.faa	rumen__10676_0027_idba.faa	ERZ1024280	webin-genome-10676_0027_idba_1kb	10676_0027_idba.fa.gz	filename	matched	6000	True	True	
rumen__10676_0048_idba	rumen__10676_0048_idba	rumen	rumen	Bacteria	10676_0048_idba	data/blue_catalyst_poc/rumen/raw/10676_0048_idba.fa.gz	10676_0048_idba.fa.gz	data/blue_catalyst_poc/proteomes/rumen__10676_0048_idba.faa	rumen__10676_0048_idba.faa	ERZ1024281	webin-genome-10676_0048_idba_1kb	10676_0048_idba.fa.gz	filename	matched	6000	True	True	
rumen__10676_0046_idba	rumen__10676_0046_idba	rumen	rumen	Bacteria	10676_0046_idba	data/blue_catalyst_poc/rumen/raw/10676_0046_idba.fa.gz	10676_0046_idba.fa.gz	data/blue_catalyst_poc/proteomes/rumen__10676_0046_idba.faa	rumen__10676_0046_idba.faa	ERZ1024282	webin-genome-10676_0046_idba_1kb	10676_0046_idba.fa.gz	filename	matched	6000	True	True	
rumen__10676_0049_idba	rumen__10676_0049_idba	rumen	rumen	Bacteria	10676_0049_idba	data/blue_catalyst_poc/rumen/raw/10676_0049_idba.fa.gz	10676_0049_idba.fa.gz	data/blue_catalyst_poc/proteomes/rumen__10676_0049_idba.faa	rumen__10676_0049_idba.faa	ERZ1024284	webin-genome-10676_0049_idba_1kb	10676_0049_idba.fa.gz	filename	matched	6000	True	True	
rumen__10676_0042_idba	rumen__10676_0042_idba	rumen	rumen	Bacteria	10676_0042_idba	data/blue_catalyst_poc/rumen/raw/10676_0042_idba.fa.gz	10676_0042_idba.fa.gz	data/blue_catalyst_poc/proteomes/rumen__10676_0042_idba.faa	rumen__10676_0042_idba.faa	ERZ1024285	webin-genome-10676_0042_idba_1kb	10676_0042_idba.fa.gz	filename	matched	6000	True	True	
rumen__10676_0043_idba	rumen__10676_0043_idba	rumen	rumen	Bacteria	10676_0043_idba	data/blue_catalyst_poc/rumen/raw/10676_0043_idba.fa.gz	10676_0043_idba.fa.gz	data/blue_catalyst_poc/proteomes/rumen__10676_0043_idba.faa	rumen__10676_0043_idba.faa	ERZ1024286	webin-genome-10676_0043_idba_1kb	10676_0043_idba.fa.gz	filename	matched	6000	True	True	
rumen__10676_0051_idba	rumen__10676_0051_idba	rumen	rumen	Bacteria	10676_0051_idba	data/blue_catalyst_poc/rumen/raw/10676_0051_idba.fa.gz	10676_0051_idba.fa.gz	data/blue_catalyst_poc/proteomes/rumen__10676_0051_idba.faa	rumen__10676_0051_idba.faa	ERZ1024287	webin-genome-10676_0051_idba_1kb	10676_0051_idba.fa.gz	filename	matched	6000	True	True	
rumen__10676_0039_idba	rumen__10676_0039_idba	rumen	rumen	Bacteria	10676_0039_idba	data/blue_catalyst_poc/rumen/raw/10676_0039_idba.fa.gz	10676_0039_idba.fa.gz	data/blue_catalyst_poc/proteomes/rumen__10676_0039_idba.faa	rumen__10676_0039_idba.faa	ERZ1024290	webin-genome-10676_0039_idba_1kb	10676_0039_idba.fa.gz	filename	matched	6000	True	True	
rumen__10676_0050_idba	rumen__10676_0050_idba	rumen	rumen	Bacteria	10676_0050_idba	data/blue_catalyst_poc/rumen/raw/10676_0050_idba.fa.gz	10676_0050_idba.fa.gz	data/blue_catalyst_poc/proteomes/rumen__10676_0050_idba.faa	rumen__10676_0050_idba.faa	ERZ1024291	webin-genome-10676_0050_idba_1kb	10676_0050_idba.fa.gz	filename	matched	6000	True	True	
rumen__10676_0047_idba	rumen__10676_0047_idba	rumen	rumen	Bacteria	10676_0047_idba	data/blue_catalyst_poc/rumen/raw/10676_0047_idba.fa.gz	10676_0047_idba.fa.gz	data/blue_catalyst_poc/proteomes/rumen__10676_0047_idba.faa	rumen__10676_0047_idba.faa	ERZ1024292	webin-genome-10676_0047_idba_1kb	10676_0047_idba.fa.gz	filename	matched	6000	True	True	
rumen__10676_0023_idba	rumen__10676_0023_idba	rumen	rumen	Bacteria	10676_0023_idba	data/blue_catalyst_poc/rumen/raw/10676_0023_idba.fa.gz	10676_0023_idba.fa.gz	data/blue_catalyst_poc/proteomes/rumen__10676_0023_idba.faa	rumen__10676_0023_idba.faa	ERZ1024293	webin-genome-10676_0023_idba_1kb	10676_0023_idba.fa.gz	filename	matched	6000	True	True	
rumen__10676_0009_idba	rumen__10676_0009_idba	rumen	rumen	Bacteria	10676_0009_idba	data/blue_catalyst_poc/rumen/raw/10676_0009_idba.fa.gz	10676_0009_idba.fa.gz	data/blue_catalyst_poc/proteomes/rumen__10676_0009_idba.faa	rumen__10676_0009_idba.faa	ERZ1024294	webin-genome-10676_0009_idba_1kb	10676_0009_idba.fa.gz	filename	matched	6000	True	True	
rumen__10676_0024_idba	rumen__10676_0024_idba	rumen	rumen	Bacteria	10676_0024_idba	data/blue_catalyst_poc/rumen/raw/10676_0024_idba.fa.gz	10676_0024_idba.fa.gz	data/blue_catalyst_poc/proteomes/rumen__10676_0024_idba.faa	rumen__10676_0024_idba.faa	ERZ1024295	webin-genome-10676_0024_idba_1kb	10676_0024_idba.fa.gz	filename	matched	6000	True	True	
rumen__10676_0014_idba	rumen__10676_0014_idba	rumen	rumen	Bacteria	10676_0014_idba	data/blue_catalyst_poc/rumen/raw/10676_0014_idba.fa.gz	10676_0014_idba.fa.gz	data/blue_catalyst_poc/proteomes/rumen__10676_0014_idba.faa	rumen__10676_0014_idba.faa	ERZ1024302	webin-genome-10676_0014_idba_1kb	10676_0014_idba.fa.gz	filename	matched	6000	True	True	
rumen__10674_0001_idba_bin.10	rumen__10674_0001_idba_bin.10	rumen	rumen	Bacteria	10674_0001_idba_bin.10	data/blue_catalyst_poc/rumen/raw/10674_0001_idba_bin.10.fa.gz	10674_0001_idba_bin.10.fa.gz	data/blue_catalyst_poc/proteomes/rumen__10674_0001_idba_bin.10.faa	rumen__10674_0001_idba_bin.10.faa	ERZ1036795	webin-genome-10674_0001_idba_bin.10	10674_0001_idba_bin.10.fa.gz	filename	matched	1926	True	True	
rumen__10674_0001_idba_bin.100	rumen__10674_0001_idba_bin.100	rumen	rumen	Bacteria	10674_0001_idba_bin.100	data/blue_catalyst_poc/rumen/raw/10674_0001_idba_bin.100.fa.gz	10674_0001_idba_bin.100.fa.gz	data/blue_catalyst_poc/proteomes/rumen__10674_0001_idba_bin.100.faa	rumen__10674_0001_idba_bin.100.faa	ERZ1037592	webin-genome-10674_0001_idba_bin.100	10674_0001_idba_bin.100.fa.gz	filename	matched	1971	True	True	
rumen__10674_0001_idba_bin.102	rumen__10674_0001_idba_bin.102	rumen	rumen	Bacteria	10674_0001_idba_bin.102	data/blue_catalyst_poc/rumen/raw/10674_0001_idba_bin.102.fa.gz	10674_0001_idba_bin.102.fa.gz	data/blue_catalyst_poc/proteomes/rumen__10674_0001_idba_bin.102.faa	rumen__10674_0001_idba_bin.102.faa	ERZ1037593	webin-genome-10674_0001_idba_bin.102	10674_0001_idba_bin.102.fa.gz	filename	matched	926	True	True	
rumen__10674_0001_idba_bin.11	rumen__10674_0001_idba_bin.11	rumen	rumen	Bacteria	10674_0001_idba_bin.11	data/blue_catalyst_poc/rumen/raw/10674_0001_idba_bin.11.fa.gz	10674_0001_idba_bin.11.fa.gz	data/blue_catalyst_poc/proteomes/rumen__10674_0001_idba_bin.11.faa	rumen__10674_0001_idba_bin.11.faa	ERZ1037594	webin-genome-10674_0001_idba_bin.11	10674_0001_idba_bin.11.fa.gz	filename	matched	1926	True	True	
rumen__10674_0001_idba_bin.20	rumen__10674_0001_idba_bin.20	rumen	rumen	Bacteria	10674_0001_idba_bin.20	data/blue_catalyst_poc/rumen/raw/10674_0001_idba_bin.20.fa.gz	10674_0001_idba_bin.20.fa.gz	data/blue_catalyst_poc/proteomes/rumen__10674_0001_idba_bin.20.faa	rumen__10674_0001_idba_bin.20.faa	ERZ1037595	webin-genome-10674_0001_idba_bin.20	10674_0001_idba_bin.20.fa.gz	filename	matched	1564	True	True	
rumen__10674_0001_idba_bin.23	rumen__10674_0001_idba_bin.23	rumen	rumen	Archaea	10674_0001_idba_bin.23	data/blue_catalyst_poc/rumen/raw/10674_0001_idba_bin.23.fa.gz	10674_0001_idba_bin.23.fa.gz	data/blue_catalyst_poc/proteomes/rumen__10674_0001_idba_bin.23.faa	rumen__10674_0001_idba_bin.23.faa	ERZ1037596	webin-genome-10674_0001_idba_bin.23	10674_0001_idba_bin.23.fa.gz	filename	matched	1609	True	True	
rumen__10674_0001_idba_bin.24	rumen__10674_0001_idba_bin.24	rumen	rumen	Bacteria	10674_0001_idba_bin.24	data/blue_catalyst_poc/rumen/raw/10674_0001_idba_bin.24.fa.gz	10674_0001_idba_bin.24.fa.gz	data/blue_catalyst_poc/proteomes/rumen__10674_0001_idba_bin.24.faa	rumen__10674_0001_idba_bin.24.faa	ERZ1037597	webin-genome-10674_0001_idba_bin.24	10674_0001_idba_bin.24.fa.gz	filename	matched	1440	True	True	
rumen__10674_0001_idba_bin.26	rumen__10674_0001_idba_bin.26	rumen	rumen	Bacteria	10674_0001_idba_bin.26	data/blue_catalyst_poc/rumen/raw/10674_0001_idba_bin.26.fa.gz	10674_0001_idba_bin.26.fa.gz	data/blue_catalyst_poc/proteomes/rumen__10674_0001_idba_bin.26.faa	rumen__10674_0001_idba_bin.26.faa	ERZ1037598	webin-genome-10674_0001_idba_bin.26	10674_0001_idba_bin.26.fa.gz	filename	matched	2064	True	True	
rumen__10674_0001_idba_bin.37	rumen__10674_0001_idba_bin.37	rumen	rumen	Bacteria	10674_0001_idba_bin.37	data/blue_catalyst_poc/rumen/raw/10674_0001_idba_bin.37.fa.gz	10674_0001_idba_bin.37.fa.gz	data/blue_catalyst_poc/proteomes/rumen__10674_0001_idba_bin.37.faa	rumen__10674_0001_idba_bin.37.faa	ERZ1037599	webin-genome-10674_0001_idba_bin.37	10674_0001_idba_bin.37.fa.gz	filename	matched	2148	True	True	
rumen__10674_0001_idba_bin.4	rumen__10674_0001_idba_bin.4	rumen	rumen	Bacteria	10674_0001_idba_bin.4	data/blue_catalyst_poc/rumen/raw/10674_0001_idba_bin.4.fa.gz	10674_0001_idba_bin.4.fa.gz	data/blue_catalyst_poc/proteomes/rumen__10674_0001_idba_bin.4.faa	rumen__10674_0001_idba_bin.4.faa	ERZ1037600	webin-genome-10674_0001_idba_bin.4	10674_0001_idba_bin.4.fa.gz	filename	matched	2835	True	True	
rumen__10674_0001_idba_bin.45	rumen__10674_0001_idba_bin.45	rumen	rumen	Bacteria	10674_0001_idba_bin.45	data/blue_catalyst_poc/rumen/raw/10674_0001_idba_bin.45.fa.gz	10674_0001_idba_bin.45.fa.gz	data/blue_catalyst_poc/proteomes/rumen__10674_0001_idba_bin.45.faa	rumen__10674_0001_idba_bin.45.faa	ERZ1037601	webin-genome-10674_0001_idba_bin.45	10674_0001_idba_bin.45.fa.gz	filename	matched	2101	True	True	
rumen__10674_0001_idba_bin.49	rumen__10674_0001_idba_bin.49	rumen	rumen	Bacteria	10674_0001_idba_bin.49	data/blue_catalyst_poc/rumen/raw/10674_0001_idba_bin.49.fa.gz	10674_0001_idba_bin.49.fa.gz	data/blue_catalyst_poc/proteomes/rumen__10674_0001_idba_bin.49.faa	rumen__10674_0001_idba_bin.49.faa	ERZ1037602	webin-genome-10674_0001_idba_bin.49	10674_0001_idba_bin.49.fa.gz	filename	matched	2504	True	True	
rumen__10674_0001_idba_bin.52	rumen__10674_0001_idba_bin.52	rumen	rumen	Bacteria	10674_0001_idba_bin.52	data/blue_catalyst_poc/rumen/raw/10674_0001_idba_bin.52.fa.gz	10674_0001_idba_bin.52.fa.gz	data/blue_catalyst_poc/proteomes/rumen__10674_0001_idba_bin.52.faa	rumen__10674_0001_idba_bin.52.faa	ERZ1037603	webin-genome-10674_0001_idba_bin.52	10674_0001_idba_bin.52.fa.gz	filename	matched	1862	True	True	
rumen__10674_0001_idba_bin.54	rumen__10674_0001_idba_bin.54	rumen	rumen	Bacteria	10674_0001_idba_bin.54	data/blue_catalyst_poc/rumen/raw/10674_0001_idba_bin.54.fa.gz	10674_0001_idba_bin.54.fa.gz	data/blue_catalyst_poc/proteomes/rumen__10674_0001_idba_bin.54.faa	rumen__10674_0001_idba_bin.54.faa	ERZ1037604	webin-genome-10674_0001_idba_bin.54	10674_0001_idba_bin.54.fa.gz	filename	matched	1980	True	True	
rumen__10674_0001_idba_bin.56	rumen__10674_0001_idba_bin.56	rumen	rumen	Bacteria	10674_0001_idba_bin.56	data/blue_catalyst_poc/rumen/raw/10674_0001_idba_bin.56.fa.gz	10674_0001_idba_bin.56.fa.gz	data/blue_catalyst_poc/proteomes/rumen__10674_0001_idba_bin.56.faa	rumen__10674_0001_idba_bin.56.faa	ERZ1037605	webin-genome-10674_0001_idba_bin.56	10674_0001_idba_bin.56.fa.gz	filename	matched	2687	True	True	
rumen__10674_0001_idba_bin.6	rumen__10674_0001_idba_bin.6	rumen	rumen	Bacteria	10674_0001_idba_bin.6	data/blue_catalyst_poc/rumen/raw/10674_0001_idba_bin.6.fa.gz	10674_0001_idba_bin.6.fa.gz	data/blue_catalyst_poc/proteomes/rumen__10674_0001_idba_bin.6.faa	rumen__10674_0001_idba_bin.6.faa	ERZ1037606	webin-genome-10674_0001_idba_bin.6	10674_0001_idba_bin.6.fa.gz	filename	matched	1568	True	True	
rumen__10674_0001_idba_bin.66	rumen__10674_0001_idba_bin.66	rumen	rumen	Bacteria	10674_0001_idba_bin.66	data/blue_catalyst_poc/rumen/raw/10674_0001_idba_bin.66.fa.gz	10674_0001_idba_bin.66.fa.gz	data/blue_catalyst_poc/proteomes/rumen__10674_0001_idba_bin.66.faa	rumen__10674_0001_idba_bin.66.faa	ERZ1037607	webin-genome-10674_0001_idba_bin.66	10674_0001_idba_bin.66.fa.gz	filename	matched	1479	True	True	
rumen__10674_0001_idba_bin.72	rumen__10674_0001_idba_bin.72	rumen	rumen	Bacteria	10674_0001_idba_bin.72	data/blue_catalyst_poc/rumen/raw/10674_0001_idba_bin.72.fa.gz	10674_0001_idba_bin.72.fa.gz	data/blue_catalyst_poc/proteomes/rumen__10674_0001_idba_bin.72.faa	rumen__10674_0001_idba_bin.72.faa	ERZ1037608	webin-genome-10674_0001_idba_bin.72	10674_0001_idba_bin.72.fa.gz	filename	matched	1655	True	True	
rumen__10674_0001_idba_bin.73	rumen__10674_0001_idba_bin.73	rumen	rumen	Bacteria	10674_0001_idba_bin.73	data/blue_catalyst_poc/rumen/raw/10674_0001_idba_bin.73.fa.gz	10674_0001_idba_bin.73.fa.gz	data/blue_catalyst_poc/proteomes/rumen__10674_0001_idba_bin.73.faa	rumen__10674_0001_idba_bin.73.faa	ERZ1037609	webin-genome-10674_0001_idba_bin.73	10674_0001_idba_bin.73.fa.gz	filename	matched	1810	True	True	
rumen__10674_0001_idba_bin.75	rumen__10674_0001_idba_bin.75	rumen	rumen	Bacteria	10674_0001_idba_bin.75	data/blue_catalyst_poc/rumen/raw/10674_0001_idba_bin.75.fa.gz	10674_0001_idba_bin.75.fa.gz	data/blue_catalyst_poc/proteomes/rumen__10674_0001_idba_bin.75.faa	rumen__10674_0001_idba_bin.75.faa	ERZ1037610	webin-genome-10674_0001_idba_bin.75	10674_0001_idba_bin.75.fa.gz	filename	matched	2431	True	True	
rumen__10674_0001_idba_bin.78	rumen__10674_0001_idba_bin.78	rumen	rumen	Bacteria	10674_0001_idba_bin.78	data/blue_catalyst_poc/rumen/raw/10674_0001_idba_bin.78.fa.gz	10674_0001_idba_bin.78.fa.gz	data/blue_catalyst_poc/proteomes/rumen__10674_0001_idba_bin.78.faa	rumen__10674_0001_idba_bin.78.faa	ERZ1037611	webin-genome-10674_0001_idba_bin.78	10674_0001_idba_bin.78.fa.gz	filename	matched	1345	True	True	
rumen__10674_0001_idba_bin.79	rumen__10674_0001_idba_bin.79	rumen	rumen	Bacteria	10674_0001_idba_bin.79	data/blue_catalyst_poc/rumen/raw/10674_0001_idba_bin.79.fa.gz	10674_0001_idba_bin.79.fa.gz	data/blue_catalyst_poc/proteomes/rumen__10674_0001_idba_bin.79.faa	rumen__10674_0001_idba_bin.79.faa	ERZ1037612	webin-genome-10674_0001_idba_bin.79	10674_0001_idba_bin.79.fa.gz	filename	matched	1887	True	True	
rumen__10674_0001_idba_bin.80	rumen__10674_0001_idba_bin.80	rumen	rumen	Bacteria	10674_0001_idba_bin.80	data/blue_catalyst_poc/rumen/raw/10674_0001_idba_bin.80.fa.gz	10674_0001_idba_bin.80.fa.gz	data/blue_catalyst_poc/proteomes/rumen__10674_0001_idba_bin.80.faa	rumen__10674_0001_idba_bin.80.faa	ERZ1037613	webin-genome-10674_0001_idba_bin.80	10674_0001_idba_bin.80.fa.gz	filename	matched	1765	True	True	
rumen__10674_0001_idba_bin.88	rumen__10674_0001_idba_bin.88	rumen	rumen	Bacteria	10674_0001_idba_bin.88	data/blue_catalyst_poc/rumen/raw/10674_0001_idba_bin.88.fa.gz	10674_0001_idba_bin.88.fa.gz	data/blue_catalyst_poc/proteomes/rumen__10674_0001_idba_bin.88.faa	rumen__10674_0001_idba_bin.88.faa	ERZ1037614	webin-genome-10674_0001_idba_bin.88	10674_0001_idba_bin.88.fa.gz	filename	matched	3838	True	True	
rumen__10674_0001_idba_bin.92	rumen__10674_0001_idba_bin.92	rumen	rumen	Bacteria	10674_0001_idba_bin.92	data/blue_catalyst_poc/rumen/raw/10674_0001_idba_bin.92.fa.gz	10674_0001_idba_bin.92.fa.gz	data/blue_catalyst_poc/proteomes/rumen__10674_0001_idba_bin.92.faa	rumen__10674_0001_idba_bin.92.faa	ERZ1037615	webin-genome-10674_0001_idba_bin.92	10674_0001_idba_bin.92.fa.gz	filename	matched	1433	True	True	
rumen__10674_0001_idba_bin.93	rumen__10674_0001_idba_bin.93	rumen	rumen	Bacteria	10674_0001_idba_bin.93	data/blue_catalyst_poc/rumen/raw/10674_0001_idba_bin.93.fa.gz	10674_0001_idba_bin.93.fa.gz	data/blue_catalyst_poc/proteomes/rumen__10674_0001_idba_bin.93.faa	rumen__10674_0001_idba_bin.93.faa	ERZ1037616	webin-genome-10674_0001_idba_bin.93	10674_0001_idba_bin.93.fa.gz	filename	matched	1178	True	True	
rumen__10674_0001_idba_bin.96	rumen__10674_0001_idba_bin.96	rumen	rumen	Bacteria	10674_0001_idba_bin.96	data/blue_catalyst_poc/rumen/raw/10674_0001_idba_bin.96.fa.gz	10674_0001_idba_bin.96.fa.gz	data/blue_catalyst_poc/proteomes/rumen__10674_0001_idba_bin.96.faa	rumen__10674_0001_idba_bin.96.faa	ERZ1037617	webin-genome-10674_0001_idba_bin.96	10674_0001_idba_bin.96.fa.gz	filename	matched	1145	True	True	
rumen__10674_0002_idba_bin.1	rumen__10674_0002_idba_bin.1	rumen	rumen	Bacteria	10674_0002_idba_bin.1	data/blue_catalyst_poc/rumen/raw/10674_0002_idba_bin.1.fa.gz	10674_0002_idba_bin.1.fa.gz	data/blue_catalyst_poc/proteomes/rumen__10674_0002_idba_bin.1.faa	rumen__10674_0002_idba_bin.1.faa	ERZ1037618	webin-genome-10674_0002_idba_bin.1	10674_0002_idba_bin.1.fa.gz	filename	matched	1358	True	True	
rumen__10674_0002_idba_bin.10	rumen__10674_0002_idba_bin.10	rumen	rumen	Bacteria	10674_0002_idba_bin.10	data/blue_catalyst_poc/rumen/raw/10674_0002_idba_bin.10.fa.gz	10674_0002_idba_bin.10.fa.gz	data/blue_catalyst_poc/proteomes/rumen__10674_0002_idba_bin.10.faa	rumen__10674_0002_idba_bin.10.faa	ERZ1037619	webin-genome-10674_0002_idba_bin.10	10674_0002_idba_bin.10.fa.gz	filename	matched	2537	True	True	
rumen__10674_0002_idba_bin.100	rumen__10674_0002_idba_bin.100	rumen	rumen	Bacteria	10674_0002_idba_bin.100	data/blue_catalyst_poc/rumen/raw/10674_0002_idba_bin.100.fa.gz	10674_0002_idba_bin.100.fa.gz	data/blue_catalyst_poc/proteomes/rumen__10674_0002_idba_bin.100.faa	rumen__10674_0002_idba_bin.100.faa	ERZ1037620	webin-genome-10674_0002_idba_bin.100	10674_0002_idba_bin.100.fa.gz	filename	matched	3084	True	True	
rumen__10674_0002_idba_bin.104	rumen__10674_0002_idba_bin.104	rumen	rumen	Bacteria	10674_0002_idba_bin.104	data/blue_catalyst_poc/rumen/raw/10674_0002_idba_bin.104.fa.gz	10674_0002_idba_bin.104.fa.gz	data/blue_catalyst_poc/proteomes/rumen__10674_0002_idba_bin.104.faa	rumen__10674_0002_idba_bin.104.faa	ERZ1037621	webin-genome-10674_0002_idba_bin.104	10674_0002_idba_bin.104.fa.gz	filename	matched	1534	True	True	
rumen__10674_0002_idba_bin.106	rumen__10674_0002_idba_bin.106	rumen	rumen	Bacteria	10674_0002_idba_bin.106	data/blue_catalyst_poc/rumen/raw/10674_0002_idba_bin.106.fa.gz	10674_0002_idba_bin.106.fa.gz	data/blue_catalyst_poc/proteomes/rumen__10674_0002_idba_bin.106.faa	rumen__10674_0002_idba_bin.106.faa	ERZ1037622	webin-genome-10674_0002_idba_bin.106	10674_0002_idba_bin.106.fa.gz	filename	matched	2407	True	True	
rumen__10674_0002_idba_bin.107	rumen__10674_0002_idba_bin.107	rumen	rumen	Bacteria	10674_0002_idba_bin.107	data/blue_catalyst_poc/rumen/raw/10674_0002_idba_bin.107.fa.gz	10674_0002_idba_bin.107.fa.gz	data/blue_catalyst_poc/proteomes/rumen__10674_0002_idba_bin.107.faa	rumen__10674_0002_idba_bin.107.faa	ERZ1037623	webin-genome-10674_0002_idba_bin.107	10674_0002_idba_bin.107.fa.gz	filename	matched	2595	True	True	
rumen__10674_0002_idba_bin.108	rumen__10674_0002_idba_bin.108	rumen	rumen	Bacteria	10674_0002_idba_bin.108	data/blue_catalyst_poc/rumen/raw/10674_0002_idba_bin.108.fa.gz	10674_0002_idba_bin.108.fa.gz	data/blue_catalyst_poc/proteomes/rumen__10674_0002_idba_bin.108.faa	rumen__10674_0002_idba_bin.108.faa	ERZ1037624	webin-genome-10674_0002_idba_bin.108	10674_0002_idba_bin.108.fa.gz	filename	matched	2499	True	True	
rumen__10674_0002_idba_bin.109	rumen__10674_0002_idba_bin.109	rumen	rumen	Bacteria	10674_0002_idba_bin.109	data/blue_catalyst_poc/rumen/raw/10674_0002_idba_bin.109.fa.gz	10674_0002_idba_bin.109.fa.gz	data/blue_catalyst_poc/proteomes/rumen__10674_0002_idba_bin.109.faa	rumen__10674_0002_idba_bin.109.faa	ERZ1037625	webin-genome-10674_0002_idba_bin.109	10674_0002_idba_bin.109.fa.gz	filename	matched	2135	True	True	
rumen__10674_0002_idba_bin.110	rumen__10674_0002_idba_bin.110	rumen	rumen	Bacteria	10674_0002_idba_bin.110	data/blue_catalyst_poc/rumen/raw/10674_0002_idba_bin.110.fa.gz	10674_0002_idba_bin.110.fa.gz	data/blue_catalyst_poc/proteomes/rumen__10674_0002_idba_bin.110.faa	rumen__10674_0002_idba_bin.110.faa	ERZ1037626	webin-genome-10674_0002_idba_bin.110	10674_0002_idba_bin.110.fa.gz	filename	matched	1959	True	True	
rumen__10674_0002_idba_bin.111	rumen__10674_0002_idba_bin.111	rumen	rumen	Bacteria	10674_0002_idba_bin.111	data/blue_catalyst_poc/rumen/raw/10674_0002_idba_bin.111.fa.gz	10674_0002_idba_bin.111.fa.gz	data/blue_catalyst_poc/proteomes/rumen__10674_0002_idba_bin.111.faa	rumen__10674_0002_idba_bin.111.faa	ERZ1037627	webin-genome-10674_0002_idba_bin.111	10674_0002_idba_bin.111.fa.gz	filename	matched	1634	True	True	
rumen__10674_0002_idba_bin.112	rumen__10674_0002_idba_bin.112	rumen	rumen	Bacteria	10674_0002_idba_bin.112	data/blue_catalyst_poc/rumen/raw/10674_0002_idba_bin.112.fa.gz	10674_0002_idba_bin.112.fa.gz	data/blue_catalyst_poc/proteomes/rumen__10674_0002_idba_bin.112.faa	rumen__10674_0002_idba_bin.112.faa	ERZ1037628	webin-genome-10674_0002_idba_bin.112	10674_0002_idba_bin.112.fa.gz	filename	matched	2352	True	True	
rumen__10674_0002_idba_bin.113	rumen__10674_0002_idba_bin.113	rumen	rumen	Bacteria	10674_0002_idba_bin.113	data/blue_catalyst_poc/rumen/raw/10674_0002_idba_bin.113.fa.gz	10674_0002_idba_bin.113.fa.gz	data/blue_catalyst_poc/proteomes/rumen__10674_0002_idba_bin.113.faa	rumen__10674_0002_idba_bin.113.faa	ERZ1037629	webin-genome-10674_0002_idba_bin.113	10674_0002_idba_bin.113.fa.gz	filename	matched	840	True	True	
rumen__10674_0002_idba_bin.114	rumen__10674_0002_idba_bin.114	rumen	rumen	Bacteria	10674_0002_idba_bin.114	data/blue_catalyst_poc/rumen/raw/10674_0002_idba_bin.114.fa.gz	10674_0002_idba_bin.114.fa.gz	data/blue_catalyst_poc/proteomes/rumen__10674_0002_idba_bin.114.faa	rumen__10674_0002_idba_bin.114.faa	ERZ1037630	webin-genome-10674_0002_idba_bin.114	10674_0002_idba_bin.114.fa.gz	filename	matched	2012	True	True	
rumen__10674_0002_idba_bin.116	rumen__10674_0002_idba_bin.116	rumen	rumen	Bacteria	10674_0002_idba_bin.116	data/blue_catalyst_poc/rumen/raw/10674_0002_idba_bin.116.fa.gz	10674_0002_idba_bin.116.fa.gz	data/blue_catalyst_poc/proteomes/rumen__10674_0002_idba_bin.116.faa	rumen__10674_0002_idba_bin.116.faa	ERZ1037631	webin-genome-10674_0002_idba_bin.116	10674_0002_idba_bin.116.fa.gz	filename	matched	2298	True	True	
rumen__10674_0002_idba_bin.117	rumen__10674_0002_idba_bin.117	rumen	rumen	Bacteria	10674_0002_idba_bin.117	data/blue_catalyst_poc/rumen/raw/10674_0002_idba_bin.117.fa.gz	10674_0002_idba_bin.117.fa.gz	data/blue_catalyst_poc/proteomes/rumen__10674_0002_idba_bin.117.faa	rumen__10674_0002_idba_bin.117.faa	ERZ1037632	webin-genome-10674_0002_idba_bin.117	10674_0002_idba_bin.117.fa.gz	filename	matched	1963	True	True	
rumen__10674_0002_idba_bin.121	rumen__10674_0002_idba_bin.121	rumen	rumen	Bacteria	10674_0002_idba_bin.121	data/blue_catalyst_poc/rumen/raw/10674_0002_idba_bin.121.fa.gz	10674_0002_idba_bin.121.fa.gz	data/blue_catalyst_poc/proteomes/rumen__10674_0002_idba_bin.121.faa	rumen__10674_0002_idba_bin.121.faa	ERZ1037633	webin-genome-10674_0002_idba_bin.121	10674_0002_idba_bin.121.fa.gz	filename	matched	2253	True	True	
rumen__10674_0002_idba_bin.125	rumen__10674_0002_idba_bin.125	rumen	rumen	Bacteria	10674_0002_idba_bin.125	data/blue_catalyst_poc/rumen/raw/10674_0002_idba_bin.125.fa.gz	10674_0002_idba_bin.125.fa.gz	data/blue_catalyst_poc/proteomes/rumen__10674_0002_idba_bin.125.faa	rumen__10674_0002_idba_bin.125.faa	ERZ1037634	webin-genome-10674_0002_idba_bin.125	10674_0002_idba_bin.125.fa.gz	filename	matched	1590	True	True	
rumen__10674_0002_idba_bin.126	rumen__10674_0002_idba_bin.126	rumen	rumen	Bacteria	10674_0002_idba_bin.126	data/blue_catalyst_poc/rumen/raw/10674_0002_idba_bin.126.fa.gz	10674_0002_idba_bin.126.fa.gz	data/blue_catalyst_poc/proteomes/rumen__10674_0002_idba_bin.126.faa	rumen__10674_0002_idba_bin.126.faa	ERZ1037635	webin-genome-10674_0002_idba_bin.126	10674_0002_idba_bin.126.fa.gz	filename	matched	1528	True	True	
rumen__10674_0002_idba_bin.14	rumen__10674_0002_idba_bin.14	rumen	rumen	Bacteria	10674_0002_idba_bin.14	data/blue_catalyst_poc/rumen/raw/10674_0002_idba_bin.14.fa.gz	10674_0002_idba_bin.14.fa.gz	data/blue_catalyst_poc/proteomes/rumen__10674_0002_idba_bin.14.faa	rumen__10674_0002_idba_bin.14.faa	ERZ1037636	webin-genome-10674_0002_idba_bin.14	10674_0002_idba_bin.14.fa.gz	filename	matched	1275	True	True	
rumen__10674_0002_idba_bin.2	rumen__10674_0002_idba_bin.2	rumen	rumen	Bacteria	10674_0002_idba_bin.2	data/blue_catalyst_poc/rumen/raw/10674_0002_idba_bin.2.fa.gz	10674_0002_idba_bin.2.fa.gz	data/blue_catalyst_poc/proteomes/rumen__10674_0002_idba_bin.2.faa	rumen__10674_0002_idba_bin.2.faa	ERZ1037637	webin-genome-10674_0002_idba_bin.2	10674_0002_idba_bin.2.fa.gz	filename	matched	951	True	True	
rumen__10674_0002_idba_bin.20	rumen__10674_0002_idba_bin.20	rumen	rumen	Bacteria	10674_0002_idba_bin.20	data/blue_catalyst_poc/rumen/raw/10674_0002_idba_bin.20.fa.gz	10674_0002_idba_bin.20.fa.gz	data/blue_catalyst_poc/proteomes/rumen__10674_0002_idba_bin.20.faa	rumen__10674_0002_idba_bin.20.faa	ERZ1037638	webin-genome-10674_0002_idba_bin.20	10674_0002_idba_bin.20.fa.gz	filename	matched	2053	True	True	
rumen__10674_0002_idba_bin.22	rumen__10674_0002_idba_bin.22	rumen	rumen	Bacteria	10674_0002_idba_bin.22	data/blue_catalyst_poc/rumen/raw/10674_0002_idba_bin.22.fa.gz	10674_0002_idba_bin.22.fa.gz	data/blue_catalyst_poc/proteomes/rumen__10674_0002_idba_bin.22.faa	rumen__10674_0002_idba_bin.22.faa	ERZ1037639	webin-genome-10674_0002_idba_bin.22	10674_0002_idba_bin.22.fa.gz	filename	matched	2391	True	True	
rumen__10674_0002_idba_bin.25	rumen__10674_0002_idba_bin.25	rumen	rumen	Bacteria	10674_0002_idba_bin.25	data/blue_catalyst_poc/rumen/raw/10674_0002_idba_bin.25.fa.gz	10674_0002_idba_bin.25.fa.gz	data/blue_catalyst_poc/proteomes/rumen__10674_0002_idba_bin.25.faa	rumen__10674_0002_idba_bin.25.faa	ERZ1037640	webin-genome-10674_0002_idba_bin.25	10674_0002_idba_bin.25.fa.gz	filename	matched	2294	True	True	
rumen__10674_0002_idba_bin.26	rumen__10674_0002_idba_bin.26	rumen	rumen	Bacteria	10674_0002_idba_bin.26	data/blue_catalyst_poc/rumen/raw/10674_0002_idba_bin.26.fa.gz	10674_0002_idba_bin.26.fa.gz	data/blue_catalyst_poc/proteomes/rumen__10674_0002_idba_bin.26.faa	rumen__10674_0002_idba_bin.26.faa	ERZ1037641	webin-genome-10674_0002_idba_bin.26	10674_0002_idba_bin.26.fa.gz	filename	matched	2334	True	True	
rumen__10674_0002_idba_bin.28	rumen__10674_0002_idba_bin.28	rumen	rumen	Bacteria	10674_0002_idba_bin.28	data/blue_catalyst_poc/rumen/raw/10674_0002_idba_bin.28.fa.gz	10674_0002_idba_bin.28.fa.gz	data/blue_catalyst_poc/proteomes/rumen__10674_0002_idba_bin.28.faa	rumen__10674_0002_idba_bin.28.faa	ERZ1037642	webin-genome-10674_0002_idba_bin.28	10674_0002_idba_bin.28.fa.gz	filename	matched	2668	True	True	
rumen__10674_0002_idba_bin.3	rumen__10674_0002_idba_bin.3	rumen	rumen	Bacteria	10674_0002_idba_bin.3	data/blue_catalyst_poc/rumen/raw/10674_0002_idba_bin.3.fa.gz	10674_0002_idba_bin.3.fa.gz	data/blue_catalyst_poc/proteomes/rumen__10674_0002_idba_bin.3.faa	rumen__10674_0002_idba_bin.3.faa	ERZ1037643	webin-genome-10674_0002_idba_bin.3	10674_0002_idba_bin.3.fa.gz	filename	matched	1838	True	True	
rumen__10674_0002_idba_bin.30	rumen__10674_0002_idba_bin.30	rumen	rumen	Bacteria	10674_0002_idba_bin.30	data/blue_catalyst_poc/rumen/raw/10674_0002_idba_bin.30.fa.gz	10674_0002_idba_bin.30.fa.gz	data/blue_catalyst_poc/proteomes/rumen__10674_0002_idba_bin.30.faa	rumen__10674_0002_idba_bin.30.faa	ERZ1037644	webin-genome-10674_0002_idba_bin.30	10674_0002_idba_bin.30.fa.gz	filename	matched	1572	True	True	
rumen__10674_0002_idba_bin.32	rumen__10674_0002_idba_bin.32	rumen	rumen	Bacteria	10674_0002_idba_bin.32	data/blue_catalyst_poc/rumen/raw/10674_0002_idba_bin.32.fa.gz	10674_0002_idba_bin.32.fa.gz	data/blue_catalyst_poc/proteomes/rumen__10674_0002_idba_bin.32.faa	rumen__10674_0002_idba_bin.32.faa	ERZ1037645	webin-genome-10674_0002_idba_bin.32	10674_0002_idba_bin.32.fa.gz	filename	matched	2101	True	True	
rumen__10674_0002_idba_bin.33	rumen__10674_0002_idba_bin.33	rumen	rumen	Bacteria	10674_0002_idba_bin.33	data/blue_catalyst_poc/rumen/raw/10674_0002_idba_bin.33.fa.gz	10674_0002_idba_bin.33.fa.gz	data/blue_catalyst_poc/proteomes/rumen__10674_0002_idba_bin.33.faa	rumen__10674_0002_idba_bin.33.faa	ERZ1037646	webin-genome-10674_0002_idba_bin.33	10674_0002_idba_bin.33.fa.gz	filename	matched	2001	True	True	
rumen__10674_0002_idba_bin.37	rumen__10674_0002_idba_bin.37	rumen	rumen	Bacteria	10674_0002_idba_bin.37	data/blue_catalyst_poc/rumen/raw/10674_0002_idba_bin.37.fa.gz	10674_0002_idba_bin.37.fa.gz	data/blue_catalyst_poc/proteomes/rumen__10674_0002_idba_bin.37.faa	rumen__10674_0002_idba_bin.37.faa	ERZ1037647	webin-genome-10674_0002_idba_bin.37	10674_0002_idba_bin.37.fa.gz	filename	matched	1775	True	True	
rumen__10674_0002_idba_bin.39	rumen__10674_0002_idba_bin.39	rumen	rumen	Bacteria	10674_0002_idba_bin.39	data/blue_catalyst_poc/rumen/raw/10674_0002_idba_bin.39.fa.gz	10674_0002_idba_bin.39.fa.gz	data/blue_catalyst_poc/proteomes/rumen__10674_0002_idba_bin.39.faa	rumen__10674_0002_idba_bin.39.faa	ERZ1037648	webin-genome-10674_0002_idba_bin.39	10674_0002_idba_bin.39.fa.gz	filename	matched	1132	True	True	
rumen__10674_0002_idba_bin.4	rumen__10674_0002_idba_bin.4	rumen	rumen	Bacteria	10674_0002_idba_bin.4	data/blue_catalyst_poc/rumen/raw/10674_0002_idba_bin.4.fa.gz	10674_0002_idba_bin.4.fa.gz	data/blue_catalyst_poc/proteomes/rumen__10674_0002_idba_bin.4.faa	rumen__10674_0002_idba_bin.4.faa	ERZ1037649	webin-genome-10674_0002_idba_bin.4	10674_0002_idba_bin.4.fa.gz	filename	matched	1616	True	True	
rumen__10674_0002_idba_bin.40	rumen__10674_0002_idba_bin.40	rumen	rumen	Bacteria	10674_0002_idba_bin.40	data/blue_catalyst_poc/rumen/raw/10674_0002_idba_bin.40.fa.gz	10674_0002_idba_bin.40.fa.gz	data/blue_catalyst_poc/proteomes/rumen__10674_0002_idba_bin.40.faa	rumen__10674_0002_idba_bin.40.faa	ERZ1037650	webin-genome-10674_0002_idba_bin.40	10674_0002_idba_bin.40.fa.gz	filename	matched	1647	True	True	
rumen__10674_0002_idba_bin.41	rumen__10674_0002_idba_bin.41	rumen	rumen	Bacteria	10674_0002_idba_bin.41	data/blue_catalyst_poc/rumen/raw/10674_0002_idba_bin.41.fa.gz	10674_0002_idba_bin.41.fa.gz	data/blue_catalyst_poc/proteomes/rumen__10674_0002_idba_bin.41.faa	rumen__10674_0002_idba_bin.41.faa	ERZ1037651	webin-genome-10674_0002_idba_bin.41	10674_0002_idba_bin.41.fa.gz	filename	matched	1839	True	True	
rumen__10674_0002_idba_bin.43	rumen__10674_0002_idba_bin.43	rumen	rumen	Bacteria	10674_0002_idba_bin.43	data/blue_catalyst_poc/rumen/raw/10674_0002_idba_bin.43.fa.gz	10674_0002_idba_bin.43.fa.gz	data/blue_catalyst_poc/proteomes/rumen__10674_0002_idba_bin.43.faa	rumen__10674_0002_idba_bin.43.faa	ERZ1037652	webin-genome-10674_0002_idba_bin.43	10674_0002_idba_bin.43.fa.gz	filename	matched	2528	True	True	
rumen__10674_0002_idba_bin.46	rumen__10674_0002_idba_bin.46	rumen	rumen	Bacteria	10674_0002_idba_bin.46	data/blue_catalyst_poc/rumen/raw/10674_0002_idba_bin.46.fa.gz	10674_0002_idba_bin.46.fa.gz	data/blue_catalyst_poc/proteomes/rumen__10674_0002_idba_bin.46.faa	rumen__10674_0002_idba_bin.46.faa	ERZ1037653	webin-genome-10674_0002_idba_bin.46	10674_0002_idba_bin.46.fa.gz	filename	matched	1913	True	True	
rumen__10674_0002_idba_bin.47	rumen__10674_0002_idba_bin.47	rumen	rumen	Bacteria	10674_0002_idba_bin.47	data/blue_catalyst_poc/rumen/raw/10674_0002_idba_bin.47.fa.gz	10674_0002_idba_bin.47.fa.gz	data/blue_catalyst_poc/proteomes/rumen__10674_0002_idba_bin.47.faa	rumen__10674_0002_idba_bin.47.faa	ERZ1037654	webin-genome-10674_0002_idba_bin.47	10674_0002_idba_bin.47.fa.gz	filename	matched	1380	True	True	
rumen__10674_0002_idba_bin.51	rumen__10674_0002_idba_bin.51	rumen	rumen	Bacteria	10674_0002_idba_bin.51	data/blue_catalyst_poc/rumen/raw/10674_0002_idba_bin.51.fa.gz	10674_0002_idba_bin.51.fa.gz	data/blue_catalyst_poc/proteomes/rumen__10674_0002_idba_bin.51.faa	rumen__10674_0002_idba_bin.51.faa	ERZ1037655	webin-genome-10674_0002_idba_bin.51	10674_0002_idba_bin.51.fa.gz	filename	matched	1983	True	True	
rumen__10674_0002_idba_bin.52	rumen__10674_0002_idba_bin.52	rumen	rumen	Bacteria	10674_0002_idba_bin.52	data/blue_catalyst_poc/rumen/raw/10674_0002_idba_bin.52.fa.gz	10674_0002_idba_bin.52.fa.gz	data/blue_catalyst_poc/proteomes/rumen__10674_0002_idba_bin.52.faa	rumen__10674_0002_idba_bin.52.faa	ERZ1037656	webin-genome-10674_0002_idba_bin.52	10674_0002_idba_bin.52.fa.gz	filename	matched	1892	True	True	
rumen__10674_0002_idba_bin.55	rumen__10674_0002_idba_bin.55	rumen	rumen	Bacteria	10674_0002_idba_bin.55	data/blue_catalyst_poc/rumen/raw/10674_0002_idba_bin.55.fa.gz	10674_0002_idba_bin.55.fa.gz	data/blue_catalyst_poc/proteomes/rumen__10674_0002_idba_bin.55.faa	rumen__10674_0002_idba_bin.55.faa	ERZ1037657	webin-genome-10674_0002_idba_bin.55	10674_0002_idba_bin.55.fa.gz	filename	matched	2358	True	True	
rumen__10674_0002_idba_bin.57	rumen__10674_0002_idba_bin.57	rumen	rumen	Bacteria	10674_0002_idba_bin.57	data/blue_catalyst_poc/rumen/raw/10674_0002_idba_bin.57.fa.gz	10674_0002_idba_bin.57.fa.gz	data/blue_catalyst_poc/proteomes/rumen__10674_0002_idba_bin.57.faa	rumen__10674_0002_idba_bin.57.faa	ERZ1037658	webin-genome-10674_0002_idba_bin.57	10674_0002_idba_bin.57.fa.gz	filename	matched	2531	True	True	
rumen__10674_0002_idba_bin.6	rumen__10674_0002_idba_bin.6	rumen	rumen	Bacteria	10674_0002_idba_bin.6	data/blue_catalyst_poc/rumen/raw/10674_0002_idba_bin.6.fa.gz	10674_0002_idba_bin.6.fa.gz	data/blue_catalyst_poc/proteomes/rumen__10674_0002_idba_bin.6.faa	rumen__10674_0002_idba_bin.6.faa	ERZ1037659	webin-genome-10674_0002_idba_bin.6	10674_0002_idba_bin.6.fa.gz	filename	matched	2259	True	True	
rumen__10674_0002_idba_bin.61	rumen__10674_0002_idba_bin.61	rumen	rumen	Bacteria	10674_0002_idba_bin.61	data/blue_catalyst_poc/rumen/raw/10674_0002_idba_bin.61.fa.gz	10674_0002_idba_bin.61.fa.gz	data/blue_catalyst_poc/proteomes/rumen__10674_0002_idba_bin.61.faa	rumen__10674_0002_idba_bin.61.faa	ERZ1037660	webin-genome-10674_0002_idba_bin.61	10674_0002_idba_bin.61.fa.gz	filename	matched	1054	True	True	
rumen__10674_0002_idba_bin.62	rumen__10674_0002_idba_bin.62	rumen	rumen	Bacteria	10674_0002_idba_bin.62	data/blue_catalyst_poc/rumen/raw/10674_0002_idba_bin.62.fa.gz	10674_0002_idba_bin.62.fa.gz	data/blue_catalyst_poc/proteomes/rumen__10674_0002_idba_bin.62.faa	rumen__10674_0002_idba_bin.62.faa	ERZ1037661	webin-genome-10674_0002_idba_bin.62	10674_0002_idba_bin.62.fa.gz	filename	matched	932	True	True	
rumen__10674_0002_idba_bin.67	rumen__10674_0002_idba_bin.67	rumen	rumen	Bacteria	10674_0002_idba_bin.67	data/blue_catalyst_poc/rumen/raw/10674_0002_idba_bin.67.fa.gz	10674_0002_idba_bin.67.fa.gz	data/blue_catalyst_poc/proteomes/rumen__10674_0002_idba_bin.67.faa	rumen__10674_0002_idba_bin.67.faa	ERZ1037662	webin-genome-10674_0002_idba_bin.67	10674_0002_idba_bin.67.fa.gz	filename	matched	2156	True	True	
rumen__10674_0002_idba_bin.68	rumen__10674_0002_idba_bin.68	rumen	rumen	Bacteria	10674_0002_idba_bin.68	data/blue_catalyst_poc/rumen/raw/10674_0002_idba_bin.68.fa.gz	10674_0002_idba_bin.68.fa.gz	data/blue_catalyst_poc/proteomes/rumen__10674_0002_idba_bin.68.faa	rumen__10674_0002_idba_bin.68.faa	ERZ1037663	webin-genome-10674_0002_idba_bin.68	10674_0002_idba_bin.68.fa.gz	filename	matched	1490	True	True	
rumen__10674_0002_idba_bin.7	rumen__10674_0002_idba_bin.7	rumen	rumen	Bacteria	10674_0002_idba_bin.7	data/blue_catalyst_poc/rumen/raw/10674_0002_idba_bin.7.fa.gz	10674_0002_idba_bin.7.fa.gz	data/blue_catalyst_poc/proteomes/rumen__10674_0002_idba_bin.7.faa	rumen__10674_0002_idba_bin.7.faa	ERZ1037664	webin-genome-10674_0002_idba_bin.7	10674_0002_idba_bin.7.fa.gz	filename	matched	3054	True	True	
rumen__10674_0002_idba_bin.70	rumen__10674_0002_idba_bin.70	rumen	rumen	Bacteria	10674_0002_idba_bin.70	data/blue_catalyst_poc/rumen/raw/10674_0002_idba_bin.70.fa.gz	10674_0002_idba_bin.70.fa.gz	data/blue_catalyst_poc/proteomes/rumen__10674_0002_idba_bin.70.faa	rumen__10674_0002_idba_bin.70.faa	ERZ1037665	webin-genome-10674_0002_idba_bin.70	10674_0002_idba_bin.70.fa.gz	filename	matched	2089	True	True	
rumen__10674_0002_idba_bin.73	rumen__10674_0002_idba_bin.73	rumen	rumen	Bacteria	10674_0002_idba_bin.73	data/blue_catalyst_poc/rumen/raw/10674_0002_idba_bin.73.fa.gz	10674_0002_idba_bin.73.fa.gz	data/blue_catalyst_poc/proteomes/rumen__10674_0002_idba_bin.73.faa	rumen__10674_0002_idba_bin.73.faa	ERZ1037666	webin-genome-10674_0002_idba_bin.73	10674_0002_idba_bin.73.fa.gz	filename	matched	1548	True	True	
rumen__10674_0002_idba_bin.74	rumen__10674_0002_idba_bin.74	rumen	rumen	Bacteria	10674_0002_idba_bin.74	data/blue_catalyst_poc/rumen/raw/10674_0002_idba_bin.74.fa.gz	10674_0002_idba_bin.74.fa.gz	data/blue_catalyst_poc/proteomes/rumen__10674_0002_idba_bin.74.faa	rumen__10674_0002_idba_bin.74.faa	ERZ1037667	webin-genome-10674_0002_idba_bin.74	10674_0002_idba_bin.74.fa.gz	filename	matched	2046	True	True	
rumen__10674_0002_idba_bin.76	rumen__10674_0002_idba_bin.76	rumen	rumen	Bacteria	10674_0002_idba_bin.76	data/blue_catalyst_poc/rumen/raw/10674_0002_idba_bin.76.fa.gz	10674_0002_idba_bin.76.fa.gz	data/blue_catalyst_poc/proteomes/rumen__10674_0002_idba_bin.76.faa	rumen__10674_0002_idba_bin.76.faa	ERZ1037669	webin-genome-10674_0002_idba_bin.76	10674_0002_idba_bin.76.fa.gz	filename	matched	2201	True	True	
rumen__10674_0002_idba_bin.78	rumen__10674_0002_idba_bin.78	rumen	rumen	Bacteria	10674_0002_idba_bin.78	data/blue_catalyst_poc/rumen/raw/10674_0002_idba_bin.78.fa.gz	10674_0002_idba_bin.78.fa.gz	data/blue_catalyst_poc/proteomes/rumen__10674_0002_idba_bin.78.faa	rumen__10674_0002_idba_bin.78.faa	ERZ1037670	webin-genome-10674_0002_idba_bin.78	10674_0002_idba_bin.78.fa.gz	filename	matched	1721	True	True	
rumen__10674_0002_idba_bin.79	rumen__10674_0002_idba_bin.79	rumen	rumen	Bacteria	10674_0002_idba_bin.79	data/blue_catalyst_poc/rumen/raw/10674_0002_idba_bin.79.fa.gz	10674_0002_idba_bin.79.fa.gz	data/blue_catalyst_poc/proteomes/rumen__10674_0002_idba_bin.79.faa	rumen__10674_0002_idba_bin.79.faa	ERZ1037671	webin-genome-10674_0002_idba_bin.79	10674_0002_idba_bin.79.fa.gz	filename	matched	2267	True	True	
rumen__10674_0002_idba_bin.8	rumen__10674_0002_idba_bin.8	rumen	rumen	Archaea	10674_0002_idba_bin.8	data/blue_catalyst_poc/rumen/raw/10674_0002_idba_bin.8.fa.gz	10674_0002_idba_bin.8.fa.gz	data/blue_catalyst_poc/proteomes/rumen__10674_0002_idba_bin.8.faa	rumen__10674_0002_idba_bin.8.faa	ERZ1037672	webin-genome-10674_0002_idba_bin.8	10674_0002_idba_bin.8.fa.gz	filename	matched	1321	True	True	
rumen__10674_0002_idba_bin.81	rumen__10674_0002_idba_bin.81	rumen	rumen	Bacteria	10674_0002_idba_bin.81	data/blue_catalyst_poc/rumen/raw/10674_0002_idba_bin.81.fa.gz	10674_0002_idba_bin.81.fa.gz	data/blue_catalyst_poc/proteomes/rumen__10674_0002_idba_bin.81.faa	rumen__10674_0002_idba_bin.81.faa	ERZ1037673	webin-genome-10674_0002_idba_bin.81	10674_0002_idba_bin.81.fa.gz	filename	matched	2630	True	True	
rumen__10674_0002_idba_bin.82	rumen__10674_0002_idba_bin.82	rumen	rumen	Bacteria	10674_0002_idba_bin.82	data/blue_catalyst_poc/rumen/raw/10674_0002_idba_bin.82.fa.gz	10674_0002_idba_bin.82.fa.gz	data/blue_catalyst_poc/proteomes/rumen__10674_0002_idba_bin.82.faa	rumen__10674_0002_idba_bin.82.faa	ERZ1037674	webin-genome-10674_0002_idba_bin.82	10674_0002_idba_bin.82.fa.gz	filename	matched	1099	True	True	
rumen__10674_0002_idba_bin.84	rumen__10674_0002_idba_bin.84	rumen	rumen	Bacteria	10674_0002_idba_bin.84	data/blue_catalyst_poc/rumen/raw/10674_0002_idba_bin.84.fa.gz	10674_0002_idba_bin.84.fa.gz	data/blue_catalyst_poc/proteomes/rumen__10674_0002_idba_bin.84.faa	rumen__10674_0002_idba_bin.84.faa	ERZ1037675	webin-genome-10674_0002_idba_bin.84	10674_0002_idba_bin.84.fa.gz	filename	matched	1451	True	True	
rumen__10674_0002_idba_bin.87	rumen__10674_0002_idba_bin.87	rumen	rumen	Bacteria	10674_0002_idba_bin.87	data/blue_catalyst_poc/rumen/raw/10674_0002_idba_bin.87.fa.gz	10674_0002_idba_bin.87.fa.gz	data/blue_catalyst_poc/proteomes/rumen__10674_0002_idba_bin.87.faa	rumen__10674_0002_idba_bin.87.faa	ERZ1037676	webin-genome-10674_0002_idba_bin.87	10674_0002_idba_bin.87.fa.gz	filename	matched	1789	True	True	
rumen__10674_0002_idba_bin.88	rumen__10674_0002_idba_bin.88	rumen	rumen	Bacteria	10674_0002_idba_bin.88	data/blue_catalyst_poc/rumen/raw/10674_0002_idba_bin.88.fa.gz	10674_0002_idba_bin.88.fa.gz	data/blue_catalyst_poc/proteomes/rumen__10674_0002_idba_bin.88.faa	rumen__10674_0002_idba_bin.88.faa	ERZ1037677	webin-genome-10674_0002_idba_bin.88	10674_0002_idba_bin.88.fa.gz	filename	matched	2451	True	True	
rumen__10674_0002_idba_bin.89	rumen__10674_0002_idba_bin.89	rumen	rumen	Bacteria	10674_0002_idba_bin.89	data/blue_catalyst_poc/rumen/raw/10674_0002_idba_bin.89.fa.gz	10674_0002_idba_bin.89.fa.gz	data/blue_catalyst_poc/proteomes/rumen__10674_0002_idba_bin.89.faa	rumen__10674_0002_idba_bin.89.faa	ERZ1037678	webin-genome-10674_0002_idba_bin.89	10674_0002_idba_bin.89.fa.gz	filename	matched	2090	True	True	
rumen__10674_0002_idba_bin.92	rumen__10674_0002_idba_bin.92	rumen	rumen	Bacteria	10674_0002_idba_bin.92	data/blue_catalyst_poc/rumen/raw/10674_0002_idba_bin.92.fa.gz	10674_0002_idba_bin.92.fa.gz	data/blue_catalyst_poc/proteomes/rumen__10674_0002_idba_bin.92.faa	rumen__10674_0002_idba_bin.92.faa	ERZ1037679	webin-genome-10674_0002_idba_bin.92	10674_0002_idba_bin.92.fa.gz	filename	matched	1626	True	True	
rumen__10674_0002_idba_bin.93	rumen__10674_0002_idba_bin.93	rumen	rumen	Bacteria	10674_0002_idba_bin.93	data/blue_catalyst_poc/rumen/raw/10674_0002_idba_bin.93.fa.gz	10674_0002_idba_bin.93.fa.gz	data/blue_catalyst_poc/proteomes/rumen__10674_0002_idba_bin.93.faa	rumen__10674_0002_idba_bin.93.faa	ERZ1037680	webin-genome-10674_0002_idba_bin.93	10674_0002_idba_bin.93.fa.gz	filename	matched	2167	True	True	
rumen__10674_0002_idba_bin.94	rumen__10674_0002_idba_bin.94	rumen	rumen	Bacteria	10674_0002_idba_bin.94	data/blue_catalyst_poc/rumen/raw/10674_0002_idba_bin.94.fa.gz	10674_0002_idba_bin.94.fa.gz	data/blue_catalyst_poc/proteomes/rumen__10674_0002_idba_bin.94.faa	rumen__10674_0002_idba_bin.94.faa	ERZ1037681	webin-genome-10674_0002_idba_bin.94	10674_0002_idba_bin.94.fa.gz	filename	matched	2659	True	True	
rumen__10674_0002_idba_bin.95	rumen__10674_0002_idba_bin.95	rumen	rumen	Bacteria	10674_0002_idba_bin.95	data/blue_catalyst_poc/rumen/raw/10674_0002_idba_bin.95.fa.gz	10674_0002_idba_bin.95.fa.gz	data/blue_catalyst_poc/proteomes/rumen__10674_0002_idba_bin.95.faa	rumen__10674_0002_idba_bin.95.faa	ERZ1037682	webin-genome-10674_0002_idba_bin.95	10674_0002_idba_bin.95.fa.gz	filename	matched	2581	True	True	
rumen__10674_0002_idba_bin.96	rumen__10674_0002_idba_bin.96	rumen	rumen	Bacteria	10674_0002_idba_bin.96	data/blue_catalyst_poc/rumen/raw/10674_0002_idba_bin.96.fa.gz	10674_0002_idba_bin.96.fa.gz	data/blue_catalyst_poc/proteomes/rumen__10674_0002_idba_bin.96.faa	rumen__10674_0002_idba_bin.96.faa	ERZ1037683	webin-genome-10674_0002_idba_bin.96	10674_0002_idba_bin.96.fa.gz	filename	matched	2285	True	True	
rumen__10674_0002_idba_bin.97	rumen__10674_0002_idba_bin.97	rumen	rumen	Bacteria	10674_0002_idba_bin.97	data/blue_catalyst_poc/rumen/raw/10674_0002_idba_bin.97.fa.gz	10674_0002_idba_bin.97.fa.gz	data/blue_catalyst_poc/proteomes/rumen__10674_0002_idba_bin.97.faa	rumen__10674_0002_idba_bin.97.faa	ERZ1037685	webin-genome-10674_0002_idba_bin.97	10674_0002_idba_bin.97.fa.gz	filename	matched	2497	True	True	
rumen__10674_0002_idba_bin.98	rumen__10674_0002_idba_bin.98	rumen	rumen	Bacteria	10674_0002_idba_bin.98	data/blue_catalyst_poc/rumen/raw/10674_0002_idba_bin.98.fa.gz	10674_0002_idba_bin.98.fa.gz	data/blue_catalyst_poc/proteomes/rumen__10674_0002_idba_bin.98.faa	rumen__10674_0002_idba_bin.98.faa	ERZ1037686	webin-genome-10674_0002_idba_bin.98	10674_0002_idba_bin.98.fa.gz	filename	matched	2370	True	True	
rumen__10674_0003_idba_bin.1	rumen__10674_0003_idba_bin.1	rumen	rumen	Bacteria	10674_0003_idba_bin.1	data/blue_catalyst_poc/rumen/raw/10674_0003_idba_bin.1.fa.gz	10674_0003_idba_bin.1.fa.gz	data/blue_catalyst_poc/proteomes/rumen__10674_0003_idba_bin.1.faa	rumen__10674_0003_idba_bin.1.faa	ERZ1037687	webin-genome-10674_0003_idba_bin.1	10674_0003_idba_bin.1.fa.gz	filename	matched	1257	True	True	
rumen__10674_0003_idba_bin.10	rumen__10674_0003_idba_bin.10	rumen	rumen	Bacteria	10674_0003_idba_bin.10	data/blue_catalyst_poc/rumen/raw/10674_0003_idba_bin.10.fa.gz	10674_0003_idba_bin.10.fa.gz	data/blue_catalyst_poc/proteomes/rumen__10674_0003_idba_bin.10.faa	rumen__10674_0003_idba_bin.10.faa	ERZ1037688	webin-genome-10674_0003_idba_bin.10	10674_0003_idba_bin.10.fa.gz	filename	matched	1500	True	True	
rumen__10674_0003_idba_bin.102	rumen__10674_0003_idba_bin.102	rumen	rumen	Bacteria	10674_0003_idba_bin.102	data/blue_catalyst_poc/rumen/raw/10674_0003_idba_bin.102.fa.gz	10674_0003_idba_bin.102.fa.gz	data/blue_catalyst_poc/proteomes/rumen__10674_0003_idba_bin.102.faa	rumen__10674_0003_idba_bin.102.faa	ERZ1037689	webin-genome-10674_0003_idba_bin.102	10674_0003_idba_bin.102.fa.gz	filename	matched	1712	True	True	
rumen__10674_0003_idba_bin.103	rumen__10674_0003_idba_bin.103	rumen	rumen	Bacteria	10674_0003_idba_bin.103	data/blue_catalyst_poc/rumen/raw/10674_0003_idba_bin.103.fa.gz	10674_0003_idba_bin.103.fa.gz	data/blue_catalyst_poc/proteomes/rumen__10674_0003_idba_bin.103.faa	rumen__10674_0003_idba_bin.103.faa	ERZ1037690	webin-genome-10674_0003_idba_bin.103	10674_0003_idba_bin.103.fa.gz	filename	matched	1991	True	True	
rumen__10674_0003_idba_bin.104	rumen__10674_0003_idba_bin.104	rumen	rumen	Bacteria	10674_0003_idba_bin.104	data/blue_catalyst_poc/rumen/raw/10674_0003_idba_bin.104.fa.gz	10674_0003_idba_bin.104.fa.gz	data/blue_catalyst_poc/proteomes/rumen__10674_0003_idba_bin.104.faa	rumen__10674_0003_idba_bin.104.faa	ERZ1037691	webin-genome-10674_0003_idba_bin.104	10674_0003_idba_bin.104.fa.gz	filename	matched	1707	True	True	
rumen__10674_0003_idba_bin.106	rumen__10674_0003_idba_bin.106	rumen	rumen	Bacteria	10674_0003_idba_bin.106	data/blue_catalyst_poc/rumen/raw/10674_0003_idba_bin.106.fa.gz	10674_0003_idba_bin.106.fa.gz	data/blue_catalyst_poc/proteomes/rumen__10674_0003_idba_bin.106.faa	rumen__10674_0003_idba_bin.106.faa	ERZ1037692	webin-genome-10674_0003_idba_bin.106	10674_0003_idba_bin.106.fa.gz	filename	matched	1980	True	True	
rumen__10674_0003_idba_bin.108	rumen__10674_0003_idba_bin.108	rumen	rumen	Bacteria	10674_0003_idba_bin.108	data/blue_catalyst_poc/rumen/raw/10674_0003_idba_bin.108.fa.gz	10674_0003_idba_bin.108.fa.gz	data/blue_catalyst_poc/proteomes/rumen__10674_0003_idba_bin.108.faa	rumen__10674_0003_idba_bin.108.faa	ERZ1037693	webin-genome-10674_0003_idba_bin.108	10674_0003_idba_bin.108.fa.gz	filename	matched	2740	True	True	
rumen__10674_0003_idba_bin.109	rumen__10674_0003_idba_bin.109	rumen	rumen	Bacteria	10674_0003_idba_bin.109	data/blue_catalyst_poc/rumen/raw/10674_0003_idba_bin.109.fa.gz	10674_0003_idba_bin.109.fa.gz	data/blue_catalyst_poc/proteomes/rumen__10674_0003_idba_bin.109.faa	rumen__10674_0003_idba_bin.109.faa	ERZ1037694	webin-genome-10674_0003_idba_bin.109	10674_0003_idba_bin.109.fa.gz	filename	matched	2905	True	True	
rumen__10674_0003_idba_bin.110	rumen__10674_0003_idba_bin.110	rumen	rumen	Bacteria	10674_0003_idba_bin.110	data/blue_catalyst_poc/rumen/raw/10674_0003_idba_bin.110.fa.gz	10674_0003_idba_bin.110.fa.gz	data/blue_catalyst_poc/proteomes/rumen__10674_0003_idba_bin.110.faa	rumen__10674_0003_idba_bin.110.faa	ERZ1037695	webin-genome-10674_0003_idba_bin.110	10674_0003_idba_bin.110.fa.gz	filename	matched	1259	True	True	
rumen__10674_0003_idba_bin.113	rumen__10674_0003_idba_bin.113	rumen	rumen	Bacteria	10674_0003_idba_bin.113	data/blue_catalyst_poc/rumen/raw/10674_0003_idba_bin.113.fa.gz	10674_0003_idba_bin.113.fa.gz	data/blue_catalyst_poc/proteomes/rumen__10674_0003_idba_bin.113.faa	rumen__10674_0003_idba_bin.113.faa	ERZ1037696	webin-genome-10674_0003_idba_bin.113	10674_0003_idba_bin.113.fa.gz	filename	matched	2020	True	True	
rumen__10674_0003_idba_bin.115	rumen__10674_0003_idba_bin.115	rumen	rumen	Bacteria	10674_0003_idba_bin.115	data/blue_catalyst_poc/rumen/raw/10674_0003_idba_bin.115.fa.gz	10674_0003_idba_bin.115.fa.gz	data/blue_catalyst_poc/proteomes/rumen__10674_0003_idba_bin.115.faa	rumen__10674_0003_idba_bin.115.faa	ERZ1037697	webin-genome-10674_0003_idba_bin.115	10674_0003_idba_bin.115.fa.gz	filename	matched	2552	True	True	
rumen__10674_0003_idba_bin.118	rumen__10674_0003_idba_bin.118	rumen	rumen	Bacteria	10674_0003_idba_bin.118	data/blue_catalyst_poc/rumen/raw/10674_0003_idba_bin.118.fa.gz	10674_0003_idba_bin.118.fa.gz	data/blue_catalyst_poc/proteomes/rumen__10674_0003_idba_bin.118.faa	rumen__10674_0003_idba_bin.118.faa	ERZ1037698	webin-genome-10674_0003_idba_bin.118	10674_0003_idba_bin.118.fa.gz	filename	matched	1864	True	True	
rumen__10674_0003_idba_bin.120	rumen__10674_0003_idba_bin.120	rumen	rumen	Bacteria	10674_0003_idba_bin.120	data/blue_catalyst_poc/rumen/raw/10674_0003_idba_bin.120.fa.gz	10674_0003_idba_bin.120.fa.gz	data/blue_catalyst_poc/proteomes/rumen__10674_0003_idba_bin.120.faa	rumen__10674_0003_idba_bin.120.faa	ERZ1037699	webin-genome-10674_0003_idba_bin.120	10674_0003_idba_bin.120.fa.gz	filename	matched	1921	True	True	
rumen__10674_0003_idba_bin.125	rumen__10674_0003_idba_bin.125	rumen	rumen	Bacteria	10674_0003_idba_bin.125	data/blue_catalyst_poc/rumen/raw/10674_0003_idba_bin.125.fa.gz	10674_0003_idba_bin.125.fa.gz	data/blue_catalyst_poc/proteomes/rumen__10674_0003_idba_bin.125.faa	rumen__10674_0003_idba_bin.125.faa	ERZ1037700	webin-genome-10674_0003_idba_bin.125	10674_0003_idba_bin.125.fa.gz	filename	matched	2788	True	True	
rumen__10674_0003_idba_bin.127	rumen__10674_0003_idba_bin.127	rumen	rumen	Bacteria	10674_0003_idba_bin.127	data/blue_catalyst_poc/rumen/raw/10674_0003_idba_bin.127.fa.gz	10674_0003_idba_bin.127.fa.gz	data/blue_catalyst_poc/proteomes/rumen__10674_0003_idba_bin.127.faa	rumen__10674_0003_idba_bin.127.faa	ERZ1037701	webin-genome-10674_0003_idba_bin.127	10674_0003_idba_bin.127.fa.gz	filename	matched	1364	True	True	
rumen__10674_0003_idba_bin.128	rumen__10674_0003_idba_bin.128	rumen	rumen	Bacteria	10674_0003_idba_bin.128	data/blue_catalyst_poc/rumen/raw/10674_0003_idba_bin.128.fa.gz	10674_0003_idba_bin.128.fa.gz	data/blue_catalyst_poc/proteomes/rumen__10674_0003_idba_bin.128.faa	rumen__10674_0003_idba_bin.128.faa	ERZ1037702	webin-genome-10674_0003_idba_bin.128	10674_0003_idba_bin.128.fa.gz	filename	matched	1573	True	True	
rumen__10674_0003_idba_bin.135	rumen__10674_0003_idba_bin.135	rumen	rumen	Bacteria	10674_0003_idba_bin.135	data/blue_catalyst_poc/rumen/raw/10674_0003_idba_bin.135.fa.gz	10674_0003_idba_bin.135.fa.gz	data/blue_catalyst_poc/proteomes/rumen__10674_0003_idba_bin.135.faa	rumen__10674_0003_idba_bin.135.faa	ERZ1037703	webin-genome-10674_0003_idba_bin.135	10674_0003_idba_bin.135.fa.gz	filename	matched	2183	True	True	
rumen__10674_0003_idba_bin.144	rumen__10674_0003_idba_bin.144	rumen	rumen	Bacteria	10674_0003_idba_bin.144	data/blue_catalyst_poc/rumen/raw/10674_0003_idba_bin.144.fa.gz	10674_0003_idba_bin.144.fa.gz	data/blue_catalyst_poc/proteomes/rumen__10674_0003_idba_bin.144.faa	rumen__10674_0003_idba_bin.144.faa	ERZ1037704	webin-genome-10674_0003_idba_bin.144	10674_0003_idba_bin.144.fa.gz	filename	matched	1603	True	True	
rumen__10674_0003_idba_bin.145	rumen__10674_0003_idba_bin.145	rumen	rumen	Bacteria	10674_0003_idba_bin.145	data/blue_catalyst_poc/rumen/raw/10674_0003_idba_bin.145.fa.gz	10674_0003_idba_bin.145.fa.gz	data/blue_catalyst_poc/proteomes/rumen__10674_0003_idba_bin.145.faa	rumen__10674_0003_idba_bin.145.faa	ERZ1037705	webin-genome-10674_0003_idba_bin.145	10674_0003_idba_bin.145.fa.gz	filename	matched	1828	True	True	
rumen__10674_0003_idba_bin.148	rumen__10674_0003_idba_bin.148	rumen	rumen	Bacteria	10674_0003_idba_bin.148	data/blue_catalyst_poc/rumen/raw/10674_0003_idba_bin.148.fa.gz	10674_0003_idba_bin.148.fa.gz	data/blue_catalyst_poc/proteomes/rumen__10674_0003_idba_bin.148.faa	rumen__10674_0003_idba_bin.148.faa	ERZ1037706	webin-genome-10674_0003_idba_bin.148	10674_0003_idba_bin.148.fa.gz	filename	matched	2021	True	True	
rumen__10674_0003_idba_bin.15	rumen__10674_0003_idba_bin.15	rumen	rumen	Bacteria	10674_0003_idba_bin.15	data/blue_catalyst_poc/rumen/raw/10674_0003_idba_bin.15.fa.gz	10674_0003_idba_bin.15.fa.gz	data/blue_catalyst_poc/proteomes/rumen__10674_0003_idba_bin.15.faa	rumen__10674_0003_idba_bin.15.faa	ERZ1037707	webin-genome-10674_0003_idba_bin.15	10674_0003_idba_bin.15.fa.gz	filename	matched	2852	True	True	
rumen__10674_0003_idba_bin.150	rumen__10674_0003_idba_bin.150	rumen	rumen	Bacteria	10674_0003_idba_bin.150	data/blue_catalyst_poc/rumen/raw/10674_0003_idba_bin.150.fa.gz	10674_0003_idba_bin.150.fa.gz	data/blue_catalyst_poc/proteomes/rumen__10674_0003_idba_bin.150.faa	rumen__10674_0003_idba_bin.150.faa	ERZ1037708	webin-genome-10674_0003_idba_bin.150	10674_0003_idba_bin.150.fa.gz	filename	matched	2697	True	True	
rumen__10674_0003_idba_bin.151	rumen__10674_0003_idba_bin.151	rumen	rumen	Bacteria	10674_0003_idba_bin.151	data/blue_catalyst_poc/rumen/raw/10674_0003_idba_bin.151.fa.gz	10674_0003_idba_bin.151.fa.gz	data/blue_catalyst_poc/proteomes/rumen__10674_0003_idba_bin.151.faa	rumen__10674_0003_idba_bin.151.faa	ERZ1037709	webin-genome-10674_0003_idba_bin.151	10674_0003_idba_bin.151.fa.gz	filename	matched	1777	True	True	
rumen__10674_0003_idba_bin.152	rumen__10674_0003_idba_bin.152	rumen	rumen	Bacteria	10674_0003_idba_bin.152	data/blue_catalyst_poc/rumen/raw/10674_0003_idba_bin.152.fa.gz	10674_0003_idba_bin.152.fa.gz	data/blue_catalyst_poc/proteomes/rumen__10674_0003_idba_bin.152.faa	rumen__10674_0003_idba_bin.152.faa	ERZ1037710	webin-genome-10674_0003_idba_bin.152	10674_0003_idba_bin.152.fa.gz	filename	matched	989	True	True	
rumen__10674_0003_idba_bin.155	rumen__10674_0003_idba_bin.155	rumen	rumen	Bacteria	10674_0003_idba_bin.155	data/blue_catalyst_poc/rumen/raw/10674_0003_idba_bin.155.fa.gz	10674_0003_idba_bin.155.fa.gz	data/blue_catalyst_poc/proteomes/rumen__10674_0003_idba_bin.155.faa	rumen__10674_0003_idba_bin.155.faa	ERZ1037711	webin-genome-10674_0003_idba_bin.155	10674_0003_idba_bin.155.fa.gz	filename	matched	2536	True	True	
rumen__10674_0003_idba_bin.160	rumen__10674_0003_idba_bin.160	rumen	rumen	Bacteria	10674_0003_idba_bin.160	data/blue_catalyst_poc/rumen/raw/10674_0003_idba_bin.160.fa.gz	10674_0003_idba_bin.160.fa.gz	data/blue_catalyst_poc/proteomes/rumen__10674_0003_idba_bin.160.faa	rumen__10674_0003_idba_bin.160.faa	ERZ1037712	webin-genome-10674_0003_idba_bin.160	10674_0003_idba_bin.160.fa.gz	filename	matched	1942	True	True	
rumen__10674_0003_idba_bin.162	rumen__10674_0003_idba_bin.162	rumen	rumen	Bacteria	10674_0003_idba_bin.162	data/blue_catalyst_poc/rumen/raw/10674_0003_idba_bin.162.fa.gz	10674_0003_idba_bin.162.fa.gz	data/blue_catalyst_poc/proteomes/rumen__10674_0003_idba_bin.162.faa	rumen__10674_0003_idba_bin.162.faa	ERZ1037713	webin-genome-10674_0003_idba_bin.162	10674_0003_idba_bin.162.fa.gz	filename	matched	2938	True	True	
rumen__10674_0003_idba_bin.163	rumen__10674_0003_idba_bin.163	rumen	rumen	Bacteria	10674_0003_idba_bin.163	data/blue_catalyst_poc/rumen/raw/10674_0003_idba_bin.163.fa.gz	10674_0003_idba_bin.163.fa.gz	data/blue_catalyst_poc/proteomes/rumen__10674_0003_idba_bin.163.faa	rumen__10674_0003_idba_bin.163.faa	ERZ1037714	webin-genome-10674_0003_idba_bin.163	10674_0003_idba_bin.163.fa.gz	filename	matched	1697	True	True	
rumen__10674_0003_idba_bin.165	rumen__10674_0003_idba_bin.165	rumen	rumen	Bacteria	10674_0003_idba_bin.165	data/blue_catalyst_poc/rumen/raw/10674_0003_idba_bin.165.fa.gz	10674_0003_idba_bin.165.fa.gz	data/blue_catalyst_poc/proteomes/rumen__10674_0003_idba_bin.165.faa	rumen__10674_0003_idba_bin.165.faa	ERZ1037715	webin-genome-10674_0003_idba_bin.165	10674_0003_idba_bin.165.fa.gz	filename	matched	1823	True	True	
rumen__10674_0003_idba_bin.166	rumen__10674_0003_idba_bin.166	rumen	rumen	Bacteria	10674_0003_idba_bin.166	data/blue_catalyst_poc/rumen/raw/10674_0003_idba_bin.166.fa.gz	10674_0003_idba_bin.166.fa.gz	data/blue_catalyst_poc/proteomes/rumen__10674_0003_idba_bin.166.faa	rumen__10674_0003_idba_bin.166.faa	ERZ1037716	webin-genome-10674_0003_idba_bin.166	10674_0003_idba_bin.166.fa.gz	filename	matched	1953	True	True	
rumen__10674_0003_idba_bin.167	rumen__10674_0003_idba_bin.167	rumen	rumen	Bacteria	10674_0003_idba_bin.167	data/blue_catalyst_poc/rumen/raw/10674_0003_idba_bin.167.fa.gz	10674_0003_idba_bin.167.fa.gz	data/blue_catalyst_poc/proteomes/rumen__10674_0003_idba_bin.167.faa	rumen__10674_0003_idba_bin.167.faa	ERZ1037717	webin-genome-10674_0003_idba_bin.167	10674_0003_idba_bin.167.fa.gz	filename	matched	1600	True	True	
rumen__10674_0003_idba_bin.17	rumen__10674_0003_idba_bin.17	rumen	rumen	Bacteria	10674_0003_idba_bin.17	data/blue_catalyst_poc/rumen/raw/10674_0003_idba_bin.17.fa.gz	10674_0003_idba_bin.17.fa.gz	data/blue_catalyst_poc/proteomes/rumen__10674_0003_idba_bin.17.faa	rumen__10674_0003_idba_bin.17.faa	ERZ1037718	webin-genome-10674_0003_idba_bin.17	10674_0003_idba_bin.17.fa.gz	filename	matched	1963	True	True	
rumen__10674_0003_idba_bin.171	rumen__10674_0003_idba_bin.171	rumen	rumen	Bacteria	10674_0003_idba_bin.171	data/blue_catalyst_poc/rumen/raw/10674_0003_idba_bin.171.fa.gz	10674_0003_idba_bin.171.fa.gz	data/blue_catalyst_poc/proteomes/rumen__10674_0003_idba_bin.171.faa	rumen__10674_0003_idba_bin.171.faa	ERZ1037719	webin-genome-10674_0003_idba_bin.171	10674_0003_idba_bin.171.fa.gz	filename	matched	2600	True	True	
rumen__10674_0003_idba_bin.175	rumen__10674_0003_idba_bin.175	rumen	rumen	Bacteria	10674_0003_idba_bin.175	data/blue_catalyst_poc/rumen/raw/10674_0003_idba_bin.175.fa.gz	10674_0003_idba_bin.175.fa.gz	data/blue_catalyst_poc/proteomes/rumen__10674_0003_idba_bin.175.faa	rumen__10674_0003_idba_bin.175.faa	ERZ1037720	webin-genome-10674_0003_idba_bin.175	10674_0003_idba_bin.175.fa.gz	filename	matched	1263	True	True	
rumen__10674_0003_idba_bin.178	rumen__10674_0003_idba_bin.178	rumen	rumen	Bacteria	10674_0003_idba_bin.178	data/blue_catalyst_poc/rumen/raw/10674_0003_idba_bin.178.fa.gz	10674_0003_idba_bin.178.fa.gz	data/blue_catalyst_poc/proteomes/rumen__10674_0003_idba_bin.178.faa	rumen__10674_0003_idba_bin.178.faa	ERZ1037721	webin-genome-10674_0003_idba_bin.178	10674_0003_idba_bin.178.fa.gz	filename	matched	3566	True	True	
rumen__10674_0003_idba_bin.179	rumen__10674_0003_idba_bin.179	rumen	rumen	Bacteria	10674_0003_idba_bin.179	data/blue_catalyst_poc/rumen/raw/10674_0003_idba_bin.179.fa.gz	10674_0003_idba_bin.179.fa.gz	data/blue_catalyst_poc/proteomes/rumen__10674_0003_idba_bin.179.faa	rumen__10674_0003_idba_bin.179.faa	ERZ1037722	webin-genome-10674_0003_idba_bin.179	10674_0003_idba_bin.179.fa.gz	filename	matched	1079	True	True	
rumen__10674_0003_idba_bin.18	rumen__10674_0003_idba_bin.18	rumen	rumen	Bacteria	10674_0003_idba_bin.18	data/blue_catalyst_poc/rumen/raw/10674_0003_idba_bin.18.fa.gz	10674_0003_idba_bin.18.fa.gz	data/blue_catalyst_poc/proteomes/rumen__10674_0003_idba_bin.18.faa	rumen__10674_0003_idba_bin.18.faa	ERZ1037723	webin-genome-10674_0003_idba_bin.18	10674_0003_idba_bin.18.fa.gz	filename	matched	1139	True	True	
rumen__10674_0003_idba_bin.182	rumen__10674_0003_idba_bin.182	rumen	rumen	Bacteria	10674_0003_idba_bin.182	data/blue_catalyst_poc/rumen/raw/10674_0003_idba_bin.182.fa.gz	10674_0003_idba_bin.182.fa.gz	data/blue_catalyst_poc/proteomes/rumen__10674_0003_idba_bin.182.faa	rumen__10674_0003_idba_bin.182.faa	ERZ1037724	webin-genome-10674_0003_idba_bin.182	10674_0003_idba_bin.182.fa.gz	filename	matched	2476	True	True	
rumen__10674_0003_idba_bin.184	rumen__10674_0003_idba_bin.184	rumen	rumen	Bacteria	10674_0003_idba_bin.184	data/blue_catalyst_poc/rumen/raw/10674_0003_idba_bin.184.fa.gz	10674_0003_idba_bin.184.fa.gz	data/blue_catalyst_poc/proteomes/rumen__10674_0003_idba_bin.184.faa	rumen__10674_0003_idba_bin.184.faa	ERZ1037725	webin-genome-10674_0003_idba_bin.184	10674_0003_idba_bin.184.fa.gz	filename	matched	1858	True	True	
rumen__10674_0003_idba_bin.185	rumen__10674_0003_idba_bin.185	rumen	rumen	Bacteria	10674_0003_idba_bin.185	data/blue_catalyst_poc/rumen/raw/10674_0003_idba_bin.185.fa.gz	10674_0003_idba_bin.185.fa.gz	data/blue_catalyst_poc/proteomes/rumen__10674_0003_idba_bin.185.faa	rumen__10674_0003_idba_bin.185.faa	ERZ1037726	webin-genome-10674_0003_idba_bin.185	10674_0003_idba_bin.185.fa.gz	filename	matched	1284	True	True	
rumen__10674_0003_idba_bin.186	rumen__10674_0003_idba_bin.186	rumen	rumen	Bacteria	10674_0003_idba_bin.186	data/blue_catalyst_poc/rumen/raw/10674_0003_idba_bin.186.fa.gz	10674_0003_idba_bin.186.fa.gz	data/blue_catalyst_poc/proteomes/rumen__10674_0003_idba_bin.186.faa	rumen__10674_0003_idba_bin.186.faa	ERZ1037727	webin-genome-10674_0003_idba_bin.186	10674_0003_idba_bin.186.fa.gz	filename	matched	2370	True	True	
rumen__10674_0003_idba_bin.187	rumen__10674_0003_idba_bin.187	rumen	rumen	Bacteria	10674_0003_idba_bin.187	data/blue_catalyst_poc/rumen/raw/10674_0003_idba_bin.187.fa.gz	10674_0003_idba_bin.187.fa.gz	data/blue_catalyst_poc/proteomes/rumen__10674_0003_idba_bin.187.faa	rumen__10674_0003_idba_bin.187.faa	ERZ1037728	webin-genome-10674_0003_idba_bin.187	10674_0003_idba_bin.187.fa.gz	filename	matched	2669	True	True	
rumen__10674_0003_idba_bin.189	rumen__10674_0003_idba_bin.189	rumen	rumen	Bacteria	10674_0003_idba_bin.189	data/blue_catalyst_poc/rumen/raw/10674_0003_idba_bin.189.fa.gz	10674_0003_idba_bin.189.fa.gz	data/blue_catalyst_poc/proteomes/rumen__10674_0003_idba_bin.189.faa	rumen__10674_0003_idba_bin.189.faa	ERZ1037729	webin-genome-10674_0003_idba_bin.189	10674_0003_idba_bin.189.fa.gz	filename	matched	1821	True	True	
rumen__10674_0003_idba_bin.19	rumen__10674_0003_idba_bin.19	rumen	rumen	Bacteria	10674_0003_idba_bin.19	data/blue_catalyst_poc/rumen/raw/10674_0003_idba_bin.19.fa.gz	10674_0003_idba_bin.19.fa.gz	data/blue_catalyst_poc/proteomes/rumen__10674_0003_idba_bin.19.faa	rumen__10674_0003_idba_bin.19.faa	ERZ1037730	webin-genome-10674_0003_idba_bin.19	10674_0003_idba_bin.19.fa.gz	filename	matched	1925	True	True	
rumen__10674_0003_idba_bin.2	rumen__10674_0003_idba_bin.2	rumen	rumen	Bacteria	10674_0003_idba_bin.2	data/blue_catalyst_poc/rumen/raw/10674_0003_idba_bin.2.fa.gz	10674_0003_idba_bin.2.fa.gz	data/blue_catalyst_poc/proteomes/rumen__10674_0003_idba_bin.2.faa	rumen__10674_0003_idba_bin.2.faa	ERZ1037731	webin-genome-10674_0003_idba_bin.2	10674_0003_idba_bin.2.fa.gz	filename	matched	1734	True	True	
rumen__10674_0003_idba_bin.20	rumen__10674_0003_idba_bin.20	rumen	rumen	Bacteria	10674_0003_idba_bin.20	data/blue_catalyst_poc/rumen/raw/10674_0003_idba_bin.20.fa.gz	10674_0003_idba_bin.20.fa.gz	data/blue_catalyst_poc/proteomes/rumen__10674_0003_idba_bin.20.faa	rumen__10674_0003_idba_bin.20.faa	ERZ1037732	webin-genome-10674_0003_idba_bin.20	10674_0003_idba_bin.20.fa.gz	filename	matched	2115	True	True	
rumen__10674_0003_idba_bin.24	rumen__10674_0003_idba_bin.24	rumen	rumen	Bacteria	10674_0003_idba_bin.24	data/blue_catalyst_poc/rumen/raw/10674_0003_idba_bin.24.fa.gz	10674_0003_idba_bin.24.fa.gz	data/blue_catalyst_poc/proteomes/rumen__10674_0003_idba_bin.24.faa	rumen__10674_0003_idba_bin.24.faa	ERZ1037733	webin-genome-10674_0003_idba_bin.24	10674_0003_idba_bin.24.fa.gz	filename	matched	1089	True	True	
rumen__10674_0003_idba_bin.27	rumen__10674_0003_idba_bin.27	rumen	rumen	Bacteria	10674_0003_idba_bin.27	data/blue_catalyst_poc/rumen/raw/10674_0003_idba_bin.27.fa.gz	10674_0003_idba_bin.27.fa.gz	data/blue_catalyst_poc/proteomes/rumen__10674_0003_idba_bin.27.faa	rumen__10674_0003_idba_bin.27.faa	ERZ1037734	webin-genome-10674_0003_idba_bin.27	10674_0003_idba_bin.27.fa.gz	filename	matched	2529	True	True	
rumen__10674_0003_idba_bin.28	rumen__10674_0003_idba_bin.28	rumen	rumen	Bacteria	10674_0003_idba_bin.28	data/blue_catalyst_poc/rumen/raw/10674_0003_idba_bin.28.fa.gz	10674_0003_idba_bin.28.fa.gz	data/blue_catalyst_poc/proteomes/rumen__10674_0003_idba_bin.28.faa	rumen__10674_0003_idba_bin.28.faa	ERZ1037735	webin-genome-10674_0003_idba_bin.28	10674_0003_idba_bin.28.fa.gz	filename	matched	2655	True	True	
rumen__10674_0003_idba_bin.29	rumen__10674_0003_idba_bin.29	rumen	rumen	Bacteria	10674_0003_idba_bin.29	data/blue_catalyst_poc/rumen/raw/10674_0003_idba_bin.29.fa.gz	10674_0003_idba_bin.29.fa.gz	data/blue_catalyst_poc/proteomes/rumen__10674_0003_idba_bin.29.faa	rumen__10674_0003_idba_bin.29.faa	ERZ1037736	webin-genome-10674_0003_idba_bin.29	10674_0003_idba_bin.29.fa.gz	filename	matched	1427	True	True	
rumen__10674_0003_idba_bin.3	rumen__10674_0003_idba_bin.3	rumen	rumen	Bacteria	10674_0003_idba_bin.3	data/blue_catalyst_poc/rumen/raw/10674_0003_idba_bin.3.fa.gz	10674_0003_idba_bin.3.fa.gz	data/blue_catalyst_poc/proteomes/rumen__10674_0003_idba_bin.3.faa	rumen__10674_0003_idba_bin.3.faa	ERZ1037737	webin-genome-10674_0003_idba_bin.3	10674_0003_idba_bin.3.fa.gz	filename	matched	1962	True	True	
rumen__10674_0003_idba_bin.31	rumen__10674_0003_idba_bin.31	rumen	rumen	Bacteria	10674_0003_idba_bin.31	data/blue_catalyst_poc/rumen/raw/10674_0003_idba_bin.31.fa.gz	10674_0003_idba_bin.31.fa.gz	data/blue_catalyst_poc/proteomes/rumen__10674_0003_idba_bin.31.faa	rumen__10674_0003_idba_bin.31.faa	ERZ1037738	webin-genome-10674_0003_idba_bin.31	10674_0003_idba_bin.31.fa.gz	filename	matched	1671	True	True	
rumen__10674_0003_idba_bin.33	rumen__10674_0003_idba_bin.33	rumen	rumen	Bacteria	10674_0003_idba_bin.33	data/blue_catalyst_poc/rumen/raw/10674_0003_idba_bin.33.fa.gz	10674_0003_idba_bin.33.fa.gz	data/blue_catalyst_poc/proteomes/rumen__10674_0003_idba_bin.33.faa	rumen__10674_0003_idba_bin.33.faa	ERZ1037739	webin-genome-10674_0003_idba_bin.33	10674_0003_idba_bin.33.fa.gz	filename	matched	1185	True	True	
rumen__10674_0003_idba_bin.36	rumen__10674_0003_idba_bin.36	rumen	rumen	Bacteria	10674_0003_idba_bin.36	data/blue_catalyst_poc/rumen/raw/10674_0003_idba_bin.36.fa.gz	10674_0003_idba_bin.36.fa.gz	data/blue_catalyst_poc/proteomes/rumen__10674_0003_idba_bin.36.faa	rumen__10674_0003_idba_bin.36.faa	ERZ1037740	webin-genome-10674_0003_idba_bin.36	10674_0003_idba_bin.36.fa.gz	filename	matched	1661	True	True	
rumen__10674_0003_idba_bin.41	rumen__10674_0003_idba_bin.41	rumen	rumen	Bacteria	10674_0003_idba_bin.41	data/blue_catalyst_poc/rumen/raw/10674_0003_idba_bin.41.fa.gz	10674_0003_idba_bin.41.fa.gz	data/blue_catalyst_poc/proteomes/rumen__10674_0003_idba_bin.41.faa	rumen__10674_0003_idba_bin.41.faa	ERZ1037741	webin-genome-10674_0003_idba_bin.41	10674_0003_idba_bin.41.fa.gz	filename	matched	2093	True	True	
rumen__10674_0003_idba_bin.44	rumen__10674_0003_idba_bin.44	rumen	rumen	Bacteria	10674_0003_idba_bin.44	data/blue_catalyst_poc/rumen/raw/10674_0003_idba_bin.44.fa.gz	10674_0003_idba_bin.44.fa.gz	data/blue_catalyst_poc/proteomes/rumen__10674_0003_idba_bin.44.faa	rumen__10674_0003_idba_bin.44.faa	ERZ1037742	webin-genome-10674_0003_idba_bin.44	10674_0003_idba_bin.44.fa.gz	filename	matched	2257	True	True	
rumen__10674_0003_idba_bin.46	rumen__10674_0003_idba_bin.46	rumen	rumen	Bacteria	10674_0003_idba_bin.46	data/blue_catalyst_poc/rumen/raw/10674_0003_idba_bin.46.fa.gz	10674_0003_idba_bin.46.fa.gz	data/blue_catalyst_poc/proteomes/rumen__10674_0003_idba_bin.46.faa	rumen__10674_0003_idba_bin.46.faa	ERZ1037743	webin-genome-10674_0003_idba_bin.46	10674_0003_idba_bin.46.fa.gz	filename	matched	1487	True	True	
rumen__10674_0003_idba_bin.47	rumen__10674_0003_idba_bin.47	rumen	rumen	Bacteria	10674_0003_idba_bin.47	data/blue_catalyst_poc/rumen/raw/10674_0003_idba_bin.47.fa.gz	10674_0003_idba_bin.47.fa.gz	data/blue_catalyst_poc/proteomes/rumen__10674_0003_idba_bin.47.faa	rumen__10674_0003_idba_bin.47.faa	ERZ1037745	webin-genome-10674_0003_idba_bin.47	10674_0003_idba_bin.47.fa.gz	filename	matched	1399	True	True	
rumen__10674_0003_idba_bin.48	rumen__10674_0003_idba_bin.48	rumen	rumen	Bacteria	10674_0003_idba_bin.48	data/blue_catalyst_poc/rumen/raw/10674_0003_idba_bin.48.fa.gz	10674_0003_idba_bin.48.fa.gz	data/blue_catalyst_poc/proteomes/rumen__10674_0003_idba_bin.48.faa	rumen__10674_0003_idba_bin.48.faa	ERZ1037746	webin-genome-10674_0003_idba_bin.48	10674_0003_idba_bin.48.fa.gz	filename	matched	1806	True	True	
rumen__10674_0003_idba_bin.49	rumen__10674_0003_idba_bin.49	rumen	rumen	Bacteria	10674_0003_idba_bin.49	data/blue_catalyst_poc/rumen/raw/10674_0003_idba_bin.49.fa.gz	10674_0003_idba_bin.49.fa.gz	data/blue_catalyst_poc/proteomes/rumen__10674_0003_idba_bin.49.faa	rumen__10674_0003_idba_bin.49.faa	ERZ1037748	webin-genome-10674_0003_idba_bin.49	10674_0003_idba_bin.49.fa.gz	filename	matched	1822	True	True	
rumen__10674_0003_idba_bin.5	rumen__10674_0003_idba_bin.5	rumen	rumen	Bacteria	10674_0003_idba_bin.5	data/blue_catalyst_poc/rumen/raw/10674_0003_idba_bin.5.fa.gz	10674_0003_idba_bin.5.fa.gz	data/blue_catalyst_poc/proteomes/rumen__10674_0003_idba_bin.5.faa	rumen__10674_0003_idba_bin.5.faa	ERZ1037749	webin-genome-10674_0003_idba_bin.5	10674_0003_idba_bin.5.fa.gz	filename	matched	2064	True	True	
rumen__10674_0003_idba_bin.52	rumen__10674_0003_idba_bin.52	rumen	rumen	Bacteria	10674_0003_idba_bin.52	data/blue_catalyst_poc/rumen/raw/10674_0003_idba_bin.52.fa.gz	10674_0003_idba_bin.52.fa.gz	data/blue_catalyst_poc/proteomes/rumen__10674_0003_idba_bin.52.faa	rumen__10674_0003_idba_bin.52.faa	ERZ1037750	webin-genome-10674_0003_idba_bin.52	10674_0003_idba_bin.52.fa.gz	filename	matched	370	True	True	
rumen__10674_0003_idba_bin.53	rumen__10674_0003_idba_bin.53	rumen	rumen	Bacteria	10674_0003_idba_bin.53	data/blue_catalyst_poc/rumen/raw/10674_0003_idba_bin.53.fa.gz	10674_0003_idba_bin.53.fa.gz	data/blue_catalyst_poc/proteomes/rumen__10674_0003_idba_bin.53.faa	rumen__10674_0003_idba_bin.53.faa	ERZ1037751	webin-genome-10674_0003_idba_bin.53	10674_0003_idba_bin.53.fa.gz	filename	matched	2555	True	True	
rumen__10674_0003_idba_bin.56	rumen__10674_0003_idba_bin.56	rumen	rumen	Bacteria	10674_0003_idba_bin.56	data/blue_catalyst_poc/rumen/raw/10674_0003_idba_bin.56.fa.gz	10674_0003_idba_bin.56.fa.gz	data/blue_catalyst_poc/proteomes/rumen__10674_0003_idba_bin.56.faa	rumen__10674_0003_idba_bin.56.faa	ERZ1037752	webin-genome-10674_0003_idba_bin.56	10674_0003_idba_bin.56.fa.gz	filename	matched	2093	True	True	
rumen__10674_0003_idba_bin.60	rumen__10674_0003_idba_bin.60	rumen	rumen	Bacteria	10674_0003_idba_bin.60	data/blue_catalyst_poc/rumen/raw/10674_0003_idba_bin.60.fa.gz	10674_0003_idba_bin.60.fa.gz	data/blue_catalyst_poc/proteomes/rumen__10674_0003_idba_bin.60.faa	rumen__10674_0003_idba_bin.60.faa	ERZ1037753	webin-genome-10674_0003_idba_bin.60	10674_0003_idba_bin.60.fa.gz	filename	matched	1826	True	True	
rumen__10674_0003_idba_bin.61	rumen__10674_0003_idba_bin.61	rumen	rumen	Bacteria	10674_0003_idba_bin.61	data/blue_catalyst_poc/rumen/raw/10674_0003_idba_bin.61.fa.gz	10674_0003_idba_bin.61.fa.gz	data/blue_catalyst_poc/proteomes/rumen__10674_0003_idba_bin.61.faa	rumen__10674_0003_idba_bin.61.faa	ERZ1037754	webin-genome-10674_0003_idba_bin.61	10674_0003_idba_bin.61.fa.gz	filename	matched	1745	True	True	
rumen__10674_0003_idba_bin.62	rumen__10674_0003_idba_bin.62	rumen	rumen	Bacteria	10674_0003_idba_bin.62	data/blue_catalyst_poc/rumen/raw/10674_0003_idba_bin.62.fa.gz	10674_0003_idba_bin.62.fa.gz	data/blue_catalyst_poc/proteomes/rumen__10674_0003_idba_bin.62.faa	rumen__10674_0003_idba_bin.62.faa	ERZ1037755	webin-genome-10674_0003_idba_bin.62	10674_0003_idba_bin.62.fa.gz	filename	matched	2826	True	True	
rumen__10674_0003_idba_bin.64	rumen__10674_0003_idba_bin.64	rumen	rumen	Bacteria	10674_0003_idba_bin.64	data/blue_catalyst_poc/rumen/raw/10674_0003_idba_bin.64.fa.gz	10674_0003_idba_bin.64.fa.gz	data/blue_catalyst_poc/proteomes/rumen__10674_0003_idba_bin.64.faa	rumen__10674_0003_idba_bin.64.faa	ERZ1037756	webin-genome-10674_0003_idba_bin.64	10674_0003_idba_bin.64.fa.gz	filename	matched	943	True	True	
rumen__10674_0003_idba_bin.65	rumen__10674_0003_idba_bin.65	rumen	rumen	Bacteria	10674_0003_idba_bin.65	data/blue_catalyst_poc/rumen/raw/10674_0003_idba_bin.65.fa.gz	10674_0003_idba_bin.65.fa.gz	data/blue_catalyst_poc/proteomes/rumen__10674_0003_idba_bin.65.faa	rumen__10674_0003_idba_bin.65.faa	ERZ1037757	webin-genome-10674_0003_idba_bin.65	10674_0003_idba_bin.65.fa.gz	filename	matched	2102	True	True	
rumen__10674_0003_idba_bin.67	rumen__10674_0003_idba_bin.67	rumen	rumen	Bacteria	10674_0003_idba_bin.67	data/blue_catalyst_poc/rumen/raw/10674_0003_idba_bin.67.fa.gz	10674_0003_idba_bin.67.fa.gz	data/blue_catalyst_poc/proteomes/rumen__10674_0003_idba_bin.67.faa	rumen__10674_0003_idba_bin.67.faa	ERZ1037758	webin-genome-10674_0003_idba_bin.67	10674_0003_idba_bin.67.fa.gz	filename	matched	2328	True	True	
rumen__10674_0003_idba_bin.69	rumen__10674_0003_idba_bin.69	rumen	rumen	Bacteria	10674_0003_idba_bin.69	data/blue_catalyst_poc/rumen/raw/10674_0003_idba_bin.69.fa.gz	10674_0003_idba_bin.69.fa.gz	data/blue_catalyst_poc/proteomes/rumen__10674_0003_idba_bin.69.faa	rumen__10674_0003_idba_bin.69.faa	ERZ1037759	webin-genome-10674_0003_idba_bin.69	10674_0003_idba_bin.69.fa.gz	filename	matched	2202	True	True	
rumen__10674_0003_idba_bin.7	rumen__10674_0003_idba_bin.7	rumen	rumen	Bacteria	10674_0003_idba_bin.7	data/blue_catalyst_poc/rumen/raw/10674_0003_idba_bin.7.fa.gz	10674_0003_idba_bin.7.fa.gz	data/blue_catalyst_poc/proteomes/rumen__10674_0003_idba_bin.7.faa	rumen__10674_0003_idba_bin.7.faa	ERZ1037760	webin-genome-10674_0003_idba_bin.7	10674_0003_idba_bin.7.fa.gz	filename	matched	1189	True	True	
rumen__10674_0003_idba_bin.71	rumen__10674_0003_idba_bin.71	rumen	rumen	Bacteria	10674_0003_idba_bin.71	data/blue_catalyst_poc/rumen/raw/10674_0003_idba_bin.71.fa.gz	10674_0003_idba_bin.71.fa.gz	data/blue_catalyst_poc/proteomes/rumen__10674_0003_idba_bin.71.faa	rumen__10674_0003_idba_bin.71.faa	ERZ1037761	webin-genome-10674_0003_idba_bin.71	10674_0003_idba_bin.71.fa.gz	filename	matched	1025	True	True	
rumen__10674_0003_idba_bin.72	rumen__10674_0003_idba_bin.72	rumen	rumen	Bacteria	10674_0003_idba_bin.72	data/blue_catalyst_poc/rumen/raw/10674_0003_idba_bin.72.fa.gz	10674_0003_idba_bin.72.fa.gz	data/blue_catalyst_poc/proteomes/rumen__10674_0003_idba_bin.72.faa	rumen__10674_0003_idba_bin.72.faa	ERZ1037762	webin-genome-10674_0003_idba_bin.72	10674_0003_idba_bin.72.fa.gz	filename	matched	3187	True	True	
rumen__10674_0003_idba_bin.73	rumen__10674_0003_idba_bin.73	rumen	rumen	Bacteria	10674_0003_idba_bin.73	data/blue_catalyst_poc/rumen/raw/10674_0003_idba_bin.73.fa.gz	10674_0003_idba_bin.73.fa.gz	data/blue_catalyst_poc/proteomes/rumen__10674_0003_idba_bin.73.faa	rumen__10674_0003_idba_bin.73.faa	ERZ1037763	webin-genome-10674_0003_idba_bin.73	10674_0003_idba_bin.73.fa.gz	filename	matched	1916	True	True	
rumen__10674_0003_idba_bin.74	rumen__10674_0003_idba_bin.74	rumen	rumen	Bacteria	10674_0003_idba_bin.74	data/blue_catalyst_poc/rumen/raw/10674_0003_idba_bin.74.fa.gz	10674_0003_idba_bin.74.fa.gz	data/blue_catalyst_poc/proteomes/rumen__10674_0003_idba_bin.74.faa	rumen__10674_0003_idba_bin.74.faa	ERZ1037764	webin-genome-10674_0003_idba_bin.74	10674_0003_idba_bin.74.fa.gz	filename	matched	2416	True	True	
rumen__10674_0003_idba_bin.75	rumen__10674_0003_idba_bin.75	rumen	rumen	Bacteria	10674_0003_idba_bin.75	data/blue_catalyst_poc/rumen/raw/10674_0003_idba_bin.75.fa.gz	10674_0003_idba_bin.75.fa.gz	data/blue_catalyst_poc/proteomes/rumen__10674_0003_idba_bin.75.faa	rumen__10674_0003_idba_bin.75.faa	ERZ1037765	webin-genome-10674_0003_idba_bin.75	10674_0003_idba_bin.75.fa.gz	filename	matched	2151	True	True	
rumen__10674_0003_idba_bin.77	rumen__10674_0003_idba_bin.77	rumen	rumen	Bacteria	10674_0003_idba_bin.77	data/blue_catalyst_poc/rumen/raw/10674_0003_idba_bin.77.fa.gz	10674_0003_idba_bin.77.fa.gz	data/blue_catalyst_poc/proteomes/rumen__10674_0003_idba_bin.77.faa	rumen__10674_0003_idba_bin.77.faa	ERZ1037766	webin-genome-10674_0003_idba_bin.77	10674_0003_idba_bin.77.fa.gz	filename	matched	1721	True	True	
rumen__10674_0003_idba_bin.78	rumen__10674_0003_idba_bin.78	rumen	rumen	Bacteria	10674_0003_idba_bin.78	data/blue_catalyst_poc/rumen/raw/10674_0003_idba_bin.78.fa.gz	10674_0003_idba_bin.78.fa.gz	data/blue_catalyst_poc/proteomes/rumen__10674_0003_idba_bin.78.faa	rumen__10674_0003_idba_bin.78.faa	ERZ1037767	webin-genome-10674_0003_idba_bin.78	10674_0003_idba_bin.78.fa.gz	filename	matched	2822	True	True	
rumen__10674_0003_idba_bin.80	rumen__10674_0003_idba_bin.80	rumen	rumen	Bacteria	10674_0003_idba_bin.80	data/blue_catalyst_poc/rumen/raw/10674_0003_idba_bin.80.fa.gz	10674_0003_idba_bin.80.fa.gz	data/blue_catalyst_poc/proteomes/rumen__10674_0003_idba_bin.80.faa	rumen__10674_0003_idba_bin.80.faa	ERZ1037768	webin-genome-10674_0003_idba_bin.80	10674_0003_idba_bin.80.fa.gz	filename	matched	1958	True	True	
rumen__10674_0003_idba_bin.83	rumen__10674_0003_idba_bin.83	rumen	rumen	Bacteria	10674_0003_idba_bin.83	data/blue_catalyst_poc/rumen/raw/10674_0003_idba_bin.83.fa.gz	10674_0003_idba_bin.83.fa.gz	data/blue_catalyst_poc/proteomes/rumen__10674_0003_idba_bin.83.faa	rumen__10674_0003_idba_bin.83.faa	ERZ1037769	webin-genome-10674_0003_idba_bin.83	10674_0003_idba_bin.83.fa.gz	filename	matched	2127	True	True	
rumen__10674_0003_idba_bin.84	rumen__10674_0003_idba_bin.84	rumen	rumen	Bacteria	10674_0003_idba_bin.84	data/blue_catalyst_poc/rumen/raw/10674_0003_idba_bin.84.fa.gz	10674_0003_idba_bin.84.fa.gz	data/blue_catalyst_poc/proteomes/rumen__10674_0003_idba_bin.84.faa	rumen__10674_0003_idba_bin.84.faa	ERZ1037770	webin-genome-10674_0003_idba_bin.84	10674_0003_idba_bin.84.fa.gz	filename	matched	2220	True	True	
rumen__10674_0003_idba_bin.85	rumen__10674_0003_idba_bin.85	rumen	rumen	Bacteria	10674_0003_idba_bin.85	data/blue_catalyst_poc/rumen/raw/10674_0003_idba_bin.85.fa.gz	10674_0003_idba_bin.85.fa.gz	data/blue_catalyst_poc/proteomes/rumen__10674_0003_idba_bin.85.faa	rumen__10674_0003_idba_bin.85.faa	ERZ1037771	webin-genome-10674_0003_idba_bin.85	10674_0003_idba_bin.85.fa.gz	filename	matched	1869	True	True	
rumen__10674_0003_idba_bin.86	rumen__10674_0003_idba_bin.86	rumen	rumen	Bacteria	10674_0003_idba_bin.86	data/blue_catalyst_poc/rumen/raw/10674_0003_idba_bin.86.fa.gz	10674_0003_idba_bin.86.fa.gz	data/blue_catalyst_poc/proteomes/rumen__10674_0003_idba_bin.86.faa	rumen__10674_0003_idba_bin.86.faa	ERZ1037772	webin-genome-10674_0003_idba_bin.86	10674_0003_idba_bin.86.fa.gz	filename	matched	1815	True	True	
rumen__10674_0003_idba_bin.87	rumen__10674_0003_idba_bin.87	rumen	rumen	Bacteria	10674_0003_idba_bin.87	data/blue_catalyst_poc/rumen/raw/10674_0003_idba_bin.87.fa.gz	10674_0003_idba_bin.87.fa.gz	data/blue_catalyst_poc/proteomes/rumen__10674_0003_idba_bin.87.faa	rumen__10674_0003_idba_bin.87.faa	ERZ1037773	webin-genome-10674_0003_idba_bin.87	10674_0003_idba_bin.87.fa.gz	filename	matched	1421	True	True	
rumen__10674_0003_idba_bin.88	rumen__10674_0003_idba_bin.88	rumen	rumen	Bacteria	10674_0003_idba_bin.88	data/blue_catalyst_poc/rumen/raw/10674_0003_idba_bin.88.fa.gz	10674_0003_idba_bin.88.fa.gz	data/blue_catalyst_poc/proteomes/rumen__10674_0003_idba_bin.88.faa	rumen__10674_0003_idba_bin.88.faa	ERZ1037774	webin-genome-10674_0003_idba_bin.88	10674_0003_idba_bin.88.fa.gz	filename	matched	1309	True	True	
rumen__10674_0003_idba_bin.89	rumen__10674_0003_idba_bin.89	rumen	rumen	Bacteria	10674_0003_idba_bin.89	data/blue_catalyst_poc/rumen/raw/10674_0003_idba_bin.89.fa.gz	10674_0003_idba_bin.89.fa.gz	data/blue_catalyst_poc/proteomes/rumen__10674_0003_idba_bin.89.faa	rumen__10674_0003_idba_bin.89.faa	ERZ1037775	webin-genome-10674_0003_idba_bin.89	10674_0003_idba_bin.89.fa.gz	filename	matched	2304	True	True	
rumen__10674_0003_idba_bin.9	rumen__10674_0003_idba_bin.9	rumen	rumen	Bacteria	10674_0003_idba_bin.9	data/blue_catalyst_poc/rumen/raw/10674_0003_idba_bin.9.fa.gz	10674_0003_idba_bin.9.fa.gz	data/blue_catalyst_poc/proteomes/rumen__10674_0003_idba_bin.9.faa	rumen__10674_0003_idba_bin.9.faa	ERZ1037776	webin-genome-10674_0003_idba_bin.9	10674_0003_idba_bin.9.fa.gz	filename	matched	2129	True	True	
rumen__10674_0003_idba_bin.93	rumen__10674_0003_idba_bin.93	rumen	rumen	Bacteria	10674_0003_idba_bin.93	data/blue_catalyst_poc/rumen/raw/10674_0003_idba_bin.93.fa.gz	10674_0003_idba_bin.93.fa.gz	data/blue_catalyst_poc/proteomes/rumen__10674_0003_idba_bin.93.faa	rumen__10674_0003_idba_bin.93.faa	ERZ1037777	webin-genome-10674_0003_idba_bin.93	10674_0003_idba_bin.93.fa.gz	filename	matched	2316	True	True	
rumen__10674_0003_idba_bin.96	rumen__10674_0003_idba_bin.96	rumen	rumen	Bacteria	10674_0003_idba_bin.96	data/blue_catalyst_poc/rumen/raw/10674_0003_idba_bin.96.fa.gz	10674_0003_idba_bin.96.fa.gz	data/blue_catalyst_poc/proteomes/rumen__10674_0003_idba_bin.96.faa	rumen__10674_0003_idba_bin.96.faa	ERZ1037778	webin-genome-10674_0003_idba_bin.96	10674_0003_idba_bin.96.fa.gz	filename	matched	2238	True	True	
rumen__10674_0003_idba_bin.98	rumen__10674_0003_idba_bin.98	rumen	rumen	Bacteria	10674_0003_idba_bin.98	data/blue_catalyst_poc/rumen/raw/10674_0003_idba_bin.98.fa.gz	10674_0003_idba_bin.98.fa.gz	data/blue_catalyst_poc/proteomes/rumen__10674_0003_idba_bin.98.faa	rumen__10674_0003_idba_bin.98.faa	ERZ1037779	webin-genome-10674_0003_idba_bin.98	10674_0003_idba_bin.98.fa.gz	filename	matched	1607	True	True	
rumen__10674_0004_idba_bin.103	rumen__10674_0004_idba_bin.103	rumen	rumen	Bacteria	10674_0004_idba_bin.103	data/blue_catalyst_poc/rumen/raw/10674_0004_idba_bin.103.fa.gz	10674_0004_idba_bin.103.fa.gz	data/blue_catalyst_poc/proteomes/rumen__10674_0004_idba_bin.103.faa	rumen__10674_0004_idba_bin.103.faa	ERZ1037780	webin-genome-10674_0004_idba_bin.103	10674_0004_idba_bin.103.fa.gz	filename	matched	2313	True	True	
rumen__10674_0004_idba_bin.105	rumen__10674_0004_idba_bin.105	rumen	rumen	Bacteria	10674_0004_idba_bin.105	data/blue_catalyst_poc/rumen/raw/10674_0004_idba_bin.105.fa.gz	10674_0004_idba_bin.105.fa.gz	data/blue_catalyst_poc/proteomes/rumen__10674_0004_idba_bin.105.faa	rumen__10674_0004_idba_bin.105.faa	ERZ1037781	webin-genome-10674_0004_idba_bin.105	10674_0004_idba_bin.105.fa.gz	filename	matched	3281	True	True	
rumen__10674_0004_idba_bin.107	rumen__10674_0004_idba_bin.107	rumen	rumen	Bacteria	10674_0004_idba_bin.107	data/blue_catalyst_poc/rumen/raw/10674_0004_idba_bin.107.fa.gz	10674_0004_idba_bin.107.fa.gz	data/blue_catalyst_poc/proteomes/rumen__10674_0004_idba_bin.107.faa	rumen__10674_0004_idba_bin.107.faa	ERZ1037782	webin-genome-10674_0004_idba_bin.107	10674_0004_idba_bin.107.fa.gz	filename	matched	2238	True	True	
rumen__10674_0004_idba_bin.108	rumen__10674_0004_idba_bin.108	rumen	rumen	Bacteria	10674_0004_idba_bin.108	data/blue_catalyst_poc/rumen/raw/10674_0004_idba_bin.108.fa.gz	10674_0004_idba_bin.108.fa.gz	data/blue_catalyst_poc/proteomes/rumen__10674_0004_idba_bin.108.faa	rumen__10674_0004_idba_bin.108.faa	ERZ1037783	webin-genome-10674_0004_idba_bin.108	10674_0004_idba_bin.108.fa.gz	filename	matched	2454	True	True	
rumen__10674_0004_idba_bin.110	rumen__10674_0004_idba_bin.110	rumen	rumen	Bacteria	10674_0004_idba_bin.110	data/blue_catalyst_poc/rumen/raw/10674_0004_idba_bin.110.fa.gz	10674_0004_idba_bin.110.fa.gz	data/blue_catalyst_poc/proteomes/rumen__10674_0004_idba_bin.110.faa	rumen__10674_0004_idba_bin.110.faa	ERZ1037784	webin-genome-10674_0004_idba_bin.110	10674_0004_idba_bin.110.fa.gz	filename	matched	3763	True	True	
rumen__10674_0004_idba_bin.116	rumen__10674_0004_idba_bin.116	rumen	rumen	Bacteria	10674_0004_idba_bin.116	data/blue_catalyst_poc/rumen/raw/10674_0004_idba_bin.116.fa.gz	10674_0004_idba_bin.116.fa.gz	data/blue_catalyst_poc/proteomes/rumen__10674_0004_idba_bin.116.faa	rumen__10674_0004_idba_bin.116.faa	ERZ1037785	webin-genome-10674_0004_idba_bin.116	10674_0004_idba_bin.116.fa.gz	filename	matched	1548	True	True	
rumen__10674_0004_idba_bin.118	rumen__10674_0004_idba_bin.118	rumen	rumen	Bacteria	10674_0004_idba_bin.118	data/blue_catalyst_poc/rumen/raw/10674_0004_idba_bin.118.fa.gz	10674_0004_idba_bin.118.fa.gz	data/blue_catalyst_poc/proteomes/rumen__10674_0004_idba_bin.118.faa	rumen__10674_0004_idba_bin.118.faa	ERZ1037786	webin-genome-10674_0004_idba_bin.118	10674_0004_idba_bin.118.fa.gz	filename	matched	3492	True	True	
rumen__10674_0004_idba_bin.119	rumen__10674_0004_idba_bin.119	rumen	rumen	Bacteria	10674_0004_idba_bin.119	data/blue_catalyst_poc/rumen/raw/10674_0004_idba_bin.119.fa.gz	10674_0004_idba_bin.119.fa.gz	data/blue_catalyst_poc/proteomes/rumen__10674_0004_idba_bin.119.faa	rumen__10674_0004_idba_bin.119.faa	ERZ1037787	webin-genome-10674_0004_idba_bin.119	10674_0004_idba_bin.119.fa.gz	filename	matched	2274	True	True	
rumen__10674_0004_idba_bin.12	rumen__10674_0004_idba_bin.12	rumen	rumen	Bacteria	10674_0004_idba_bin.12	data/blue_catalyst_poc/rumen/raw/10674_0004_idba_bin.12.fa.gz	10674_0004_idba_bin.12.fa.gz	data/blue_catalyst_poc/proteomes/rumen__10674_0004_idba_bin.12.faa	rumen__10674_0004_idba_bin.12.faa	ERZ1037788	webin-genome-10674_0004_idba_bin.12	10674_0004_idba_bin.12.fa.gz	filename	matched	2479	True	True	
rumen__10674_0004_idba_bin.120	rumen__10674_0004_idba_bin.120	rumen	rumen	Bacteria	10674_0004_idba_bin.120	data/blue_catalyst_poc/rumen/raw/10674_0004_idba_bin.120.fa.gz	10674_0004_idba_bin.120.fa.gz	data/blue_catalyst_poc/proteomes/rumen__10674_0004_idba_bin.120.faa	rumen__10674_0004_idba_bin.120.faa	ERZ1037789	webin-genome-10674_0004_idba_bin.120	10674_0004_idba_bin.120.fa.gz	filename	matched	2005	True	True	
rumen__10674_0004_idba_bin.121	rumen__10674_0004_idba_bin.121	rumen	rumen	Bacteria	10674_0004_idba_bin.121	data/blue_catalyst_poc/rumen/raw/10674_0004_idba_bin.121.fa.gz	10674_0004_idba_bin.121.fa.gz	data/blue_catalyst_poc/proteomes/rumen__10674_0004_idba_bin.121.faa	rumen__10674_0004_idba_bin.121.faa	ERZ1037790	webin-genome-10674_0004_idba_bin.121	10674_0004_idba_bin.121.fa.gz	filename	matched	2233	True	True	
rumen__10674_0004_idba_bin.122	rumen__10674_0004_idba_bin.122	rumen	rumen	Bacteria	10674_0004_idba_bin.122	data/blue_catalyst_poc/rumen/raw/10674_0004_idba_bin.122.fa.gz	10674_0004_idba_bin.122.fa.gz	data/blue_catalyst_poc/proteomes/rumen__10674_0004_idba_bin.122.faa	rumen__10674_0004_idba_bin.122.faa	ERZ1037791	webin-genome-10674_0004_idba_bin.122	10674_0004_idba_bin.122.fa.gz	filename	matched	2124	True	True	
rumen__10674_0004_idba_bin.123	rumen__10674_0004_idba_bin.123	rumen	rumen	Bacteria	10674_0004_idba_bin.123	data/blue_catalyst_poc/rumen/raw/10674_0004_idba_bin.123.fa.gz	10674_0004_idba_bin.123.fa.gz	data/blue_catalyst_poc/proteomes/rumen__10674_0004_idba_bin.123.faa	rumen__10674_0004_idba_bin.123.faa	ERZ1037792	webin-genome-10674_0004_idba_bin.123	10674_0004_idba_bin.123.fa.gz	filename	matched	2274	True	True	
rumen__10674_0004_idba_bin.124	rumen__10674_0004_idba_bin.124	rumen	rumen	Bacteria	10674_0004_idba_bin.124	data/blue_catalyst_poc/rumen/raw/10674_0004_idba_bin.124.fa.gz	10674_0004_idba_bin.124.fa.gz	data/blue_catalyst_poc/proteomes/rumen__10674_0004_idba_bin.124.faa	rumen__10674_0004_idba_bin.124.faa	ERZ1037793	webin-genome-10674_0004_idba_bin.124	10674_0004_idba_bin.124.fa.gz	filename	matched	1398	True	True	
rumen__10674_0004_idba_bin.125	rumen__10674_0004_idba_bin.125	rumen	rumen	Bacteria	10674_0004_idba_bin.125	data/blue_catalyst_poc/rumen/raw/10674_0004_idba_bin.125.fa.gz	10674_0004_idba_bin.125.fa.gz	data/blue_catalyst_poc/proteomes/rumen__10674_0004_idba_bin.125.faa	rumen__10674_0004_idba_bin.125.faa	ERZ1037794	webin-genome-10674_0004_idba_bin.125	10674_0004_idba_bin.125.fa.gz	filename	matched	659	True	True	
rumen__10674_0004_idba_bin.126	rumen__10674_0004_idba_bin.126	rumen	rumen	Bacteria	10674_0004_idba_bin.126	data/blue_catalyst_poc/rumen/raw/10674_0004_idba_bin.126.fa.gz	10674_0004_idba_bin.126.fa.gz	data/blue_catalyst_poc/proteomes/rumen__10674_0004_idba_bin.126.faa	rumen__10674_0004_idba_bin.126.faa	ERZ1037795	webin-genome-10674_0004_idba_bin.126	10674_0004_idba_bin.126.fa.gz	filename	matched	1594	True	True	
rumen__10674_0004_idba_bin.127	rumen__10674_0004_idba_bin.127	rumen	rumen	Bacteria	10674_0004_idba_bin.127	data/blue_catalyst_poc/rumen/raw/10674_0004_idba_bin.127.fa.gz	10674_0004_idba_bin.127.fa.gz	data/blue_catalyst_poc/proteomes/rumen__10674_0004_idba_bin.127.faa	rumen__10674_0004_idba_bin.127.faa	ERZ1037796	webin-genome-10674_0004_idba_bin.127	10674_0004_idba_bin.127.fa.gz	filename	matched	1818	True	True	
rumen__10674_0004_idba_bin.130	rumen__10674_0004_idba_bin.130	rumen	rumen	Bacteria	10674_0004_idba_bin.130	data/blue_catalyst_poc/rumen/raw/10674_0004_idba_bin.130.fa.gz	10674_0004_idba_bin.130.fa.gz	data/blue_catalyst_poc/proteomes/rumen__10674_0004_idba_bin.130.faa	rumen__10674_0004_idba_bin.130.faa	ERZ1037797	webin-genome-10674_0004_idba_bin.130	10674_0004_idba_bin.130.fa.gz	filename	matched	1461	True	True	
rumen__10674_0004_idba_bin.134	rumen__10674_0004_idba_bin.134	rumen	rumen	Bacteria	10674_0004_idba_bin.134	data/blue_catalyst_poc/rumen/raw/10674_0004_idba_bin.134.fa.gz	10674_0004_idba_bin.134.fa.gz	data/blue_catalyst_poc/proteomes/rumen__10674_0004_idba_bin.134.faa	rumen__10674_0004_idba_bin.134.faa	ERZ1037798	webin-genome-10674_0004_idba_bin.134	10674_0004_idba_bin.134.fa.gz	filename	matched	2114	True	True	
rumen__10674_0004_idba_bin.138	rumen__10674_0004_idba_bin.138	rumen	rumen	Bacteria	10674_0004_idba_bin.138	data/blue_catalyst_poc/rumen/raw/10674_0004_idba_bin.138.fa.gz	10674_0004_idba_bin.138.fa.gz	data/blue_catalyst_poc/proteomes/rumen__10674_0004_idba_bin.138.faa	rumen__10674_0004_idba_bin.138.faa	ERZ1037799	webin-genome-10674_0004_idba_bin.138	10674_0004_idba_bin.138.fa.gz	filename	matched	2145	True	True	
rumen__10674_0004_idba_bin.14	rumen__10674_0004_idba_bin.14	rumen	rumen	Bacteria	10674_0004_idba_bin.14	data/blue_catalyst_poc/rumen/raw/10674_0004_idba_bin.14.fa.gz	10674_0004_idba_bin.14.fa.gz	data/blue_catalyst_poc/proteomes/rumen__10674_0004_idba_bin.14.faa	rumen__10674_0004_idba_bin.14.faa	ERZ1037800	webin-genome-10674_0004_idba_bin.14	10674_0004_idba_bin.14.fa.gz	filename	matched	3034	True	True	
rumen__10674_0004_idba_bin.143	rumen__10674_0004_idba_bin.143	rumen	rumen	Bacteria	10674_0004_idba_bin.143	data/blue_catalyst_poc/rumen/raw/10674_0004_idba_bin.143.fa.gz	10674_0004_idba_bin.143.fa.gz	data/blue_catalyst_poc/proteomes/rumen__10674_0004_idba_bin.143.faa	rumen__10674_0004_idba_bin.143.faa	ERZ1037801	webin-genome-10674_0004_idba_bin.143	10674_0004_idba_bin.143.fa.gz	filename	matched	1653	True	True	
rumen__10674_0004_idba_bin.144	rumen__10674_0004_idba_bin.144	rumen	rumen	Bacteria	10674_0004_idba_bin.144	data/blue_catalyst_poc/rumen/raw/10674_0004_idba_bin.144.fa.gz	10674_0004_idba_bin.144.fa.gz	data/blue_catalyst_poc/proteomes/rumen__10674_0004_idba_bin.144.faa	rumen__10674_0004_idba_bin.144.faa	ERZ1037802	webin-genome-10674_0004_idba_bin.144	10674_0004_idba_bin.144.fa.gz	filename	matched	1765	True	True	
rumen__10674_0004_idba_bin.145	rumen__10674_0004_idba_bin.145	rumen	rumen	Bacteria	10674_0004_idba_bin.145	data/blue_catalyst_poc/rumen/raw/10674_0004_idba_bin.145.fa.gz	10674_0004_idba_bin.145.fa.gz	data/blue_catalyst_poc/proteomes/rumen__10674_0004_idba_bin.145.faa	rumen__10674_0004_idba_bin.145.faa	ERZ1037803	webin-genome-10674_0004_idba_bin.145	10674_0004_idba_bin.145.fa.gz	filename	matched	1266	True	True	
rumen__10674_0004_idba_bin.146	rumen__10674_0004_idba_bin.146	rumen	rumen	Bacteria	10674_0004_idba_bin.146	data/blue_catalyst_poc/rumen/raw/10674_0004_idba_bin.146.fa.gz	10674_0004_idba_bin.146.fa.gz	data/blue_catalyst_poc/proteomes/rumen__10674_0004_idba_bin.146.faa	rumen__10674_0004_idba_bin.146.faa	ERZ1037804	webin-genome-10674_0004_idba_bin.146	10674_0004_idba_bin.146.fa.gz	filename	matched	1916	True	True	
rumen__10674_0004_idba_bin.147	rumen__10674_0004_idba_bin.147	rumen	rumen	Bacteria	10674_0004_idba_bin.147	data/blue_catalyst_poc/rumen/raw/10674_0004_idba_bin.147.fa.gz	10674_0004_idba_bin.147.fa.gz	data/blue_catalyst_poc/proteomes/rumen__10674_0004_idba_bin.147.faa	rumen__10674_0004_idba_bin.147.faa	ERZ1037805	webin-genome-10674_0004_idba_bin.147	10674_0004_idba_bin.147.fa.gz	filename	matched	1894	True	True	
rumen__10674_0004_idba_bin.148	rumen__10674_0004_idba_bin.148	rumen	rumen	Bacteria	10674_0004_idba_bin.148	data/blue_catalyst_poc/rumen/raw/10674_0004_idba_bin.148.fa.gz	10674_0004_idba_bin.148.fa.gz	data/blue_catalyst_poc/proteomes/rumen__10674_0004_idba_bin.148.faa	rumen__10674_0004_idba_bin.148.faa	ERZ1037806	webin-genome-10674_0004_idba_bin.148	10674_0004_idba_bin.148.fa.gz	filename	matched	2570	True	True	
rumen__10674_0004_idba_bin.149	rumen__10674_0004_idba_bin.149	rumen	rumen	Bacteria	10674_0004_idba_bin.149	data/blue_catalyst_poc/rumen/raw/10674_0004_idba_bin.149.fa.gz	10674_0004_idba_bin.149.fa.gz	data/blue_catalyst_poc/proteomes/rumen__10674_0004_idba_bin.149.faa	rumen__10674_0004_idba_bin.149.faa	ERZ1037807	webin-genome-10674_0004_idba_bin.149	10674_0004_idba_bin.149.fa.gz	filename	matched	1739	True	True	
rumen__10674_0004_idba_bin.15	rumen__10674_0004_idba_bin.15	rumen	rumen	Bacteria	10674_0004_idba_bin.15	data/blue_catalyst_poc/rumen/raw/10674_0004_idba_bin.15.fa.gz	10674_0004_idba_bin.15.fa.gz	data/blue_catalyst_poc/proteomes/rumen__10674_0004_idba_bin.15.faa	rumen__10674_0004_idba_bin.15.faa	ERZ1037808	webin-genome-10674_0004_idba_bin.15	10674_0004_idba_bin.15.fa.gz	filename	matched	1769	True	True	
rumen__10674_0004_idba_bin.152	rumen__10674_0004_idba_bin.152	rumen	rumen	Bacteria	10674_0004_idba_bin.152	data/blue_catalyst_poc/rumen/raw/10674_0004_idba_bin.152.fa.gz	10674_0004_idba_bin.152.fa.gz	data/blue_catalyst_poc/proteomes/rumen__10674_0004_idba_bin.152.faa	rumen__10674_0004_idba_bin.152.faa	ERZ1037809	webin-genome-10674_0004_idba_bin.152	10674_0004_idba_bin.152.fa.gz	filename	matched	1689	True	True	
rumen__10674_0004_idba_bin.153	rumen__10674_0004_idba_bin.153	rumen	rumen	Bacteria	10674_0004_idba_bin.153	data/blue_catalyst_poc/rumen/raw/10674_0004_idba_bin.153.fa.gz	10674_0004_idba_bin.153.fa.gz	data/blue_catalyst_poc/proteomes/rumen__10674_0004_idba_bin.153.faa	rumen__10674_0004_idba_bin.153.faa	ERZ1037810	webin-genome-10674_0004_idba_bin.153	10674_0004_idba_bin.153.fa.gz	filename	matched	1756	True	True	
rumen__10674_0004_idba_bin.156	rumen__10674_0004_idba_bin.156	rumen	rumen	Bacteria	10674_0004_idba_bin.156	data/blue_catalyst_poc/rumen/raw/10674_0004_idba_bin.156.fa.gz	10674_0004_idba_bin.156.fa.gz	data/blue_catalyst_poc/proteomes/rumen__10674_0004_idba_bin.156.faa	rumen__10674_0004_idba_bin.156.faa	ERZ1037811	webin-genome-10674_0004_idba_bin.156	10674_0004_idba_bin.156.fa.gz	filename	matched	2048	True	True	
rumen__10674_0004_idba_bin.159	rumen__10674_0004_idba_bin.159	rumen	rumen	Bacteria	10674_0004_idba_bin.159	data/blue_catalyst_poc/rumen/raw/10674_0004_idba_bin.159.fa.gz	10674_0004_idba_bin.159.fa.gz	data/blue_catalyst_poc/proteomes/rumen__10674_0004_idba_bin.159.faa	rumen__10674_0004_idba_bin.159.faa	ERZ1037812	webin-genome-10674_0004_idba_bin.159	10674_0004_idba_bin.159.fa.gz	filename	matched	2206	True	True	
rumen__10674_0004_idba_bin.160	rumen__10674_0004_idba_bin.160	rumen	rumen	Bacteria	10674_0004_idba_bin.160	data/blue_catalyst_poc/rumen/raw/10674_0004_idba_bin.160.fa.gz	10674_0004_idba_bin.160.fa.gz	data/blue_catalyst_poc/proteomes/rumen__10674_0004_idba_bin.160.faa	rumen__10674_0004_idba_bin.160.faa	ERZ1037813	webin-genome-10674_0004_idba_bin.160	10674_0004_idba_bin.160.fa.gz	filename	matched	1979	True	True	
rumen__10674_0004_idba_bin.163	rumen__10674_0004_idba_bin.163	rumen	rumen	Bacteria	10674_0004_idba_bin.163	data/blue_catalyst_poc/rumen/raw/10674_0004_idba_bin.163.fa.gz	10674_0004_idba_bin.163.fa.gz	data/blue_catalyst_poc/proteomes/rumen__10674_0004_idba_bin.163.faa	rumen__10674_0004_idba_bin.163.faa	ERZ1037814	webin-genome-10674_0004_idba_bin.163	10674_0004_idba_bin.163.fa.gz	filename	matched	2370	True	True	
rumen__10674_0004_idba_bin.164	rumen__10674_0004_idba_bin.164	rumen	rumen	Bacteria	10674_0004_idba_bin.164	data/blue_catalyst_poc/rumen/raw/10674_0004_idba_bin.164.fa.gz	10674_0004_idba_bin.164.fa.gz	data/blue_catalyst_poc/proteomes/rumen__10674_0004_idba_bin.164.faa	rumen__10674_0004_idba_bin.164.faa	ERZ1037815	webin-genome-10674_0004_idba_bin.164	10674_0004_idba_bin.164.fa.gz	filename	matched	2218	True	True	
rumen__10674_0004_idba_bin.165	rumen__10674_0004_idba_bin.165	rumen	rumen	Bacteria	10674_0004_idba_bin.165	data/blue_catalyst_poc/rumen/raw/10674_0004_idba_bin.165.fa.gz	10674_0004_idba_bin.165.fa.gz	data/blue_catalyst_poc/proteomes/rumen__10674_0004_idba_bin.165.faa	rumen__10674_0004_idba_bin.165.faa	ERZ1037816	webin-genome-10674_0004_idba_bin.165	10674_0004_idba_bin.165.fa.gz	filename	matched	1853	True	True	
rumen__10674_0004_idba_bin.166	rumen__10674_0004_idba_bin.166	rumen	rumen	Bacteria	10674_0004_idba_bin.166	data/blue_catalyst_poc/rumen/raw/10674_0004_idba_bin.166.fa.gz	10674_0004_idba_bin.166.fa.gz	data/blue_catalyst_poc/proteomes/rumen__10674_0004_idba_bin.166.faa	rumen__10674_0004_idba_bin.166.faa	ERZ1037817	webin-genome-10674_0004_idba_bin.166	10674_0004_idba_bin.166.fa.gz	filename	matched	2155	True	True	
rumen__10674_0004_idba_bin.168	rumen__10674_0004_idba_bin.168	rumen	rumen	Bacteria	10674_0004_idba_bin.168	data/blue_catalyst_poc/rumen/raw/10674_0004_idba_bin.168.fa.gz	10674_0004_idba_bin.168.fa.gz	data/blue_catalyst_poc/proteomes/rumen__10674_0004_idba_bin.168.faa	rumen__10674_0004_idba_bin.168.faa	ERZ1037818	webin-genome-10674_0004_idba_bin.168	10674_0004_idba_bin.168.fa.gz	filename	matched	2302	True	True	
rumen__10674_0004_idba_bin.17	rumen__10674_0004_idba_bin.17	rumen	rumen	Bacteria	10674_0004_idba_bin.17	data/blue_catalyst_poc/rumen/raw/10674_0004_idba_bin.17.fa.gz	10674_0004_idba_bin.17.fa.gz	data/blue_catalyst_poc/proteomes/rumen__10674_0004_idba_bin.17.faa	rumen__10674_0004_idba_bin.17.faa	ERZ1037819	webin-genome-10674_0004_idba_bin.17	10674_0004_idba_bin.17.fa.gz	filename	matched	2219	True	True	
rumen__10674_0004_idba_bin.170	rumen__10674_0004_idba_bin.170	rumen	rumen	Bacteria	10674_0004_idba_bin.170	data/blue_catalyst_poc/rumen/raw/10674_0004_idba_bin.170.fa.gz	10674_0004_idba_bin.170.fa.gz	data/blue_catalyst_poc/proteomes/rumen__10674_0004_idba_bin.170.faa	rumen__10674_0004_idba_bin.170.faa	ERZ1037820	webin-genome-10674_0004_idba_bin.170	10674_0004_idba_bin.170.fa.gz	filename	matched	2410	True	True	
rumen__10674_0004_idba_bin.171	rumen__10674_0004_idba_bin.171	rumen	rumen	Bacteria	10674_0004_idba_bin.171	data/blue_catalyst_poc/rumen/raw/10674_0004_idba_bin.171.fa.gz	10674_0004_idba_bin.171.fa.gz	data/blue_catalyst_poc/proteomes/rumen__10674_0004_idba_bin.171.faa	rumen__10674_0004_idba_bin.171.faa	ERZ1037821	webin-genome-10674_0004_idba_bin.171	10674_0004_idba_bin.171.fa.gz	filename	matched	2508	True	True	
rumen__10674_0004_idba_bin.172	rumen__10674_0004_idba_bin.172	rumen	rumen	Bacteria	10674_0004_idba_bin.172	data/blue_catalyst_poc/rumen/raw/10674_0004_idba_bin.172.fa.gz	10674_0004_idba_bin.172.fa.gz	data/blue_catalyst_poc/proteomes/rumen__10674_0004_idba_bin.172.faa	rumen__10674_0004_idba_bin.172.faa	ERZ1037822	webin-genome-10674_0004_idba_bin.172	10674_0004_idba_bin.172.fa.gz	filename	matched	2386	True	True	
rumen__10674_0004_idba_bin.175	rumen__10674_0004_idba_bin.175	rumen	rumen	Bacteria	10674_0004_idba_bin.175	data/blue_catalyst_poc/rumen/raw/10674_0004_idba_bin.175.fa.gz	10674_0004_idba_bin.175.fa.gz	data/blue_catalyst_poc/proteomes/rumen__10674_0004_idba_bin.175.faa	rumen__10674_0004_idba_bin.175.faa	ERZ1037823	webin-genome-10674_0004_idba_bin.175	10674_0004_idba_bin.175.fa.gz	filename	matched	1961	True	True	
rumen__10674_0004_idba_bin.178	rumen__10674_0004_idba_bin.178	rumen	rumen	Bacteria	10674_0004_idba_bin.178	data/blue_catalyst_poc/rumen/raw/10674_0004_idba_bin.178.fa.gz	10674_0004_idba_bin.178.fa.gz	data/blue_catalyst_poc/proteomes/rumen__10674_0004_idba_bin.178.faa	rumen__10674_0004_idba_bin.178.faa	ERZ1037824	webin-genome-10674_0004_idba_bin.178	10674_0004_idba_bin.178.fa.gz	filename	matched	2721	True	True	
rumen__10674_0004_idba_bin.18	rumen__10674_0004_idba_bin.18	rumen	rumen	Bacteria	10674_0004_idba_bin.18	data/blue_catalyst_poc/rumen/raw/10674_0004_idba_bin.18.fa.gz	10674_0004_idba_bin.18.fa.gz	data/blue_catalyst_poc/proteomes/rumen__10674_0004_idba_bin.18.faa	rumen__10674_0004_idba_bin.18.faa	ERZ1037825	webin-genome-10674_0004_idba_bin.18	10674_0004_idba_bin.18.fa.gz	filename	matched	1445	True	True	
rumen__10674_0004_idba_bin.182	rumen__10674_0004_idba_bin.182	rumen	rumen	Bacteria	10674_0004_idba_bin.182	data/blue_catalyst_poc/rumen/raw/10674_0004_idba_bin.182.fa.gz	10674_0004_idba_bin.182.fa.gz	data/blue_catalyst_poc/proteomes/rumen__10674_0004_idba_bin.182.faa	rumen__10674_0004_idba_bin.182.faa	ERZ1037826	webin-genome-10674_0004_idba_bin.182	10674_0004_idba_bin.182.fa.gz	filename	matched	1645	True	True	
rumen__10674_0004_idba_bin.186	rumen__10674_0004_idba_bin.186	rumen	rumen	Bacteria	10674_0004_idba_bin.186	data/blue_catalyst_poc/rumen/raw/10674_0004_idba_bin.186.fa.gz	10674_0004_idba_bin.186.fa.gz	data/blue_catalyst_poc/proteomes/rumen__10674_0004_idba_bin.186.faa	rumen__10674_0004_idba_bin.186.faa	ERZ1037827	webin-genome-10674_0004_idba_bin.186	10674_0004_idba_bin.186.fa.gz	filename	matched	1405	True	True	
rumen__10674_0004_idba_bin.187	rumen__10674_0004_idba_bin.187	rumen	rumen	Bacteria	10674_0004_idba_bin.187	data/blue_catalyst_poc/rumen/raw/10674_0004_idba_bin.187.fa.gz	10674_0004_idba_bin.187.fa.gz	data/blue_catalyst_poc/proteomes/rumen__10674_0004_idba_bin.187.faa	rumen__10674_0004_idba_bin.187.faa	ERZ1037828	webin-genome-10674_0004_idba_bin.187	10674_0004_idba_bin.187.fa.gz	filename	matched	2806	True	True	
rumen__10674_0004_idba_bin.189	rumen__10674_0004_idba_bin.189	rumen	rumen	Bacteria	10674_0004_idba_bin.189	data/blue_catalyst_poc/rumen/raw/10674_0004_idba_bin.189.fa.gz	10674_0004_idba_bin.189.fa.gz	data/blue_catalyst_poc/proteomes/rumen__10674_0004_idba_bin.189.faa	rumen__10674_0004_idba_bin.189.faa	ERZ1037829	webin-genome-10674_0004_idba_bin.189	10674_0004_idba_bin.189.fa.gz	filename	matched	1826	True	True	
rumen__10674_0004_idba_bin.19	rumen__10674_0004_idba_bin.19	rumen	rumen	Bacteria	10674_0004_idba_bin.19	data/blue_catalyst_poc/rumen/raw/10674_0004_idba_bin.19.fa.gz	10674_0004_idba_bin.19.fa.gz	data/blue_catalyst_poc/proteomes/rumen__10674_0004_idba_bin.19.faa	rumen__10674_0004_idba_bin.19.faa	ERZ1037830	webin-genome-10674_0004_idba_bin.19	10674_0004_idba_bin.19.fa.gz	filename	matched	2448	True	True	
rumen__10674_0004_idba_bin.191	rumen__10674_0004_idba_bin.191	rumen	rumen	Bacteria	10674_0004_idba_bin.191	data/blue_catalyst_poc/rumen/raw/10674_0004_idba_bin.191.fa.gz	10674_0004_idba_bin.191.fa.gz	data/blue_catalyst_poc/proteomes/rumen__10674_0004_idba_bin.191.faa	rumen__10674_0004_idba_bin.191.faa	ERZ1037831	webin-genome-10674_0004_idba_bin.191	10674_0004_idba_bin.191.fa.gz	filename	matched	1300	True	True	
rumen__10674_0004_idba_bin.193	rumen__10674_0004_idba_bin.193	rumen	rumen	Bacteria	10674_0004_idba_bin.193	data/blue_catalyst_poc/rumen/raw/10674_0004_idba_bin.193.fa.gz	10674_0004_idba_bin.193.fa.gz	data/blue_catalyst_poc/proteomes/rumen__10674_0004_idba_bin.193.faa	rumen__10674_0004_idba_bin.193.faa	ERZ1037832	webin-genome-10674_0004_idba_bin.193	10674_0004_idba_bin.193.fa.gz	filename	matched	944	True	True	
rumen__10674_0004_idba_bin.194	rumen__10674_0004_idba_bin.194	rumen	rumen	Bacteria	10674_0004_idba_bin.194	data/blue_catalyst_poc/rumen/raw/10674_0004_idba_bin.194.fa.gz	10674_0004_idba_bin.194.fa.gz	data/blue_catalyst_poc/proteomes/rumen__10674_0004_idba_bin.194.faa	rumen__10674_0004_idba_bin.194.faa	ERZ1037833	webin-genome-10674_0004_idba_bin.194	10674_0004_idba_bin.194.fa.gz	filename	matched	2196	True	True	
rumen__10674_0004_idba_bin.196	rumen__10674_0004_idba_bin.196	rumen	rumen	Bacteria	10674_0004_idba_bin.196	data/blue_catalyst_poc/rumen/raw/10674_0004_idba_bin.196.fa.gz	10674_0004_idba_bin.196.fa.gz	data/blue_catalyst_poc/proteomes/rumen__10674_0004_idba_bin.196.faa	rumen__10674_0004_idba_bin.196.faa	ERZ1037834	webin-genome-10674_0004_idba_bin.196	10674_0004_idba_bin.196.fa.gz	filename	matched	2192	True	True	
rumen__10674_0004_idba_bin.198	rumen__10674_0004_idba_bin.198	rumen	rumen	Bacteria	10674_0004_idba_bin.198	data/blue_catalyst_poc/rumen/raw/10674_0004_idba_bin.198.fa.gz	10674_0004_idba_bin.198.fa.gz	data/blue_catalyst_poc/proteomes/rumen__10674_0004_idba_bin.198.faa	rumen__10674_0004_idba_bin.198.faa	ERZ1037835	webin-genome-10674_0004_idba_bin.198	10674_0004_idba_bin.198.fa.gz	filename	matched	1993	True	True	
rumen__10674_0004_idba_bin.199	rumen__10674_0004_idba_bin.199	rumen	rumen	Bacteria	10674_0004_idba_bin.199	data/blue_catalyst_poc/rumen/raw/10674_0004_idba_bin.199.fa.gz	10674_0004_idba_bin.199.fa.gz	data/blue_catalyst_poc/proteomes/rumen__10674_0004_idba_bin.199.faa	rumen__10674_0004_idba_bin.199.faa	ERZ1037836	webin-genome-10674_0004_idba_bin.199	10674_0004_idba_bin.199.fa.gz	filename	matched	1986	True	True	
rumen__10674_0004_idba_bin.2	rumen__10674_0004_idba_bin.2	rumen	rumen	Bacteria	10674_0004_idba_bin.2	data/blue_catalyst_poc/rumen/raw/10674_0004_idba_bin.2.fa.gz	10674_0004_idba_bin.2.fa.gz	data/blue_catalyst_poc/proteomes/rumen__10674_0004_idba_bin.2.faa	rumen__10674_0004_idba_bin.2.faa	ERZ1037837	webin-genome-10674_0004_idba_bin.2	10674_0004_idba_bin.2.fa.gz	filename	matched	1703	True	True	
rumen__10674_0004_idba_bin.200	rumen__10674_0004_idba_bin.200	rumen	rumen	Bacteria	10674_0004_idba_bin.200	data/blue_catalyst_poc/rumen/raw/10674_0004_idba_bin.200.fa.gz	10674_0004_idba_bin.200.fa.gz	data/blue_catalyst_poc/proteomes/rumen__10674_0004_idba_bin.200.faa	rumen__10674_0004_idba_bin.200.faa	ERZ1037838	webin-genome-10674_0004_idba_bin.200	10674_0004_idba_bin.200.fa.gz	filename	matched	1422	True	True	
rumen__10674_0004_idba_bin.201	rumen__10674_0004_idba_bin.201	rumen	rumen	Bacteria	10674_0004_idba_bin.201	data/blue_catalyst_poc/rumen/raw/10674_0004_idba_bin.201.fa.gz	10674_0004_idba_bin.201.fa.gz	data/blue_catalyst_poc/proteomes/rumen__10674_0004_idba_bin.201.faa	rumen__10674_0004_idba_bin.201.faa	ERZ1037839	webin-genome-10674_0004_idba_bin.201	10674_0004_idba_bin.201.fa.gz	filename	matched	1833	True	True	
rumen__10674_0004_idba_bin.202	rumen__10674_0004_idba_bin.202	rumen	rumen	Bacteria	10674_0004_idba_bin.202	data/blue_catalyst_poc/rumen/raw/10674_0004_idba_bin.202.fa.gz	10674_0004_idba_bin.202.fa.gz	data/blue_catalyst_poc/proteomes/rumen__10674_0004_idba_bin.202.faa	rumen__10674_0004_idba_bin.202.faa	ERZ1037840	webin-genome-10674_0004_idba_bin.202	10674_0004_idba_bin.202.fa.gz	filename	matched	1548	True	True	
rumen__10674_0004_idba_bin.206	rumen__10674_0004_idba_bin.206	rumen	rumen	Bacteria	10674_0004_idba_bin.206	data/blue_catalyst_poc/rumen/raw/10674_0004_idba_bin.206.fa.gz	10674_0004_idba_bin.206.fa.gz	data/blue_catalyst_poc/proteomes/rumen__10674_0004_idba_bin.206.faa	rumen__10674_0004_idba_bin.206.faa	ERZ1037841	webin-genome-10674_0004_idba_bin.206	10674_0004_idba_bin.206.fa.gz	filename	matched	2082	True	True	
rumen__10674_0004_idba_bin.21	rumen__10674_0004_idba_bin.21	rumen	rumen	Bacteria	10674_0004_idba_bin.21	data/blue_catalyst_poc/rumen/raw/10674_0004_idba_bin.21.fa.gz	10674_0004_idba_bin.21.fa.gz	data/blue_catalyst_poc/proteomes/rumen__10674_0004_idba_bin.21.faa	rumen__10674_0004_idba_bin.21.faa	ERZ1037842	webin-genome-10674_0004_idba_bin.21	10674_0004_idba_bin.21.fa.gz	filename	matched	2155	True	True	
rumen__10674_0004_idba_bin.22	rumen__10674_0004_idba_bin.22	rumen	rumen	Bacteria	10674_0004_idba_bin.22	data/blue_catalyst_poc/rumen/raw/10674_0004_idba_bin.22.fa.gz	10674_0004_idba_bin.22.fa.gz	data/blue_catalyst_poc/proteomes/rumen__10674_0004_idba_bin.22.faa	rumen__10674_0004_idba_bin.22.faa	ERZ1037843	webin-genome-10674_0004_idba_bin.22	10674_0004_idba_bin.22.fa.gz	filename	matched	1316	True	True	
rumen__10674_0004_idba_bin.23	rumen__10674_0004_idba_bin.23	rumen	rumen	Archaea	10674_0004_idba_bin.23	data/blue_catalyst_poc/rumen/raw/10674_0004_idba_bin.23.fa.gz	10674_0004_idba_bin.23.fa.gz	data/blue_catalyst_poc/proteomes/rumen__10674_0004_idba_bin.23.faa	rumen__10674_0004_idba_bin.23.faa	ERZ1037844	webin-genome-10674_0004_idba_bin.23	10674_0004_idba_bin.23.fa.gz	filename	matched	1606	True	True	
rumen__10674_0004_idba_bin.25	rumen__10674_0004_idba_bin.25	rumen	rumen	Bacteria	10674_0004_idba_bin.25	data/blue_catalyst_poc/rumen/raw/10674_0004_idba_bin.25.fa.gz	10674_0004_idba_bin.25.fa.gz	data/blue_catalyst_poc/proteomes/rumen__10674_0004_idba_bin.25.faa	rumen__10674_0004_idba_bin.25.faa	ERZ1037845	webin-genome-10674_0004_idba_bin.25	10674_0004_idba_bin.25.fa.gz	filename	matched	1486	True	True	
rumen__10674_0004_idba_bin.26	rumen__10674_0004_idba_bin.26	rumen	rumen	Bacteria	10674_0004_idba_bin.26	data/blue_catalyst_poc/rumen/raw/10674_0004_idba_bin.26.fa.gz	10674_0004_idba_bin.26.fa.gz	data/blue_catalyst_poc/proteomes/rumen__10674_0004_idba_bin.26.faa	rumen__10674_0004_idba_bin.26.faa	ERZ1037846	webin-genome-10674_0004_idba_bin.26	10674_0004_idba_bin.26.fa.gz	filename	matched	3371	True	True	
rumen__10674_0004_idba_bin.3	rumen__10674_0004_idba_bin.3	rumen	rumen	Bacteria	10674_0004_idba_bin.3	data/blue_catalyst_poc/rumen/raw/10674_0004_idba_bin.3.fa.gz	10674_0004_idba_bin.3.fa.gz	data/blue_catalyst_poc/proteomes/rumen__10674_0004_idba_bin.3.faa	rumen__10674_0004_idba_bin.3.faa	ERZ1037847	webin-genome-10674_0004_idba_bin.3	10674_0004_idba_bin.3.fa.gz	filename	matched	1832	True	True	
rumen__10674_0004_idba_bin.31	rumen__10674_0004_idba_bin.31	rumen	rumen	Bacteria	10674_0004_idba_bin.31	data/blue_catalyst_poc/rumen/raw/10674_0004_idba_bin.31.fa.gz	10674_0004_idba_bin.31.fa.gz	data/blue_catalyst_poc/proteomes/rumen__10674_0004_idba_bin.31.faa	rumen__10674_0004_idba_bin.31.faa	ERZ1037848	webin-genome-10674_0004_idba_bin.31	10674_0004_idba_bin.31.fa.gz	filename	matched	1514	True	True	
rumen__10674_0004_idba_bin.32	rumen__10674_0004_idba_bin.32	rumen	rumen	Bacteria	10674_0004_idba_bin.32	data/blue_catalyst_poc/rumen/raw/10674_0004_idba_bin.32.fa.gz	10674_0004_idba_bin.32.fa.gz	data/blue_catalyst_poc/proteomes/rumen__10674_0004_idba_bin.32.faa	rumen__10674_0004_idba_bin.32.faa	ERZ1037849	webin-genome-10674_0004_idba_bin.32	10674_0004_idba_bin.32.fa.gz	filename	matched	1871	True	True	
rumen__10674_0004_idba_bin.33	rumen__10674_0004_idba_bin.33	rumen	rumen	Bacteria	10674_0004_idba_bin.33	data/blue_catalyst_poc/rumen/raw/10674_0004_idba_bin.33.fa.gz	10674_0004_idba_bin.33.fa.gz	data/blue_catalyst_poc/proteomes/rumen__10674_0004_idba_bin.33.faa	rumen__10674_0004_idba_bin.33.faa	ERZ1037850	webin-genome-10674_0004_idba_bin.33	10674_0004_idba_bin.33.fa.gz	filename	matched	2400	True	True	
rumen__10674_0004_idba_bin.35	rumen__10674_0004_idba_bin.35	rumen	rumen	Bacteria	10674_0004_idba_bin.35	data/blue_catalyst_poc/rumen/raw/10674_0004_idba_bin.35.fa.gz	10674_0004_idba_bin.35.fa.gz	data/blue_catalyst_poc/proteomes/rumen__10674_0004_idba_bin.35.faa	rumen__10674_0004_idba_bin.35.faa	ERZ1037851	webin-genome-10674_0004_idba_bin.35	10674_0004_idba_bin.35.fa.gz	filename	matched	1860	True	True	
rumen__10674_0004_idba_bin.37	rumen__10674_0004_idba_bin.37	rumen	rumen	Bacteria	10674_0004_idba_bin.37	data/blue_catalyst_poc/rumen/raw/10674_0004_idba_bin.37.fa.gz	10674_0004_idba_bin.37.fa.gz	data/blue_catalyst_poc/proteomes/rumen__10674_0004_idba_bin.37.faa	rumen__10674_0004_idba_bin.37.faa	ERZ1037852	webin-genome-10674_0004_idba_bin.37	10674_0004_idba_bin.37.fa.gz	filename	matched	2027	True	True	
rumen__10674_0004_idba_bin.38	rumen__10674_0004_idba_bin.38	rumen	rumen	Bacteria	10674_0004_idba_bin.38	data/blue_catalyst_poc/rumen/raw/10674_0004_idba_bin.38.fa.gz	10674_0004_idba_bin.38.fa.gz	data/blue_catalyst_poc/proteomes/rumen__10674_0004_idba_bin.38.faa	rumen__10674_0004_idba_bin.38.faa	ERZ1037853	webin-genome-10674_0004_idba_bin.38	10674_0004_idba_bin.38.fa.gz	filename	matched	2375	True	True	
rumen__10674_0004_idba_bin.41	rumen__10674_0004_idba_bin.41	rumen	rumen	Bacteria	10674_0004_idba_bin.41	data/blue_catalyst_poc/rumen/raw/10674_0004_idba_bin.41.fa.gz	10674_0004_idba_bin.41.fa.gz	data/blue_catalyst_poc/proteomes/rumen__10674_0004_idba_bin.41.faa	rumen__10674_0004_idba_bin.41.faa	ERZ1037854	webin-genome-10674_0004_idba_bin.41	10674_0004_idba_bin.41.fa.gz	filename	matched	1296	True	True	
rumen__10674_0004_idba_bin.42	rumen__10674_0004_idba_bin.42	rumen	rumen	Bacteria	10674_0004_idba_bin.42	data/blue_catalyst_poc/rumen/raw/10674_0004_idba_bin.42.fa.gz	10674_0004_idba_bin.42.fa.gz	data/blue_catalyst_poc/proteomes/rumen__10674_0004_idba_bin.42.faa	rumen__10674_0004_idba_bin.42.faa	ERZ1037855	webin-genome-10674_0004_idba_bin.42	10674_0004_idba_bin.42.fa.gz	filename	matched	1376	True	True	
rumen__10674_0004_idba_bin.46	rumen__10674_0004_idba_bin.46	rumen	rumen	Bacteria	10674_0004_idba_bin.46	data/blue_catalyst_poc/rumen/raw/10674_0004_idba_bin.46.fa.gz	10674_0004_idba_bin.46.fa.gz	data/blue_catalyst_poc/proteomes/rumen__10674_0004_idba_bin.46.faa	rumen__10674_0004_idba_bin.46.faa	ERZ1037856	webin-genome-10674_0004_idba_bin.46	10674_0004_idba_bin.46.fa.gz	filename	matched	1564	True	True	
rumen__10674_0004_idba_bin.53	rumen__10674_0004_idba_bin.53	rumen	rumen	Bacteria	10674_0004_idba_bin.53	data/blue_catalyst_poc/rumen/raw/10674_0004_idba_bin.53.fa.gz	10674_0004_idba_bin.53.fa.gz	data/blue_catalyst_poc/proteomes/rumen__10674_0004_idba_bin.53.faa	rumen__10674_0004_idba_bin.53.faa	ERZ1037857	webin-genome-10674_0004_idba_bin.53	10674_0004_idba_bin.53.fa.gz	filename	matched	2050	True	True	
rumen__10674_0004_idba_bin.54	rumen__10674_0004_idba_bin.54	rumen	rumen	Bacteria	10674_0004_idba_bin.54	data/blue_catalyst_poc/rumen/raw/10674_0004_idba_bin.54.fa.gz	10674_0004_idba_bin.54.fa.gz	data/blue_catalyst_poc/proteomes/rumen__10674_0004_idba_bin.54.faa	rumen__10674_0004_idba_bin.54.faa	ERZ1037858	webin-genome-10674_0004_idba_bin.54	10674_0004_idba_bin.54.fa.gz	filename	matched	1743	True	True	
rumen__10674_0004_idba_bin.60	rumen__10674_0004_idba_bin.60	rumen	rumen	Bacteria	10674_0004_idba_bin.60	data/blue_catalyst_poc/rumen/raw/10674_0004_idba_bin.60.fa.gz	10674_0004_idba_bin.60.fa.gz	data/blue_catalyst_poc/proteomes/rumen__10674_0004_idba_bin.60.faa	rumen__10674_0004_idba_bin.60.faa	ERZ1037859	webin-genome-10674_0004_idba_bin.60	10674_0004_idba_bin.60.fa.gz	filename	matched	1227	True	True	
rumen__10674_0004_idba_bin.63	rumen__10674_0004_idba_bin.63	rumen	rumen	Bacteria	10674_0004_idba_bin.63	data/blue_catalyst_poc/rumen/raw/10674_0004_idba_bin.63.fa.gz	10674_0004_idba_bin.63.fa.gz	data/blue_catalyst_poc/proteomes/rumen__10674_0004_idba_bin.63.faa	rumen__10674_0004_idba_bin.63.faa	ERZ1037860	webin-genome-10674_0004_idba_bin.63	10674_0004_idba_bin.63.fa.gz	filename	matched	2142	True	True	
rumen__10674_0004_idba_bin.64	rumen__10674_0004_idba_bin.64	rumen	rumen	Bacteria	10674_0004_idba_bin.64	data/blue_catalyst_poc/rumen/raw/10674_0004_idba_bin.64.fa.gz	10674_0004_idba_bin.64.fa.gz	data/blue_catalyst_poc/proteomes/rumen__10674_0004_idba_bin.64.faa	rumen__10674_0004_idba_bin.64.faa	ERZ1037861	webin-genome-10674_0004_idba_bin.64	10674_0004_idba_bin.64.fa.gz	filename	matched	2223	True	True	
rumen__10674_0004_idba_bin.69	rumen__10674_0004_idba_bin.69	rumen	rumen	Bacteria	10674_0004_idba_bin.69	data/blue_catalyst_poc/rumen/raw/10674_0004_idba_bin.69.fa.gz	10674_0004_idba_bin.69.fa.gz	data/blue_catalyst_poc/proteomes/rumen__10674_0004_idba_bin.69.faa	rumen__10674_0004_idba_bin.69.faa	ERZ1037862	webin-genome-10674_0004_idba_bin.69	10674_0004_idba_bin.69.fa.gz	filename	matched	2177	True	True	
rumen__10674_0004_idba_bin.71	rumen__10674_0004_idba_bin.71	rumen	rumen	Bacteria	10674_0004_idba_bin.71	data/blue_catalyst_poc/rumen/raw/10674_0004_idba_bin.71.fa.gz	10674_0004_idba_bin.71.fa.gz	data/blue_catalyst_poc/proteomes/rumen__10674_0004_idba_bin.71.faa	rumen__10674_0004_idba_bin.71.faa	ERZ1037863	webin-genome-10674_0004_idba_bin.71	10674_0004_idba_bin.71.fa.gz	filename	matched	2434	True	True	
rumen__10674_0004_idba_bin.72	rumen__10674_0004_idba_bin.72	rumen	rumen	Bacteria	10674_0004_idba_bin.72	data/blue_catalyst_poc/rumen/raw/10674_0004_idba_bin.72.fa.gz	10674_0004_idba_bin.72.fa.gz	data/blue_catalyst_poc/proteomes/rumen__10674_0004_idba_bin.72.faa	rumen__10674_0004_idba_bin.72.faa	ERZ1037864	webin-genome-10674_0004_idba_bin.72	10674_0004_idba_bin.72.fa.gz	filename	matched	1919	True	True	
rumen__10674_0004_idba_bin.74	rumen__10674_0004_idba_bin.74	rumen	rumen	Bacteria	10674_0004_idba_bin.74	data/blue_catalyst_poc/rumen/raw/10674_0004_idba_bin.74.fa.gz	10674_0004_idba_bin.74.fa.gz	data/blue_catalyst_poc/proteomes/rumen__10674_0004_idba_bin.74.faa	rumen__10674_0004_idba_bin.74.faa	ERZ1037865	webin-genome-10674_0004_idba_bin.74	10674_0004_idba_bin.74.fa.gz	filename	matched	3321	True	True	
rumen__10674_0004_idba_bin.76	rumen__10674_0004_idba_bin.76	rumen	rumen	Bacteria	10674_0004_idba_bin.76	data/blue_catalyst_poc/rumen/raw/10674_0004_idba_bin.76.fa.gz	10674_0004_idba_bin.76.fa.gz	data/blue_catalyst_poc/proteomes/rumen__10674_0004_idba_bin.76.faa	rumen__10674_0004_idba_bin.76.faa	ERZ1037867	webin-genome-10674_0004_idba_bin.76	10674_0004_idba_bin.76.fa.gz	filename	matched	2708	True	True	
rumen__10674_0004_idba_bin.77	rumen__10674_0004_idba_bin.77	rumen	rumen	Bacteria	10674_0004_idba_bin.77	data/blue_catalyst_poc/rumen/raw/10674_0004_idba_bin.77.fa.gz	10674_0004_idba_bin.77.fa.gz	data/blue_catalyst_poc/proteomes/rumen__10674_0004_idba_bin.77.faa	rumen__10674_0004_idba_bin.77.faa	ERZ1037868	webin-genome-10674_0004_idba_bin.77	10674_0004_idba_bin.77.fa.gz	filename	matched	1600	True	True	
rumen__10674_0004_idba_bin.78	rumen__10674_0004_idba_bin.78	rumen	rumen	Bacteria	10674_0004_idba_bin.78	data/blue_catalyst_poc/rumen/raw/10674_0004_idba_bin.78.fa.gz	10674_0004_idba_bin.78.fa.gz	data/blue_catalyst_poc/proteomes/rumen__10674_0004_idba_bin.78.faa	rumen__10674_0004_idba_bin.78.faa	ERZ1037869	webin-genome-10674_0004_idba_bin.78	10674_0004_idba_bin.78.fa.gz	filename	matched	1832	True	True	
rumen__10674_0004_idba_bin.79	rumen__10674_0004_idba_bin.79	rumen	rumen	Archaea	10674_0004_idba_bin.79	data/blue_catalyst_poc/rumen/raw/10674_0004_idba_bin.79.fa.gz	10674_0004_idba_bin.79.fa.gz	data/blue_catalyst_poc/proteomes/rumen__10674_0004_idba_bin.79.faa	rumen__10674_0004_idba_bin.79.faa	ERZ1037870	webin-genome-10674_0004_idba_bin.79	10674_0004_idba_bin.79.fa.gz	filename	matched	1748	True	True	
rumen__10674_0004_idba_bin.8	rumen__10674_0004_idba_bin.8	rumen	rumen	Bacteria	10674_0004_idba_bin.8	data/blue_catalyst_poc/rumen/raw/10674_0004_idba_bin.8.fa.gz	10674_0004_idba_bin.8.fa.gz	data/blue_catalyst_poc/proteomes/rumen__10674_0004_idba_bin.8.faa	rumen__10674_0004_idba_bin.8.faa	ERZ1037871	webin-genome-10674_0004_idba_bin.8	10674_0004_idba_bin.8.fa.gz	filename	matched	2447	True	True	
rumen__10674_0004_idba_bin.81	rumen__10674_0004_idba_bin.81	rumen	rumen	Bacteria	10674_0004_idba_bin.81	data/blue_catalyst_poc/rumen/raw/10674_0004_idba_bin.81.fa.gz	10674_0004_idba_bin.81.fa.gz	data/blue_catalyst_poc/proteomes/rumen__10674_0004_idba_bin.81.faa	rumen__10674_0004_idba_bin.81.faa	ERZ1037872	webin-genome-10674_0004_idba_bin.81	10674_0004_idba_bin.81.fa.gz	filename	matched	1690	True	True	
rumen__10674_0004_idba_bin.82	rumen__10674_0004_idba_bin.82	rumen	rumen	Bacteria	10674_0004_idba_bin.82	data/blue_catalyst_poc/rumen/raw/10674_0004_idba_bin.82.fa.gz	10674_0004_idba_bin.82.fa.gz	data/blue_catalyst_poc/proteomes/rumen__10674_0004_idba_bin.82.faa	rumen__10674_0004_idba_bin.82.faa	ERZ1037873	webin-genome-10674_0004_idba_bin.82	10674_0004_idba_bin.82.fa.gz	filename	matched	2502	True	True	
rumen__10674_0004_idba_bin.83	rumen__10674_0004_idba_bin.83	rumen	rumen	Bacteria	10674_0004_idba_bin.83	data/blue_catalyst_poc/rumen/raw/10674_0004_idba_bin.83.fa.gz	10674_0004_idba_bin.83.fa.gz	data/blue_catalyst_poc/proteomes/rumen__10674_0004_idba_bin.83.faa	rumen__10674_0004_idba_bin.83.faa	ERZ1037874	webin-genome-10674_0004_idba_bin.83	10674_0004_idba_bin.83.fa.gz	filename	matched	1826	True	True	
rumen__10674_0004_idba_bin.84	rumen__10674_0004_idba_bin.84	rumen	rumen	Bacteria	10674_0004_idba_bin.84	data/blue_catalyst_poc/rumen/raw/10674_0004_idba_bin.84.fa.gz	10674_0004_idba_bin.84.fa.gz	data/blue_catalyst_poc/proteomes/rumen__10674_0004_idba_bin.84.faa	rumen__10674_0004_idba_bin.84.faa	ERZ1037875	webin-genome-10674_0004_idba_bin.84	10674_0004_idba_bin.84.fa.gz	filename	matched	2346	True	True	
rumen__10674_0004_idba_bin.87	rumen__10674_0004_idba_bin.87	rumen	rumen	Bacteria	10674_0004_idba_bin.87	data/blue_catalyst_poc/rumen/raw/10674_0004_idba_bin.87.fa.gz	10674_0004_idba_bin.87.fa.gz	data/blue_catalyst_poc/proteomes/rumen__10674_0004_idba_bin.87.faa	rumen__10674_0004_idba_bin.87.faa	ERZ1037876	webin-genome-10674_0004_idba_bin.87	10674_0004_idba_bin.87.fa.gz	filename	matched	2830	True	True	
rumen__10674_0004_idba_bin.88	rumen__10674_0004_idba_bin.88	rumen	rumen	Bacteria	10674_0004_idba_bin.88	data/blue_catalyst_poc/rumen/raw/10674_0004_idba_bin.88.fa.gz	10674_0004_idba_bin.88.fa.gz	data/blue_catalyst_poc/proteomes/rumen__10674_0004_idba_bin.88.faa	rumen__10674_0004_idba_bin.88.faa	ERZ1037877	webin-genome-10674_0004_idba_bin.88	10674_0004_idba_bin.88.fa.gz	filename	matched	2429	True	True	
rumen__10674_0004_idba_bin.89	rumen__10674_0004_idba_bin.89	rumen	rumen	Bacteria	10674_0004_idba_bin.89	data/blue_catalyst_poc/rumen/raw/10674_0004_idba_bin.89.fa.gz	10674_0004_idba_bin.89.fa.gz	data/blue_catalyst_poc/proteomes/rumen__10674_0004_idba_bin.89.faa	rumen__10674_0004_idba_bin.89.faa	ERZ1037878	webin-genome-10674_0004_idba_bin.89	10674_0004_idba_bin.89.fa.gz	filename	matched	1350	True	True	
rumen__10674_0004_idba_bin.91	rumen__10674_0004_idba_bin.91	rumen	rumen	Bacteria	10674_0004_idba_bin.91	data/blue_catalyst_poc/rumen/raw/10674_0004_idba_bin.91.fa.gz	10674_0004_idba_bin.91.fa.gz	data/blue_catalyst_poc/proteomes/rumen__10674_0004_idba_bin.91.faa	rumen__10674_0004_idba_bin.91.faa	ERZ1037879	webin-genome-10674_0004_idba_bin.91	10674_0004_idba_bin.91.fa.gz	filename	matched	1336	True	True	
rumen__10674_0004_idba_bin.94	rumen__10674_0004_idba_bin.94	rumen	rumen	Bacteria	10674_0004_idba_bin.94	data/blue_catalyst_poc/rumen/raw/10674_0004_idba_bin.94.fa.gz	10674_0004_idba_bin.94.fa.gz	data/blue_catalyst_poc/proteomes/rumen__10674_0004_idba_bin.94.faa	rumen__10674_0004_idba_bin.94.faa	ERZ1037880	webin-genome-10674_0004_idba_bin.94	10674_0004_idba_bin.94.fa.gz	filename	matched	1732	True	True	
rumen__10674_0005_idba_bin.100	rumen__10674_0005_idba_bin.100	rumen	rumen	Bacteria	10674_0005_idba_bin.100	data/blue_catalyst_poc/rumen/raw/10674_0005_idba_bin.100.fa.gz	10674_0005_idba_bin.100.fa.gz	data/blue_catalyst_poc/proteomes/rumen__10674_0005_idba_bin.100.faa	rumen__10674_0005_idba_bin.100.faa	ERZ1037881	webin-genome-10674_0005_idba_bin.100	10674_0005_idba_bin.100.fa.gz	filename	matched	2600	True	True	
rumen__10674_0005_idba_bin.103	rumen__10674_0005_idba_bin.103	rumen	rumen	Bacteria	10674_0005_idba_bin.103	data/blue_catalyst_poc/rumen/raw/10674_0005_idba_bin.103.fa.gz	10674_0005_idba_bin.103.fa.gz	data/blue_catalyst_poc/proteomes/rumen__10674_0005_idba_bin.103.faa	rumen__10674_0005_idba_bin.103.faa	ERZ1037882	webin-genome-10674_0005_idba_bin.103	10674_0005_idba_bin.103.fa.gz	filename	matched	2602	True	True	
rumen__10674_0005_idba_bin.109	rumen__10674_0005_idba_bin.109	rumen	rumen	Bacteria	10674_0005_idba_bin.109	data/blue_catalyst_poc/rumen/raw/10674_0005_idba_bin.109.fa.gz	10674_0005_idba_bin.109.fa.gz	data/blue_catalyst_poc/proteomes/rumen__10674_0005_idba_bin.109.faa	rumen__10674_0005_idba_bin.109.faa	ERZ1037883	webin-genome-10674_0005_idba_bin.109	10674_0005_idba_bin.109.fa.gz	filename	matched	2128	True	True	
rumen__10674_0005_idba_bin.110	rumen__10674_0005_idba_bin.110	rumen	rumen	Bacteria	10674_0005_idba_bin.110	data/blue_catalyst_poc/rumen/raw/10674_0005_idba_bin.110.fa.gz	10674_0005_idba_bin.110.fa.gz	data/blue_catalyst_poc/proteomes/rumen__10674_0005_idba_bin.110.faa	rumen__10674_0005_idba_bin.110.faa	ERZ1037884	webin-genome-10674_0005_idba_bin.110	10674_0005_idba_bin.110.fa.gz	filename	matched	1796	True	True	
rumen__10674_0005_idba_bin.111	rumen__10674_0005_idba_bin.111	rumen	rumen	Bacteria	10674_0005_idba_bin.111	data/blue_catalyst_poc/rumen/raw/10674_0005_idba_bin.111.fa.gz	10674_0005_idba_bin.111.fa.gz	data/blue_catalyst_poc/proteomes/rumen__10674_0005_idba_bin.111.faa	rumen__10674_0005_idba_bin.111.faa	ERZ1037885	webin-genome-10674_0005_idba_bin.111	10674_0005_idba_bin.111.fa.gz	filename	matched	2105	True	True	
rumen__10674_0005_idba_bin.112	rumen__10674_0005_idba_bin.112	rumen	rumen	Bacteria	10674_0005_idba_bin.112	data/blue_catalyst_poc/rumen/raw/10674_0005_idba_bin.112.fa.gz	10674_0005_idba_bin.112.fa.gz	data/blue_catalyst_poc/proteomes/rumen__10674_0005_idba_bin.112.faa	rumen__10674_0005_idba_bin.112.faa	ERZ1037886	webin-genome-10674_0005_idba_bin.112	10674_0005_idba_bin.112.fa.gz	filename	matched	1838	True	True	
rumen__10674_0005_idba_bin.116	rumen__10674_0005_idba_bin.116	rumen	rumen	Bacteria	10674_0005_idba_bin.116	data/blue_catalyst_poc/rumen/raw/10674_0005_idba_bin.116.fa.gz	10674_0005_idba_bin.116.fa.gz	data/blue_catalyst_poc/proteomes/rumen__10674_0005_idba_bin.116.faa	rumen__10674_0005_idba_bin.116.faa	ERZ1037887	webin-genome-10674_0005_idba_bin.116	10674_0005_idba_bin.116.fa.gz	filename	matched	1596	True	True	
rumen__10674_0005_idba_bin.117	rumen__10674_0005_idba_bin.117	rumen	rumen	Bacteria	10674_0005_idba_bin.117	data/blue_catalyst_poc/rumen/raw/10674_0005_idba_bin.117.fa.gz	10674_0005_idba_bin.117.fa.gz	data/blue_catalyst_poc/proteomes/rumen__10674_0005_idba_bin.117.faa	rumen__10674_0005_idba_bin.117.faa	ERZ1037888	webin-genome-10674_0005_idba_bin.117	10674_0005_idba_bin.117.fa.gz	filename	matched	2164	True	True	
rumen__10674_0005_idba_bin.16	rumen__10674_0005_idba_bin.16	rumen	rumen	Bacteria	10674_0005_idba_bin.16	data/blue_catalyst_poc/rumen/raw/10674_0005_idba_bin.16.fa.gz	10674_0005_idba_bin.16.fa.gz	data/blue_catalyst_poc/proteomes/rumen__10674_0005_idba_bin.16.faa	rumen__10674_0005_idba_bin.16.faa	ERZ1037889	webin-genome-10674_0005_idba_bin.16	10674_0005_idba_bin.16.fa.gz	filename	matched	1723	True	True	
rumen__10674_0005_idba_bin.20	rumen__10674_0005_idba_bin.20	rumen	rumen	Bacteria	10674_0005_idba_bin.20	data/blue_catalyst_poc/rumen/raw/10674_0005_idba_bin.20.fa.gz	10674_0005_idba_bin.20.fa.gz	data/blue_catalyst_poc/proteomes/rumen__10674_0005_idba_bin.20.faa	rumen__10674_0005_idba_bin.20.faa	ERZ1037890	webin-genome-10674_0005_idba_bin.20	10674_0005_idba_bin.20.fa.gz	filename	matched	1885	True	True	
rumen__10674_0005_idba_bin.34	rumen__10674_0005_idba_bin.34	rumen	rumen	Bacteria	10674_0005_idba_bin.34	data/blue_catalyst_poc/rumen/raw/10674_0005_idba_bin.34.fa.gz	10674_0005_idba_bin.34.fa.gz	data/blue_catalyst_poc/proteomes/rumen__10674_0005_idba_bin.34.faa	rumen__10674_0005_idba_bin.34.faa	ERZ1037891	webin-genome-10674_0005_idba_bin.34	10674_0005_idba_bin.34.fa.gz	filename	matched	1935	True	True	
rumen__10674_0005_idba_bin.37	rumen__10674_0005_idba_bin.37	rumen	rumen	Bacteria	10674_0005_idba_bin.37	data/blue_catalyst_poc/rumen/raw/10674_0005_idba_bin.37.fa.gz	10674_0005_idba_bin.37.fa.gz	data/blue_catalyst_poc/proteomes/rumen__10674_0005_idba_bin.37.faa	rumen__10674_0005_idba_bin.37.faa	ERZ1037892	webin-genome-10674_0005_idba_bin.37	10674_0005_idba_bin.37.fa.gz	filename	matched	2015	True	True	
rumen__10674_0005_idba_bin.39	rumen__10674_0005_idba_bin.39	rumen	rumen	Bacteria	10674_0005_idba_bin.39	data/blue_catalyst_poc/rumen/raw/10674_0005_idba_bin.39.fa.gz	10674_0005_idba_bin.39.fa.gz	data/blue_catalyst_poc/proteomes/rumen__10674_0005_idba_bin.39.faa	rumen__10674_0005_idba_bin.39.faa	ERZ1037893	webin-genome-10674_0005_idba_bin.39	10674_0005_idba_bin.39.fa.gz	filename	matched	1746	True	True	
rumen__10674_0005_idba_bin.45	rumen__10674_0005_idba_bin.45	rumen	rumen	Bacteria	10674_0005_idba_bin.45	data/blue_catalyst_poc/rumen/raw/10674_0005_idba_bin.45.fa.gz	10674_0005_idba_bin.45.fa.gz	data/blue_catalyst_poc/proteomes/rumen__10674_0005_idba_bin.45.faa	rumen__10674_0005_idba_bin.45.faa	ERZ1037894	webin-genome-10674_0005_idba_bin.45	10674_0005_idba_bin.45.fa.gz	filename	matched	1961	True	True	
rumen__10674_0005_idba_bin.46	rumen__10674_0005_idba_bin.46	rumen	rumen	Bacteria	10674_0005_idba_bin.46	data/blue_catalyst_poc/rumen/raw/10674_0005_idba_bin.46.fa.gz	10674_0005_idba_bin.46.fa.gz	data/blue_catalyst_poc/proteomes/rumen__10674_0005_idba_bin.46.faa	rumen__10674_0005_idba_bin.46.faa	ERZ1037895	webin-genome-10674_0005_idba_bin.46	10674_0005_idba_bin.46.fa.gz	filename	matched	2609	True	True	
rumen__10674_0005_idba_bin.49	rumen__10674_0005_idba_bin.49	rumen	rumen	Bacteria	10674_0005_idba_bin.49	data/blue_catalyst_poc/rumen/raw/10674_0005_idba_bin.49.fa.gz	10674_0005_idba_bin.49.fa.gz	data/blue_catalyst_poc/proteomes/rumen__10674_0005_idba_bin.49.faa	rumen__10674_0005_idba_bin.49.faa	ERZ1037896	webin-genome-10674_0005_idba_bin.49	10674_0005_idba_bin.49.fa.gz	filename	matched	1404	True	True	
rumen__10674_0005_idba_bin.50	rumen__10674_0005_idba_bin.50	rumen	rumen	Bacteria	10674_0005_idba_bin.50	data/blue_catalyst_poc/rumen/raw/10674_0005_idba_bin.50.fa.gz	10674_0005_idba_bin.50.fa.gz	data/blue_catalyst_poc/proteomes/rumen__10674_0005_idba_bin.50.faa	rumen__10674_0005_idba_bin.50.faa	ERZ1037897	webin-genome-10674_0005_idba_bin.50	10674_0005_idba_bin.50.fa.gz	filename	matched	3041	True	True	
rumen__10674_0005_idba_bin.52	rumen__10674_0005_idba_bin.52	rumen	rumen	Bacteria	10674_0005_idba_bin.52	data/blue_catalyst_poc/rumen/raw/10674_0005_idba_bin.52.fa.gz	10674_0005_idba_bin.52.fa.gz	data/blue_catalyst_poc/proteomes/rumen__10674_0005_idba_bin.52.faa	rumen__10674_0005_idba_bin.52.faa	ERZ1037898	webin-genome-10674_0005_idba_bin.52	10674_0005_idba_bin.52.fa.gz	filename	matched	2597	True	True	
rumen__10674_0005_idba_bin.53	rumen__10674_0005_idba_bin.53	rumen	rumen	Archaea	10674_0005_idba_bin.53	data/blue_catalyst_poc/rumen/raw/10674_0005_idba_bin.53.fa.gz	10674_0005_idba_bin.53.fa.gz	data/blue_catalyst_poc/proteomes/rumen__10674_0005_idba_bin.53.faa	rumen__10674_0005_idba_bin.53.faa	ERZ1037899	webin-genome-10674_0005_idba_bin.53	10674_0005_idba_bin.53.fa.gz	filename	matched	1787	True	True	
rumen__10674_0005_idba_bin.54	rumen__10674_0005_idba_bin.54	rumen	rumen	Bacteria	10674_0005_idba_bin.54	data/blue_catalyst_poc/rumen/raw/10674_0005_idba_bin.54.fa.gz	10674_0005_idba_bin.54.fa.gz	data/blue_catalyst_poc/proteomes/rumen__10674_0005_idba_bin.54.faa	rumen__10674_0005_idba_bin.54.faa	ERZ1037900	webin-genome-10674_0005_idba_bin.54	10674_0005_idba_bin.54.fa.gz	filename	matched	2683	True	True	
rumen__10674_0005_idba_bin.57	rumen__10674_0005_idba_bin.57	rumen	rumen	Bacteria	10674_0005_idba_bin.57	data/blue_catalyst_poc/rumen/raw/10674_0005_idba_bin.57.fa.gz	10674_0005_idba_bin.57.fa.gz	data/blue_catalyst_poc/proteomes/rumen__10674_0005_idba_bin.57.faa	rumen__10674_0005_idba_bin.57.faa	ERZ1037901	webin-genome-10674_0005_idba_bin.57	10674_0005_idba_bin.57.fa.gz	filename	matched	2151	True	True	
rumen__10674_0005_idba_bin.59	rumen__10674_0005_idba_bin.59	rumen	rumen	Bacteria	10674_0005_idba_bin.59	data/blue_catalyst_poc/rumen/raw/10674_0005_idba_bin.59.fa.gz	10674_0005_idba_bin.59.fa.gz	data/blue_catalyst_poc/proteomes/rumen__10674_0005_idba_bin.59.faa	rumen__10674_0005_idba_bin.59.faa	ERZ1037902	webin-genome-10674_0005_idba_bin.59	10674_0005_idba_bin.59.fa.gz	filename	matched	2216	True	True	
rumen__10674_0005_idba_bin.6	rumen__10674_0005_idba_bin.6	rumen	rumen	Bacteria	10674_0005_idba_bin.6	data/blue_catalyst_poc/rumen/raw/10674_0005_idba_bin.6.fa.gz	10674_0005_idba_bin.6.fa.gz	data/blue_catalyst_poc/proteomes/rumen__10674_0005_idba_bin.6.faa	rumen__10674_0005_idba_bin.6.faa	ERZ1037903	webin-genome-10674_0005_idba_bin.6	10674_0005_idba_bin.6.fa.gz	filename	matched	877	True	True	
rumen__10674_0005_idba_bin.66	rumen__10674_0005_idba_bin.66	rumen	rumen	Bacteria	10674_0005_idba_bin.66	data/blue_catalyst_poc/rumen/raw/10674_0005_idba_bin.66.fa.gz	10674_0005_idba_bin.66.fa.gz	data/blue_catalyst_poc/proteomes/rumen__10674_0005_idba_bin.66.faa	rumen__10674_0005_idba_bin.66.faa	ERZ1037904	webin-genome-10674_0005_idba_bin.66	10674_0005_idba_bin.66.fa.gz	filename	matched	2451	True	True	
rumen__10674_0005_idba_bin.69	rumen__10674_0005_idba_bin.69	rumen	rumen	Bacteria	10674_0005_idba_bin.69	data/blue_catalyst_poc/rumen/raw/10674_0005_idba_bin.69.fa.gz	10674_0005_idba_bin.69.fa.gz	data/blue_catalyst_poc/proteomes/rumen__10674_0005_idba_bin.69.faa	rumen__10674_0005_idba_bin.69.faa	ERZ1037905	webin-genome-10674_0005_idba_bin.69	10674_0005_idba_bin.69.fa.gz	filename	matched	2620	True	True	
rumen__10674_0005_idba_bin.7	rumen__10674_0005_idba_bin.7	rumen	rumen	Bacteria	10674_0005_idba_bin.7	data/blue_catalyst_poc/rumen/raw/10674_0005_idba_bin.7.fa.gz	10674_0005_idba_bin.7.fa.gz	data/blue_catalyst_poc/proteomes/rumen__10674_0005_idba_bin.7.faa	rumen__10674_0005_idba_bin.7.faa	ERZ1037906	webin-genome-10674_0005_idba_bin.7	10674_0005_idba_bin.7.fa.gz	filename	matched	1623	True	True	
rumen__10674_0005_idba_bin.71	rumen__10674_0005_idba_bin.71	rumen	rumen	Bacteria	10674_0005_idba_bin.71	data/blue_catalyst_poc/rumen/raw/10674_0005_idba_bin.71.fa.gz	10674_0005_idba_bin.71.fa.gz	data/blue_catalyst_poc/proteomes/rumen__10674_0005_idba_bin.71.faa	rumen__10674_0005_idba_bin.71.faa	ERZ1037907	webin-genome-10674_0005_idba_bin.71	10674_0005_idba_bin.71.fa.gz	filename	matched	3111	True	True	
rumen__10674_0005_idba_bin.72	rumen__10674_0005_idba_bin.72	rumen	rumen	Archaea	10674_0005_idba_bin.72	data/blue_catalyst_poc/rumen/raw/10674_0005_idba_bin.72.fa.gz	10674_0005_idba_bin.72.fa.gz	data/blue_catalyst_poc/proteomes/rumen__10674_0005_idba_bin.72.faa	rumen__10674_0005_idba_bin.72.faa	ERZ1037908	webin-genome-10674_0005_idba_bin.72	10674_0005_idba_bin.72.fa.gz	filename	matched	1983	True	True	
rumen__10674_0005_idba_bin.73	rumen__10674_0005_idba_bin.73	rumen	rumen	Bacteria	10674_0005_idba_bin.73	data/blue_catalyst_poc/rumen/raw/10674_0005_idba_bin.73.fa.gz	10674_0005_idba_bin.73.fa.gz	data/blue_catalyst_poc/proteomes/rumen__10674_0005_idba_bin.73.faa	rumen__10674_0005_idba_bin.73.faa	ERZ1037909	webin-genome-10674_0005_idba_bin.73	10674_0005_idba_bin.73.fa.gz	filename	matched	4761	True	True	
rumen__10674_0005_idba_bin.74	rumen__10674_0005_idba_bin.74	rumen	rumen	Bacteria	10674_0005_idba_bin.74	data/blue_catalyst_poc/rumen/raw/10674_0005_idba_bin.74.fa.gz	10674_0005_idba_bin.74.fa.gz	data/blue_catalyst_poc/proteomes/rumen__10674_0005_idba_bin.74.faa	rumen__10674_0005_idba_bin.74.faa	ERZ1037910	webin-genome-10674_0005_idba_bin.74	10674_0005_idba_bin.74.fa.gz	filename	matched	1760	True	True	
rumen__10674_0005_idba_bin.77	rumen__10674_0005_idba_bin.77	rumen	rumen	Bacteria	10674_0005_idba_bin.77	data/blue_catalyst_poc/rumen/raw/10674_0005_idba_bin.77.fa.gz	10674_0005_idba_bin.77.fa.gz	data/blue_catalyst_poc/proteomes/rumen__10674_0005_idba_bin.77.faa	rumen__10674_0005_idba_bin.77.faa	ERZ1037912	webin-genome-10674_0005_idba_bin.77	10674_0005_idba_bin.77.fa.gz	filename	matched	1737	True	True	
rumen__10674_0005_idba_bin.79	rumen__10674_0005_idba_bin.79	rumen	rumen	Bacteria	10674_0005_idba_bin.79	data/blue_catalyst_poc/rumen/raw/10674_0005_idba_bin.79.fa.gz	10674_0005_idba_bin.79.fa.gz	data/blue_catalyst_poc/proteomes/rumen__10674_0005_idba_bin.79.faa	rumen__10674_0005_idba_bin.79.faa	ERZ1037913	webin-genome-10674_0005_idba_bin.79	10674_0005_idba_bin.79.fa.gz	filename	matched	2025	True	True	
rumen__10674_0005_idba_bin.82	rumen__10674_0005_idba_bin.82	rumen	rumen	Bacteria	10674_0005_idba_bin.82	data/blue_catalyst_poc/rumen/raw/10674_0005_idba_bin.82.fa.gz	10674_0005_idba_bin.82.fa.gz	data/blue_catalyst_poc/proteomes/rumen__10674_0005_idba_bin.82.faa	rumen__10674_0005_idba_bin.82.faa	ERZ1037914	webin-genome-10674_0005_idba_bin.82	10674_0005_idba_bin.82.fa.gz	filename	matched	2319	True	True	
rumen__10674_0006_idba_bin.12	rumen__10674_0006_idba_bin.12	rumen	rumen	Bacteria	10674_0006_idba_bin.12	data/blue_catalyst_poc/rumen/raw/10674_0006_idba_bin.12.fa.gz	10674_0006_idba_bin.12.fa.gz	data/blue_catalyst_poc/proteomes/rumen__10674_0006_idba_bin.12.faa	rumen__10674_0006_idba_bin.12.faa	ERZ1037915	webin-genome-10674_0006_idba_bin.12	10674_0006_idba_bin.12.fa.gz	filename	matched	1585	True	True	
rumen__10674_0006_idba_bin.13	rumen__10674_0006_idba_bin.13	rumen	rumen	Bacteria	10674_0006_idba_bin.13	data/blue_catalyst_poc/rumen/raw/10674_0006_idba_bin.13.fa.gz	10674_0006_idba_bin.13.fa.gz	data/blue_catalyst_poc/proteomes/rumen__10674_0006_idba_bin.13.faa	rumen__10674_0006_idba_bin.13.faa	ERZ1037916	webin-genome-10674_0006_idba_bin.13	10674_0006_idba_bin.13.fa.gz	filename	matched	2527	True	True	
rumen__10674_0006_idba_bin.15	rumen__10674_0006_idba_bin.15	rumen	rumen	Bacteria	10674_0006_idba_bin.15	data/blue_catalyst_poc/rumen/raw/10674_0006_idba_bin.15.fa.gz	10674_0006_idba_bin.15.fa.gz	data/blue_catalyst_poc/proteomes/rumen__10674_0006_idba_bin.15.faa	rumen__10674_0006_idba_bin.15.faa	ERZ1037917	webin-genome-10674_0006_idba_bin.15	10674_0006_idba_bin.15.fa.gz	filename	matched	1774	True	True	
rumen__10674_0006_idba_bin.21	rumen__10674_0006_idba_bin.21	rumen	rumen	Bacteria	10674_0006_idba_bin.21	data/blue_catalyst_poc/rumen/raw/10674_0006_idba_bin.21.fa.gz	10674_0006_idba_bin.21.fa.gz	data/blue_catalyst_poc/proteomes/rumen__10674_0006_idba_bin.21.faa	rumen__10674_0006_idba_bin.21.faa	ERZ1037918	webin-genome-10674_0006_idba_bin.21	10674_0006_idba_bin.21.fa.gz	filename	matched	1259	True	True	
rumen__10674_0006_idba_bin.22	rumen__10674_0006_idba_bin.22	rumen	rumen	Bacteria	10674_0006_idba_bin.22	data/blue_catalyst_poc/rumen/raw/10674_0006_idba_bin.22.fa.gz	10674_0006_idba_bin.22.fa.gz	data/blue_catalyst_poc/proteomes/rumen__10674_0006_idba_bin.22.faa	rumen__10674_0006_idba_bin.22.faa	ERZ1037919	webin-genome-10674_0006_idba_bin.22	10674_0006_idba_bin.22.fa.gz	filename	matched	1885	True	True	
rumen__10674_0006_idba_bin.25	rumen__10674_0006_idba_bin.25	rumen	rumen	Bacteria	10674_0006_idba_bin.25	data/blue_catalyst_poc/rumen/raw/10674_0006_idba_bin.25.fa.gz	10674_0006_idba_bin.25.fa.gz	data/blue_catalyst_poc/proteomes/rumen__10674_0006_idba_bin.25.faa	rumen__10674_0006_idba_bin.25.faa	ERZ1037920	webin-genome-10674_0006_idba_bin.25	10674_0006_idba_bin.25.fa.gz	filename	matched	1984	True	True	
rumen__10674_0006_idba_bin.26	rumen__10674_0006_idba_bin.26	rumen	rumen	Bacteria	10674_0006_idba_bin.26	data/blue_catalyst_poc/rumen/raw/10674_0006_idba_bin.26.fa.gz	10674_0006_idba_bin.26.fa.gz	data/blue_catalyst_poc/proteomes/rumen__10674_0006_idba_bin.26.faa	rumen__10674_0006_idba_bin.26.faa	ERZ1037921	webin-genome-10674_0006_idba_bin.26	10674_0006_idba_bin.26.fa.gz	filename	matched	1799	True	True	
rumen__10674_0006_idba_bin.27	rumen__10674_0006_idba_bin.27	rumen	rumen	Bacteria	10674_0006_idba_bin.27	data/blue_catalyst_poc/rumen/raw/10674_0006_idba_bin.27.fa.gz	10674_0006_idba_bin.27.fa.gz	data/blue_catalyst_poc/proteomes/rumen__10674_0006_idba_bin.27.faa	rumen__10674_0006_idba_bin.27.faa	ERZ1037922	webin-genome-10674_0006_idba_bin.27	10674_0006_idba_bin.27.fa.gz	filename	matched	1855	True	True	
rumen__10674_0006_idba_bin.3	rumen__10674_0006_idba_bin.3	rumen	rumen	Bacteria	10674_0006_idba_bin.3	data/blue_catalyst_poc/rumen/raw/10674_0006_idba_bin.3.fa.gz	10674_0006_idba_bin.3.fa.gz	data/blue_catalyst_poc/proteomes/rumen__10674_0006_idba_bin.3.faa	rumen__10674_0006_idba_bin.3.faa	ERZ1037923	webin-genome-10674_0006_idba_bin.3	10674_0006_idba_bin.3.fa.gz	filename	matched	2152	True	True	
rumen__10674_0006_idba_bin.36	rumen__10674_0006_idba_bin.36	rumen	rumen	Bacteria	10674_0006_idba_bin.36	data/blue_catalyst_poc/rumen/raw/10674_0006_idba_bin.36.fa.gz	10674_0006_idba_bin.36.fa.gz	data/blue_catalyst_poc/proteomes/rumen__10674_0006_idba_bin.36.faa	rumen__10674_0006_idba_bin.36.faa	ERZ1037924	webin-genome-10674_0006_idba_bin.36	10674_0006_idba_bin.36.fa.gz	filename	matched	2047	True	True	
rumen__10674_0006_idba_bin.39	rumen__10674_0006_idba_bin.39	rumen	rumen	Bacteria	10674_0006_idba_bin.39	data/blue_catalyst_poc/rumen/raw/10674_0006_idba_bin.39.fa.gz	10674_0006_idba_bin.39.fa.gz	data/blue_catalyst_poc/proteomes/rumen__10674_0006_idba_bin.39.faa	rumen__10674_0006_idba_bin.39.faa	ERZ1037925	webin-genome-10674_0006_idba_bin.39	10674_0006_idba_bin.39.fa.gz	filename	matched	1559	True	True	
rumen__10674_0006_idba_bin.4	rumen__10674_0006_idba_bin.4	rumen	rumen	Bacteria	10674_0006_idba_bin.4	data/blue_catalyst_poc/rumen/raw/10674_0006_idba_bin.4.fa.gz	10674_0006_idba_bin.4.fa.gz	data/blue_catalyst_poc/proteomes/rumen__10674_0006_idba_bin.4.faa	rumen__10674_0006_idba_bin.4.faa	ERZ1037926	webin-genome-10674_0006_idba_bin.4	10674_0006_idba_bin.4.fa.gz	filename	matched	1410	True	True	
rumen__10674_0006_idba_bin.42	rumen__10674_0006_idba_bin.42	rumen	rumen	Bacteria	10674_0006_idba_bin.42	data/blue_catalyst_poc/rumen/raw/10674_0006_idba_bin.42.fa.gz	10674_0006_idba_bin.42.fa.gz	data/blue_catalyst_poc/proteomes/rumen__10674_0006_idba_bin.42.faa	rumen__10674_0006_idba_bin.42.faa	ERZ1037927	webin-genome-10674_0006_idba_bin.42	10674_0006_idba_bin.42.fa.gz	filename	matched	1093	True	True	
rumen__10674_0006_idba_bin.45	rumen__10674_0006_idba_bin.45	rumen	rumen	Bacteria	10674_0006_idba_bin.45	data/blue_catalyst_poc/rumen/raw/10674_0006_idba_bin.45.fa.gz	10674_0006_idba_bin.45.fa.gz	data/blue_catalyst_poc/proteomes/rumen__10674_0006_idba_bin.45.faa	rumen__10674_0006_idba_bin.45.faa	ERZ1037928	webin-genome-10674_0006_idba_bin.45	10674_0006_idba_bin.45.fa.gz	filename	matched	1615	True	True	
rumen__10674_0006_idba_bin.48	rumen__10674_0006_idba_bin.48	rumen	rumen	Bacteria	10674_0006_idba_bin.48	data/blue_catalyst_poc/rumen/raw/10674_0006_idba_bin.48.fa.gz	10674_0006_idba_bin.48.fa.gz	data/blue_catalyst_poc/proteomes/rumen__10674_0006_idba_bin.48.faa	rumen__10674_0006_idba_bin.48.faa	ERZ1037929	webin-genome-10674_0006_idba_bin.48	10674_0006_idba_bin.48.fa.gz	filename	matched	1798	True	True	
rumen__10674_0006_idba_bin.5	rumen__10674_0006_idba_bin.5	rumen	rumen	Bacteria	10674_0006_idba_bin.5	data/blue_catalyst_poc/rumen/raw/10674_0006_idba_bin.5.fa.gz	10674_0006_idba_bin.5.fa.gz	data/blue_catalyst_poc/proteomes/rumen__10674_0006_idba_bin.5.faa	rumen__10674_0006_idba_bin.5.faa	ERZ1037930	webin-genome-10674_0006_idba_bin.5	10674_0006_idba_bin.5.fa.gz	filename	matched	1284	True	True	
rumen__10674_0006_idba_bin.52	rumen__10674_0006_idba_bin.52	rumen	rumen	Bacteria	10674_0006_idba_bin.52	data/blue_catalyst_poc/rumen/raw/10674_0006_idba_bin.52.fa.gz	10674_0006_idba_bin.52.fa.gz	data/blue_catalyst_poc/proteomes/rumen__10674_0006_idba_bin.52.faa	rumen__10674_0006_idba_bin.52.faa	ERZ1037931	webin-genome-10674_0006_idba_bin.52	10674_0006_idba_bin.52.fa.gz	filename	matched	2089	True	True	
rumen__10674_0006_idba_bin.56	rumen__10674_0006_idba_bin.56	rumen	rumen	Archaea	10674_0006_idba_bin.56	data/blue_catalyst_poc/rumen/raw/10674_0006_idba_bin.56.fa.gz	10674_0006_idba_bin.56.fa.gz	data/blue_catalyst_poc/proteomes/rumen__10674_0006_idba_bin.56.faa	rumen__10674_0006_idba_bin.56.faa	ERZ1037932	webin-genome-10674_0006_idba_bin.56	10674_0006_idba_bin.56.fa.gz	filename	matched	2091	True	True	
rumen__10674_0006_idba_bin.59	rumen__10674_0006_idba_bin.59	rumen	rumen	Bacteria	10674_0006_idba_bin.59	data/blue_catalyst_poc/rumen/raw/10674_0006_idba_bin.59.fa.gz	10674_0006_idba_bin.59.fa.gz	data/blue_catalyst_poc/proteomes/rumen__10674_0006_idba_bin.59.faa	rumen__10674_0006_idba_bin.59.faa	ERZ1037933	webin-genome-10674_0006_idba_bin.59	10674_0006_idba_bin.59.fa.gz	filename	matched	1177	True	True	
rumen__10674_0006_idba_bin.6	rumen__10674_0006_idba_bin.6	rumen	rumen	Bacteria	10674_0006_idba_bin.6	data/blue_catalyst_poc/rumen/raw/10674_0006_idba_bin.6.fa.gz	10674_0006_idba_bin.6.fa.gz	data/blue_catalyst_poc/proteomes/rumen__10674_0006_idba_bin.6.faa	rumen__10674_0006_idba_bin.6.faa	ERZ1037934	webin-genome-10674_0006_idba_bin.6	10674_0006_idba_bin.6.fa.gz	filename	matched	1886	True	True	
rumen__10674_0006_idba_bin.60	rumen__10674_0006_idba_bin.60	rumen	rumen	Bacteria	10674_0006_idba_bin.60	data/blue_catalyst_poc/rumen/raw/10674_0006_idba_bin.60.fa.gz	10674_0006_idba_bin.60.fa.gz	data/blue_catalyst_poc/proteomes/rumen__10674_0006_idba_bin.60.faa	rumen__10674_0006_idba_bin.60.faa	ERZ1037935	webin-genome-10674_0006_idba_bin.60	10674_0006_idba_bin.60.fa.gz	filename	matched	1688	True	True	
rumen__10674_0006_idba_bin.62	rumen__10674_0006_idba_bin.62	rumen	rumen	Bacteria	10674_0006_idba_bin.62	data/blue_catalyst_poc/rumen/raw/10674_0006_idba_bin.62.fa.gz	10674_0006_idba_bin.62.fa.gz	data/blue_catalyst_poc/proteomes/rumen__10674_0006_idba_bin.62.faa	rumen__10674_0006_idba_bin.62.faa	ERZ1037936	webin-genome-10674_0006_idba_bin.62	10674_0006_idba_bin.62.fa.gz	filename	matched	1926	True	True	
rumen__10674_0006_idba_bin.66	rumen__10674_0006_idba_bin.66	rumen	rumen	Bacteria	10674_0006_idba_bin.66	data/blue_catalyst_poc/rumen/raw/10674_0006_idba_bin.66.fa.gz	10674_0006_idba_bin.66.fa.gz	data/blue_catalyst_poc/proteomes/rumen__10674_0006_idba_bin.66.faa	rumen__10674_0006_idba_bin.66.faa	ERZ1037937	webin-genome-10674_0006_idba_bin.66	10674_0006_idba_bin.66.fa.gz	filename	matched	1736	True	True	
rumen__10674_0006_idba_bin.69	rumen__10674_0006_idba_bin.69	rumen	rumen	Bacteria	10674_0006_idba_bin.69	data/blue_catalyst_poc/rumen/raw/10674_0006_idba_bin.69.fa.gz	10674_0006_idba_bin.69.fa.gz	data/blue_catalyst_poc/proteomes/rumen__10674_0006_idba_bin.69.faa	rumen__10674_0006_idba_bin.69.faa	ERZ1037938	webin-genome-10674_0006_idba_bin.69	10674_0006_idba_bin.69.fa.gz	filename	matched	1777	True	True	
rumen__10674_0006_idba_bin.7	rumen__10674_0006_idba_bin.7	rumen	rumen	Bacteria	10674_0006_idba_bin.7	data/blue_catalyst_poc/rumen/raw/10674_0006_idba_bin.7.fa.gz	10674_0006_idba_bin.7.fa.gz	data/blue_catalyst_poc/proteomes/rumen__10674_0006_idba_bin.7.faa	rumen__10674_0006_idba_bin.7.faa	ERZ1037939	webin-genome-10674_0006_idba_bin.7	10674_0006_idba_bin.7.fa.gz	filename	matched	1574	True	True	
rumen__10674_0006_idba_bin.73	rumen__10674_0006_idba_bin.73	rumen	rumen	Bacteria	10674_0006_idba_bin.73	data/blue_catalyst_poc/rumen/raw/10674_0006_idba_bin.73.fa.gz	10674_0006_idba_bin.73.fa.gz	data/blue_catalyst_poc/proteomes/rumen__10674_0006_idba_bin.73.faa	rumen__10674_0006_idba_bin.73.faa	ERZ1037940	webin-genome-10674_0006_idba_bin.73	10674_0006_idba_bin.73.fa.gz	filename	matched	1670	True	True	
rumen__10674_0006_idba_bin.9	rumen__10674_0006_idba_bin.9	rumen	rumen	Bacteria	10674_0006_idba_bin.9	data/blue_catalyst_poc/rumen/raw/10674_0006_idba_bin.9.fa.gz	10674_0006_idba_bin.9.fa.gz	data/blue_catalyst_poc/proteomes/rumen__10674_0006_idba_bin.9.faa	rumen__10674_0006_idba_bin.9.faa	ERZ1037941	webin-genome-10674_0006_idba_bin.9	10674_0006_idba_bin.9.fa.gz	filename	matched	1651	True	True	
rumen__10674_0007_idba_bin.100	rumen__10674_0007_idba_bin.100	rumen	rumen	Bacteria	10674_0007_idba_bin.100	data/blue_catalyst_poc/rumen/raw/10674_0007_idba_bin.100.fa.gz	10674_0007_idba_bin.100.fa.gz	data/blue_catalyst_poc/proteomes/rumen__10674_0007_idba_bin.100.faa	rumen__10674_0007_idba_bin.100.faa	ERZ1037942	webin-genome-10674_0007_idba_bin.100	10674_0007_idba_bin.100.fa.gz	filename	matched	1724	True	True	
rumen__10674_0007_idba_bin.101	rumen__10674_0007_idba_bin.101	rumen	rumen	Bacteria	10674_0007_idba_bin.101	data/blue_catalyst_poc/rumen/raw/10674_0007_idba_bin.101.fa.gz	10674_0007_idba_bin.101.fa.gz	data/blue_catalyst_poc/proteomes/rumen__10674_0007_idba_bin.101.faa	rumen__10674_0007_idba_bin.101.faa	ERZ1037943	webin-genome-10674_0007_idba_bin.101	10674_0007_idba_bin.101.fa.gz	filename	matched	1021	True	True	
rumen__10674_0007_idba_bin.105	rumen__10674_0007_idba_bin.105	rumen	rumen	Bacteria	10674_0007_idba_bin.105	data/blue_catalyst_poc/rumen/raw/10674_0007_idba_bin.105.fa.gz	10674_0007_idba_bin.105.fa.gz	data/blue_catalyst_poc/proteomes/rumen__10674_0007_idba_bin.105.faa	rumen__10674_0007_idba_bin.105.faa	ERZ1037944	webin-genome-10674_0007_idba_bin.105	10674_0007_idba_bin.105.fa.gz	filename	matched	1912	True	True	
rumen__10674_0007_idba_bin.108	rumen__10674_0007_idba_bin.108	rumen	rumen	Bacteria	10674_0007_idba_bin.108	data/blue_catalyst_poc/rumen/raw/10674_0007_idba_bin.108.fa.gz	10674_0007_idba_bin.108.fa.gz	data/blue_catalyst_poc/proteomes/rumen__10674_0007_idba_bin.108.faa	rumen__10674_0007_idba_bin.108.faa	ERZ1037945	webin-genome-10674_0007_idba_bin.108	10674_0007_idba_bin.108.fa.gz	filename	matched	2434	True	True	
rumen__10674_0007_idba_bin.111	rumen__10674_0007_idba_bin.111	rumen	rumen	Bacteria	10674_0007_idba_bin.111	data/blue_catalyst_poc/rumen/raw/10674_0007_idba_bin.111.fa.gz	10674_0007_idba_bin.111.fa.gz	data/blue_catalyst_poc/proteomes/rumen__10674_0007_idba_bin.111.faa	rumen__10674_0007_idba_bin.111.faa	ERZ1037946	webin-genome-10674_0007_idba_bin.111	10674_0007_idba_bin.111.fa.gz	filename	matched	2601	True	True	
rumen__10674_0007_idba_bin.113	rumen__10674_0007_idba_bin.113	rumen	rumen	Bacteria	10674_0007_idba_bin.113	data/blue_catalyst_poc/rumen/raw/10674_0007_idba_bin.113.fa.gz	10674_0007_idba_bin.113.fa.gz	data/blue_catalyst_poc/proteomes/rumen__10674_0007_idba_bin.113.faa	rumen__10674_0007_idba_bin.113.faa	ERZ1037947	webin-genome-10674_0007_idba_bin.113	10674_0007_idba_bin.113.fa.gz	filename	matched	2040	True	True	
rumen__10674_0007_idba_bin.118	rumen__10674_0007_idba_bin.118	rumen	rumen	Bacteria	10674_0007_idba_bin.118	data/blue_catalyst_poc/rumen/raw/10674_0007_idba_bin.118.fa.gz	10674_0007_idba_bin.118.fa.gz	data/blue_catalyst_poc/proteomes/rumen__10674_0007_idba_bin.118.faa	rumen__10674_0007_idba_bin.118.faa	ERZ1037948	webin-genome-10674_0007_idba_bin.118	10674_0007_idba_bin.118.fa.gz	filename	matched	2375	True	True	
rumen__10674_0007_idba_bin.119	rumen__10674_0007_idba_bin.119	rumen	rumen	Bacteria	10674_0007_idba_bin.119	data/blue_catalyst_poc/rumen/raw/10674_0007_idba_bin.119.fa.gz	10674_0007_idba_bin.119.fa.gz	data/blue_catalyst_poc/proteomes/rumen__10674_0007_idba_bin.119.faa	rumen__10674_0007_idba_bin.119.faa	ERZ1037949	webin-genome-10674_0007_idba_bin.119	10674_0007_idba_bin.119.fa.gz	filename	matched	2793	True	True	
rumen__10674_0007_idba_bin.12	rumen__10674_0007_idba_bin.12	rumen	rumen	Bacteria	10674_0007_idba_bin.12	data/blue_catalyst_poc/rumen/raw/10674_0007_idba_bin.12.fa.gz	10674_0007_idba_bin.12.fa.gz	data/blue_catalyst_poc/proteomes/rumen__10674_0007_idba_bin.12.faa	rumen__10674_0007_idba_bin.12.faa	ERZ1037950	webin-genome-10674_0007_idba_bin.12	10674_0007_idba_bin.12.fa.gz	filename	matched	2450	True	True	
rumen__10674_0007_idba_bin.120	rumen__10674_0007_idba_bin.120	rumen	rumen	Bacteria	10674_0007_idba_bin.120	data/blue_catalyst_poc/rumen/raw/10674_0007_idba_bin.120.fa.gz	10674_0007_idba_bin.120.fa.gz	data/blue_catalyst_poc/proteomes/rumen__10674_0007_idba_bin.120.faa	rumen__10674_0007_idba_bin.120.faa	ERZ1037951	webin-genome-10674_0007_idba_bin.120	10674_0007_idba_bin.120.fa.gz	filename	matched	1331	True	True	
rumen__10674_0007_idba_bin.122	rumen__10674_0007_idba_bin.122	rumen	rumen	Bacteria	10674_0007_idba_bin.122	data/blue_catalyst_poc/rumen/raw/10674_0007_idba_bin.122.fa.gz	10674_0007_idba_bin.122.fa.gz	data/blue_catalyst_poc/proteomes/rumen__10674_0007_idba_bin.122.faa	rumen__10674_0007_idba_bin.122.faa	ERZ1037952	webin-genome-10674_0007_idba_bin.122	10674_0007_idba_bin.122.fa.gz	filename	matched	2174	True	True	
rumen__10674_0007_idba_bin.123	rumen__10674_0007_idba_bin.123	rumen	rumen	Bacteria	10674_0007_idba_bin.123	data/blue_catalyst_poc/rumen/raw/10674_0007_idba_bin.123.fa.gz	10674_0007_idba_bin.123.fa.gz	data/blue_catalyst_poc/proteomes/rumen__10674_0007_idba_bin.123.faa	rumen__10674_0007_idba_bin.123.faa	ERZ1037953	webin-genome-10674_0007_idba_bin.123	10674_0007_idba_bin.123.fa.gz	filename	matched	1754	True	True	
rumen__10674_0007_idba_bin.126	rumen__10674_0007_idba_bin.126	rumen	rumen	Bacteria	10674_0007_idba_bin.126	data/blue_catalyst_poc/rumen/raw/10674_0007_idba_bin.126.fa.gz	10674_0007_idba_bin.126.fa.gz	data/blue_catalyst_poc/proteomes/rumen__10674_0007_idba_bin.126.faa	rumen__10674_0007_idba_bin.126.faa	ERZ1037954	webin-genome-10674_0007_idba_bin.126	10674_0007_idba_bin.126.fa.gz	filename	matched	2148	True	True	
rumen__10674_0007_idba_bin.131	rumen__10674_0007_idba_bin.131	rumen	rumen	Bacteria	10674_0007_idba_bin.131	data/blue_catalyst_poc/rumen/raw/10674_0007_idba_bin.131.fa.gz	10674_0007_idba_bin.131.fa.gz	data/blue_catalyst_poc/proteomes/rumen__10674_0007_idba_bin.131.faa	rumen__10674_0007_idba_bin.131.faa	ERZ1037955	webin-genome-10674_0007_idba_bin.131	10674_0007_idba_bin.131.fa.gz	filename	matched	1282	True	True	
rumen__10674_0007_idba_bin.132	rumen__10674_0007_idba_bin.132	rumen	rumen	Bacteria	10674_0007_idba_bin.132	data/blue_catalyst_poc/rumen/raw/10674_0007_idba_bin.132.fa.gz	10674_0007_idba_bin.132.fa.gz	data/blue_catalyst_poc/proteomes/rumen__10674_0007_idba_bin.132.faa	rumen__10674_0007_idba_bin.132.faa	ERZ1037956	webin-genome-10674_0007_idba_bin.132	10674_0007_idba_bin.132.fa.gz	filename	matched	1766	True	True	
rumen__10674_0007_idba_bin.133	rumen__10674_0007_idba_bin.133	rumen	rumen	Bacteria	10674_0007_idba_bin.133	data/blue_catalyst_poc/rumen/raw/10674_0007_idba_bin.133.fa.gz	10674_0007_idba_bin.133.fa.gz	data/blue_catalyst_poc/proteomes/rumen__10674_0007_idba_bin.133.faa	rumen__10674_0007_idba_bin.133.faa	ERZ1037957	webin-genome-10674_0007_idba_bin.133	10674_0007_idba_bin.133.fa.gz	filename	matched	1073	True	True	
rumen__10674_0007_idba_bin.134	rumen__10674_0007_idba_bin.134	rumen	rumen	Bacteria	10674_0007_idba_bin.134	data/blue_catalyst_poc/rumen/raw/10674_0007_idba_bin.134.fa.gz	10674_0007_idba_bin.134.fa.gz	data/blue_catalyst_poc/proteomes/rumen__10674_0007_idba_bin.134.faa	rumen__10674_0007_idba_bin.134.faa	ERZ1037958	webin-genome-10674_0007_idba_bin.134	10674_0007_idba_bin.134.fa.gz	filename	matched	1468	True	True	
rumen__10674_0007_idba_bin.136	rumen__10674_0007_idba_bin.136	rumen	rumen	Bacteria	10674_0007_idba_bin.136	data/blue_catalyst_poc/rumen/raw/10674_0007_idba_bin.136.fa.gz	10674_0007_idba_bin.136.fa.gz	data/blue_catalyst_poc/proteomes/rumen__10674_0007_idba_bin.136.faa	rumen__10674_0007_idba_bin.136.faa	ERZ1037959	webin-genome-10674_0007_idba_bin.136	10674_0007_idba_bin.136.fa.gz	filename	matched	1660	True	True	
rumen__10674_0007_idba_bin.14	rumen__10674_0007_idba_bin.14	rumen	rumen	Bacteria	10674_0007_idba_bin.14	data/blue_catalyst_poc/rumen/raw/10674_0007_idba_bin.14.fa.gz	10674_0007_idba_bin.14.fa.gz	data/blue_catalyst_poc/proteomes/rumen__10674_0007_idba_bin.14.faa	rumen__10674_0007_idba_bin.14.faa	ERZ1037960	webin-genome-10674_0007_idba_bin.14	10674_0007_idba_bin.14.fa.gz	filename	matched	1732	True	True	
rumen__10674_0007_idba_bin.142	rumen__10674_0007_idba_bin.142	rumen	rumen	Bacteria	10674_0007_idba_bin.142	data/blue_catalyst_poc/rumen/raw/10674_0007_idba_bin.142.fa.gz	10674_0007_idba_bin.142.fa.gz	data/blue_catalyst_poc/proteomes/rumen__10674_0007_idba_bin.142.faa	rumen__10674_0007_idba_bin.142.faa	ERZ1037961	webin-genome-10674_0007_idba_bin.142	10674_0007_idba_bin.142.fa.gz	filename	matched	2530	True	True	
rumen__10674_0007_idba_bin.143	rumen__10674_0007_idba_bin.143	rumen	rumen	Bacteria	10674_0007_idba_bin.143	data/blue_catalyst_poc/rumen/raw/10674_0007_idba_bin.143.fa.gz	10674_0007_idba_bin.143.fa.gz	data/blue_catalyst_poc/proteomes/rumen__10674_0007_idba_bin.143.faa	rumen__10674_0007_idba_bin.143.faa	ERZ1037962	webin-genome-10674_0007_idba_bin.143	10674_0007_idba_bin.143.fa.gz	filename	matched	2042	True	True	
rumen__10674_0007_idba_bin.144	rumen__10674_0007_idba_bin.144	rumen	rumen	Bacteria	10674_0007_idba_bin.144	data/blue_catalyst_poc/rumen/raw/10674_0007_idba_bin.144.fa.gz	10674_0007_idba_bin.144.fa.gz	data/blue_catalyst_poc/proteomes/rumen__10674_0007_idba_bin.144.faa	rumen__10674_0007_idba_bin.144.faa	ERZ1037963	webin-genome-10674_0007_idba_bin.144	10674_0007_idba_bin.144.fa.gz	filename	matched	829	True	True	
rumen__10674_0007_idba_bin.149	rumen__10674_0007_idba_bin.149	rumen	rumen	Bacteria	10674_0007_idba_bin.149	data/blue_catalyst_poc/rumen/raw/10674_0007_idba_bin.149.fa.gz	10674_0007_idba_bin.149.fa.gz	data/blue_catalyst_poc/proteomes/rumen__10674_0007_idba_bin.149.faa	rumen__10674_0007_idba_bin.149.faa	ERZ1037964	webin-genome-10674_0007_idba_bin.149	10674_0007_idba_bin.149.fa.gz	filename	matched	1026	True	True	
rumen__10674_0007_idba_bin.150	rumen__10674_0007_idba_bin.150	rumen	rumen	Bacteria	10674_0007_idba_bin.150	data/blue_catalyst_poc/rumen/raw/10674_0007_idba_bin.150.fa.gz	10674_0007_idba_bin.150.fa.gz	data/blue_catalyst_poc/proteomes/rumen__10674_0007_idba_bin.150.faa	rumen__10674_0007_idba_bin.150.faa	ERZ1037965	webin-genome-10674_0007_idba_bin.150	10674_0007_idba_bin.150.fa.gz	filename	matched	2177	True	True	
rumen__10674_0007_idba_bin.151	rumen__10674_0007_idba_bin.151	rumen	rumen	Bacteria	10674_0007_idba_bin.151	data/blue_catalyst_poc/rumen/raw/10674_0007_idba_bin.151.fa.gz	10674_0007_idba_bin.151.fa.gz	data/blue_catalyst_poc/proteomes/rumen__10674_0007_idba_bin.151.faa	rumen__10674_0007_idba_bin.151.faa	ERZ1037966	webin-genome-10674_0007_idba_bin.151	10674_0007_idba_bin.151.fa.gz	filename	matched	2134	True	True	
rumen__10674_0007_idba_bin.152	rumen__10674_0007_idba_bin.152	rumen	rumen	Bacteria	10674_0007_idba_bin.152	data/blue_catalyst_poc/rumen/raw/10674_0007_idba_bin.152.fa.gz	10674_0007_idba_bin.152.fa.gz	data/blue_catalyst_poc/proteomes/rumen__10674_0007_idba_bin.152.faa	rumen__10674_0007_idba_bin.152.faa	ERZ1037967	webin-genome-10674_0007_idba_bin.152	10674_0007_idba_bin.152.fa.gz	filename	matched	1735	True	True	
rumen__10674_0007_idba_bin.154	rumen__10674_0007_idba_bin.154	rumen	rumen	Bacteria	10674_0007_idba_bin.154	data/blue_catalyst_poc/rumen/raw/10674_0007_idba_bin.154.fa.gz	10674_0007_idba_bin.154.fa.gz	data/blue_catalyst_poc/proteomes/rumen__10674_0007_idba_bin.154.faa	rumen__10674_0007_idba_bin.154.faa	ERZ1037968	webin-genome-10674_0007_idba_bin.154	10674_0007_idba_bin.154.fa.gz	filename	matched	2733	True	True	
rumen__10674_0007_idba_bin.156	rumen__10674_0007_idba_bin.156	rumen	rumen	Bacteria	10674_0007_idba_bin.156	data/blue_catalyst_poc/rumen/raw/10674_0007_idba_bin.156.fa.gz	10674_0007_idba_bin.156.fa.gz	data/blue_catalyst_poc/proteomes/rumen__10674_0007_idba_bin.156.faa	rumen__10674_0007_idba_bin.156.faa	ERZ1037970	webin-genome-10674_0007_idba_bin.156	10674_0007_idba_bin.156.fa.gz	filename	matched	2289	True	True	
rumen__10674_0007_idba_bin.157	rumen__10674_0007_idba_bin.157	rumen	rumen	Bacteria	10674_0007_idba_bin.157	data/blue_catalyst_poc/rumen/raw/10674_0007_idba_bin.157.fa.gz	10674_0007_idba_bin.157.fa.gz	data/blue_catalyst_poc/proteomes/rumen__10674_0007_idba_bin.157.faa	rumen__10674_0007_idba_bin.157.faa	ERZ1037971	webin-genome-10674_0007_idba_bin.157	10674_0007_idba_bin.157.fa.gz	filename	matched	1913	True	True	
rumen__10674_0007_idba_bin.160	rumen__10674_0007_idba_bin.160	rumen	rumen	Bacteria	10674_0007_idba_bin.160	data/blue_catalyst_poc/rumen/raw/10674_0007_idba_bin.160.fa.gz	10674_0007_idba_bin.160.fa.gz	data/blue_catalyst_poc/proteomes/rumen__10674_0007_idba_bin.160.faa	rumen__10674_0007_idba_bin.160.faa	ERZ1037972	webin-genome-10674_0007_idba_bin.160	10674_0007_idba_bin.160.fa.gz	filename	matched	2173	True	True	
rumen__10674_0007_idba_bin.161	rumen__10674_0007_idba_bin.161	rumen	rumen	Bacteria	10674_0007_idba_bin.161	data/blue_catalyst_poc/rumen/raw/10674_0007_idba_bin.161.fa.gz	10674_0007_idba_bin.161.fa.gz	data/blue_catalyst_poc/proteomes/rumen__10674_0007_idba_bin.161.faa	rumen__10674_0007_idba_bin.161.faa	ERZ1037973	webin-genome-10674_0007_idba_bin.161	10674_0007_idba_bin.161.fa.gz	filename	matched	1487	True	True	
rumen__10674_0007_idba_bin.163	rumen__10674_0007_idba_bin.163	rumen	rumen	Bacteria	10674_0007_idba_bin.163	data/blue_catalyst_poc/rumen/raw/10674_0007_idba_bin.163.fa.gz	10674_0007_idba_bin.163.fa.gz	data/blue_catalyst_poc/proteomes/rumen__10674_0007_idba_bin.163.faa	rumen__10674_0007_idba_bin.163.faa	ERZ1037974	webin-genome-10674_0007_idba_bin.163	10674_0007_idba_bin.163.fa.gz	filename	matched	2319	True	True	
rumen__10674_0007_idba_bin.168	rumen__10674_0007_idba_bin.168	rumen	rumen	Bacteria	10674_0007_idba_bin.168	data/blue_catalyst_poc/rumen/raw/10674_0007_idba_bin.168.fa.gz	10674_0007_idba_bin.168.fa.gz	data/blue_catalyst_poc/proteomes/rumen__10674_0007_idba_bin.168.faa	rumen__10674_0007_idba_bin.168.faa	ERZ1037975	webin-genome-10674_0007_idba_bin.168	10674_0007_idba_bin.168.fa.gz	filename	matched	1282	True	True	
rumen__10674_0007_idba_bin.17	rumen__10674_0007_idba_bin.17	rumen	rumen	Bacteria	10674_0007_idba_bin.17	data/blue_catalyst_poc/rumen/raw/10674_0007_idba_bin.17.fa.gz	10674_0007_idba_bin.17.fa.gz	data/blue_catalyst_poc/proteomes/rumen__10674_0007_idba_bin.17.faa	rumen__10674_0007_idba_bin.17.faa	ERZ1037976	webin-genome-10674_0007_idba_bin.17	10674_0007_idba_bin.17.fa.gz	filename	matched	1872	True	True	
rumen__10674_0007_idba_bin.171	rumen__10674_0007_idba_bin.171	rumen	rumen	Bacteria	10674_0007_idba_bin.171	data/blue_catalyst_poc/rumen/raw/10674_0007_idba_bin.171.fa.gz	10674_0007_idba_bin.171.fa.gz	data/blue_catalyst_poc/proteomes/rumen__10674_0007_idba_bin.171.faa	rumen__10674_0007_idba_bin.171.faa	ERZ1037977	webin-genome-10674_0007_idba_bin.171	10674_0007_idba_bin.171.fa.gz	filename	matched	2592	True	True	
rumen__10674_0007_idba_bin.173	rumen__10674_0007_idba_bin.173	rumen	rumen	Bacteria	10674_0007_idba_bin.173	data/blue_catalyst_poc/rumen/raw/10674_0007_idba_bin.173.fa.gz	10674_0007_idba_bin.173.fa.gz	data/blue_catalyst_poc/proteomes/rumen__10674_0007_idba_bin.173.faa	rumen__10674_0007_idba_bin.173.faa	ERZ1037978	webin-genome-10674_0007_idba_bin.173	10674_0007_idba_bin.173.fa.gz	filename	matched	2879	True	True	
rumen__10674_0007_idba_bin.174	rumen__10674_0007_idba_bin.174	rumen	rumen	Bacteria	10674_0007_idba_bin.174	data/blue_catalyst_poc/rumen/raw/10674_0007_idba_bin.174.fa.gz	10674_0007_idba_bin.174.fa.gz	data/blue_catalyst_poc/proteomes/rumen__10674_0007_idba_bin.174.faa	rumen__10674_0007_idba_bin.174.faa	ERZ1037979	webin-genome-10674_0007_idba_bin.174	10674_0007_idba_bin.174.fa.gz	filename	matched	794	True	True	
rumen__10674_0007_idba_bin.175	rumen__10674_0007_idba_bin.175	rumen	rumen	Bacteria	10674_0007_idba_bin.175	data/blue_catalyst_poc/rumen/raw/10674_0007_idba_bin.175.fa.gz	10674_0007_idba_bin.175.fa.gz	data/blue_catalyst_poc/proteomes/rumen__10674_0007_idba_bin.175.faa	rumen__10674_0007_idba_bin.175.faa	ERZ1037980	webin-genome-10674_0007_idba_bin.175	10674_0007_idba_bin.175.fa.gz	filename	matched	1977	True	True	
rumen__10674_0007_idba_bin.176	rumen__10674_0007_idba_bin.176	rumen	rumen	Bacteria	10674_0007_idba_bin.176	data/blue_catalyst_poc/rumen/raw/10674_0007_idba_bin.176.fa.gz	10674_0007_idba_bin.176.fa.gz	data/blue_catalyst_poc/proteomes/rumen__10674_0007_idba_bin.176.faa	rumen__10674_0007_idba_bin.176.faa	ERZ1037981	webin-genome-10674_0007_idba_bin.176	10674_0007_idba_bin.176.fa.gz	filename	matched	2507	True	True	
rumen__10674_0007_idba_bin.178	rumen__10674_0007_idba_bin.178	rumen	rumen	Bacteria	10674_0007_idba_bin.178	data/blue_catalyst_poc/rumen/raw/10674_0007_idba_bin.178.fa.gz	10674_0007_idba_bin.178.fa.gz	data/blue_catalyst_poc/proteomes/rumen__10674_0007_idba_bin.178.faa	rumen__10674_0007_idba_bin.178.faa	ERZ1037982	webin-genome-10674_0007_idba_bin.178	10674_0007_idba_bin.178.fa.gz	filename	matched	1338	True	True	
rumen__10674_0007_idba_bin.19	rumen__10674_0007_idba_bin.19	rumen	rumen	Bacteria	10674_0007_idba_bin.19	data/blue_catalyst_poc/rumen/raw/10674_0007_idba_bin.19.fa.gz	10674_0007_idba_bin.19.fa.gz	data/blue_catalyst_poc/proteomes/rumen__10674_0007_idba_bin.19.faa	rumen__10674_0007_idba_bin.19.faa	ERZ1037983	webin-genome-10674_0007_idba_bin.19	10674_0007_idba_bin.19.fa.gz	filename	matched	2018	True	True	
rumen__10674_0007_idba_bin.25	rumen__10674_0007_idba_bin.25	rumen	rumen	Bacteria	10674_0007_idba_bin.25	data/blue_catalyst_poc/rumen/raw/10674_0007_idba_bin.25.fa.gz	10674_0007_idba_bin.25.fa.gz	data/blue_catalyst_poc/proteomes/rumen__10674_0007_idba_bin.25.faa	rumen__10674_0007_idba_bin.25.faa	ERZ1037984	webin-genome-10674_0007_idba_bin.25	10674_0007_idba_bin.25.fa.gz	filename	matched	1750	True	True	
rumen__10674_0007_idba_bin.26	rumen__10674_0007_idba_bin.26	rumen	rumen	Bacteria	10674_0007_idba_bin.26	data/blue_catalyst_poc/rumen/raw/10674_0007_idba_bin.26.fa.gz	10674_0007_idba_bin.26.fa.gz	data/blue_catalyst_poc/proteomes/rumen__10674_0007_idba_bin.26.faa	rumen__10674_0007_idba_bin.26.faa	ERZ1037985	webin-genome-10674_0007_idba_bin.26	10674_0007_idba_bin.26.fa.gz	filename	matched	2433	True	True	
rumen__10674_0007_idba_bin.27	rumen__10674_0007_idba_bin.27	rumen	rumen	Archaea	10674_0007_idba_bin.27	data/blue_catalyst_poc/rumen/raw/10674_0007_idba_bin.27.fa.gz	10674_0007_idba_bin.27.fa.gz	data/blue_catalyst_poc/proteomes/rumen__10674_0007_idba_bin.27.faa	rumen__10674_0007_idba_bin.27.faa	ERZ1037986	webin-genome-10674_0007_idba_bin.27	10674_0007_idba_bin.27.fa.gz	filename	matched	2359	True	True	
rumen__10674_0007_idba_bin.30	rumen__10674_0007_idba_bin.30	rumen	rumen	Bacteria	10674_0007_idba_bin.30	data/blue_catalyst_poc/rumen/raw/10674_0007_idba_bin.30.fa.gz	10674_0007_idba_bin.30.fa.gz	data/blue_catalyst_poc/proteomes/rumen__10674_0007_idba_bin.30.faa	rumen__10674_0007_idba_bin.30.faa	ERZ1037987	webin-genome-10674_0007_idba_bin.30	10674_0007_idba_bin.30.fa.gz	filename	matched	1746	True	True	
rumen__10674_0007_idba_bin.31	rumen__10674_0007_idba_bin.31	rumen	rumen	Bacteria	10674_0007_idba_bin.31	data/blue_catalyst_poc/rumen/raw/10674_0007_idba_bin.31.fa.gz	10674_0007_idba_bin.31.fa.gz	data/blue_catalyst_poc/proteomes/rumen__10674_0007_idba_bin.31.faa	rumen__10674_0007_idba_bin.31.faa	ERZ1037988	webin-genome-10674_0007_idba_bin.31	10674_0007_idba_bin.31.fa.gz	filename	matched	2119	True	True	
rumen__10674_0007_idba_bin.34	rumen__10674_0007_idba_bin.34	rumen	rumen	Bacteria	10674_0007_idba_bin.34	data/blue_catalyst_poc/rumen/raw/10674_0007_idba_bin.34.fa.gz	10674_0007_idba_bin.34.fa.gz	data/blue_catalyst_poc/proteomes/rumen__10674_0007_idba_bin.34.faa	rumen__10674_0007_idba_bin.34.faa	ERZ1037989	webin-genome-10674_0007_idba_bin.34	10674_0007_idba_bin.34.fa.gz	filename	matched	1540	True	True	
rumen__10674_0007_idba_bin.35	rumen__10674_0007_idba_bin.35	rumen	rumen	Bacteria	10674_0007_idba_bin.35	data/blue_catalyst_poc/rumen/raw/10674_0007_idba_bin.35.fa.gz	10674_0007_idba_bin.35.fa.gz	data/blue_catalyst_poc/proteomes/rumen__10674_0007_idba_bin.35.faa	rumen__10674_0007_idba_bin.35.faa	ERZ1037990	webin-genome-10674_0007_idba_bin.35	10674_0007_idba_bin.35.fa.gz	filename	matched	1941	True	True	
rumen__10674_0007_idba_bin.36	rumen__10674_0007_idba_bin.36	rumen	rumen	Bacteria	10674_0007_idba_bin.36	data/blue_catalyst_poc/rumen/raw/10674_0007_idba_bin.36.fa.gz	10674_0007_idba_bin.36.fa.gz	data/blue_catalyst_poc/proteomes/rumen__10674_0007_idba_bin.36.faa	rumen__10674_0007_idba_bin.36.faa	ERZ1037991	webin-genome-10674_0007_idba_bin.36	10674_0007_idba_bin.36.fa.gz	filename	matched	2017	True	True	
rumen__10674_0007_idba_bin.37	rumen__10674_0007_idba_bin.37	rumen	rumen	Bacteria	10674_0007_idba_bin.37	data/blue_catalyst_poc/rumen/raw/10674_0007_idba_bin.37.fa.gz	10674_0007_idba_bin.37.fa.gz	data/blue_catalyst_poc/proteomes/rumen__10674_0007_idba_bin.37.faa	rumen__10674_0007_idba_bin.37.faa	ERZ1037992	webin-genome-10674_0007_idba_bin.37	10674_0007_idba_bin.37.fa.gz	filename	matched	2281	True	True	
rumen__10674_0007_idba_bin.39	rumen__10674_0007_idba_bin.39	rumen	rumen	Bacteria	10674_0007_idba_bin.39	data/blue_catalyst_poc/rumen/raw/10674_0007_idba_bin.39.fa.gz	10674_0007_idba_bin.39.fa.gz	data/blue_catalyst_poc/proteomes/rumen__10674_0007_idba_bin.39.faa	rumen__10674_0007_idba_bin.39.faa	ERZ1037993	webin-genome-10674_0007_idba_bin.39	10674_0007_idba_bin.39.fa.gz	filename	matched	1836	True	True	
rumen__10674_0007_idba_bin.4	rumen__10674_0007_idba_bin.4	rumen	rumen	Bacteria	10674_0007_idba_bin.4	data/blue_catalyst_poc/rumen/raw/10674_0007_idba_bin.4.fa.gz	10674_0007_idba_bin.4.fa.gz	data/blue_catalyst_poc/proteomes/rumen__10674_0007_idba_bin.4.faa	rumen__10674_0007_idba_bin.4.faa	ERZ1037994	webin-genome-10674_0007_idba_bin.4	10674_0007_idba_bin.4.fa.gz	filename	matched	2384	True	True	
rumen__10674_0007_idba_bin.42	rumen__10674_0007_idba_bin.42	rumen	rumen	Bacteria	10674_0007_idba_bin.42	data/blue_catalyst_poc/rumen/raw/10674_0007_idba_bin.42.fa.gz	10674_0007_idba_bin.42.fa.gz	data/blue_catalyst_poc/proteomes/rumen__10674_0007_idba_bin.42.faa	rumen__10674_0007_idba_bin.42.faa	ERZ1037995	webin-genome-10674_0007_idba_bin.42	10674_0007_idba_bin.42.fa.gz	filename	matched	2091	True	True	
rumen__10674_0007_idba_bin.45	rumen__10674_0007_idba_bin.45	rumen	rumen	Bacteria	10674_0007_idba_bin.45	data/blue_catalyst_poc/rumen/raw/10674_0007_idba_bin.45.fa.gz	10674_0007_idba_bin.45.fa.gz	data/blue_catalyst_poc/proteomes/rumen__10674_0007_idba_bin.45.faa	rumen__10674_0007_idba_bin.45.faa	ERZ1037996	webin-genome-10674_0007_idba_bin.45	10674_0007_idba_bin.45.fa.gz	filename	matched	1721	True	True	
rumen__10674_0007_idba_bin.47	rumen__10674_0007_idba_bin.47	rumen	rumen	Bacteria	10674_0007_idba_bin.47	data/blue_catalyst_poc/rumen/raw/10674_0007_idba_bin.47.fa.gz	10674_0007_idba_bin.47.fa.gz	data/blue_catalyst_poc/proteomes/rumen__10674_0007_idba_bin.47.faa	rumen__10674_0007_idba_bin.47.faa	ERZ1037997	webin-genome-10674_0007_idba_bin.47	10674_0007_idba_bin.47.fa.gz	filename	matched	1951	True	True	
rumen__10674_0007_idba_bin.49	rumen__10674_0007_idba_bin.49	rumen	rumen	Bacteria	10674_0007_idba_bin.49	data/blue_catalyst_poc/rumen/raw/10674_0007_idba_bin.49.fa.gz	10674_0007_idba_bin.49.fa.gz	data/blue_catalyst_poc/proteomes/rumen__10674_0007_idba_bin.49.faa	rumen__10674_0007_idba_bin.49.faa	ERZ1037998	webin-genome-10674_0007_idba_bin.49	10674_0007_idba_bin.49.fa.gz	filename	matched	2839	True	True	
rumen__10674_0007_idba_bin.5	rumen__10674_0007_idba_bin.5	rumen	rumen	Bacteria	10674_0007_idba_bin.5	data/blue_catalyst_poc/rumen/raw/10674_0007_idba_bin.5.fa.gz	10674_0007_idba_bin.5.fa.gz	data/blue_catalyst_poc/proteomes/rumen__10674_0007_idba_bin.5.faa	rumen__10674_0007_idba_bin.5.faa	ERZ1037999	webin-genome-10674_0007_idba_bin.5	10674_0007_idba_bin.5.fa.gz	filename	matched	1553	True	True	
rumen__10674_0007_idba_bin.52	rumen__10674_0007_idba_bin.52	rumen	rumen	Bacteria	10674_0007_idba_bin.52	data/blue_catalyst_poc/rumen/raw/10674_0007_idba_bin.52.fa.gz	10674_0007_idba_bin.52.fa.gz	data/blue_catalyst_poc/proteomes/rumen__10674_0007_idba_bin.52.faa	rumen__10674_0007_idba_bin.52.faa	ERZ1038000	webin-genome-10674_0007_idba_bin.52	10674_0007_idba_bin.52.fa.gz	filename	matched	1522	True	True	
rumen__10674_0007_idba_bin.55	rumen__10674_0007_idba_bin.55	rumen	rumen	Bacteria	10674_0007_idba_bin.55	data/blue_catalyst_poc/rumen/raw/10674_0007_idba_bin.55.fa.gz	10674_0007_idba_bin.55.fa.gz	data/blue_catalyst_poc/proteomes/rumen__10674_0007_idba_bin.55.faa	rumen__10674_0007_idba_bin.55.faa	ERZ1038001	webin-genome-10674_0007_idba_bin.55	10674_0007_idba_bin.55.fa.gz	filename	matched	2568	True	True	
rumen__10674_0007_idba_bin.58	rumen__10674_0007_idba_bin.58	rumen	rumen	Bacteria	10674_0007_idba_bin.58	data/blue_catalyst_poc/rumen/raw/10674_0007_idba_bin.58.fa.gz	10674_0007_idba_bin.58.fa.gz	data/blue_catalyst_poc/proteomes/rumen__10674_0007_idba_bin.58.faa	rumen__10674_0007_idba_bin.58.faa	ERZ1038002	webin-genome-10674_0007_idba_bin.58	10674_0007_idba_bin.58.fa.gz	filename	matched	1922	True	True	
rumen__10674_0007_idba_bin.59	rumen__10674_0007_idba_bin.59	rumen	rumen	Bacteria	10674_0007_idba_bin.59	data/blue_catalyst_poc/rumen/raw/10674_0007_idba_bin.59.fa.gz	10674_0007_idba_bin.59.fa.gz	data/blue_catalyst_poc/proteomes/rumen__10674_0007_idba_bin.59.faa	rumen__10674_0007_idba_bin.59.faa	ERZ1038003	webin-genome-10674_0007_idba_bin.59	10674_0007_idba_bin.59.fa.gz	filename	matched	694	True	True	
rumen__10674_0007_idba_bin.61	rumen__10674_0007_idba_bin.61	rumen	rumen	Bacteria	10674_0007_idba_bin.61	data/blue_catalyst_poc/rumen/raw/10674_0007_idba_bin.61.fa.gz	10674_0007_idba_bin.61.fa.gz	data/blue_catalyst_poc/proteomes/rumen__10674_0007_idba_bin.61.faa	rumen__10674_0007_idba_bin.61.faa	ERZ1038004	webin-genome-10674_0007_idba_bin.61	10674_0007_idba_bin.61.fa.gz	filename	matched	1352	True	True	
rumen__10674_0007_idba_bin.62	rumen__10674_0007_idba_bin.62	rumen	rumen	Bacteria	10674_0007_idba_bin.62	data/blue_catalyst_poc/rumen/raw/10674_0007_idba_bin.62.fa.gz	10674_0007_idba_bin.62.fa.gz	data/blue_catalyst_poc/proteomes/rumen__10674_0007_idba_bin.62.faa	rumen__10674_0007_idba_bin.62.faa	ERZ1038005	webin-genome-10674_0007_idba_bin.62	10674_0007_idba_bin.62.fa.gz	filename	matched	561	True	True	
rumen__10674_0007_idba_bin.63	rumen__10674_0007_idba_bin.63	rumen	rumen	Bacteria	10674_0007_idba_bin.63	data/blue_catalyst_poc/rumen/raw/10674_0007_idba_bin.63.fa.gz	10674_0007_idba_bin.63.fa.gz	data/blue_catalyst_poc/proteomes/rumen__10674_0007_idba_bin.63.faa	rumen__10674_0007_idba_bin.63.faa	ERZ1038006	webin-genome-10674_0007_idba_bin.63	10674_0007_idba_bin.63.fa.gz	filename	matched	946	True	True	
rumen__10674_0007_idba_bin.66	rumen__10674_0007_idba_bin.66	rumen	rumen	Bacteria	10674_0007_idba_bin.66	data/blue_catalyst_poc/rumen/raw/10674_0007_idba_bin.66.fa.gz	10674_0007_idba_bin.66.fa.gz	data/blue_catalyst_poc/proteomes/rumen__10674_0007_idba_bin.66.faa	rumen__10674_0007_idba_bin.66.faa	ERZ1038007	webin-genome-10674_0007_idba_bin.66	10674_0007_idba_bin.66.fa.gz	filename	matched	1122	True	True	
rumen__10674_0007_idba_bin.67	rumen__10674_0007_idba_bin.67	rumen	rumen	Bacteria	10674_0007_idba_bin.67	data/blue_catalyst_poc/rumen/raw/10674_0007_idba_bin.67.fa.gz	10674_0007_idba_bin.67.fa.gz	data/blue_catalyst_poc/proteomes/rumen__10674_0007_idba_bin.67.faa	rumen__10674_0007_idba_bin.67.faa	ERZ1038008	webin-genome-10674_0007_idba_bin.67	10674_0007_idba_bin.67.fa.gz	filename	matched	2074	True	True	
rumen__10674_0007_idba_bin.68	rumen__10674_0007_idba_bin.68	rumen	rumen	Bacteria	10674_0007_idba_bin.68	data/blue_catalyst_poc/rumen/raw/10674_0007_idba_bin.68.fa.gz	10674_0007_idba_bin.68.fa.gz	data/blue_catalyst_poc/proteomes/rumen__10674_0007_idba_bin.68.faa	rumen__10674_0007_idba_bin.68.faa	ERZ1038009	webin-genome-10674_0007_idba_bin.68	10674_0007_idba_bin.68.fa.gz	filename	matched	2515	True	True	
rumen__10674_0007_idba_bin.7	rumen__10674_0007_idba_bin.7	rumen	rumen	Bacteria	10674_0007_idba_bin.7	data/blue_catalyst_poc/rumen/raw/10674_0007_idba_bin.7.fa.gz	10674_0007_idba_bin.7.fa.gz	data/blue_catalyst_poc/proteomes/rumen__10674_0007_idba_bin.7.faa	rumen__10674_0007_idba_bin.7.faa	ERZ1038010	webin-genome-10674_0007_idba_bin.7	10674_0007_idba_bin.7.fa.gz	filename	matched	1359	True	True	
rumen__10674_0007_idba_bin.71	rumen__10674_0007_idba_bin.71	rumen	rumen	Bacteria	10674_0007_idba_bin.71	data/blue_catalyst_poc/rumen/raw/10674_0007_idba_bin.71.fa.gz	10674_0007_idba_bin.71.fa.gz	data/blue_catalyst_poc/proteomes/rumen__10674_0007_idba_bin.71.faa	rumen__10674_0007_idba_bin.71.faa	ERZ1038011	webin-genome-10674_0007_idba_bin.71	10674_0007_idba_bin.71.fa.gz	filename	matched	1941	True	True	
rumen__10674_0007_idba_bin.72	rumen__10674_0007_idba_bin.72	rumen	rumen	Bacteria	10674_0007_idba_bin.72	data/blue_catalyst_poc/rumen/raw/10674_0007_idba_bin.72.fa.gz	10674_0007_idba_bin.72.fa.gz	data/blue_catalyst_poc/proteomes/rumen__10674_0007_idba_bin.72.faa	rumen__10674_0007_idba_bin.72.faa	ERZ1038012	webin-genome-10674_0007_idba_bin.72	10674_0007_idba_bin.72.fa.gz	filename	matched	2573	True	True	
rumen__10674_0007_idba_bin.73	rumen__10674_0007_idba_bin.73	rumen	rumen	Bacteria	10674_0007_idba_bin.73	data/blue_catalyst_poc/rumen/raw/10674_0007_idba_bin.73.fa.gz	10674_0007_idba_bin.73.fa.gz	data/blue_catalyst_poc/proteomes/rumen__10674_0007_idba_bin.73.faa	rumen__10674_0007_idba_bin.73.faa	ERZ1038013	webin-genome-10674_0007_idba_bin.73	10674_0007_idba_bin.73.fa.gz	filename	matched	1302	True	True	
rumen__10674_0007_idba_bin.76	rumen__10674_0007_idba_bin.76	rumen	rumen	Bacteria	10674_0007_idba_bin.76	data/blue_catalyst_poc/rumen/raw/10674_0007_idba_bin.76.fa.gz	10674_0007_idba_bin.76.fa.gz	data/blue_catalyst_poc/proteomes/rumen__10674_0007_idba_bin.76.faa	rumen__10674_0007_idba_bin.76.faa	ERZ1038014	webin-genome-10674_0007_idba_bin.76	10674_0007_idba_bin.76.fa.gz	filename	matched	1708	True	True	
rumen__10674_0007_idba_bin.79	rumen__10674_0007_idba_bin.79	rumen	rumen	Bacteria	10674_0007_idba_bin.79	data/blue_catalyst_poc/rumen/raw/10674_0007_idba_bin.79.fa.gz	10674_0007_idba_bin.79.fa.gz	data/blue_catalyst_poc/proteomes/rumen__10674_0007_idba_bin.79.faa	rumen__10674_0007_idba_bin.79.faa	ERZ1038015	webin-genome-10674_0007_idba_bin.79	10674_0007_idba_bin.79.fa.gz	filename	matched	1457	True	True	
rumen__10674_0007_idba_bin.81	rumen__10674_0007_idba_bin.81	rumen	rumen	Bacteria	10674_0007_idba_bin.81	data/blue_catalyst_poc/rumen/raw/10674_0007_idba_bin.81.fa.gz	10674_0007_idba_bin.81.fa.gz	data/blue_catalyst_poc/proteomes/rumen__10674_0007_idba_bin.81.faa	rumen__10674_0007_idba_bin.81.faa	ERZ1038016	webin-genome-10674_0007_idba_bin.81	10674_0007_idba_bin.81.fa.gz	filename	matched	2286	True	True	
rumen__10674_0007_idba_bin.82	rumen__10674_0007_idba_bin.82	rumen	rumen	Bacteria	10674_0007_idba_bin.82	data/blue_catalyst_poc/rumen/raw/10674_0007_idba_bin.82.fa.gz	10674_0007_idba_bin.82.fa.gz	data/blue_catalyst_poc/proteomes/rumen__10674_0007_idba_bin.82.faa	rumen__10674_0007_idba_bin.82.faa	ERZ1038017	webin-genome-10674_0007_idba_bin.82	10674_0007_idba_bin.82.fa.gz	filename	matched	853	True	True	
rumen__10674_0007_idba_bin.83	rumen__10674_0007_idba_bin.83	rumen	rumen	Archaea	10674_0007_idba_bin.83	data/blue_catalyst_poc/rumen/raw/10674_0007_idba_bin.83.fa.gz	10674_0007_idba_bin.83.fa.gz	data/blue_catalyst_poc/proteomes/rumen__10674_0007_idba_bin.83.faa	rumen__10674_0007_idba_bin.83.faa	ERZ1038018	webin-genome-10674_0007_idba_bin.83	10674_0007_idba_bin.83.fa.gz	filename	matched	2559	True	True	
rumen__10674_0007_idba_bin.84	rumen__10674_0007_idba_bin.84	rumen	rumen	Bacteria	10674_0007_idba_bin.84	data/blue_catalyst_poc/rumen/raw/10674_0007_idba_bin.84.fa.gz	10674_0007_idba_bin.84.fa.gz	data/blue_catalyst_poc/proteomes/rumen__10674_0007_idba_bin.84.faa	rumen__10674_0007_idba_bin.84.faa	ERZ1038019	webin-genome-10674_0007_idba_bin.84	10674_0007_idba_bin.84.fa.gz	filename	matched	1303	True	True	
rumen__10674_0007_idba_bin.88	rumen__10674_0007_idba_bin.88	rumen	rumen	Bacteria	10674_0007_idba_bin.88	data/blue_catalyst_poc/rumen/raw/10674_0007_idba_bin.88.fa.gz	10674_0007_idba_bin.88.fa.gz	data/blue_catalyst_poc/proteomes/rumen__10674_0007_idba_bin.88.faa	rumen__10674_0007_idba_bin.88.faa	ERZ1038020	webin-genome-10674_0007_idba_bin.88	10674_0007_idba_bin.88.fa.gz	filename	matched	1614	True	True	
rumen__10674_0007_idba_bin.90	rumen__10674_0007_idba_bin.90	rumen	rumen	Bacteria	10674_0007_idba_bin.90	data/blue_catalyst_poc/rumen/raw/10674_0007_idba_bin.90.fa.gz	10674_0007_idba_bin.90.fa.gz	data/blue_catalyst_poc/proteomes/rumen__10674_0007_idba_bin.90.faa	rumen__10674_0007_idba_bin.90.faa	ERZ1038021	webin-genome-10674_0007_idba_bin.90	10674_0007_idba_bin.90.fa.gz	filename	matched	2739	True	True	
rumen__10674_0007_idba_bin.92	rumen__10674_0007_idba_bin.92	rumen	rumen	Bacteria	10674_0007_idba_bin.92	data/blue_catalyst_poc/rumen/raw/10674_0007_idba_bin.92.fa.gz	10674_0007_idba_bin.92.fa.gz	data/blue_catalyst_poc/proteomes/rumen__10674_0007_idba_bin.92.faa	rumen__10674_0007_idba_bin.92.faa	ERZ1038022	webin-genome-10674_0007_idba_bin.92	10674_0007_idba_bin.92.fa.gz	filename	matched	2085	True	True	
rumen__10674_0007_idba_bin.93	rumen__10674_0007_idba_bin.93	rumen	rumen	Bacteria	10674_0007_idba_bin.93	data/blue_catalyst_poc/rumen/raw/10674_0007_idba_bin.93.fa.gz	10674_0007_idba_bin.93.fa.gz	data/blue_catalyst_poc/proteomes/rumen__10674_0007_idba_bin.93.faa	rumen__10674_0007_idba_bin.93.faa	ERZ1038023	webin-genome-10674_0007_idba_bin.93	10674_0007_idba_bin.93.fa.gz	filename	matched	1564	True	True	
rumen__10674_0007_idba_bin.94	rumen__10674_0007_idba_bin.94	rumen	rumen	Bacteria	10674_0007_idba_bin.94	data/blue_catalyst_poc/rumen/raw/10674_0007_idba_bin.94.fa.gz	10674_0007_idba_bin.94.fa.gz	data/blue_catalyst_poc/proteomes/rumen__10674_0007_idba_bin.94.faa	rumen__10674_0007_idba_bin.94.faa	ERZ1038024	webin-genome-10674_0007_idba_bin.94	10674_0007_idba_bin.94.fa.gz	filename	matched	1740	True	True	
rumen__10674_0007_idba_bin.97	rumen__10674_0007_idba_bin.97	rumen	rumen	Bacteria	10674_0007_idba_bin.97	data/blue_catalyst_poc/rumen/raw/10674_0007_idba_bin.97.fa.gz	10674_0007_idba_bin.97.fa.gz	data/blue_catalyst_poc/proteomes/rumen__10674_0007_idba_bin.97.faa	rumen__10674_0007_idba_bin.97.faa	ERZ1038025	webin-genome-10674_0007_idba_bin.97	10674_0007_idba_bin.97.fa.gz	filename	matched	1971	True	True	
rumen__10674_0008_idba_bin.10	rumen__10674_0008_idba_bin.10	rumen	rumen	Bacteria	10674_0008_idba_bin.10	data/blue_catalyst_poc/rumen/raw/10674_0008_idba_bin.10.fa.gz	10674_0008_idba_bin.10.fa.gz	data/blue_catalyst_poc/proteomes/rumen__10674_0008_idba_bin.10.faa	rumen__10674_0008_idba_bin.10.faa	ERZ1038026	webin-genome-10674_0008_idba_bin.10	10674_0008_idba_bin.10.fa.gz	filename	matched	569	True	True	
rumen__10674_0008_idba_bin.100	rumen__10674_0008_idba_bin.100	rumen	rumen	Bacteria	10674_0008_idba_bin.100	data/blue_catalyst_poc/rumen/raw/10674_0008_idba_bin.100.fa.gz	10674_0008_idba_bin.100.fa.gz	data/blue_catalyst_poc/proteomes/rumen__10674_0008_idba_bin.100.faa	rumen__10674_0008_idba_bin.100.faa	ERZ1038027	webin-genome-10674_0008_idba_bin.100	10674_0008_idba_bin.100.fa.gz	filename	matched	2274	True	True	
rumen__10674_0008_idba_bin.101	rumen__10674_0008_idba_bin.101	rumen	rumen	Bacteria	10674_0008_idba_bin.101	data/blue_catalyst_poc/rumen/raw/10674_0008_idba_bin.101.fa.gz	10674_0008_idba_bin.101.fa.gz	data/blue_catalyst_poc/proteomes/rumen__10674_0008_idba_bin.101.faa	rumen__10674_0008_idba_bin.101.faa	ERZ1038028	webin-genome-10674_0008_idba_bin.101	10674_0008_idba_bin.101.fa.gz	filename	matched	1676	True	True	
rumen__10674_0008_idba_bin.108	rumen__10674_0008_idba_bin.108	rumen	rumen	Bacteria	10674_0008_idba_bin.108	data/blue_catalyst_poc/rumen/raw/10674_0008_idba_bin.108.fa.gz	10674_0008_idba_bin.108.fa.gz	data/blue_catalyst_poc/proteomes/rumen__10674_0008_idba_bin.108.faa	rumen__10674_0008_idba_bin.108.faa	ERZ1038029	webin-genome-10674_0008_idba_bin.108	10674_0008_idba_bin.108.fa.gz	filename	matched	1550	True	True	
rumen__10674_0008_idba_bin.111	rumen__10674_0008_idba_bin.111	rumen	rumen	Bacteria	10674_0008_idba_bin.111	data/blue_catalyst_poc/rumen/raw/10674_0008_idba_bin.111.fa.gz	10674_0008_idba_bin.111.fa.gz	data/blue_catalyst_poc/proteomes/rumen__10674_0008_idba_bin.111.faa	rumen__10674_0008_idba_bin.111.faa	ERZ1038030	webin-genome-10674_0008_idba_bin.111	10674_0008_idba_bin.111.fa.gz	filename	matched	1217	True	True	
rumen__10674_0008_idba_bin.113	rumen__10674_0008_idba_bin.113	rumen	rumen	Bacteria	10674_0008_idba_bin.113	data/blue_catalyst_poc/rumen/raw/10674_0008_idba_bin.113.fa.gz	10674_0008_idba_bin.113.fa.gz	data/blue_catalyst_poc/proteomes/rumen__10674_0008_idba_bin.113.faa	rumen__10674_0008_idba_bin.113.faa	ERZ1038031	webin-genome-10674_0008_idba_bin.113	10674_0008_idba_bin.113.fa.gz	filename	matched	1876	True	True	
rumen__10674_0008_idba_bin.15	rumen__10674_0008_idba_bin.15	rumen	rumen	Bacteria	10674_0008_idba_bin.15	data/blue_catalyst_poc/rumen/raw/10674_0008_idba_bin.15.fa.gz	10674_0008_idba_bin.15.fa.gz	data/blue_catalyst_poc/proteomes/rumen__10674_0008_idba_bin.15.faa	rumen__10674_0008_idba_bin.15.faa	ERZ1038032	webin-genome-10674_0008_idba_bin.15	10674_0008_idba_bin.15.fa.gz	filename	matched	3046	True	True	
rumen__10674_0008_idba_bin.17	rumen__10674_0008_idba_bin.17	rumen	rumen	Bacteria	10674_0008_idba_bin.17	data/blue_catalyst_poc/rumen/raw/10674_0008_idba_bin.17.fa.gz	10674_0008_idba_bin.17.fa.gz	data/blue_catalyst_poc/proteomes/rumen__10674_0008_idba_bin.17.faa	rumen__10674_0008_idba_bin.17.faa	ERZ1038033	webin-genome-10674_0008_idba_bin.17	10674_0008_idba_bin.17.fa.gz	filename	matched	2252	True	True	
rumen__10674_0008_idba_bin.19	rumen__10674_0008_idba_bin.19	rumen	rumen	Bacteria	10674_0008_idba_bin.19	data/blue_catalyst_poc/rumen/raw/10674_0008_idba_bin.19.fa.gz	10674_0008_idba_bin.19.fa.gz	data/blue_catalyst_poc/proteomes/rumen__10674_0008_idba_bin.19.faa	rumen__10674_0008_idba_bin.19.faa	ERZ1038034	webin-genome-10674_0008_idba_bin.19	10674_0008_idba_bin.19.fa.gz	filename	matched	1400	True	True	
rumen__10674_0008_idba_bin.2	rumen__10674_0008_idba_bin.2	rumen	rumen	Bacteria	10674_0008_idba_bin.2	data/blue_catalyst_poc/rumen/raw/10674_0008_idba_bin.2.fa.gz	10674_0008_idba_bin.2.fa.gz	data/blue_catalyst_poc/proteomes/rumen__10674_0008_idba_bin.2.faa	rumen__10674_0008_idba_bin.2.faa	ERZ1038035	webin-genome-10674_0008_idba_bin.2	10674_0008_idba_bin.2.fa.gz	filename	matched	3254	True	True	
rumen__10674_0008_idba_bin.3	rumen__10674_0008_idba_bin.3	rumen	rumen	Bacteria	10674_0008_idba_bin.3	data/blue_catalyst_poc/rumen/raw/10674_0008_idba_bin.3.fa.gz	10674_0008_idba_bin.3.fa.gz	data/blue_catalyst_poc/proteomes/rumen__10674_0008_idba_bin.3.faa	rumen__10674_0008_idba_bin.3.faa	ERZ1038036	webin-genome-10674_0008_idba_bin.3	10674_0008_idba_bin.3.fa.gz	filename	matched	1635	True	True	
rumen__10674_0008_idba_bin.31	rumen__10674_0008_idba_bin.31	rumen	rumen	Bacteria	10674_0008_idba_bin.31	data/blue_catalyst_poc/rumen/raw/10674_0008_idba_bin.31.fa.gz	10674_0008_idba_bin.31.fa.gz	data/blue_catalyst_poc/proteomes/rumen__10674_0008_idba_bin.31.faa	rumen__10674_0008_idba_bin.31.faa	ERZ1038037	webin-genome-10674_0008_idba_bin.31	10674_0008_idba_bin.31.fa.gz	filename	matched	1681	True	True	
rumen__10674_0008_idba_bin.4	rumen__10674_0008_idba_bin.4	rumen	rumen	Bacteria	10674_0008_idba_bin.4	data/blue_catalyst_poc/rumen/raw/10674_0008_idba_bin.4.fa.gz	10674_0008_idba_bin.4.fa.gz	data/blue_catalyst_poc/proteomes/rumen__10674_0008_idba_bin.4.faa	rumen__10674_0008_idba_bin.4.faa	ERZ1038038	webin-genome-10674_0008_idba_bin.4	10674_0008_idba_bin.4.fa.gz	filename	matched	1948	True	True	
rumen__10674_0008_idba_bin.40	rumen__10674_0008_idba_bin.40	rumen	rumen	Bacteria	10674_0008_idba_bin.40	data/blue_catalyst_poc/rumen/raw/10674_0008_idba_bin.40.fa.gz	10674_0008_idba_bin.40.fa.gz	data/blue_catalyst_poc/proteomes/rumen__10674_0008_idba_bin.40.faa	rumen__10674_0008_idba_bin.40.faa	ERZ1038039	webin-genome-10674_0008_idba_bin.40	10674_0008_idba_bin.40.fa.gz	filename	matched	1332	True	True	
rumen__10674_0008_idba_bin.41	rumen__10674_0008_idba_bin.41	rumen	rumen	Bacteria	10674_0008_idba_bin.41	data/blue_catalyst_poc/rumen/raw/10674_0008_idba_bin.41.fa.gz	10674_0008_idba_bin.41.fa.gz	data/blue_catalyst_poc/proteomes/rumen__10674_0008_idba_bin.41.faa	rumen__10674_0008_idba_bin.41.faa	ERZ1038040	webin-genome-10674_0008_idba_bin.41	10674_0008_idba_bin.41.fa.gz	filename	matched	2029	True	True	
rumen__10674_0008_idba_bin.43	rumen__10674_0008_idba_bin.43	rumen	rumen	Bacteria	10674_0008_idba_bin.43	data/blue_catalyst_poc/rumen/raw/10674_0008_idba_bin.43.fa.gz	10674_0008_idba_bin.43.fa.gz	data/blue_catalyst_poc/proteomes/rumen__10674_0008_idba_bin.43.faa	rumen__10674_0008_idba_bin.43.faa	ERZ1038041	webin-genome-10674_0008_idba_bin.43	10674_0008_idba_bin.43.fa.gz	filename	matched	1766	True	True	
rumen__10674_0008_idba_bin.44	rumen__10674_0008_idba_bin.44	rumen	rumen	Bacteria	10674_0008_idba_bin.44	data/blue_catalyst_poc/rumen/raw/10674_0008_idba_bin.44.fa.gz	10674_0008_idba_bin.44.fa.gz	data/blue_catalyst_poc/proteomes/rumen__10674_0008_idba_bin.44.faa	rumen__10674_0008_idba_bin.44.faa	ERZ1038042	webin-genome-10674_0008_idba_bin.44	10674_0008_idba_bin.44.fa.gz	filename	matched	1468	True	True	
rumen__10674_0008_idba_bin.45	rumen__10674_0008_idba_bin.45	rumen	rumen	Bacteria	10674_0008_idba_bin.45	data/blue_catalyst_poc/rumen/raw/10674_0008_idba_bin.45.fa.gz	10674_0008_idba_bin.45.fa.gz	data/blue_catalyst_poc/proteomes/rumen__10674_0008_idba_bin.45.faa	rumen__10674_0008_idba_bin.45.faa	ERZ1038043	webin-genome-10674_0008_idba_bin.45	10674_0008_idba_bin.45.fa.gz	filename	matched	2094	True	True	
rumen__10674_0008_idba_bin.48	rumen__10674_0008_idba_bin.48	rumen	rumen	Bacteria	10674_0008_idba_bin.48	data/blue_catalyst_poc/rumen/raw/10674_0008_idba_bin.48.fa.gz	10674_0008_idba_bin.48.fa.gz	data/blue_catalyst_poc/proteomes/rumen__10674_0008_idba_bin.48.faa	rumen__10674_0008_idba_bin.48.faa	ERZ1038044	webin-genome-10674_0008_idba_bin.48	10674_0008_idba_bin.48.fa.gz	filename	matched	927	True	True	
rumen__10674_0008_idba_bin.50	rumen__10674_0008_idba_bin.50	rumen	rumen	Bacteria	10674_0008_idba_bin.50	data/blue_catalyst_poc/rumen/raw/10674_0008_idba_bin.50.fa.gz	10674_0008_idba_bin.50.fa.gz	data/blue_catalyst_poc/proteomes/rumen__10674_0008_idba_bin.50.faa	rumen__10674_0008_idba_bin.50.faa	ERZ1038045	webin-genome-10674_0008_idba_bin.50	10674_0008_idba_bin.50.fa.gz	filename	matched	1037	True	True	
rumen__10674_0008_idba_bin.52	rumen__10674_0008_idba_bin.52	rumen	rumen	Bacteria	10674_0008_idba_bin.52	data/blue_catalyst_poc/rumen/raw/10674_0008_idba_bin.52.fa.gz	10674_0008_idba_bin.52.fa.gz	data/blue_catalyst_poc/proteomes/rumen__10674_0008_idba_bin.52.faa	rumen__10674_0008_idba_bin.52.faa	ERZ1038046	webin-genome-10674_0008_idba_bin.52	10674_0008_idba_bin.52.fa.gz	filename	matched	2014	True	True	
rumen__10674_0008_idba_bin.54	rumen__10674_0008_idba_bin.54	rumen	rumen	Bacteria	10674_0008_idba_bin.54	data/blue_catalyst_poc/rumen/raw/10674_0008_idba_bin.54.fa.gz	10674_0008_idba_bin.54.fa.gz	data/blue_catalyst_poc/proteomes/rumen__10674_0008_idba_bin.54.faa	rumen__10674_0008_idba_bin.54.faa	ERZ1038047	webin-genome-10674_0008_idba_bin.54	10674_0008_idba_bin.54.fa.gz	filename	matched	2080	True	True	
rumen__10674_0008_idba_bin.59	rumen__10674_0008_idba_bin.59	rumen	rumen	Bacteria	10674_0008_idba_bin.59	data/blue_catalyst_poc/rumen/raw/10674_0008_idba_bin.59.fa.gz	10674_0008_idba_bin.59.fa.gz	data/blue_catalyst_poc/proteomes/rumen__10674_0008_idba_bin.59.faa	rumen__10674_0008_idba_bin.59.faa	ERZ1038048	webin-genome-10674_0008_idba_bin.59	10674_0008_idba_bin.59.fa.gz	filename	matched	1955	True	True	
rumen__10674_0008_idba_bin.60	rumen__10674_0008_idba_bin.60	rumen	rumen	Bacteria	10674_0008_idba_bin.60	data/blue_catalyst_poc/rumen/raw/10674_0008_idba_bin.60.fa.gz	10674_0008_idba_bin.60.fa.gz	data/blue_catalyst_poc/proteomes/rumen__10674_0008_idba_bin.60.faa	rumen__10674_0008_idba_bin.60.faa	ERZ1038049	webin-genome-10674_0008_idba_bin.60	10674_0008_idba_bin.60.fa.gz	filename	matched	2143	True	True	
rumen__10674_0008_idba_bin.66	rumen__10674_0008_idba_bin.66	rumen	rumen	Bacteria	10674_0008_idba_bin.66	data/blue_catalyst_poc/rumen/raw/10674_0008_idba_bin.66.fa.gz	10674_0008_idba_bin.66.fa.gz	data/blue_catalyst_poc/proteomes/rumen__10674_0008_idba_bin.66.faa	rumen__10674_0008_idba_bin.66.faa	ERZ1038050	webin-genome-10674_0008_idba_bin.66	10674_0008_idba_bin.66.fa.gz	filename	matched	1770	True	True	
rumen__10674_0008_idba_bin.67	rumen__10674_0008_idba_bin.67	rumen	rumen	Archaea	10674_0008_idba_bin.67	data/blue_catalyst_poc/rumen/raw/10674_0008_idba_bin.67.fa.gz	10674_0008_idba_bin.67.fa.gz	data/blue_catalyst_poc/proteomes/rumen__10674_0008_idba_bin.67.faa	rumen__10674_0008_idba_bin.67.faa	ERZ1038051	webin-genome-10674_0008_idba_bin.67	10674_0008_idba_bin.67.fa.gz	filename	matched	2109	True	True	
rumen__10674_0008_idba_bin.68	rumen__10674_0008_idba_bin.68	rumen	rumen	Bacteria	10674_0008_idba_bin.68	data/blue_catalyst_poc/rumen/raw/10674_0008_idba_bin.68.fa.gz	10674_0008_idba_bin.68.fa.gz	data/blue_catalyst_poc/proteomes/rumen__10674_0008_idba_bin.68.faa	rumen__10674_0008_idba_bin.68.faa	ERZ1038052	webin-genome-10674_0008_idba_bin.68	10674_0008_idba_bin.68.fa.gz	filename	matched	1621	True	True	
rumen__10674_0008_idba_bin.78	rumen__10674_0008_idba_bin.78	rumen	rumen	Bacteria	10674_0008_idba_bin.78	data/blue_catalyst_poc/rumen/raw/10674_0008_idba_bin.78.fa.gz	10674_0008_idba_bin.78.fa.gz	data/blue_catalyst_poc/proteomes/rumen__10674_0008_idba_bin.78.faa	rumen__10674_0008_idba_bin.78.faa	ERZ1038053	webin-genome-10674_0008_idba_bin.78	10674_0008_idba_bin.78.fa.gz	filename	matched	715	True	True	
rumen__10674_0008_idba_bin.79	rumen__10674_0008_idba_bin.79	rumen	rumen	Bacteria	10674_0008_idba_bin.79	data/blue_catalyst_poc/rumen/raw/10674_0008_idba_bin.79.fa.gz	10674_0008_idba_bin.79.fa.gz	data/blue_catalyst_poc/proteomes/rumen__10674_0008_idba_bin.79.faa	rumen__10674_0008_idba_bin.79.faa	ERZ1038054	webin-genome-10674_0008_idba_bin.79	10674_0008_idba_bin.79.fa.gz	filename	matched	1867	True	True	
rumen__10674_0008_idba_bin.81	rumen__10674_0008_idba_bin.81	rumen	rumen	Bacteria	10674_0008_idba_bin.81	data/blue_catalyst_poc/rumen/raw/10674_0008_idba_bin.81.fa.gz	10674_0008_idba_bin.81.fa.gz	data/blue_catalyst_poc/proteomes/rumen__10674_0008_idba_bin.81.faa	rumen__10674_0008_idba_bin.81.faa	ERZ1038055	webin-genome-10674_0008_idba_bin.81	10674_0008_idba_bin.81.fa.gz	filename	matched	1360	True	True	
rumen__10674_0008_idba_bin.82	rumen__10674_0008_idba_bin.82	rumen	rumen	Archaea	10674_0008_idba_bin.82	data/blue_catalyst_poc/rumen/raw/10674_0008_idba_bin.82.fa.gz	10674_0008_idba_bin.82.fa.gz	data/blue_catalyst_poc/proteomes/rumen__10674_0008_idba_bin.82.faa	rumen__10674_0008_idba_bin.82.faa	ERZ1038056	webin-genome-10674_0008_idba_bin.82	10674_0008_idba_bin.82.fa.gz	filename	matched	2186	True	True	
rumen__10674_0008_idba_bin.87	rumen__10674_0008_idba_bin.87	rumen	rumen	Bacteria	10674_0008_idba_bin.87	data/blue_catalyst_poc/rumen/raw/10674_0008_idba_bin.87.fa.gz	10674_0008_idba_bin.87.fa.gz	data/blue_catalyst_poc/proteomes/rumen__10674_0008_idba_bin.87.faa	rumen__10674_0008_idba_bin.87.faa	ERZ1038057	webin-genome-10674_0008_idba_bin.87	10674_0008_idba_bin.87.fa.gz	filename	matched	2436	True	True	
rumen__10674_0008_idba_bin.95	rumen__10674_0008_idba_bin.95	rumen	rumen	Bacteria	10674_0008_idba_bin.95	data/blue_catalyst_poc/rumen/raw/10674_0008_idba_bin.95.fa.gz	10674_0008_idba_bin.95.fa.gz	data/blue_catalyst_poc/proteomes/rumen__10674_0008_idba_bin.95.faa	rumen__10674_0008_idba_bin.95.faa	ERZ1038058	webin-genome-10674_0008_idba_bin.95	10674_0008_idba_bin.95.fa.gz	filename	matched	1794	True	True	
rumen__10674_0008_idba_bin.97	rumen__10674_0008_idba_bin.97	rumen	rumen	Bacteria	10674_0008_idba_bin.97	data/blue_catalyst_poc/rumen/raw/10674_0008_idba_bin.97.fa.gz	10674_0008_idba_bin.97.fa.gz	data/blue_catalyst_poc/proteomes/rumen__10674_0008_idba_bin.97.faa	rumen__10674_0008_idba_bin.97.faa	ERZ1038059	webin-genome-10674_0008_idba_bin.97	10674_0008_idba_bin.97.fa.gz	filename	matched	2008	True	True	
rumen__10674_0008_idba_bin.99	rumen__10674_0008_idba_bin.99	rumen	rumen	Bacteria	10674_0008_idba_bin.99	data/blue_catalyst_poc/rumen/raw/10674_0008_idba_bin.99.fa.gz	10674_0008_idba_bin.99.fa.gz	data/blue_catalyst_poc/proteomes/rumen__10674_0008_idba_bin.99.faa	rumen__10674_0008_idba_bin.99.faa	ERZ1038060	webin-genome-10674_0008_idba_bin.99	10674_0008_idba_bin.99.fa.gz	filename	matched	1626	True	True	
rumen__10674_0009_idba_bin.1	rumen__10674_0009_idba_bin.1	rumen	rumen	Bacteria	10674_0009_idba_bin.1	data/blue_catalyst_poc/rumen/raw/10674_0009_idba_bin.1.fa.gz	10674_0009_idba_bin.1.fa.gz	data/blue_catalyst_poc/proteomes/rumen__10674_0009_idba_bin.1.faa	rumen__10674_0009_idba_bin.1.faa	ERZ1038061	webin-genome-10674_0009_idba_bin.1	10674_0009_idba_bin.1.fa.gz	filename	matched	1671	True	True	
rumen__10674_0009_idba_bin.10	rumen__10674_0009_idba_bin.10	rumen	rumen	Bacteria	10674_0009_idba_bin.10	data/blue_catalyst_poc/rumen/raw/10674_0009_idba_bin.10.fa.gz	10674_0009_idba_bin.10.fa.gz	data/blue_catalyst_poc/proteomes/rumen__10674_0009_idba_bin.10.faa	rumen__10674_0009_idba_bin.10.faa	ERZ1038062	webin-genome-10674_0009_idba_bin.10	10674_0009_idba_bin.10.fa.gz	filename	matched	2496	True	True	
rumen__10674_0009_idba_bin.101	rumen__10674_0009_idba_bin.101	rumen	rumen	Bacteria	10674_0009_idba_bin.101	data/blue_catalyst_poc/rumen/raw/10674_0009_idba_bin.101.fa.gz	10674_0009_idba_bin.101.fa.gz	data/blue_catalyst_poc/proteomes/rumen__10674_0009_idba_bin.101.faa	rumen__10674_0009_idba_bin.101.faa	ERZ1038063	webin-genome-10674_0009_idba_bin.101	10674_0009_idba_bin.101.fa.gz	filename	matched	1853	True	True	
rumen__10674_0009_idba_bin.104	rumen__10674_0009_idba_bin.104	rumen	rumen	Bacteria	10674_0009_idba_bin.104	data/blue_catalyst_poc/rumen/raw/10674_0009_idba_bin.104.fa.gz	10674_0009_idba_bin.104.fa.gz	data/blue_catalyst_poc/proteomes/rumen__10674_0009_idba_bin.104.faa	rumen__10674_0009_idba_bin.104.faa	ERZ1038064	webin-genome-10674_0009_idba_bin.104	10674_0009_idba_bin.104.fa.gz	filename	matched	1916	True	True	
rumen__10674_0009_idba_bin.108	rumen__10674_0009_idba_bin.108	rumen	rumen	Bacteria	10674_0009_idba_bin.108	data/blue_catalyst_poc/rumen/raw/10674_0009_idba_bin.108.fa.gz	10674_0009_idba_bin.108.fa.gz	data/blue_catalyst_poc/proteomes/rumen__10674_0009_idba_bin.108.faa	rumen__10674_0009_idba_bin.108.faa	ERZ1038065	webin-genome-10674_0009_idba_bin.108	10674_0009_idba_bin.108.fa.gz	filename	matched	1767	True	True	
rumen__10674_0009_idba_bin.11	rumen__10674_0009_idba_bin.11	rumen	rumen	Bacteria	10674_0009_idba_bin.11	data/blue_catalyst_poc/rumen/raw/10674_0009_idba_bin.11.fa.gz	10674_0009_idba_bin.11.fa.gz	data/blue_catalyst_poc/proteomes/rumen__10674_0009_idba_bin.11.faa	rumen__10674_0009_idba_bin.11.faa	ERZ1038066	webin-genome-10674_0009_idba_bin.11	10674_0009_idba_bin.11.fa.gz	filename	matched	2029	True	True	
rumen__10674_0009_idba_bin.110	rumen__10674_0009_idba_bin.110	rumen	rumen	Bacteria	10674_0009_idba_bin.110	data/blue_catalyst_poc/rumen/raw/10674_0009_idba_bin.110.fa.gz	10674_0009_idba_bin.110.fa.gz	data/blue_catalyst_poc/proteomes/rumen__10674_0009_idba_bin.110.faa	rumen__10674_0009_idba_bin.110.faa	ERZ1038067	webin-genome-10674_0009_idba_bin.110	10674_0009_idba_bin.110.fa.gz	filename	matched	1556	True	True	
rumen__10674_0009_idba_bin.111	rumen__10674_0009_idba_bin.111	rumen	rumen	Bacteria	10674_0009_idba_bin.111	data/blue_catalyst_poc/rumen/raw/10674_0009_idba_bin.111.fa.gz	10674_0009_idba_bin.111.fa.gz	data/blue_catalyst_poc/proteomes/rumen__10674_0009_idba_bin.111.faa	rumen__10674_0009_idba_bin.111.faa	ERZ1038068	webin-genome-10674_0009_idba_bin.111	10674_0009_idba_bin.111.fa.gz	filename	matched	1695	True	True	
rumen__10674_0009_idba_bin.113	rumen__10674_0009_idba_bin.113	rumen	rumen	Bacteria	10674_0009_idba_bin.113	data/blue_catalyst_poc/rumen/raw/10674_0009_idba_bin.113.fa.gz	10674_0009_idba_bin.113.fa.gz	data/blue_catalyst_poc/proteomes/rumen__10674_0009_idba_bin.113.faa	rumen__10674_0009_idba_bin.113.faa	ERZ1038069	webin-genome-10674_0009_idba_bin.113	10674_0009_idba_bin.113.fa.gz	filename	matched	1556	True	True	
rumen__10674_0009_idba_bin.114	rumen__10674_0009_idba_bin.114	rumen	rumen	Bacteria	10674_0009_idba_bin.114	data/blue_catalyst_poc/rumen/raw/10674_0009_idba_bin.114.fa.gz	10674_0009_idba_bin.114.fa.gz	data/blue_catalyst_poc/proteomes/rumen__10674_0009_idba_bin.114.faa	rumen__10674_0009_idba_bin.114.faa	ERZ1038070	webin-genome-10674_0009_idba_bin.114	10674_0009_idba_bin.114.fa.gz	filename	matched	1894	True	True	
rumen__10674_0009_idba_bin.115	rumen__10674_0009_idba_bin.115	rumen	rumen	Bacteria	10674_0009_idba_bin.115	data/blue_catalyst_poc/rumen/raw/10674_0009_idba_bin.115.fa.gz	10674_0009_idba_bin.115.fa.gz	data/blue_catalyst_poc/proteomes/rumen__10674_0009_idba_bin.115.faa	rumen__10674_0009_idba_bin.115.faa	ERZ1038071	webin-genome-10674_0009_idba_bin.115	10674_0009_idba_bin.115.fa.gz	filename	matched	1406	True	True	
rumen__10674_0009_idba_bin.117	rumen__10674_0009_idba_bin.117	rumen	rumen	Bacteria	10674_0009_idba_bin.117	data/blue_catalyst_poc/rumen/raw/10674_0009_idba_bin.117.fa.gz	10674_0009_idba_bin.117.fa.gz	data/blue_catalyst_poc/proteomes/rumen__10674_0009_idba_bin.117.faa	rumen__10674_0009_idba_bin.117.faa	ERZ1038072	webin-genome-10674_0009_idba_bin.117	10674_0009_idba_bin.117.fa.gz	filename	matched	2355	True	True	
rumen__10674_0009_idba_bin.118	rumen__10674_0009_idba_bin.118	rumen	rumen	Bacteria	10674_0009_idba_bin.118	data/blue_catalyst_poc/rumen/raw/10674_0009_idba_bin.118.fa.gz	10674_0009_idba_bin.118.fa.gz	data/blue_catalyst_poc/proteomes/rumen__10674_0009_idba_bin.118.faa	rumen__10674_0009_idba_bin.118.faa	ERZ1038073	webin-genome-10674_0009_idba_bin.118	10674_0009_idba_bin.118.fa.gz	filename	matched	2634	True	True	
rumen__10674_0009_idba_bin.12	rumen__10674_0009_idba_bin.12	rumen	rumen	Bacteria	10674_0009_idba_bin.12	data/blue_catalyst_poc/rumen/raw/10674_0009_idba_bin.12.fa.gz	10674_0009_idba_bin.12.fa.gz	data/blue_catalyst_poc/proteomes/rumen__10674_0009_idba_bin.12.faa	rumen__10674_0009_idba_bin.12.faa	ERZ1038074	webin-genome-10674_0009_idba_bin.12	10674_0009_idba_bin.12.fa.gz	filename	matched	2861	True	True	
rumen__10674_0009_idba_bin.122	rumen__10674_0009_idba_bin.122	rumen	rumen	Bacteria	10674_0009_idba_bin.122	data/blue_catalyst_poc/rumen/raw/10674_0009_idba_bin.122.fa.gz	10674_0009_idba_bin.122.fa.gz	data/blue_catalyst_poc/proteomes/rumen__10674_0009_idba_bin.122.faa	rumen__10674_0009_idba_bin.122.faa	ERZ1038075	webin-genome-10674_0009_idba_bin.122	10674_0009_idba_bin.122.fa.gz	filename	matched	1583	True	True	
rumen__10674_0009_idba_bin.123	rumen__10674_0009_idba_bin.123	rumen	rumen	Bacteria	10674_0009_idba_bin.123	data/blue_catalyst_poc/rumen/raw/10674_0009_idba_bin.123.fa.gz	10674_0009_idba_bin.123.fa.gz	data/blue_catalyst_poc/proteomes/rumen__10674_0009_idba_bin.123.faa	rumen__10674_0009_idba_bin.123.faa	ERZ1038076	webin-genome-10674_0009_idba_bin.123	10674_0009_idba_bin.123.fa.gz	filename	matched	1930	True	True	
rumen__10674_0009_idba_bin.126	rumen__10674_0009_idba_bin.126	rumen	rumen	Bacteria	10674_0009_idba_bin.126	data/blue_catalyst_poc/rumen/raw/10674_0009_idba_bin.126.fa.gz	10674_0009_idba_bin.126.fa.gz	data/blue_catalyst_poc/proteomes/rumen__10674_0009_idba_bin.126.faa	rumen__10674_0009_idba_bin.126.faa	ERZ1038077	webin-genome-10674_0009_idba_bin.126	10674_0009_idba_bin.126.fa.gz	filename	matched	1703	True	True	
rumen__10674_0009_idba_bin.133	rumen__10674_0009_idba_bin.133	rumen	rumen	Bacteria	10674_0009_idba_bin.133	data/blue_catalyst_poc/rumen/raw/10674_0009_idba_bin.133.fa.gz	10674_0009_idba_bin.133.fa.gz	data/blue_catalyst_poc/proteomes/rumen__10674_0009_idba_bin.133.faa	rumen__10674_0009_idba_bin.133.faa	ERZ1038078	webin-genome-10674_0009_idba_bin.133	10674_0009_idba_bin.133.fa.gz	filename	matched	2001	True	True	
rumen__10674_0009_idba_bin.136	rumen__10674_0009_idba_bin.136	rumen	rumen	Bacteria	10674_0009_idba_bin.136	data/blue_catalyst_poc/rumen/raw/10674_0009_idba_bin.136.fa.gz	10674_0009_idba_bin.136.fa.gz	data/blue_catalyst_poc/proteomes/rumen__10674_0009_idba_bin.136.faa	rumen__10674_0009_idba_bin.136.faa	ERZ1038079	webin-genome-10674_0009_idba_bin.136	10674_0009_idba_bin.136.fa.gz	filename	matched	1952	True	True	
rumen__10674_0009_idba_bin.138	rumen__10674_0009_idba_bin.138	rumen	rumen	Bacteria	10674_0009_idba_bin.138	data/blue_catalyst_poc/rumen/raw/10674_0009_idba_bin.138.fa.gz	10674_0009_idba_bin.138.fa.gz	data/blue_catalyst_poc/proteomes/rumen__10674_0009_idba_bin.138.faa	rumen__10674_0009_idba_bin.138.faa	ERZ1038080	webin-genome-10674_0009_idba_bin.138	10674_0009_idba_bin.138.fa.gz	filename	matched	2348	True	True	
rumen__10674_0009_idba_bin.139	rumen__10674_0009_idba_bin.139	rumen	rumen	Bacteria	10674_0009_idba_bin.139	data/blue_catalyst_poc/rumen/raw/10674_0009_idba_bin.139.fa.gz	10674_0009_idba_bin.139.fa.gz	data/blue_catalyst_poc/proteomes/rumen__10674_0009_idba_bin.139.faa	rumen__10674_0009_idba_bin.139.faa	ERZ1038081	webin-genome-10674_0009_idba_bin.139	10674_0009_idba_bin.139.fa.gz	filename	matched	1982	True	True	
rumen__10674_0009_idba_bin.14	rumen__10674_0009_idba_bin.14	rumen	rumen	Bacteria	10674_0009_idba_bin.14	data/blue_catalyst_poc/rumen/raw/10674_0009_idba_bin.14.fa.gz	10674_0009_idba_bin.14.fa.gz	data/blue_catalyst_poc/proteomes/rumen__10674_0009_idba_bin.14.faa	rumen__10674_0009_idba_bin.14.faa	ERZ1038082	webin-genome-10674_0009_idba_bin.14	10674_0009_idba_bin.14.fa.gz	filename	matched	2087	True	True	
rumen__10674_0009_idba_bin.142	rumen__10674_0009_idba_bin.142	rumen	rumen	Bacteria	10674_0009_idba_bin.142	data/blue_catalyst_poc/rumen/raw/10674_0009_idba_bin.142.fa.gz	10674_0009_idba_bin.142.fa.gz	data/blue_catalyst_poc/proteomes/rumen__10674_0009_idba_bin.142.faa	rumen__10674_0009_idba_bin.142.faa	ERZ1038083	webin-genome-10674_0009_idba_bin.142	10674_0009_idba_bin.142.fa.gz	filename	matched	1969	True	True	
rumen__10674_0009_idba_bin.144	rumen__10674_0009_idba_bin.144	rumen	rumen	Bacteria	10674_0009_idba_bin.144	data/blue_catalyst_poc/rumen/raw/10674_0009_idba_bin.144.fa.gz	10674_0009_idba_bin.144.fa.gz	data/blue_catalyst_poc/proteomes/rumen__10674_0009_idba_bin.144.faa	rumen__10674_0009_idba_bin.144.faa	ERZ1038084	webin-genome-10674_0009_idba_bin.144	10674_0009_idba_bin.144.fa.gz	filename	matched	1656	True	True	
rumen__10674_0009_idba_bin.146	rumen__10674_0009_idba_bin.146	rumen	rumen	Bacteria	10674_0009_idba_bin.146	data/blue_catalyst_poc/rumen/raw/10674_0009_idba_bin.146.fa.gz	10674_0009_idba_bin.146.fa.gz	data/blue_catalyst_poc/proteomes/rumen__10674_0009_idba_bin.146.faa	rumen__10674_0009_idba_bin.146.faa	ERZ1038085	webin-genome-10674_0009_idba_bin.146	10674_0009_idba_bin.146.fa.gz	filename	matched	1730	True	True	
rumen__10674_0009_idba_bin.148	rumen__10674_0009_idba_bin.148	rumen	rumen	Bacteria	10674_0009_idba_bin.148	data/blue_catalyst_poc/rumen/raw/10674_0009_idba_bin.148.fa.gz	10674_0009_idba_bin.148.fa.gz	data/blue_catalyst_poc/proteomes/rumen__10674_0009_idba_bin.148.faa	rumen__10674_0009_idba_bin.148.faa	ERZ1038086	webin-genome-10674_0009_idba_bin.148	10674_0009_idba_bin.148.fa.gz	filename	matched	1924	True	True	
rumen__10674_0009_idba_bin.149	rumen__10674_0009_idba_bin.149	rumen	rumen	Bacteria	10674_0009_idba_bin.149	data/blue_catalyst_poc/rumen/raw/10674_0009_idba_bin.149.fa.gz	10674_0009_idba_bin.149.fa.gz	data/blue_catalyst_poc/proteomes/rumen__10674_0009_idba_bin.149.faa	rumen__10674_0009_idba_bin.149.faa	ERZ1038087	webin-genome-10674_0009_idba_bin.149	10674_0009_idba_bin.149.fa.gz	filename	matched	710	True	True	
rumen__10674_0009_idba_bin.15	rumen__10674_0009_idba_bin.15	rumen	rumen	Bacteria	10674_0009_idba_bin.15	data/blue_catalyst_poc/rumen/raw/10674_0009_idba_bin.15.fa.gz	10674_0009_idba_bin.15.fa.gz	data/blue_catalyst_poc/proteomes/rumen__10674_0009_idba_bin.15.faa	rumen__10674_0009_idba_bin.15.faa	ERZ1038088	webin-genome-10674_0009_idba_bin.15	10674_0009_idba_bin.15.fa.gz	filename	matched	1558	True	True	
rumen__10674_0009_idba_bin.151	rumen__10674_0009_idba_bin.151	rumen	rumen	Bacteria	10674_0009_idba_bin.151	data/blue_catalyst_poc/rumen/raw/10674_0009_idba_bin.151.fa.gz	10674_0009_idba_bin.151.fa.gz	data/blue_catalyst_poc/proteomes/rumen__10674_0009_idba_bin.151.faa	rumen__10674_0009_idba_bin.151.faa	ERZ1038089	webin-genome-10674_0009_idba_bin.151	10674_0009_idba_bin.151.fa.gz	filename	matched	2315	True	True	
rumen__10674_0009_idba_bin.153	rumen__10674_0009_idba_bin.153	rumen	rumen	Bacteria	10674_0009_idba_bin.153	data/blue_catalyst_poc/rumen/raw/10674_0009_idba_bin.153.fa.gz	10674_0009_idba_bin.153.fa.gz	data/blue_catalyst_poc/proteomes/rumen__10674_0009_idba_bin.153.faa	rumen__10674_0009_idba_bin.153.faa	ERZ1038090	webin-genome-10674_0009_idba_bin.153	10674_0009_idba_bin.153.fa.gz	filename	matched	1659	True	True	
rumen__10674_0009_idba_bin.157	rumen__10674_0009_idba_bin.157	rumen	rumen	Bacteria	10674_0009_idba_bin.157	data/blue_catalyst_poc/rumen/raw/10674_0009_idba_bin.157.fa.gz	10674_0009_idba_bin.157.fa.gz	data/blue_catalyst_poc/proteomes/rumen__10674_0009_idba_bin.157.faa	rumen__10674_0009_idba_bin.157.faa	ERZ1038091	webin-genome-10674_0009_idba_bin.157	10674_0009_idba_bin.157.fa.gz	filename	matched	1735	True	True	
rumen__10674_0009_idba_bin.158	rumen__10674_0009_idba_bin.158	rumen	rumen	Bacteria	10674_0009_idba_bin.158	data/blue_catalyst_poc/rumen/raw/10674_0009_idba_bin.158.fa.gz	10674_0009_idba_bin.158.fa.gz	data/blue_catalyst_poc/proteomes/rumen__10674_0009_idba_bin.158.faa	rumen__10674_0009_idba_bin.158.faa	ERZ1038092	webin-genome-10674_0009_idba_bin.158	10674_0009_idba_bin.158.fa.gz	filename	matched	1742	True	True	
rumen__10674_0009_idba_bin.159	rumen__10674_0009_idba_bin.159	rumen	rumen	Bacteria	10674_0009_idba_bin.159	data/blue_catalyst_poc/rumen/raw/10674_0009_idba_bin.159.fa.gz	10674_0009_idba_bin.159.fa.gz	data/blue_catalyst_poc/proteomes/rumen__10674_0009_idba_bin.159.faa	rumen__10674_0009_idba_bin.159.faa	ERZ1038093	webin-genome-10674_0009_idba_bin.159	10674_0009_idba_bin.159.fa.gz	filename	matched	1556	True	True	
rumen__10674_0009_idba_bin.161	rumen__10674_0009_idba_bin.161	rumen	rumen	Bacteria	10674_0009_idba_bin.161	data/blue_catalyst_poc/rumen/raw/10674_0009_idba_bin.161.fa.gz	10674_0009_idba_bin.161.fa.gz	data/blue_catalyst_poc/proteomes/rumen__10674_0009_idba_bin.161.faa	rumen__10674_0009_idba_bin.161.faa	ERZ1038094	webin-genome-10674_0009_idba_bin.161	10674_0009_idba_bin.161.fa.gz	filename	matched	1955	True	True	
rumen__10674_0009_idba_bin.162	rumen__10674_0009_idba_bin.162	rumen	rumen	Bacteria	10674_0009_idba_bin.162	data/blue_catalyst_poc/rumen/raw/10674_0009_idba_bin.162.fa.gz	10674_0009_idba_bin.162.fa.gz	data/blue_catalyst_poc/proteomes/rumen__10674_0009_idba_bin.162.faa	rumen__10674_0009_idba_bin.162.faa	ERZ1038095	webin-genome-10674_0009_idba_bin.162	10674_0009_idba_bin.162.fa.gz	filename	matched	2152	True	True	
rumen__10674_0009_idba_bin.163	rumen__10674_0009_idba_bin.163	rumen	rumen	Bacteria	10674_0009_idba_bin.163	data/blue_catalyst_poc/rumen/raw/10674_0009_idba_bin.163.fa.gz	10674_0009_idba_bin.163.fa.gz	data/blue_catalyst_poc/proteomes/rumen__10674_0009_idba_bin.163.faa	rumen__10674_0009_idba_bin.163.faa	ERZ1038096	webin-genome-10674_0009_idba_bin.163	10674_0009_idba_bin.163.fa.gz	filename	matched	1722	True	True	
rumen__10674_0009_idba_bin.165	rumen__10674_0009_idba_bin.165	rumen	rumen	Bacteria	10674_0009_idba_bin.165	data/blue_catalyst_poc/rumen/raw/10674_0009_idba_bin.165.fa.gz	10674_0009_idba_bin.165.fa.gz	data/blue_catalyst_poc/proteomes/rumen__10674_0009_idba_bin.165.faa	rumen__10674_0009_idba_bin.165.faa	ERZ1038097	webin-genome-10674_0009_idba_bin.165	10674_0009_idba_bin.165.fa.gz	filename	matched	1547	True	True	
rumen__10674_0009_idba_bin.168	rumen__10674_0009_idba_bin.168	rumen	rumen	Bacteria	10674_0009_idba_bin.168	data/blue_catalyst_poc/rumen/raw/10674_0009_idba_bin.168.fa.gz	10674_0009_idba_bin.168.fa.gz	data/blue_catalyst_poc/proteomes/rumen__10674_0009_idba_bin.168.faa	rumen__10674_0009_idba_bin.168.faa	ERZ1038098	webin-genome-10674_0009_idba_bin.168	10674_0009_idba_bin.168.fa.gz	filename	matched	1902	True	True	
rumen__10674_0009_idba_bin.169	rumen__10674_0009_idba_bin.169	rumen	rumen	Bacteria	10674_0009_idba_bin.169	data/blue_catalyst_poc/rumen/raw/10674_0009_idba_bin.169.fa.gz	10674_0009_idba_bin.169.fa.gz	data/blue_catalyst_poc/proteomes/rumen__10674_0009_idba_bin.169.faa	rumen__10674_0009_idba_bin.169.faa	ERZ1038099	webin-genome-10674_0009_idba_bin.169	10674_0009_idba_bin.169.fa.gz	filename	matched	1456	True	True	
rumen__10674_0009_idba_bin.171	rumen__10674_0009_idba_bin.171	rumen	rumen	Bacteria	10674_0009_idba_bin.171	data/blue_catalyst_poc/rumen/raw/10674_0009_idba_bin.171.fa.gz	10674_0009_idba_bin.171.fa.gz	data/blue_catalyst_poc/proteomes/rumen__10674_0009_idba_bin.171.faa	rumen__10674_0009_idba_bin.171.faa	ERZ1038100	webin-genome-10674_0009_idba_bin.171	10674_0009_idba_bin.171.fa.gz	filename	matched	2291	True	True	
rumen__10674_0009_idba_bin.172	rumen__10674_0009_idba_bin.172	rumen	rumen	Bacteria	10674_0009_idba_bin.172	data/blue_catalyst_poc/rumen/raw/10674_0009_idba_bin.172.fa.gz	10674_0009_idba_bin.172.fa.gz	data/blue_catalyst_poc/proteomes/rumen__10674_0009_idba_bin.172.faa	rumen__10674_0009_idba_bin.172.faa	ERZ1038101	webin-genome-10674_0009_idba_bin.172	10674_0009_idba_bin.172.fa.gz	filename	matched	3374	True	True	
rumen__10674_0009_idba_bin.18	rumen__10674_0009_idba_bin.18	rumen	rumen	Bacteria	10674_0009_idba_bin.18	data/blue_catalyst_poc/rumen/raw/10674_0009_idba_bin.18.fa.gz	10674_0009_idba_bin.18.fa.gz	data/blue_catalyst_poc/proteomes/rumen__10674_0009_idba_bin.18.faa	rumen__10674_0009_idba_bin.18.faa	ERZ1038102	webin-genome-10674_0009_idba_bin.18	10674_0009_idba_bin.18.fa.gz	filename	matched	2917	True	True	
rumen__10674_0009_idba_bin.181	rumen__10674_0009_idba_bin.181	rumen	rumen	Bacteria	10674_0009_idba_bin.181	data/blue_catalyst_poc/rumen/raw/10674_0009_idba_bin.181.fa.gz	10674_0009_idba_bin.181.fa.gz	data/blue_catalyst_poc/proteomes/rumen__10674_0009_idba_bin.181.faa	rumen__10674_0009_idba_bin.181.faa	ERZ1038103	webin-genome-10674_0009_idba_bin.181	10674_0009_idba_bin.181.fa.gz	filename	matched	2556	True	True	
rumen__10674_0009_idba_bin.182	rumen__10674_0009_idba_bin.182	rumen	rumen	Bacteria	10674_0009_idba_bin.182	data/blue_catalyst_poc/rumen/raw/10674_0009_idba_bin.182.fa.gz	10674_0009_idba_bin.182.fa.gz	data/blue_catalyst_poc/proteomes/rumen__10674_0009_idba_bin.182.faa	rumen__10674_0009_idba_bin.182.faa	ERZ1038104	webin-genome-10674_0009_idba_bin.182	10674_0009_idba_bin.182.fa.gz	filename	matched	3254	True	True	
rumen__10674_0009_idba_bin.183	rumen__10674_0009_idba_bin.183	rumen	rumen	Bacteria	10674_0009_idba_bin.183	data/blue_catalyst_poc/rumen/raw/10674_0009_idba_bin.183.fa.gz	10674_0009_idba_bin.183.fa.gz	data/blue_catalyst_poc/proteomes/rumen__10674_0009_idba_bin.183.faa	rumen__10674_0009_idba_bin.183.faa	ERZ1038105	webin-genome-10674_0009_idba_bin.183	10674_0009_idba_bin.183.fa.gz	filename	matched	2382	True	True	
rumen__10674_0009_idba_bin.184	rumen__10674_0009_idba_bin.184	rumen	rumen	Bacteria	10674_0009_idba_bin.184	data/blue_catalyst_poc/rumen/raw/10674_0009_idba_bin.184.fa.gz	10674_0009_idba_bin.184.fa.gz	data/blue_catalyst_poc/proteomes/rumen__10674_0009_idba_bin.184.faa	rumen__10674_0009_idba_bin.184.faa	ERZ1038106	webin-genome-10674_0009_idba_bin.184	10674_0009_idba_bin.184.fa.gz	filename	matched	2262	True	True	
rumen__10674_0009_idba_bin.185	rumen__10674_0009_idba_bin.185	rumen	rumen	Bacteria	10674_0009_idba_bin.185	data/blue_catalyst_poc/rumen/raw/10674_0009_idba_bin.185.fa.gz	10674_0009_idba_bin.185.fa.gz	data/blue_catalyst_poc/proteomes/rumen__10674_0009_idba_bin.185.faa	rumen__10674_0009_idba_bin.185.faa	ERZ1038107	webin-genome-10674_0009_idba_bin.185	10674_0009_idba_bin.185.fa.gz	filename	matched	1891	True	True	
rumen__10674_0009_idba_bin.187	rumen__10674_0009_idba_bin.187	rumen	rumen	Bacteria	10674_0009_idba_bin.187	data/blue_catalyst_poc/rumen/raw/10674_0009_idba_bin.187.fa.gz	10674_0009_idba_bin.187.fa.gz	data/blue_catalyst_poc/proteomes/rumen__10674_0009_idba_bin.187.faa	rumen__10674_0009_idba_bin.187.faa	ERZ1038108	webin-genome-10674_0009_idba_bin.187	10674_0009_idba_bin.187.fa.gz	filename	matched	2232	True	True	
rumen__10674_0009_idba_bin.189	rumen__10674_0009_idba_bin.189	rumen	rumen	Bacteria	10674_0009_idba_bin.189	data/blue_catalyst_poc/rumen/raw/10674_0009_idba_bin.189.fa.gz	10674_0009_idba_bin.189.fa.gz	data/blue_catalyst_poc/proteomes/rumen__10674_0009_idba_bin.189.faa	rumen__10674_0009_idba_bin.189.faa	ERZ1038109	webin-genome-10674_0009_idba_bin.189	10674_0009_idba_bin.189.fa.gz	filename	matched	1874	True	True	
rumen__10676_0040_idba_bin.58	rumen__10676_0040_idba_bin.58	rumen	rumen	Bacteria	10676_0040_idba_bin.58	data/blue_catalyst_poc/rumen/raw/10676_0040_idba_bin.58.fa.gz	10676_0040_idba_bin.58.fa.gz	data/blue_catalyst_poc/proteomes/rumen__10676_0040_idba_bin.58.faa	rumen__10676_0040_idba_bin.58.faa	ERZ1042108	webin-genome-10676_0040_idba_bin.58	10676_0040_idba_bin.58.fa.gz	filename	matched	2141	True	True	
rumen__10676_0040_idba_bin.61	rumen__10676_0040_idba_bin.61	rumen	rumen	Bacteria	10676_0040_idba_bin.61	data/blue_catalyst_poc/rumen/raw/10676_0040_idba_bin.61.fa.gz	10676_0040_idba_bin.61.fa.gz	data/blue_catalyst_poc/proteomes/rumen__10676_0040_idba_bin.61.faa	rumen__10676_0040_idba_bin.61.faa	ERZ1042112	webin-genome-10676_0040_idba_bin.61	10676_0040_idba_bin.61.fa.gz	filename	matched	912	True	True	
rumen__10676_0041_idba_bin.114	rumen__10676_0041_idba_bin.114	rumen	rumen	Bacteria	10676_0041_idba_bin.114	data/blue_catalyst_poc/rumen/raw/10676_0041_idba_bin.114.fa.gz	10676_0041_idba_bin.114.fa.gz	data/blue_catalyst_poc/proteomes/rumen__10676_0041_idba_bin.114.faa	rumen__10676_0041_idba_bin.114.faa	ERZ1042128	webin-genome-10676_0041_idba_bin.114	10676_0041_idba_bin.114.fa.gz	filename	matched	1800	True	True	
rumen__10676_0041_idba_bin.63	rumen__10676_0041_idba_bin.63	rumen	rumen	Bacteria	10676_0041_idba_bin.63	data/blue_catalyst_poc/rumen/raw/10676_0041_idba_bin.63.fa.gz	10676_0041_idba_bin.63.fa.gz	data/blue_catalyst_poc/proteomes/rumen__10676_0041_idba_bin.63.faa	rumen__10676_0041_idba_bin.63.faa	ERZ1042158	webin-genome-10676_0041_idba_bin.63	10676_0041_idba_bin.63.fa.gz	filename	matched	1663	True	True	
rumen__10676_0041_idba_bin.71	rumen__10676_0041_idba_bin.71	rumen	rumen	Bacteria	10676_0041_idba_bin.71	data/blue_catalyst_poc/rumen/raw/10676_0041_idba_bin.71.fa.gz	10676_0041_idba_bin.71.fa.gz	data/blue_catalyst_poc/proteomes/rumen__10676_0041_idba_bin.71.faa	rumen__10676_0041_idba_bin.71.faa	ERZ1042161	webin-genome-10676_0041_idba_bin.71	10676_0041_idba_bin.71.fa.gz	filename	matched	1729	True	True	
rumen__10676_0041_idba_bin.75	rumen__10676_0041_idba_bin.75	rumen	rumen	Bacteria	10676_0041_idba_bin.75	data/blue_catalyst_poc/rumen/raw/10676_0041_idba_bin.75.fa.gz	10676_0041_idba_bin.75.fa.gz	data/blue_catalyst_poc/proteomes/rumen__10676_0041_idba_bin.75.faa	rumen__10676_0041_idba_bin.75.faa	ERZ1042163	webin-genome-10676_0041_idba_bin.75	10676_0041_idba_bin.75.fa.gz	filename	matched	862	True	True	
