proteome_id	sample	source	ecosystem	domain	mag_id_candidate	assembly_id_candidate	bin_id_candidate	mucc_img_like_id	source_analysis_accession	analysis_alias	filename	proteome_faa_basename	proteome_faa_stem	proteome_faa	n_proteins_used	checkpoint_batch	checkpoint_order	embedded_final_662	excluded_reason	download_url	download_fallback_urls
mucc__2162886008_15	mucc__2162886008_15	mucc	wetland	Unknown	2162886008_15	2162886008_15		2162886008_15				mucc__2162886008_15.faa	mucc__2162886008_15	/home/rsg-jcorre38/Jay_Proyects/MethaNet/data/blue_catalyst_poc/proteomes/mucc__2162886008_15.faa	1792.0	1.0	0.0	True			
mucc__3300001784_29	mucc__3300001784_29	mucc	wetland	Unknown	3300001784_29	3300001784_29		3300001784_29				mucc__3300001784_29.faa	mucc__3300001784_29	/home/rsg-jcorre38/Jay_Proyects/MethaNet/data/blue_catalyst_poc/proteomes/mucc__3300001784_29.faa	2513.0	1.0	1.0	True			
mucc__3300004775_9	mucc__3300004775_9	mucc	wetland	Unknown	3300004775_9	3300004775_9		3300004775_9				mucc__3300004775_9.faa	mucc__3300004775_9	/home/rsg-jcorre38/Jay_Proyects/MethaNet/data/blue_catalyst_poc/proteomes/mucc__3300004775_9.faa	1771.0	1.0	2.0	True			
mucc__3300005325_23	mucc__3300005325_23	mucc	wetland	Unknown	3300005325_23	3300005325_23		3300005325_23				mucc__3300005325_23.faa	mucc__3300005325_23	/home/rsg-jcorre38/Jay_Proyects/MethaNet/data/blue_catalyst_poc/proteomes/mucc__3300005325_23.faa	2347.0	1.0	3.0	True			
mucc__3300005326_54	mucc__3300005326_54	mucc	wetland	Unknown	3300005326_54	3300005326_54		3300005326_54				mucc__3300005326_54.faa	mucc__3300005326_54	/home/rsg-jcorre38/Jay_Proyects/MethaNet/data/blue_catalyst_poc/proteomes/mucc__3300005326_54.faa	1670.0	1.0	4.0	True			
mucc__3300009053_19	mucc__3300009053_19	mucc	wetland	Unknown	3300009053_19	3300009053_19		3300009053_19				mucc__3300009053_19.faa	mucc__3300009053_19	/home/rsg-jcorre38/Jay_Proyects/MethaNet/data/blue_catalyst_poc/proteomes/mucc__3300009053_19.faa	1888.0	1.0	5.0	True			
mucc__3300009081_10	mucc__3300009081_10	mucc	wetland	Unknown	3300009081_10	3300009081_10		3300009081_10				mucc__3300009081_10.faa	mucc__3300009081_10	/home/rsg-jcorre38/Jay_Proyects/MethaNet/data/blue_catalyst_poc/proteomes/mucc__3300009081_10.faa	2305.0	1.0	6.0	True			
mucc__3300009153_19	mucc__3300009153_19	mucc	wetland	Unknown	3300009153_19	3300009153_19		3300009153_19				mucc__3300009153_19.faa	mucc__3300009153_19	/home/rsg-jcorre38/Jay_Proyects/MethaNet/data/blue_catalyst_poc/proteomes/mucc__3300009153_19.faa	1526.0	1.0	7.0	True			
mucc__3300010293_30	mucc__3300010293_30	mucc	wetland	Unknown	3300010293_30	3300010293_30		3300010293_30				mucc__3300010293_30.faa	mucc__3300010293_30	/home/rsg-jcorre38/Jay_Proyects/MethaNet/data/blue_catalyst_poc/proteomes/mucc__3300010293_30.faa	1566.0	1.0	8.0	True			
mucc__3300013126_82	mucc__3300013126_82	mucc	wetland	Unknown	3300013126_82	3300013126_82		3300013126_82				mucc__3300013126_82.faa	mucc__3300013126_82	/home/rsg-jcorre38/Jay_Proyects/MethaNet/data/blue_catalyst_poc/proteomes/mucc__3300013126_82.faa	1967.0	1.0	9.0	True			
mucc__3300013126_97	mucc__3300013126_97	mucc	wetland	Unknown	3300013126_97	3300013126_97		3300013126_97				mucc__3300013126_97.faa	mucc__3300013126_97	/home/rsg-jcorre38/Jay_Proyects/MethaNet/data/blue_catalyst_poc/proteomes/mucc__3300013126_97.faa	1641.0	1.0	10.0	True			
mucc__3300014199_19	mucc__3300014199_19	mucc	wetland	Unknown	3300014199_19	3300014199_19		3300014199_19				mucc__3300014199_19.faa	mucc__3300014199_19	/home/rsg-jcorre38/Jay_Proyects/MethaNet/data/blue_catalyst_poc/proteomes/mucc__3300014199_19.faa	1393.0	1.0	11.0	True			
mucc__3300014205_53	mucc__3300014205_53	mucc	wetland	Unknown	3300014205_53	3300014205_53		3300014205_53				mucc__3300014205_53.faa	mucc__3300014205_53	/home/rsg-jcorre38/Jay_Proyects/MethaNet/data/blue_catalyst_poc/proteomes/mucc__3300014205_53.faa	1924.0	1.0	12.0	True			
mucc__3300016725_15	mucc__3300016725_15	mucc	wetland	Unknown	3300016725_15	3300016725_15		3300016725_15				mucc__3300016725_15.faa	mucc__3300016725_15	/home/rsg-jcorre38/Jay_Proyects/MethaNet/data/blue_catalyst_poc/proteomes/mucc__3300016725_15.faa	3164.0	1.0	13.0	True			
mucc__3300017643_20	mucc__3300017643_20	mucc	wetland	Unknown	3300017643_20	3300017643_20		3300017643_20				mucc__3300017643_20.faa	mucc__3300017643_20	/home/rsg-jcorre38/Jay_Proyects/MethaNet/data/blue_catalyst_poc/proteomes/mucc__3300017643_20.faa	2711.0	1.0	14.0	True			
mucc__3300017947_8	mucc__3300017947_8	mucc	wetland	Unknown	3300017947_8	3300017947_8		3300017947_8				mucc__3300017947_8.faa	mucc__3300017947_8	/home/rsg-jcorre38/Jay_Proyects/MethaNet/data/blue_catalyst_poc/proteomes/mucc__3300017947_8.faa	1984.0	1.0	15.0	True			
mucc__3300017959_16	mucc__3300017959_16	mucc	wetland	Unknown	3300017959_16	3300017959_16		3300017959_16				mucc__3300017959_16.faa	mucc__3300017959_16	/home/rsg-jcorre38/Jay_Proyects/MethaNet/data/blue_catalyst_poc/proteomes/mucc__3300017959_16.faa	1279.0	1.0	16.0	True			
mucc__3300017975_11	mucc__3300017975_11	mucc	wetland	Unknown	3300017975_11	3300017975_11		3300017975_11				mucc__3300017975_11.faa	mucc__3300017975_11	/home/rsg-jcorre38/Jay_Proyects/MethaNet/data/blue_catalyst_poc/proteomes/mucc__3300017975_11.faa	1868.0	1.0	17.0	True			
mucc__3300018012_6	mucc__3300018012_6	mucc	wetland	Unknown	3300018012_6	3300018012_6		3300018012_6				mucc__3300018012_6.faa	mucc__3300018012_6	/home/rsg-jcorre38/Jay_Proyects/MethaNet/data/blue_catalyst_poc/proteomes/mucc__3300018012_6.faa	3404.0	1.0	18.0	True			
mucc__3300018019_17	mucc__3300018019_17	mucc	wetland	Unknown	3300018019_17	3300018019_17		3300018019_17				mucc__3300018019_17.faa	mucc__3300018019_17	/home/rsg-jcorre38/Jay_Proyects/MethaNet/data/blue_catalyst_poc/proteomes/mucc__3300018019_17.faa	2297.0	1.0	19.0	True			
mucc__3300021071_20	mucc__3300021071_20	mucc	wetland	Unknown	3300021071_20	3300021071_20		3300021071_20				mucc__3300021071_20.faa	mucc__3300021071_20	/home/rsg-jcorre38/Jay_Proyects/MethaNet/data/blue_catalyst_poc/proteomes/mucc__3300021071_20.faa	1527.0	1.0	20.0	True			
mucc__3300025858_29	mucc__3300025858_29	mucc	wetland	Unknown	3300025858_29	3300025858_29		3300025858_29				mucc__3300025858_29.faa	mucc__3300025858_29	/home/rsg-jcorre38/Jay_Proyects/MethaNet/data/blue_catalyst_poc/proteomes/mucc__3300025858_29.faa	2335.0	1.0	21.0	True			
mucc__3300025963_1	mucc__3300025963_1	mucc	wetland	Unknown	3300025963_1	3300025963_1		3300025963_1				mucc__3300025963_1.faa	mucc__3300025963_1	/home/rsg-jcorre38/Jay_Proyects/MethaNet/data/blue_catalyst_poc/proteomes/mucc__3300025963_1.faa	1396.0	1.0	22.0	True			
mucc__3300025975_1	mucc__3300025975_1	mucc	wetland	Unknown	3300025975_1	3300025975_1		3300025975_1				mucc__3300025975_1.faa	mucc__3300025975_1	/home/rsg-jcorre38/Jay_Proyects/MethaNet/data/blue_catalyst_poc/proteomes/mucc__3300025975_1.faa	1725.0	1.0	23.0	True			
mucc__3300026026_4	mucc__3300026026_4	mucc	wetland	Unknown	3300026026_4	3300026026_4		3300026026_4				mucc__3300026026_4.faa	mucc__3300026026_4	/home/rsg-jcorre38/Jay_Proyects/MethaNet/data/blue_catalyst_poc/proteomes/mucc__3300026026_4.faa	1571.0	1.0	24.0	True			
mucc__3300027825_24	mucc__3300027825_24	mucc	wetland	Unknown	3300027825_24	3300027825_24		3300027825_24				mucc__3300027825_24.faa	mucc__3300027825_24	/home/rsg-jcorre38/Jay_Proyects/MethaNet/data/blue_catalyst_poc/proteomes/mucc__3300027825_24.faa	1950.0	2.0	0.0	True			
mucc__3300027972_11	mucc__3300027972_11	mucc	wetland	Unknown	3300027972_11	3300027972_11		3300027972_11				mucc__3300027972_11.faa	mucc__3300027972_11	/home/rsg-jcorre38/Jay_Proyects/MethaNet/data/blue_catalyst_poc/proteomes/mucc__3300027972_11.faa	2074.0	2.0	1.0	True			
mucc__3300027979_35	mucc__3300027979_35	mucc	wetland	Unknown	3300027979_35	3300027979_35		3300027979_35				mucc__3300027979_35.faa	mucc__3300027979_35	/home/rsg-jcorre38/Jay_Proyects/MethaNet/data/blue_catalyst_poc/proteomes/mucc__3300027979_35.faa	1601.0	2.0	2.0	True			
mucc__3300028669_5	mucc__3300028669_5	mucc	wetland	Unknown	3300028669_5	3300028669_5		3300028669_5				mucc__3300028669_5.faa	mucc__3300028669_5	/home/rsg-jcorre38/Jay_Proyects/MethaNet/data/blue_catalyst_poc/proteomes/mucc__3300028669_5.faa	3264.0	2.0	3.0	True			
mucc__3300032805_20	mucc__3300032805_20	mucc	wetland	Unknown	3300032805_20	3300032805_20		3300032805_20				mucc__3300032805_20.faa	mucc__3300032805_20	/home/rsg-jcorre38/Jay_Proyects/MethaNet/data/blue_catalyst_poc/proteomes/mucc__3300032805_20.faa	1540.0	2.0	4.0	True			
mucc__3300032892_32	mucc__3300032892_32	mucc	wetland	Unknown	3300032892_32	3300032892_32		3300032892_32				mucc__3300032892_32.faa	mucc__3300032892_32	/home/rsg-jcorre38/Jay_Proyects/MethaNet/data/blue_catalyst_poc/proteomes/mucc__3300032892_32.faa	1148.0	2.0	5.0	True			
mucc__3300034281_6	mucc__3300034281_6	mucc	wetland	Unknown	3300034281_6	3300034281_6		3300034281_6				mucc__3300034281_6.faa	mucc__3300034281_6	/home/rsg-jcorre38/Jay_Proyects/MethaNet/data/blue_catalyst_poc/proteomes/mucc__3300034281_6.faa	2574.0	2.0	6.0	True			
mucc__3300036760_62	mucc__3300036760_62	mucc	wetland	Unknown	3300036760_62	3300036760_62		3300036760_62				mucc__3300036760_62.faa	mucc__3300036760_62	/home/rsg-jcorre38/Jay_Proyects/MethaNet/data/blue_catalyst_poc/proteomes/mucc__3300036760_62.faa	1548.0	2.0	7.0	True			
mucc__3300036886_19	mucc__3300036886_19	mucc	wetland	Unknown	3300036886_19	3300036886_19		3300036886_19				mucc__3300036886_19.faa	mucc__3300036886_19	/home/rsg-jcorre38/Jay_Proyects/MethaNet/data/blue_catalyst_poc/proteomes/mucc__3300036886_19.faa	2322.0	2.0	8.0	True			
mucc__3300037043_48	mucc__3300037043_48	mucc	wetland	Unknown	3300037043_48	3300037043_48		3300037043_48				mucc__3300037043_48.faa	mucc__3300037043_48	/home/rsg-jcorre38/Jay_Proyects/MethaNet/data/blue_catalyst_poc/proteomes/mucc__3300037043_48.faa	2926.0	2.0	9.0	True			
mucc__3300037062_11	mucc__3300037062_11	mucc	wetland	Unknown	3300037062_11	3300037062_11		3300037062_11				mucc__3300037062_11.faa	mucc__3300037062_11	/home/rsg-jcorre38/Jay_Proyects/MethaNet/data/blue_catalyst_poc/proteomes/mucc__3300037062_11.faa	2903.0	2.0	10.0	True			
mucc__3300037089_14	mucc__3300037089_14	mucc	wetland	Unknown	3300037089_14	3300037089_14		3300037089_14				mucc__3300037089_14.faa	mucc__3300037089_14	/home/rsg-jcorre38/Jay_Proyects/MethaNet/data/blue_catalyst_poc/proteomes/mucc__3300037089_14.faa	2587.0	2.0	11.0	True			
mucc__3300037104_21	mucc__3300037104_21	mucc	wetland	Unknown	3300037104_21	3300037104_21		3300037104_21				mucc__3300037104_21.faa	mucc__3300037104_21	/home/rsg-jcorre38/Jay_Proyects/MethaNet/data/blue_catalyst_poc/proteomes/mucc__3300037104_21.faa	1897.0	2.0	12.0	True			
mucc__3300037264_32	mucc__3300037264_32	mucc	wetland	Unknown	3300037264_32	3300037264_32		3300037264_32				mucc__3300037264_32.faa	mucc__3300037264_32	/home/rsg-jcorre38/Jay_Proyects/MethaNet/data/blue_catalyst_poc/proteomes/mucc__3300037264_32.faa	2100.0	2.0	13.0	True			
mucc__3300037365_14	mucc__3300037365_14	mucc	wetland	Unknown	3300037365_14	3300037365_14		3300037365_14				mucc__3300037365_14.faa	mucc__3300037365_14	/home/rsg-jcorre38/Jay_Proyects/MethaNet/data/blue_catalyst_poc/proteomes/mucc__3300037365_14.faa	1649.0	2.0	14.0	True			
mucc__3300038415_26	mucc__3300038415_26	mucc	wetland	Unknown	3300038415_26	3300038415_26		3300038415_26				mucc__3300038415_26.faa	mucc__3300038415_26	/home/rsg-jcorre38/Jay_Proyects/MethaNet/data/blue_catalyst_poc/proteomes/mucc__3300038415_26.faa	2451.0	2.0	15.0	True			
mucc__3300038427_21	mucc__3300038427_21	mucc	wetland	Unknown	3300038427_21	3300038427_21		3300038427_21				mucc__3300038427_21.faa	mucc__3300038427_21	/home/rsg-jcorre38/Jay_Proyects/MethaNet/data/blue_catalyst_poc/proteomes/mucc__3300038427_21.faa	2635.0	2.0	16.0	True			
mucc__3300038429_25	mucc__3300038429_25	mucc	wetland	Unknown	3300038429_25	3300038429_25		3300038429_25				mucc__3300038429_25.faa	mucc__3300038429_25	/home/rsg-jcorre38/Jay_Proyects/MethaNet/data/blue_catalyst_poc/proteomes/mucc__3300038429_25.faa	2087.0	2.0	17.0	True			
mucc__3300038469_39	mucc__3300038469_39	mucc	wetland	Unknown	3300038469_39	3300038469_39		3300038469_39				mucc__3300038469_39.faa	mucc__3300038469_39	/home/rsg-jcorre38/Jay_Proyects/MethaNet/data/blue_catalyst_poc/proteomes/mucc__3300038469_39.faa	1483.0	2.0	18.0	True			
mucc__3300038619_18	mucc__3300038619_18	mucc	wetland	Unknown	3300038619_18	3300038619_18		3300038619_18				mucc__3300038619_18.faa	mucc__3300038619_18	/home/rsg-jcorre38/Jay_Proyects/MethaNet/data/blue_catalyst_poc/proteomes/mucc__3300038619_18.faa	2004.0	2.0	19.0	True			
mucc__3300040758_18	mucc__3300040758_18	mucc	wetland	Unknown	3300040758_18	3300040758_18		3300040758_18				mucc__3300040758_18.faa	mucc__3300040758_18	/home/rsg-jcorre38/Jay_Proyects/MethaNet/data/blue_catalyst_poc/proteomes/mucc__3300040758_18.faa	2256.0	2.0	20.0	True			
mucc__3300043294_37	mucc__3300043294_37	mucc	wetland	Unknown	3300043294_37	3300043294_37		3300043294_37				mucc__3300043294_37.faa	mucc__3300043294_37	/home/rsg-jcorre38/Jay_Proyects/MethaNet/data/blue_catalyst_poc/proteomes/mucc__3300043294_37.faa	2548.0	2.0	21.0	True			
mucc__3300044712_168	mucc__3300044712_168	mucc	wetland	Unknown	3300044712_168	3300044712_168		3300044712_168				mucc__3300044712_168.faa	mucc__3300044712_168	/home/rsg-jcorre38/Jay_Proyects/MethaNet/data/blue_catalyst_poc/proteomes/mucc__3300044712_168.faa	1597.0	2.0	22.0	True			
mucc__3300044712_309	mucc__3300044712_309	mucc	wetland	Unknown	3300044712_309	3300044712_309		3300044712_309				mucc__3300044712_309.faa	mucc__3300044712_309	/home/rsg-jcorre38/Jay_Proyects/MethaNet/data/blue_catalyst_poc/proteomes/mucc__3300044712_309.faa	1369.0	2.0	23.0	True			
mucc__3300044798_59	mucc__3300044798_59	mucc	wetland	Unknown	3300044798_59	3300044798_59		3300044798_59				mucc__3300044798_59.faa	mucc__3300044798_59	/home/rsg-jcorre38/Jay_Proyects/MethaNet/data/blue_catalyst_poc/proteomes/mucc__3300044798_59.faa	860.0	2.0	24.0	True			
mucc__3300045007_113	mucc__3300045007_113	mucc	wetland	Unknown	3300045007_113	3300045007_113		3300045007_113				mucc__3300045007_113.faa	mucc__3300045007_113	/home/rsg-jcorre38/Jay_Proyects/MethaNet/data/blue_catalyst_poc/proteomes/mucc__3300045007_113.faa	1409.0	3.0	0.0	True			
mucc__3300045146_47	mucc__3300045146_47	mucc	wetland	Unknown	3300045146_47	3300045146_47		3300045146_47				mucc__3300045146_47.faa	mucc__3300045146_47	/home/rsg-jcorre38/Jay_Proyects/MethaNet/data/blue_catalyst_poc/proteomes/mucc__3300045146_47.faa	2121.0	3.0	1.0	True			
mucc__3300046504_2	mucc__3300046504_2	mucc	wetland	Unknown	3300046504_2	3300046504_2		3300046504_2				mucc__3300046504_2.faa	mucc__3300046504_2	/home/rsg-jcorre38/Jay_Proyects/MethaNet/data/blue_catalyst_poc/proteomes/mucc__3300046504_2.faa	1466.0	3.0	2.0	True			
mucc__3300046652_21	mucc__3300046652_21	mucc	wetland	Unknown	3300046652_21	3300046652_21		3300046652_21				mucc__3300046652_21.faa	mucc__3300046652_21	/home/rsg-jcorre38/Jay_Proyects/MethaNet/data/blue_catalyst_poc/proteomes/mucc__3300046652_21.faa	1604.0	3.0	3.0	True			
mucc__3300046710_16	mucc__3300046710_16	mucc	wetland	Unknown	3300046710_16	3300046710_16		3300046710_16				mucc__3300046710_16.faa	mucc__3300046710_16	/home/rsg-jcorre38/Jay_Proyects/MethaNet/data/blue_catalyst_poc/proteomes/mucc__3300046710_16.faa	1428.0	3.0	4.0	True			
mucc__3300047187_12	mucc__3300047187_12	mucc	wetland	Unknown	3300047187_12	3300047187_12		3300047187_12				mucc__3300047187_12.faa	mucc__3300047187_12	/home/rsg-jcorre38/Jay_Proyects/MethaNet/data/blue_catalyst_poc/proteomes/mucc__3300047187_12.faa	1383.0	3.0	5.0	True			
mucc__3300047644_14	mucc__3300047644_14	mucc	wetland	Unknown	3300047644_14	3300047644_14		3300047644_14				mucc__3300047644_14.faa	mucc__3300047644_14	/home/rsg-jcorre38/Jay_Proyects/MethaNet/data/blue_catalyst_poc/proteomes/mucc__3300047644_14.faa	2565.0	3.0	6.0	True			
mucc__3300048599_34	mucc__3300048599_34	mucc	wetland	Unknown	3300048599_34	3300048599_34		3300048599_34				mucc__3300048599_34.faa	mucc__3300048599_34	/home/rsg-jcorre38/Jay_Proyects/MethaNet/data/blue_catalyst_poc/proteomes/mucc__3300048599_34.faa	2437.0	3.0	7.0	True			
mucc__3300049718_33	mucc__3300049718_33	mucc	wetland	Unknown	3300049718_33	3300049718_33		3300049718_33				mucc__3300049718_33.faa	mucc__3300049718_33	/home/rsg-jcorre38/Jay_Proyects/MethaNet/data/blue_catalyst_poc/proteomes/mucc__3300049718_33.faa	2366.0	3.0	8.0	True			
mucc__3300050014_5	mucc__3300050014_5	mucc	wetland	Unknown	3300050014_5	3300050014_5		3300050014_5				mucc__3300050014_5.faa	mucc__3300050014_5	/home/rsg-jcorre38/Jay_Proyects/MethaNet/data/blue_catalyst_poc/proteomes/mucc__3300050014_5.faa	2085.0	3.0	9.0	True			
mucc__3300052918_29	mucc__3300052918_29	mucc	wetland	Unknown	3300052918_29	3300052918_29		3300052918_29				mucc__3300052918_29.faa	mucc__3300052918_29	/home/rsg-jcorre38/Jay_Proyects/MethaNet/data/blue_catalyst_poc/proteomes/mucc__3300052918_29.faa	2515.0	3.0	10.0	True			
mucc__GCA_002067035.1_genomic	mucc__GCA_002067035.1_genomic	mucc	wetland	Unknown	GCA_002067035.1_genomic	GCA_002067035.1_genomic						mucc__GCA_002067035.1_genomic.faa	mucc__GCA_002067035.1_genomic	/home/rsg-jcorre38/Jay_Proyects/MethaNet/data/blue_catalyst_poc/proteomes/mucc__GCA_002067035.1_genomic.faa	2903.0	3.0	11.0	True			
mucc__GCA_002495055.1_genomic	mucc__GCA_002495055.1_genomic	mucc	wetland	Unknown	GCA_002495055.1_genomic	GCA_002495055.1_genomic						mucc__GCA_002495055.1_genomic.faa	mucc__GCA_002495055.1_genomic	/home/rsg-jcorre38/Jay_Proyects/MethaNet/data/blue_catalyst_poc/proteomes/mucc__GCA_002495055.1_genomic.faa	2870.0	3.0	12.0	True			
mucc__GCA_002495065.1_genomic	mucc__GCA_002495065.1_genomic	mucc	wetland	Unknown	GCA_002495065.1_genomic	GCA_002495065.1_genomic						mucc__GCA_002495065.1_genomic.faa	mucc__GCA_002495065.1_genomic	/home/rsg-jcorre38/Jay_Proyects/MethaNet/data/blue_catalyst_poc/proteomes/mucc__GCA_002495065.1_genomic.faa	2546.0	3.0	13.0	True			
mucc__GCA_002495465.1_ASM249546v1_genomic	mucc__GCA_002495465.1_ASM249546v1_genomic	mucc	wetland	Unknown	GCA_002495465.1_ASM249546v1_genomic	GCA_002495465.1_ASM249546v1_genomic						mucc__GCA_002495465.1_ASM249546v1_genomic.faa	mucc__GCA_002495465.1_ASM249546v1_genomic	/home/rsg-jcorre38/Jay_Proyects/MethaNet/data/blue_catalyst_poc/proteomes/mucc__GCA_002495465.1_ASM249546v1_genomic.faa	731.0	3.0	14.0	True			
mucc__GCA_002497485.1_genomic	mucc__GCA_002497485.1_genomic	mucc	wetland	Unknown	GCA_002497485.1_genomic	GCA_002497485.1_genomic						mucc__GCA_002497485.1_genomic.faa	mucc__GCA_002497485.1_genomic	/home/rsg-jcorre38/Jay_Proyects/MethaNet/data/blue_catalyst_poc/proteomes/mucc__GCA_002497485.1_genomic.faa	1912.0	3.0	15.0	True			
mucc__GCA_002502245.1_genomic	mucc__GCA_002502245.1_genomic	mucc	wetland	Unknown	GCA_002502245.1_genomic	GCA_002502245.1_genomic						mucc__GCA_002502245.1_genomic.faa	mucc__GCA_002502245.1_genomic	/home/rsg-jcorre38/Jay_Proyects/MethaNet/data/blue_catalyst_poc/proteomes/mucc__GCA_002502245.1_genomic.faa	2213.0	3.0	16.0	True			
mucc__GCA_002502735.1_genomic	mucc__GCA_002502735.1_genomic	mucc	wetland	Unknown	GCA_002502735.1_genomic	GCA_002502735.1_genomic						mucc__GCA_002502735.1_genomic.faa	mucc__GCA_002502735.1_genomic	/home/rsg-jcorre38/Jay_Proyects/MethaNet/data/blue_catalyst_poc/proteomes/mucc__GCA_002502735.1_genomic.faa	2414.0	3.0	17.0	True			
mucc__GCA_002508495.1_genomic	mucc__GCA_002508495.1_genomic	mucc	wetland	Unknown	GCA_002508495.1_genomic	GCA_002508495.1_genomic						mucc__GCA_002508495.1_genomic.faa	mucc__GCA_002508495.1_genomic	/home/rsg-jcorre38/Jay_Proyects/MethaNet/data/blue_catalyst_poc/proteomes/mucc__GCA_002508495.1_genomic.faa	2047.0	3.0	18.0	True			
mucc__GCA_002835825.1_genomic	mucc__GCA_002835825.1_genomic	mucc	wetland	Unknown	GCA_002835825.1_genomic	GCA_002835825.1_genomic						mucc__GCA_002835825.1_genomic.faa	mucc__GCA_002835825.1_genomic	/home/rsg-jcorre38/Jay_Proyects/MethaNet/data/blue_catalyst_poc/proteomes/mucc__GCA_002835825.1_genomic.faa	3160.0	3.0	19.0	True			
mucc__GCA_002839605.1_genomic	mucc__GCA_002839605.1_genomic	mucc	wetland	Unknown	GCA_002839605.1_genomic	GCA_002839605.1_genomic						mucc__GCA_002839605.1_genomic.faa	mucc__GCA_002839605.1_genomic	/home/rsg-jcorre38/Jay_Proyects/MethaNet/data/blue_catalyst_poc/proteomes/mucc__GCA_002839605.1_genomic.faa	2601.0	3.0	20.0	True			
mucc__GCA_002839675.1_genomic	mucc__GCA_002839675.1_genomic	mucc	wetland	Unknown	GCA_002839675.1_genomic	GCA_002839675.1_genomic						mucc__GCA_002839675.1_genomic.faa	mucc__GCA_002839675.1_genomic	/home/rsg-jcorre38/Jay_Proyects/MethaNet/data/blue_catalyst_poc/proteomes/mucc__GCA_002839675.1_genomic.faa	2491.0	3.0	21.0	True			
mucc__GCA_003136075.1_genomic	mucc__GCA_003136075.1_genomic	mucc	wetland	Unknown	GCA_003136075.1_genomic	GCA_003136075.1_genomic						mucc__GCA_003136075.1_genomic.faa	mucc__GCA_003136075.1_genomic	/home/rsg-jcorre38/Jay_Proyects/MethaNet/data/blue_catalyst_poc/proteomes/mucc__GCA_003136075.1_genomic.faa	2554.0	3.0	22.0	True			
mucc__GCA_003154335.1_genomic	mucc__GCA_003154335.1_genomic	mucc	wetland	Unknown	GCA_003154335.1_genomic	GCA_003154335.1_genomic						mucc__GCA_003154335.1_genomic.faa	mucc__GCA_003154335.1_genomic	/home/rsg-jcorre38/Jay_Proyects/MethaNet/data/blue_catalyst_poc/proteomes/mucc__GCA_003154335.1_genomic.faa	2391.0	3.0	23.0	True			
mucc__GCA_003157895.1_genomic	mucc__GCA_003157895.1_genomic	mucc	wetland	Unknown	GCA_003157895.1_genomic	GCA_003157895.1_genomic						mucc__GCA_003157895.1_genomic.faa	mucc__GCA_003157895.1_genomic	/home/rsg-jcorre38/Jay_Proyects/MethaNet/data/blue_catalyst_poc/proteomes/mucc__GCA_003157895.1_genomic.faa	2280.0	3.0	24.0	True			
mucc__GCA_003170075.1_genomic	mucc__GCA_003170075.1_genomic	mucc	wetland	Unknown	GCA_003170075.1_genomic	GCA_003170075.1_genomic						mucc__GCA_003170075.1_genomic.faa	mucc__GCA_003170075.1_genomic	/home/rsg-jcorre38/Jay_Proyects/MethaNet/data/blue_catalyst_poc/proteomes/mucc__GCA_003170075.1_genomic.faa	1982.0	4.0	0.0	True			
mucc__GCA_012798365.1_genomic	mucc__GCA_012798365.1_genomic	mucc	wetland	Unknown	GCA_012798365.1_genomic	GCA_012798365.1_genomic						mucc__GCA_012798365.1_genomic.faa	mucc__GCA_012798365.1_genomic	/home/rsg-jcorre38/Jay_Proyects/MethaNet/data/blue_catalyst_poc/proteomes/mucc__GCA_012798365.1_genomic.faa	2821.0	4.0	1.0	True			
mucc__GCA_013331015.1_genomic	mucc__GCA_013331015.1_genomic	mucc	wetland	Unknown	GCA_013331015.1_genomic	GCA_013331015.1_genomic						mucc__GCA_013331015.1_genomic.faa	mucc__GCA_013331015.1_genomic	/home/rsg-jcorre38/Jay_Proyects/MethaNet/data/blue_catalyst_poc/proteomes/mucc__GCA_013331015.1_genomic.faa	2397.0	4.0	2.0	True			
mucc__GCA_903832665.1_genomic	mucc__GCA_903832665.1_genomic	mucc	wetland	Unknown	GCA_903832665.1_genomic	GCA_903832665.1_genomic						mucc__GCA_903832665.1_genomic.faa	mucc__GCA_903832665.1_genomic	/home/rsg-jcorre38/Jay_Proyects/MethaNet/data/blue_catalyst_poc/proteomes/mucc__GCA_903832665.1_genomic.faa	3016.0	4.0	3.0	True			
mucc__GCF_000017625.1_genomic	mucc__GCF_000017625.1_genomic	mucc	wetland	Unknown	GCF_000017625.1_genomic	GCF_000017625.1_genomic						mucc__GCF_000017625.1_genomic.faa	mucc__GCF_000017625.1_genomic	/home/rsg-jcorre38/Jay_Proyects/MethaNet/data/blue_catalyst_poc/proteomes/mucc__GCF_000017625.1_genomic.faa	2503.0	4.0	4.0	True			
mucc__GCF_000327485.1_genomic	mucc__GCF_000327485.1_genomic	mucc	wetland	Unknown	GCF_000327485.1_genomic	GCF_000327485.1_genomic						mucc__GCF_000327485.1_genomic.faa	mucc__GCF_000327485.1_genomic	/home/rsg-jcorre38/Jay_Proyects/MethaNet/data/blue_catalyst_poc/proteomes/mucc__GCF_000327485.1_genomic.faa	2850.0	4.0	5.0	True			
mucc__OWC_0039	mucc__OWC_0039	mucc	wetland	Unknown	OWC_0039	OWC_0039						mucc__OWC_0039.faa	mucc__OWC_0039	/home/rsg-jcorre38/Jay_Proyects/MethaNet/data/blue_catalyst_poc/proteomes/mucc__OWC_0039.faa	839.0	4.0	6.0	True			
mucc__OWC_0040	mucc__OWC_0040	mucc	wetland	Unknown	OWC_0040	OWC_0040						mucc__OWC_0040.faa	mucc__OWC_0040	/home/rsg-jcorre38/Jay_Proyects/MethaNet/data/blue_catalyst_poc/proteomes/mucc__OWC_0040.faa	999.0	4.0	7.0	True			
mucc__OWC_0041	mucc__OWC_0041	mucc	wetland	Unknown	OWC_0041	OWC_0041						mucc__OWC_0041.faa	mucc__OWC_0041	/home/rsg-jcorre38/Jay_Proyects/MethaNet/data/blue_catalyst_poc/proteomes/mucc__OWC_0041.faa	2014.0	4.0	8.0	True			
mucc__OWC_0042	mucc__OWC_0042	mucc	wetland	Unknown	OWC_0042	OWC_0042						mucc__OWC_0042.faa	mucc__OWC_0042	/home/rsg-jcorre38/Jay_Proyects/MethaNet/data/blue_catalyst_poc/proteomes/mucc__OWC_0042.faa	2161.0	4.0	9.0	True			
mucc__OWC_0043	mucc__OWC_0043	mucc	wetland	Unknown	OWC_0043	OWC_0043						mucc__OWC_0043.faa	mucc__OWC_0043	/home/rsg-jcorre38/Jay_Proyects/MethaNet/data/blue_catalyst_poc/proteomes/mucc__OWC_0043.faa	1290.0	4.0	10.0	True			
mucc__OWC_0044	mucc__OWC_0044	mucc	wetland	Unknown	OWC_0044	OWC_0044						mucc__OWC_0044.faa	mucc__OWC_0044	/home/rsg-jcorre38/Jay_Proyects/MethaNet/data/blue_catalyst_poc/proteomes/mucc__OWC_0044.faa	1782.0	4.0	11.0	True			
mucc__OWC_0045	mucc__OWC_0045	mucc	wetland	Unknown	OWC_0045	OWC_0045						mucc__OWC_0045.faa	mucc__OWC_0045	/home/rsg-jcorre38/Jay_Proyects/MethaNet/data/blue_catalyst_poc/proteomes/mucc__OWC_0045.faa	1001.0	4.0	12.0	True			
mucc__OWC_0046	mucc__OWC_0046	mucc	wetland	Unknown	OWC_0046	OWC_0046						mucc__OWC_0046.faa	mucc__OWC_0046	/home/rsg-jcorre38/Jay_Proyects/MethaNet/data/blue_catalyst_poc/proteomes/mucc__OWC_0046.faa	2334.0	4.0	13.0	True			
mucc__OWC_0047	mucc__OWC_0047	mucc	wetland	Unknown	OWC_0047	OWC_0047						mucc__OWC_0047.faa	mucc__OWC_0047	/home/rsg-jcorre38/Jay_Proyects/MethaNet/data/blue_catalyst_poc/proteomes/mucc__OWC_0047.faa	1204.0	4.0	14.0	True			
mucc__OWC_0048	mucc__OWC_0048	mucc	wetland	Unknown	OWC_0048	OWC_0048						mucc__OWC_0048.faa	mucc__OWC_0048	/home/rsg-jcorre38/Jay_Proyects/MethaNet/data/blue_catalyst_poc/proteomes/mucc__OWC_0048.faa	1781.0	4.0	15.0	True			
mucc__OWC_0049	mucc__OWC_0049	mucc	wetland	Unknown	OWC_0049	OWC_0049						mucc__OWC_0049.faa	mucc__OWC_0049	/home/rsg-jcorre38/Jay_Proyects/MethaNet/data/blue_catalyst_poc/proteomes/mucc__OWC_0049.faa	2337.0	4.0	16.0	True			
mucc__OWC_0050	mucc__OWC_0050	mucc	wetland	Unknown	OWC_0050	OWC_0050						mucc__OWC_0050.faa	mucc__OWC_0050	/home/rsg-jcorre38/Jay_Proyects/MethaNet/data/blue_catalyst_poc/proteomes/mucc__OWC_0050.faa	1859.0	4.0	17.0	True			
mucc__OWC_0051	mucc__OWC_0051	mucc	wetland	Unknown	OWC_0051	OWC_0051						mucc__OWC_0051.faa	mucc__OWC_0051	/home/rsg-jcorre38/Jay_Proyects/MethaNet/data/blue_catalyst_poc/proteomes/mucc__OWC_0051.faa	2248.0	4.0	18.0	True			
mucc__OWC_0052	mucc__OWC_0052	mucc	wetland	Unknown	OWC_0052	OWC_0052						mucc__OWC_0052.faa	mucc__OWC_0052	/home/rsg-jcorre38/Jay_Proyects/MethaNet/data/blue_catalyst_poc/proteomes/mucc__OWC_0052.faa	1541.0	4.0	19.0	True			
mucc__OWC_0053	mucc__OWC_0053	mucc	wetland	Unknown	OWC_0053	OWC_0053						mucc__OWC_0053.faa	mucc__OWC_0053	/home/rsg-jcorre38/Jay_Proyects/MethaNet/data/blue_catalyst_poc/proteomes/mucc__OWC_0053.faa	2591.0	4.0	20.0	True			
mucc__OWC_0054	mucc__OWC_0054	mucc	wetland	Unknown	OWC_0054	OWC_0054						mucc__OWC_0054.faa	mucc__OWC_0054	/home/rsg-jcorre38/Jay_Proyects/MethaNet/data/blue_catalyst_poc/proteomes/mucc__OWC_0054.faa	1154.0	4.0	21.0	True			
mucc__OWC_0055	mucc__OWC_0055	mucc	wetland	Unknown	OWC_0055	OWC_0055						mucc__OWC_0055.faa	mucc__OWC_0055	/home/rsg-jcorre38/Jay_Proyects/MethaNet/data/blue_catalyst_poc/proteomes/mucc__OWC_0055.faa	1654.0	4.0	22.0	True			
mucc__OWC_0056	mucc__OWC_0056	mucc	wetland	Unknown	OWC_0056	OWC_0056						mucc__OWC_0056.faa	mucc__OWC_0056	/home/rsg-jcorre38/Jay_Proyects/MethaNet/data/blue_catalyst_poc/proteomes/mucc__OWC_0056.faa	2269.0	4.0	23.0	True			
mucc__OWC_0057	mucc__OWC_0057	mucc	wetland	Unknown	OWC_0057	OWC_0057						mucc__OWC_0057.faa	mucc__OWC_0057	/home/rsg-jcorre38/Jay_Proyects/MethaNet/data/blue_catalyst_poc/proteomes/mucc__OWC_0057.faa	2574.0	4.0	24.0	True			
mucc__OWC_0058	mucc__OWC_0058	mucc	wetland	Unknown	OWC_0058	OWC_0058						mucc__OWC_0058.faa	mucc__OWC_0058	/home/rsg-jcorre38/Jay_Proyects/MethaNet/data/blue_catalyst_poc/proteomes/mucc__OWC_0058.faa	2648.0	5.0	0.0	True			
mucc__OWC_0059	mucc__OWC_0059	mucc	wetland	Unknown	OWC_0059	OWC_0059						mucc__OWC_0059.faa	mucc__OWC_0059	/home/rsg-jcorre38/Jay_Proyects/MethaNet/data/blue_catalyst_poc/proteomes/mucc__OWC_0059.faa	1126.0	5.0	1.0	True			
mucc__OWC_0060	mucc__OWC_0060	mucc	wetland	Unknown	OWC_0060	OWC_0060						mucc__OWC_0060.faa	mucc__OWC_0060	/home/rsg-jcorre38/Jay_Proyects/MethaNet/data/blue_catalyst_poc/proteomes/mucc__OWC_0060.faa	2284.0	5.0	2.0	True			
mucc__OWC_0061	mucc__OWC_0061	mucc	wetland	Unknown	OWC_0061	OWC_0061						mucc__OWC_0061.faa	mucc__OWC_0061	/home/rsg-jcorre38/Jay_Proyects/MethaNet/data/blue_catalyst_poc/proteomes/mucc__OWC_0061.faa	2126.0	5.0	3.0	True			
mucc__PMBL01	mucc__PMBL01	mucc	wetland	Unknown	PMBL01	PMBL01						mucc__PMBL01.faa	mucc__PMBL01	/home/rsg-jcorre38/Jay_Proyects/MethaNet/data/blue_catalyst_poc/proteomes/mucc__PMBL01.faa	2337.0	5.0	4.0	True			
mucc__PMXY01	mucc__PMXY01	mucc	wetland	Unknown	PMXY01	PMXY01						mucc__PMXY01.faa	mucc__PMXY01	/home/rsg-jcorre38/Jay_Proyects/MethaNet/data/blue_catalyst_poc/proteomes/mucc__PMXY01.faa	1838.0	5.0	5.0	True			
mucc__PPR_1022_P7D_M_E_concat_coassembly_mesocosms_megahit_bin.197	mucc__PPR_1022_P7D_M_E_concat_coassembly_mesocosms_megahit_bin.197	mucc	wetland	Unknown	PPR_1022_P7D_M_E_concat_coassembly_mesocosms_megahit_bin.197	PPR_1022_P7D_M_E_concat_coassembly_mesocosms_megahit	bin.197					mucc__PPR_1022_P7D_M_E_concat_coassembly_mesocosms_megahit_bin.197.faa	mucc__PPR_1022_P7D_M_E_concat_coassembly_mesocosms_megahit_bin.197	/home/rsg-jcorre38/Jay_Proyects/MethaNet/data/blue_catalyst_poc/proteomes/mucc__PPR_1022_P7D_M_E_concat_coassembly_mesocosms_megahit_bin.197.faa				False	excluded_coassembly_before_final_embedding		
mucc__PPR_1022_P8D_M_E_Formate2_Day30_megahit_bin.13	mucc__PPR_1022_P8D_M_E_Formate2_Day30_megahit_bin.13	mucc	wetland	Unknown	PPR_1022_P8D_M_E_Formate2_Day30_megahit_bin.13	PPR_1022_P8D_M_E_Formate2_Day30_megahit	bin.13					mucc__PPR_1022_P8D_M_E_Formate2_Day30_megahit_bin.13.faa	mucc__PPR_1022_P8D_M_E_Formate2_Day30_megahit_bin.13	/home/rsg-jcorre38/Jay_Proyects/MethaNet/data/blue_catalyst_poc/proteomes/mucc__PPR_1022_P8D_M_E_Formate2_Day30_megahit_bin.13.faa	2336.0	5.0	6.0	True			
rumen__10676_0001_idba	rumen__10676_0001_idba	rumen	rumen	Bacteria	10676_0001_idba	10676_0001_idba			ERZ1024255	webin-genome-10676_0001_idba_1kb	10676_0001_idba.fa.gz	rumen__10676_0001_idba.faa	rumen__10676_0001_idba	/home/rsg-jcorre38/Jay_Proyects/MethaNet/data/blue_catalyst_poc/proteomes/rumen__10676_0001_idba.faa	6000.0	5.0	7.0	True		https://ftp.sra.ebi.ac.uk/vol1/analysis/ERZ102/ERZ1024255/10676_0001_idba.fa.gz	https://ftp.ebi.ac.uk/vol1/analysis/ERZ102/ERZ1024255/10676_0001_idba.fa.gz
rumen__10676_0002_idba	rumen__10676_0002_idba	rumen	rumen	Bacteria	10676_0002_idba	10676_0002_idba			ERZ1024256	webin-genome-10676_0002_idba_1kb	10676_0002_idba.fa.gz	rumen__10676_0002_idba.faa	rumen__10676_0002_idba	/home/rsg-jcorre38/Jay_Proyects/MethaNet/data/blue_catalyst_poc/proteomes/rumen__10676_0002_idba.faa	6000.0	5.0	8.0	True		https://ftp.sra.ebi.ac.uk/vol1/analysis/ERZ102/ERZ1024256/10676_0002_idba.fa.gz	https://ftp.ebi.ac.uk/vol1/analysis/ERZ102/ERZ1024256/10676_0002_idba.fa.gz
rumen__10676_0006_idba	rumen__10676_0006_idba	rumen	rumen	Bacteria	10676_0006_idba	10676_0006_idba			ERZ1024258	webin-genome-10676_0006_idba_1kb	10676_0006_idba.fa.gz	rumen__10676_0006_idba.faa	rumen__10676_0006_idba	/home/rsg-jcorre38/Jay_Proyects/MethaNet/data/blue_catalyst_poc/proteomes/rumen__10676_0006_idba.faa	6000.0	5.0	9.0	True		https://ftp.sra.ebi.ac.uk/vol1/analysis/ERZ102/ERZ1024258/10676_0006_idba.fa.gz	https://ftp.ebi.ac.uk/vol1/analysis/ERZ102/ERZ1024258/10676_0006_idba.fa.gz
rumen__10676_0004_idba	rumen__10676_0004_idba	rumen	rumen	Bacteria	10676_0004_idba	10676_0004_idba			ERZ1024259	webin-genome-10676_0004_idba_1kb	10676_0004_idba.fa.gz	rumen__10676_0004_idba.faa	rumen__10676_0004_idba	/home/rsg-jcorre38/Jay_Proyects/MethaNet/data/blue_catalyst_poc/proteomes/rumen__10676_0004_idba.faa	6000.0	5.0	10.0	True		https://ftp.sra.ebi.ac.uk/vol1/analysis/ERZ102/ERZ1024259/10676_0004_idba.fa.gz	https://ftp.ebi.ac.uk/vol1/analysis/ERZ102/ERZ1024259/10676_0004_idba.fa.gz
rumen__10676_0015_idba	rumen__10676_0015_idba	rumen	rumen	Bacteria	10676_0015_idba	10676_0015_idba			ERZ1024260	webin-genome-10676_0015_idba_1kb	10676_0015_idba.fa.gz	rumen__10676_0015_idba.faa	rumen__10676_0015_idba	/home/rsg-jcorre38/Jay_Proyects/MethaNet/data/blue_catalyst_poc/proteomes/rumen__10676_0015_idba.faa	6000.0	5.0	11.0	True		https://ftp.sra.ebi.ac.uk/vol1/analysis/ERZ102/ERZ1024260/10676_0015_idba.fa.gz	https://ftp.ebi.ac.uk/vol1/analysis/ERZ102/ERZ1024260/10676_0015_idba.fa.gz
rumen__10676_0011_idba	rumen__10676_0011_idba	rumen	rumen	Bacteria	10676_0011_idba	10676_0011_idba			ERZ1024261	webin-genome-10676_0011_idba_1kb	10676_0011_idba.fa.gz	rumen__10676_0011_idba.faa	rumen__10676_0011_idba	/home/rsg-jcorre38/Jay_Proyects/MethaNet/data/blue_catalyst_poc/proteomes/rumen__10676_0011_idba.faa	6000.0	5.0	12.0	True		https://ftp.sra.ebi.ac.uk/vol1/analysis/ERZ102/ERZ1024261/10676_0011_idba.fa.gz	https://ftp.ebi.ac.uk/vol1/analysis/ERZ102/ERZ1024261/10676_0011_idba.fa.gz
rumen__10676_0010_idba	rumen__10676_0010_idba	rumen	rumen	Bacteria	10676_0010_idba	10676_0010_idba			ERZ1024262	webin-genome-10676_0010_idba_1kb	10676_0010_idba.fa.gz	rumen__10676_0010_idba.faa	rumen__10676_0010_idba	/home/rsg-jcorre38/Jay_Proyects/MethaNet/data/blue_catalyst_poc/proteomes/rumen__10676_0010_idba.faa	6000.0	5.0	13.0	True		https://ftp.sra.ebi.ac.uk/vol1/analysis/ERZ102/ERZ1024262/10676_0010_idba.fa.gz	https://ftp.ebi.ac.uk/vol1/analysis/ERZ102/ERZ1024262/10676_0010_idba.fa.gz
rumen__10676_0012_idba	rumen__10676_0012_idba	rumen	rumen	Bacteria	10676_0012_idba	10676_0012_idba			ERZ1024263	webin-genome-10676_0012_idba_1kb	10676_0012_idba.fa.gz	rumen__10676_0012_idba.faa	rumen__10676_0012_idba	/home/rsg-jcorre38/Jay_Proyects/MethaNet/data/blue_catalyst_poc/proteomes/rumen__10676_0012_idba.faa	6000.0	5.0	14.0	True		https://ftp.sra.ebi.ac.uk/vol1/analysis/ERZ102/ERZ1024263/10676_0012_idba.fa.gz	https://ftp.ebi.ac.uk/vol1/analysis/ERZ102/ERZ1024263/10676_0012_idba.fa.gz
rumen__10676_0018_idba	rumen__10676_0018_idba	rumen	rumen	Bacteria	10676_0018_idba	10676_0018_idba			ERZ1024264	webin-genome-10676_0018_idba_1kb	10676_0018_idba.fa.gz	rumen__10676_0018_idba.faa	rumen__10676_0018_idba	/home/rsg-jcorre38/Jay_Proyects/MethaNet/data/blue_catalyst_poc/proteomes/rumen__10676_0018_idba.faa	6000.0	5.0	15.0	True		https://ftp.sra.ebi.ac.uk/vol1/analysis/ERZ102/ERZ1024264/10676_0018_idba.fa.gz	https://ftp.ebi.ac.uk/vol1/analysis/ERZ102/ERZ1024264/10676_0018_idba.fa.gz
rumen__10676_0017_idba	rumen__10676_0017_idba	rumen	rumen	Bacteria	10676_0017_idba	10676_0017_idba			ERZ1024265	webin-genome-10676_0017_idba_1kb	10676_0017_idba.fa.gz	rumen__10676_0017_idba.faa	rumen__10676_0017_idba	/home/rsg-jcorre38/Jay_Proyects/MethaNet/data/blue_catalyst_poc/proteomes/rumen__10676_0017_idba.faa	6000.0	5.0	16.0	True		https://ftp.sra.ebi.ac.uk/vol1/analysis/ERZ102/ERZ1024265/10676_0017_idba.fa.gz	https://ftp.ebi.ac.uk/vol1/analysis/ERZ102/ERZ1024265/10676_0017_idba.fa.gz
rumen__10676_0022_idba	rumen__10676_0022_idba	rumen	rumen	Bacteria	10676_0022_idba	10676_0022_idba			ERZ1024266	webin-genome-10676_0022_idba_1kb	10676_0022_idba.fa.gz	rumen__10676_0022_idba.faa	rumen__10676_0022_idba	/home/rsg-jcorre38/Jay_Proyects/MethaNet/data/blue_catalyst_poc/proteomes/rumen__10676_0022_idba.faa	6000.0	5.0	17.0	True		https://ftp.sra.ebi.ac.uk/vol1/analysis/ERZ102/ERZ1024266/10676_0022_idba.fa.gz	https://ftp.ebi.ac.uk/vol1/analysis/ERZ102/ERZ1024266/10676_0022_idba.fa.gz
rumen__10676_0021_idba	rumen__10676_0021_idba	rumen	rumen	Bacteria	10676_0021_idba	10676_0021_idba			ERZ1024267	webin-genome-10676_0021_idba_1kb	10676_0021_idba.fa.gz	rumen__10676_0021_idba.faa	rumen__10676_0021_idba	/home/rsg-jcorre38/Jay_Proyects/MethaNet/data/blue_catalyst_poc/proteomes/rumen__10676_0021_idba.faa	6000.0	5.0	18.0	True		https://ftp.sra.ebi.ac.uk/vol1/analysis/ERZ102/ERZ1024267/10676_0021_idba.fa.gz	https://ftp.ebi.ac.uk/vol1/analysis/ERZ102/ERZ1024267/10676_0021_idba.fa.gz
rumen__10676_0025_idba	rumen__10676_0025_idba	rumen	rumen	Bacteria	10676_0025_idba	10676_0025_idba			ERZ1024268	webin-genome-10676_0025_idba_1kb	10676_0025_idba.fa.gz	rumen__10676_0025_idba.faa	rumen__10676_0025_idba	/home/rsg-jcorre38/Jay_Proyects/MethaNet/data/blue_catalyst_poc/proteomes/rumen__10676_0025_idba.faa	6000.0	5.0	19.0	True		https://ftp.sra.ebi.ac.uk/vol1/analysis/ERZ102/ERZ1024268/10676_0025_idba.fa.gz	https://ftp.ebi.ac.uk/vol1/analysis/ERZ102/ERZ1024268/10676_0025_idba.fa.gz
rumen__10676_0028_idba	rumen__10676_0028_idba	rumen	rumen	Bacteria	10676_0028_idba	10676_0028_idba			ERZ1024269	webin-genome-10676_0028_idba_1kb	10676_0028_idba.fa.gz	rumen__10676_0028_idba.faa	rumen__10676_0028_idba	/home/rsg-jcorre38/Jay_Proyects/MethaNet/data/blue_catalyst_poc/proteomes/rumen__10676_0028_idba.faa	6000.0	5.0	20.0	True		https://ftp.sra.ebi.ac.uk/vol1/analysis/ERZ102/ERZ1024269/10676_0028_idba.fa.gz	https://ftp.ebi.ac.uk/vol1/analysis/ERZ102/ERZ1024269/10676_0028_idba.fa.gz
rumen__10676_0020_idba	rumen__10676_0020_idba	rumen	rumen	Bacteria	10676_0020_idba	10676_0020_idba			ERZ1024270	webin-genome-10676_0020_idba_1kb	10676_0020_idba.fa.gz	rumen__10676_0020_idba.faa	rumen__10676_0020_idba	/home/rsg-jcorre38/Jay_Proyects/MethaNet/data/blue_catalyst_poc/proteomes/rumen__10676_0020_idba.faa	6000.0	5.0	21.0	True		https://ftp.sra.ebi.ac.uk/vol1/analysis/ERZ102/ERZ1024270/10676_0020_idba.fa.gz	https://ftp.ebi.ac.uk/vol1/analysis/ERZ102/ERZ1024270/10676_0020_idba.fa.gz
rumen__10676_0029_idba	rumen__10676_0029_idba	rumen	rumen	Bacteria	10676_0029_idba	10676_0029_idba			ERZ1024271	webin-genome-10676_0029_idba_1kb	10676_0029_idba.fa.gz	rumen__10676_0029_idba.faa	rumen__10676_0029_idba	/home/rsg-jcorre38/Jay_Proyects/MethaNet/data/blue_catalyst_poc/proteomes/rumen__10676_0029_idba.faa	6000.0	5.0	22.0	True		https://ftp.sra.ebi.ac.uk/vol1/analysis/ERZ102/ERZ1024271/10676_0029_idba.fa.gz	https://ftp.ebi.ac.uk/vol1/analysis/ERZ102/ERZ1024271/10676_0029_idba.fa.gz
rumen__10676_0035_idba	rumen__10676_0035_idba	rumen	rumen	Bacteria	10676_0035_idba	10676_0035_idba			ERZ1024272	webin-genome-10676_0035_idba_1kb	10676_0035_idba.fa.gz	rumen__10676_0035_idba.faa	rumen__10676_0035_idba	/home/rsg-jcorre38/Jay_Proyects/MethaNet/data/blue_catalyst_poc/proteomes/rumen__10676_0035_idba.faa	6000.0	5.0	23.0	True		https://ftp.sra.ebi.ac.uk/vol1/analysis/ERZ102/ERZ1024272/10676_0035_idba.fa.gz	https://ftp.ebi.ac.uk/vol1/analysis/ERZ102/ERZ1024272/10676_0035_idba.fa.gz
rumen__10676_0034_idba	rumen__10676_0034_idba	rumen	rumen	Bacteria	10676_0034_idba	10676_0034_idba			ERZ1024273	webin-genome-10676_0034_idba_1kb	10676_0034_idba.fa.gz	rumen__10676_0034_idba.faa	rumen__10676_0034_idba	/home/rsg-jcorre38/Jay_Proyects/MethaNet/data/blue_catalyst_poc/proteomes/rumen__10676_0034_idba.faa	6000.0	5.0	24.0	True		https://ftp.sra.ebi.ac.uk/vol1/analysis/ERZ102/ERZ1024273/10676_0034_idba.fa.gz	https://ftp.ebi.ac.uk/vol1/analysis/ERZ102/ERZ1024273/10676_0034_idba.fa.gz
rumen__10676_0030_idba	rumen__10676_0030_idba	rumen	rumen	Bacteria	10676_0030_idba	10676_0030_idba			ERZ1024274	webin-genome-10676_0030_idba_1kb	10676_0030_idba.fa.gz	rumen__10676_0030_idba.faa	rumen__10676_0030_idba	/home/rsg-jcorre38/Jay_Proyects/MethaNet/data/blue_catalyst_poc/proteomes/rumen__10676_0030_idba.faa	6000.0	6.0	0.0	True		https://ftp.sra.ebi.ac.uk/vol1/analysis/ERZ102/ERZ1024274/10676_0030_idba.fa.gz	https://ftp.ebi.ac.uk/vol1/analysis/ERZ102/ERZ1024274/10676_0030_idba.fa.gz
rumen__10676_0036_idba	rumen__10676_0036_idba	rumen	rumen	Bacteria	10676_0036_idba	10676_0036_idba			ERZ1024275	webin-genome-10676_0036_idba_1kb	10676_0036_idba.fa.gz	rumen__10676_0036_idba.faa	rumen__10676_0036_idba	/home/rsg-jcorre38/Jay_Proyects/MethaNet/data/blue_catalyst_poc/proteomes/rumen__10676_0036_idba.faa	6000.0	6.0	1.0	True		https://ftp.sra.ebi.ac.uk/vol1/analysis/ERZ102/ERZ1024275/10676_0036_idba.fa.gz	https://ftp.ebi.ac.uk/vol1/analysis/ERZ102/ERZ1024275/10676_0036_idba.fa.gz
rumen__10676_0032_idba	rumen__10676_0032_idba	rumen	rumen	Bacteria	10676_0032_idba	10676_0032_idba			ERZ1024276	webin-genome-10676_0032_idba_1kb	10676_0032_idba.fa.gz	rumen__10676_0032_idba.faa	rumen__10676_0032_idba	/home/rsg-jcorre38/Jay_Proyects/MethaNet/data/blue_catalyst_poc/proteomes/rumen__10676_0032_idba.faa	6000.0	6.0	2.0	True		https://ftp.sra.ebi.ac.uk/vol1/analysis/ERZ102/ERZ1024276/10676_0032_idba.fa.gz	https://ftp.ebi.ac.uk/vol1/analysis/ERZ102/ERZ1024276/10676_0032_idba.fa.gz
rumen__10676_0026_idba	rumen__10676_0026_idba	rumen	rumen	Bacteria	10676_0026_idba	10676_0026_idba			ERZ1024277	webin-genome-10676_0026_idba_1kb	10676_0026_idba.fa.gz	rumen__10676_0026_idba.faa	rumen__10676_0026_idba	/home/rsg-jcorre38/Jay_Proyects/MethaNet/data/blue_catalyst_poc/proteomes/rumen__10676_0026_idba.faa	6000.0	6.0	3.0	True		https://ftp.sra.ebi.ac.uk/vol1/analysis/ERZ102/ERZ1024277/10676_0026_idba.fa.gz	https://ftp.ebi.ac.uk/vol1/analysis/ERZ102/ERZ1024277/10676_0026_idba.fa.gz
rumen__10676_0033_idba	rumen__10676_0033_idba	rumen	rumen	Bacteria	10676_0033_idba	10676_0033_idba			ERZ1024278	webin-genome-10676_0033_idba_1kb	10676_0033_idba.fa.gz	rumen__10676_0033_idba.faa	rumen__10676_0033_idba	/home/rsg-jcorre38/Jay_Proyects/MethaNet/data/blue_catalyst_poc/proteomes/rumen__10676_0033_idba.faa	6000.0	6.0	4.0	True		https://ftp.sra.ebi.ac.uk/vol1/analysis/ERZ102/ERZ1024278/10676_0033_idba.fa.gz	https://ftp.ebi.ac.uk/vol1/analysis/ERZ102/ERZ1024278/10676_0033_idba.fa.gz
rumen__10676_0027_idba	rumen__10676_0027_idba	rumen	rumen	Bacteria	10676_0027_idba	10676_0027_idba			ERZ1024280	webin-genome-10676_0027_idba_1kb	10676_0027_idba.fa.gz	rumen__10676_0027_idba.faa	rumen__10676_0027_idba	/home/rsg-jcorre38/Jay_Proyects/MethaNet/data/blue_catalyst_poc/proteomes/rumen__10676_0027_idba.faa	6000.0	6.0	5.0	True		https://ftp.sra.ebi.ac.uk/vol1/analysis/ERZ102/ERZ1024280/10676_0027_idba.fa.gz	https://ftp.ebi.ac.uk/vol1/analysis/ERZ102/ERZ1024280/10676_0027_idba.fa.gz
rumen__10676_0048_idba	rumen__10676_0048_idba	rumen	rumen	Bacteria	10676_0048_idba	10676_0048_idba			ERZ1024281	webin-genome-10676_0048_idba_1kb	10676_0048_idba.fa.gz	rumen__10676_0048_idba.faa	rumen__10676_0048_idba	/home/rsg-jcorre38/Jay_Proyects/MethaNet/data/blue_catalyst_poc/proteomes/rumen__10676_0048_idba.faa	6000.0	6.0	6.0	True		https://ftp.sra.ebi.ac.uk/vol1/analysis/ERZ102/ERZ1024281/10676_0048_idba.fa.gz	https://ftp.ebi.ac.uk/vol1/analysis/ERZ102/ERZ1024281/10676_0048_idba.fa.gz
rumen__10676_0046_idba	rumen__10676_0046_idba	rumen	rumen	Bacteria	10676_0046_idba	10676_0046_idba			ERZ1024282	webin-genome-10676_0046_idba_1kb	10676_0046_idba.fa.gz	rumen__10676_0046_idba.faa	rumen__10676_0046_idba	/home/rsg-jcorre38/Jay_Proyects/MethaNet/data/blue_catalyst_poc/proteomes/rumen__10676_0046_idba.faa	6000.0	6.0	7.0	True		https://ftp.sra.ebi.ac.uk/vol1/analysis/ERZ102/ERZ1024282/10676_0046_idba.fa.gz	https://ftp.ebi.ac.uk/vol1/analysis/ERZ102/ERZ1024282/10676_0046_idba.fa.gz
rumen__10676_0049_idba	rumen__10676_0049_idba	rumen	rumen	Bacteria	10676_0049_idba	10676_0049_idba			ERZ1024284	webin-genome-10676_0049_idba_1kb	10676_0049_idba.fa.gz	rumen__10676_0049_idba.faa	rumen__10676_0049_idba	/home/rsg-jcorre38/Jay_Proyects/MethaNet/data/blue_catalyst_poc/proteomes/rumen__10676_0049_idba.faa	6000.0	6.0	8.0	True		https://ftp.sra.ebi.ac.uk/vol1/analysis/ERZ102/ERZ1024284/10676_0049_idba.fa.gz	https://ftp.ebi.ac.uk/vol1/analysis/ERZ102/ERZ1024284/10676_0049_idba.fa.gz
rumen__10676_0042_idba	rumen__10676_0042_idba	rumen	rumen	Bacteria	10676_0042_idba	10676_0042_idba			ERZ1024285	webin-genome-10676_0042_idba_1kb	10676_0042_idba.fa.gz	rumen__10676_0042_idba.faa	rumen__10676_0042_idba	/home/rsg-jcorre38/Jay_Proyects/MethaNet/data/blue_catalyst_poc/proteomes/rumen__10676_0042_idba.faa	6000.0	6.0	9.0	True		https://ftp.sra.ebi.ac.uk/vol1/analysis/ERZ102/ERZ1024285/10676_0042_idba.fa.gz	https://ftp.ebi.ac.uk/vol1/analysis/ERZ102/ERZ1024285/10676_0042_idba.fa.gz
rumen__10676_0043_idba	rumen__10676_0043_idba	rumen	rumen	Bacteria	10676_0043_idba	10676_0043_idba			ERZ1024286	webin-genome-10676_0043_idba_1kb	10676_0043_idba.fa.gz	rumen__10676_0043_idba.faa	rumen__10676_0043_idba	/home/rsg-jcorre38/Jay_Proyects/MethaNet/data/blue_catalyst_poc/proteomes/rumen__10676_0043_idba.faa	6000.0	6.0	10.0	True		https://ftp.sra.ebi.ac.uk/vol1/analysis/ERZ102/ERZ1024286/10676_0043_idba.fa.gz	https://ftp.ebi.ac.uk/vol1/analysis/ERZ102/ERZ1024286/10676_0043_idba.fa.gz
rumen__10676_0051_idba	rumen__10676_0051_idba	rumen	rumen	Bacteria	10676_0051_idba	10676_0051_idba			ERZ1024287	webin-genome-10676_0051_idba_1kb	10676_0051_idba.fa.gz	rumen__10676_0051_idba.faa	rumen__10676_0051_idba	/home/rsg-jcorre38/Jay_Proyects/MethaNet/data/blue_catalyst_poc/proteomes/rumen__10676_0051_idba.faa	6000.0	6.0	11.0	True		https://ftp.sra.ebi.ac.uk/vol1/analysis/ERZ102/ERZ1024287/10676_0051_idba.fa.gz	https://ftp.ebi.ac.uk/vol1/analysis/ERZ102/ERZ1024287/10676_0051_idba.fa.gz
rumen__10676_0039_idba	rumen__10676_0039_idba	rumen	rumen	Bacteria	10676_0039_idba	10676_0039_idba			ERZ1024290	webin-genome-10676_0039_idba_1kb	10676_0039_idba.fa.gz	rumen__10676_0039_idba.faa	rumen__10676_0039_idba	/home/rsg-jcorre38/Jay_Proyects/MethaNet/data/blue_catalyst_poc/proteomes/rumen__10676_0039_idba.faa	6000.0	6.0	12.0	True		https://ftp.sra.ebi.ac.uk/vol1/analysis/ERZ102/ERZ1024290/10676_0039_idba.fa.gz	https://ftp.ebi.ac.uk/vol1/analysis/ERZ102/ERZ1024290/10676_0039_idba.fa.gz
rumen__10676_0050_idba	rumen__10676_0050_idba	rumen	rumen	Bacteria	10676_0050_idba	10676_0050_idba			ERZ1024291	webin-genome-10676_0050_idba_1kb	10676_0050_idba.fa.gz	rumen__10676_0050_idba.faa	rumen__10676_0050_idba	/home/rsg-jcorre38/Jay_Proyects/MethaNet/data/blue_catalyst_poc/proteomes/rumen__10676_0050_idba.faa	6000.0	6.0	13.0	True		https://ftp.sra.ebi.ac.uk/vol1/analysis/ERZ102/ERZ1024291/10676_0050_idba.fa.gz	https://ftp.ebi.ac.uk/vol1/analysis/ERZ102/ERZ1024291/10676_0050_idba.fa.gz
rumen__10676_0047_idba	rumen__10676_0047_idba	rumen	rumen	Bacteria	10676_0047_idba	10676_0047_idba			ERZ1024292	webin-genome-10676_0047_idba_1kb	10676_0047_idba.fa.gz	rumen__10676_0047_idba.faa	rumen__10676_0047_idba	/home/rsg-jcorre38/Jay_Proyects/MethaNet/data/blue_catalyst_poc/proteomes/rumen__10676_0047_idba.faa	6000.0	6.0	14.0	True		https://ftp.sra.ebi.ac.uk/vol1/analysis/ERZ102/ERZ1024292/10676_0047_idba.fa.gz	https://ftp.ebi.ac.uk/vol1/analysis/ERZ102/ERZ1024292/10676_0047_idba.fa.gz
rumen__10676_0023_idba	rumen__10676_0023_idba	rumen	rumen	Bacteria	10676_0023_idba	10676_0023_idba			ERZ1024293	webin-genome-10676_0023_idba_1kb	10676_0023_idba.fa.gz	rumen__10676_0023_idba.faa	rumen__10676_0023_idba	/home/rsg-jcorre38/Jay_Proyects/MethaNet/data/blue_catalyst_poc/proteomes/rumen__10676_0023_idba.faa	6000.0	6.0	15.0	True		https://ftp.sra.ebi.ac.uk/vol1/analysis/ERZ102/ERZ1024293/10676_0023_idba.fa.gz	https://ftp.ebi.ac.uk/vol1/analysis/ERZ102/ERZ1024293/10676_0023_idba.fa.gz
rumen__10676_0009_idba	rumen__10676_0009_idba	rumen	rumen	Bacteria	10676_0009_idba	10676_0009_idba			ERZ1024294	webin-genome-10676_0009_idba_1kb	10676_0009_idba.fa.gz	rumen__10676_0009_idba.faa	rumen__10676_0009_idba	/home/rsg-jcorre38/Jay_Proyects/MethaNet/data/blue_catalyst_poc/proteomes/rumen__10676_0009_idba.faa	6000.0	6.0	16.0	True		https://ftp.sra.ebi.ac.uk/vol1/analysis/ERZ102/ERZ1024294/10676_0009_idba.fa.gz	https://ftp.ebi.ac.uk/vol1/analysis/ERZ102/ERZ1024294/10676_0009_idba.fa.gz
rumen__10676_0024_idba	rumen__10676_0024_idba	rumen	rumen	Bacteria	10676_0024_idba	10676_0024_idba			ERZ1024295	webin-genome-10676_0024_idba_1kb	10676_0024_idba.fa.gz	rumen__10676_0024_idba.faa	rumen__10676_0024_idba	/home/rsg-jcorre38/Jay_Proyects/MethaNet/data/blue_catalyst_poc/proteomes/rumen__10676_0024_idba.faa	6000.0	6.0	17.0	True		https://ftp.sra.ebi.ac.uk/vol1/analysis/ERZ102/ERZ1024295/10676_0024_idba.fa.gz	https://ftp.ebi.ac.uk/vol1/analysis/ERZ102/ERZ1024295/10676_0024_idba.fa.gz
rumen__10676_0014_idba	rumen__10676_0014_idba	rumen	rumen	Bacteria	10676_0014_idba	10676_0014_idba			ERZ1024302	webin-genome-10676_0014_idba_1kb	10676_0014_idba.fa.gz	rumen__10676_0014_idba.faa	rumen__10676_0014_idba	/home/rsg-jcorre38/Jay_Proyects/MethaNet/data/blue_catalyst_poc/proteomes/rumen__10676_0014_idba.faa	6000.0	6.0	18.0	True		https://ftp.sra.ebi.ac.uk/vol1/analysis/ERZ102/ERZ1024302/10676_0014_idba.fa.gz	https://ftp.ebi.ac.uk/vol1/analysis/ERZ102/ERZ1024302/10676_0014_idba.fa.gz
rumen__10674_0001_idba_bin.10	rumen__10674_0001_idba_bin.10	rumen	rumen	Bacteria	10674_0001_idba_bin.10	10674_0001_idba	bin.10		ERZ1036795	webin-genome-10674_0001_idba_bin.10	10674_0001_idba_bin.10.fa.gz	rumen__10674_0001_idba_bin.10.faa	rumen__10674_0001_idba_bin.10	/home/rsg-jcorre38/Jay_Proyects/MethaNet/data/blue_catalyst_poc/proteomes/rumen__10674_0001_idba_bin.10.faa	1926.0	6.0	19.0	True		https://ftp.sra.ebi.ac.uk/vol1/analysis/ERZ103/ERZ1036795/10674_0001_idba_bin.10.fa.gz	https://ftp.ebi.ac.uk/vol1/analysis/ERZ103/ERZ1036795/10674_0001_idba_bin.10.fa.gz
rumen__10674_0001_idba_bin.100	rumen__10674_0001_idba_bin.100	rumen	rumen	Bacteria	10674_0001_idba_bin.100	10674_0001_idba	bin.100		ERZ1037592	webin-genome-10674_0001_idba_bin.100	10674_0001_idba_bin.100.fa.gz	rumen__10674_0001_idba_bin.100.faa	rumen__10674_0001_idba_bin.100	/home/rsg-jcorre38/Jay_Proyects/MethaNet/data/blue_catalyst_poc/proteomes/rumen__10674_0001_idba_bin.100.faa	1971.0	6.0	20.0	True		https://ftp.sra.ebi.ac.uk/vol1/analysis/ERZ103/ERZ1037592/10674_0001_idba_bin.100.fa.gz	https://ftp.ebi.ac.uk/vol1/analysis/ERZ103/ERZ1037592/10674_0001_idba_bin.100.fa.gz
rumen__10674_0001_idba_bin.102	rumen__10674_0001_idba_bin.102	rumen	rumen	Bacteria	10674_0001_idba_bin.102	10674_0001_idba	bin.102		ERZ1037593	webin-genome-10674_0001_idba_bin.102	10674_0001_idba_bin.102.fa.gz	rumen__10674_0001_idba_bin.102.faa	rumen__10674_0001_idba_bin.102	/home/rsg-jcorre38/Jay_Proyects/MethaNet/data/blue_catalyst_poc/proteomes/rumen__10674_0001_idba_bin.102.faa	926.0	6.0	21.0	True		https://ftp.sra.ebi.ac.uk/vol1/analysis/ERZ103/ERZ1037593/10674_0001_idba_bin.102.fa.gz	https://ftp.ebi.ac.uk/vol1/analysis/ERZ103/ERZ1037593/10674_0001_idba_bin.102.fa.gz
rumen__10674_0001_idba_bin.11	rumen__10674_0001_idba_bin.11	rumen	rumen	Bacteria	10674_0001_idba_bin.11	10674_0001_idba	bin.11		ERZ1037594	webin-genome-10674_0001_idba_bin.11	10674_0001_idba_bin.11.fa.gz	rumen__10674_0001_idba_bin.11.faa	rumen__10674_0001_idba_bin.11	/home/rsg-jcorre38/Jay_Proyects/MethaNet/data/blue_catalyst_poc/proteomes/rumen__10674_0001_idba_bin.11.faa	1926.0	6.0	22.0	True		https://ftp.sra.ebi.ac.uk/vol1/analysis/ERZ103/ERZ1037594/10674_0001_idba_bin.11.fa.gz	https://ftp.ebi.ac.uk/vol1/analysis/ERZ103/ERZ1037594/10674_0001_idba_bin.11.fa.gz
rumen__10674_0001_idba_bin.20	rumen__10674_0001_idba_bin.20	rumen	rumen	Bacteria	10674_0001_idba_bin.20	10674_0001_idba	bin.20		ERZ1037595	webin-genome-10674_0001_idba_bin.20	10674_0001_idba_bin.20.fa.gz	rumen__10674_0001_idba_bin.20.faa	rumen__10674_0001_idba_bin.20	/home/rsg-jcorre38/Jay_Proyects/MethaNet/data/blue_catalyst_poc/proteomes/rumen__10674_0001_idba_bin.20.faa	1564.0	6.0	23.0	True		https://ftp.sra.ebi.ac.uk/vol1/analysis/ERZ103/ERZ1037595/10674_0001_idba_bin.20.fa.gz	https://ftp.ebi.ac.uk/vol1/analysis/ERZ103/ERZ1037595/10674_0001_idba_bin.20.fa.gz
rumen__10674_0001_idba_bin.23	rumen__10674_0001_idba_bin.23	rumen	rumen	Archaea	10674_0001_idba_bin.23	10674_0001_idba	bin.23		ERZ1037596	webin-genome-10674_0001_idba_bin.23	10674_0001_idba_bin.23.fa.gz	rumen__10674_0001_idba_bin.23.faa	rumen__10674_0001_idba_bin.23	/home/rsg-jcorre38/Jay_Proyects/MethaNet/data/blue_catalyst_poc/proteomes/rumen__10674_0001_idba_bin.23.faa	1609.0	6.0	24.0	True		https://ftp.sra.ebi.ac.uk/vol1/analysis/ERZ103/ERZ1037596/10674_0001_idba_bin.23.fa.gz	https://ftp.ebi.ac.uk/vol1/analysis/ERZ103/ERZ1037596/10674_0001_idba_bin.23.fa.gz
rumen__10674_0001_idba_bin.24	rumen__10674_0001_idba_bin.24	rumen	rumen	Bacteria	10674_0001_idba_bin.24	10674_0001_idba	bin.24		ERZ1037597	webin-genome-10674_0001_idba_bin.24	10674_0001_idba_bin.24.fa.gz	rumen__10674_0001_idba_bin.24.faa	rumen__10674_0001_idba_bin.24	/home/rsg-jcorre38/Jay_Proyects/MethaNet/data/blue_catalyst_poc/proteomes/rumen__10674_0001_idba_bin.24.faa	1440.0	7.0	0.0	True		https://ftp.sra.ebi.ac.uk/vol1/analysis/ERZ103/ERZ1037597/10674_0001_idba_bin.24.fa.gz	https://ftp.ebi.ac.uk/vol1/analysis/ERZ103/ERZ1037597/10674_0001_idba_bin.24.fa.gz
rumen__10674_0001_idba_bin.26	rumen__10674_0001_idba_bin.26	rumen	rumen	Bacteria	10674_0001_idba_bin.26	10674_0001_idba	bin.26		ERZ1037598	webin-genome-10674_0001_idba_bin.26	10674_0001_idba_bin.26.fa.gz	rumen__10674_0001_idba_bin.26.faa	rumen__10674_0001_idba_bin.26	/home/rsg-jcorre38/Jay_Proyects/MethaNet/data/blue_catalyst_poc/proteomes/rumen__10674_0001_idba_bin.26.faa	2064.0	7.0	1.0	True		https://ftp.sra.ebi.ac.uk/vol1/analysis/ERZ103/ERZ1037598/10674_0001_idba_bin.26.fa.gz	https://ftp.ebi.ac.uk/vol1/analysis/ERZ103/ERZ1037598/10674_0001_idba_bin.26.fa.gz
rumen__10674_0001_idba_bin.37	rumen__10674_0001_idba_bin.37	rumen	rumen	Bacteria	10674_0001_idba_bin.37	10674_0001_idba	bin.37		ERZ1037599	webin-genome-10674_0001_idba_bin.37	10674_0001_idba_bin.37.fa.gz	rumen__10674_0001_idba_bin.37.faa	rumen__10674_0001_idba_bin.37	/home/rsg-jcorre38/Jay_Proyects/MethaNet/data/blue_catalyst_poc/proteomes/rumen__10674_0001_idba_bin.37.faa	2148.0	7.0	2.0	True		https://ftp.sra.ebi.ac.uk/vol1/analysis/ERZ103/ERZ1037599/10674_0001_idba_bin.37.fa.gz	https://ftp.ebi.ac.uk/vol1/analysis/ERZ103/ERZ1037599/10674_0001_idba_bin.37.fa.gz
rumen__10674_0001_idba_bin.4	rumen__10674_0001_idba_bin.4	rumen	rumen	Bacteria	10674_0001_idba_bin.4	10674_0001_idba	bin.4		ERZ1037600	webin-genome-10674_0001_idba_bin.4	10674_0001_idba_bin.4.fa.gz	rumen__10674_0001_idba_bin.4.faa	rumen__10674_0001_idba_bin.4	/home/rsg-jcorre38/Jay_Proyects/MethaNet/data/blue_catalyst_poc/proteomes/rumen__10674_0001_idba_bin.4.faa	2835.0	7.0	3.0	True		https://ftp.sra.ebi.ac.uk/vol1/analysis/ERZ103/ERZ1037600/10674_0001_idba_bin.4.fa.gz	https://ftp.ebi.ac.uk/vol1/analysis/ERZ103/ERZ1037600/10674_0001_idba_bin.4.fa.gz
rumen__10674_0001_idba_bin.45	rumen__10674_0001_idba_bin.45	rumen	rumen	Bacteria	10674_0001_idba_bin.45	10674_0001_idba	bin.45		ERZ1037601	webin-genome-10674_0001_idba_bin.45	10674_0001_idba_bin.45.fa.gz	rumen__10674_0001_idba_bin.45.faa	rumen__10674_0001_idba_bin.45	/home/rsg-jcorre38/Jay_Proyects/MethaNet/data/blue_catalyst_poc/proteomes/rumen__10674_0001_idba_bin.45.faa	2101.0	7.0	4.0	True		https://ftp.sra.ebi.ac.uk/vol1/analysis/ERZ103/ERZ1037601/10674_0001_idba_bin.45.fa.gz	https://ftp.ebi.ac.uk/vol1/analysis/ERZ103/ERZ1037601/10674_0001_idba_bin.45.fa.gz
rumen__10674_0001_idba_bin.49	rumen__10674_0001_idba_bin.49	rumen	rumen	Bacteria	10674_0001_idba_bin.49	10674_0001_idba	bin.49		ERZ1037602	webin-genome-10674_0001_idba_bin.49	10674_0001_idba_bin.49.fa.gz	rumen__10674_0001_idba_bin.49.faa	rumen__10674_0001_idba_bin.49	/home/rsg-jcorre38/Jay_Proyects/MethaNet/data/blue_catalyst_poc/proteomes/rumen__10674_0001_idba_bin.49.faa	2504.0	7.0	5.0	True		https://ftp.sra.ebi.ac.uk/vol1/analysis/ERZ103/ERZ1037602/10674_0001_idba_bin.49.fa.gz	https://ftp.ebi.ac.uk/vol1/analysis/ERZ103/ERZ1037602/10674_0001_idba_bin.49.fa.gz
rumen__10674_0001_idba_bin.52	rumen__10674_0001_idba_bin.52	rumen	rumen	Bacteria	10674_0001_idba_bin.52	10674_0001_idba	bin.52		ERZ1037603	webin-genome-10674_0001_idba_bin.52	10674_0001_idba_bin.52.fa.gz	rumen__10674_0001_idba_bin.52.faa	rumen__10674_0001_idba_bin.52	/home/rsg-jcorre38/Jay_Proyects/MethaNet/data/blue_catalyst_poc/proteomes/rumen__10674_0001_idba_bin.52.faa	1862.0	7.0	6.0	True		https://ftp.sra.ebi.ac.uk/vol1/analysis/ERZ103/ERZ1037603/10674_0001_idba_bin.52.fa.gz	https://ftp.ebi.ac.uk/vol1/analysis/ERZ103/ERZ1037603/10674_0001_idba_bin.52.fa.gz
rumen__10674_0001_idba_bin.54	rumen__10674_0001_idba_bin.54	rumen	rumen	Bacteria	10674_0001_idba_bin.54	10674_0001_idba	bin.54		ERZ1037604	webin-genome-10674_0001_idba_bin.54	10674_0001_idba_bin.54.fa.gz	rumen__10674_0001_idba_bin.54.faa	rumen__10674_0001_idba_bin.54	/home/rsg-jcorre38/Jay_Proyects/MethaNet/data/blue_catalyst_poc/proteomes/rumen__10674_0001_idba_bin.54.faa	1980.0	7.0	7.0	True		https://ftp.sra.ebi.ac.uk/vol1/analysis/ERZ103/ERZ1037604/10674_0001_idba_bin.54.fa.gz	https://ftp.ebi.ac.uk/vol1/analysis/ERZ103/ERZ1037604/10674_0001_idba_bin.54.fa.gz
rumen__10674_0001_idba_bin.56	rumen__10674_0001_idba_bin.56	rumen	rumen	Bacteria	10674_0001_idba_bin.56	10674_0001_idba	bin.56		ERZ1037605	webin-genome-10674_0001_idba_bin.56	10674_0001_idba_bin.56.fa.gz	rumen__10674_0001_idba_bin.56.faa	rumen__10674_0001_idba_bin.56	/home/rsg-jcorre38/Jay_Proyects/MethaNet/data/blue_catalyst_poc/proteomes/rumen__10674_0001_idba_bin.56.faa	2687.0	7.0	8.0	True		https://ftp.sra.ebi.ac.uk/vol1/analysis/ERZ103/ERZ1037605/10674_0001_idba_bin.56.fa.gz	https://ftp.ebi.ac.uk/vol1/analysis/ERZ103/ERZ1037605/10674_0001_idba_bin.56.fa.gz
rumen__10674_0001_idba_bin.6	rumen__10674_0001_idba_bin.6	rumen	rumen	Bacteria	10674_0001_idba_bin.6	10674_0001_idba	bin.6		ERZ1037606	webin-genome-10674_0001_idba_bin.6	10674_0001_idba_bin.6.fa.gz	rumen__10674_0001_idba_bin.6.faa	rumen__10674_0001_idba_bin.6	/home/rsg-jcorre38/Jay_Proyects/MethaNet/data/blue_catalyst_poc/proteomes/rumen__10674_0001_idba_bin.6.faa	1568.0	7.0	9.0	True		https://ftp.sra.ebi.ac.uk/vol1/analysis/ERZ103/ERZ1037606/10674_0001_idba_bin.6.fa.gz	https://ftp.ebi.ac.uk/vol1/analysis/ERZ103/ERZ1037606/10674_0001_idba_bin.6.fa.gz
rumen__10674_0001_idba_bin.66	rumen__10674_0001_idba_bin.66	rumen	rumen	Bacteria	10674_0001_idba_bin.66	10674_0001_idba	bin.66		ERZ1037607	webin-genome-10674_0001_idba_bin.66	10674_0001_idba_bin.66.fa.gz	rumen__10674_0001_idba_bin.66.faa	rumen__10674_0001_idba_bin.66	/home/rsg-jcorre38/Jay_Proyects/MethaNet/data/blue_catalyst_poc/proteomes/rumen__10674_0001_idba_bin.66.faa	1479.0	7.0	10.0	True		https://ftp.sra.ebi.ac.uk/vol1/analysis/ERZ103/ERZ1037607/10674_0001_idba_bin.66.fa.gz	https://ftp.ebi.ac.uk/vol1/analysis/ERZ103/ERZ1037607/10674_0001_idba_bin.66.fa.gz
rumen__10674_0001_idba_bin.72	rumen__10674_0001_idba_bin.72	rumen	rumen	Bacteria	10674_0001_idba_bin.72	10674_0001_idba	bin.72		ERZ1037608	webin-genome-10674_0001_idba_bin.72	10674_0001_idba_bin.72.fa.gz	rumen__10674_0001_idba_bin.72.faa	rumen__10674_0001_idba_bin.72	/home/rsg-jcorre38/Jay_Proyects/MethaNet/data/blue_catalyst_poc/proteomes/rumen__10674_0001_idba_bin.72.faa	1655.0	7.0	11.0	True		https://ftp.sra.ebi.ac.uk/vol1/analysis/ERZ103/ERZ1037608/10674_0001_idba_bin.72.fa.gz	https://ftp.ebi.ac.uk/vol1/analysis/ERZ103/ERZ1037608/10674_0001_idba_bin.72.fa.gz
rumen__10674_0001_idba_bin.73	rumen__10674_0001_idba_bin.73	rumen	rumen	Bacteria	10674_0001_idba_bin.73	10674_0001_idba	bin.73		ERZ1037609	webin-genome-10674_0001_idba_bin.73	10674_0001_idba_bin.73.fa.gz	rumen__10674_0001_idba_bin.73.faa	rumen__10674_0001_idba_bin.73	/home/rsg-jcorre38/Jay_Proyects/MethaNet/data/blue_catalyst_poc/proteomes/rumen__10674_0001_idba_bin.73.faa	1810.0	7.0	12.0	True		https://ftp.sra.ebi.ac.uk/vol1/analysis/ERZ103/ERZ1037609/10674_0001_idba_bin.73.fa.gz	https://ftp.ebi.ac.uk/vol1/analysis/ERZ103/ERZ1037609/10674_0001_idba_bin.73.fa.gz
rumen__10674_0001_idba_bin.75	rumen__10674_0001_idba_bin.75	rumen	rumen	Bacteria	10674_0001_idba_bin.75	10674_0001_idba	bin.75		ERZ1037610	webin-genome-10674_0001_idba_bin.75	10674_0001_idba_bin.75.fa.gz	rumen__10674_0001_idba_bin.75.faa	rumen__10674_0001_idba_bin.75	/home/rsg-jcorre38/Jay_Proyects/MethaNet/data/blue_catalyst_poc/proteomes/rumen__10674_0001_idba_bin.75.faa	2431.0	7.0	13.0	True		https://ftp.sra.ebi.ac.uk/vol1/analysis/ERZ103/ERZ1037610/10674_0001_idba_bin.75.fa.gz	https://ftp.ebi.ac.uk/vol1/analysis/ERZ103/ERZ1037610/10674_0001_idba_bin.75.fa.gz
rumen__10674_0001_idba_bin.78	rumen__10674_0001_idba_bin.78	rumen	rumen	Bacteria	10674_0001_idba_bin.78	10674_0001_idba	bin.78		ERZ1037611	webin-genome-10674_0001_idba_bin.78	10674_0001_idba_bin.78.fa.gz	rumen__10674_0001_idba_bin.78.faa	rumen__10674_0001_idba_bin.78	/home/rsg-jcorre38/Jay_Proyects/MethaNet/data/blue_catalyst_poc/proteomes/rumen__10674_0001_idba_bin.78.faa	1345.0	7.0	14.0	True		https://ftp.sra.ebi.ac.uk/vol1/analysis/ERZ103/ERZ1037611/10674_0001_idba_bin.78.fa.gz	https://ftp.ebi.ac.uk/vol1/analysis/ERZ103/ERZ1037611/10674_0001_idba_bin.78.fa.gz
rumen__10674_0001_idba_bin.79	rumen__10674_0001_idba_bin.79	rumen	rumen	Bacteria	10674_0001_idba_bin.79	10674_0001_idba	bin.79		ERZ1037612	webin-genome-10674_0001_idba_bin.79	10674_0001_idba_bin.79.fa.gz	rumen__10674_0001_idba_bin.79.faa	rumen__10674_0001_idba_bin.79	/home/rsg-jcorre38/Jay_Proyects/MethaNet/data/blue_catalyst_poc/proteomes/rumen__10674_0001_idba_bin.79.faa	1887.0	7.0	15.0	True		https://ftp.sra.ebi.ac.uk/vol1/analysis/ERZ103/ERZ1037612/10674_0001_idba_bin.79.fa.gz	https://ftp.ebi.ac.uk/vol1/analysis/ERZ103/ERZ1037612/10674_0001_idba_bin.79.fa.gz
rumen__10674_0001_idba_bin.80	rumen__10674_0001_idba_bin.80	rumen	rumen	Bacteria	10674_0001_idba_bin.80	10674_0001_idba	bin.80		ERZ1037613	webin-genome-10674_0001_idba_bin.80	10674_0001_idba_bin.80.fa.gz	rumen__10674_0001_idba_bin.80.faa	rumen__10674_0001_idba_bin.80	/home/rsg-jcorre38/Jay_Proyects/MethaNet/data/blue_catalyst_poc/proteomes/rumen__10674_0001_idba_bin.80.faa	1765.0	7.0	16.0	True		https://ftp.sra.ebi.ac.uk/vol1/analysis/ERZ103/ERZ1037613/10674_0001_idba_bin.80.fa.gz	https://ftp.ebi.ac.uk/vol1/analysis/ERZ103/ERZ1037613/10674_0001_idba_bin.80.fa.gz
rumen__10674_0001_idba_bin.88	rumen__10674_0001_idba_bin.88	rumen	rumen	Bacteria	10674_0001_idba_bin.88	10674_0001_idba	bin.88		ERZ1037614	webin-genome-10674_0001_idba_bin.88	10674_0001_idba_bin.88.fa.gz	rumen__10674_0001_idba_bin.88.faa	rumen__10674_0001_idba_bin.88	/home/rsg-jcorre38/Jay_Proyects/MethaNet/data/blue_catalyst_poc/proteomes/rumen__10674_0001_idba_bin.88.faa	3838.0	7.0	17.0	True		https://ftp.sra.ebi.ac.uk/vol1/analysis/ERZ103/ERZ1037614/10674_0001_idba_bin.88.fa.gz	https://ftp.ebi.ac.uk/vol1/analysis/ERZ103/ERZ1037614/10674_0001_idba_bin.88.fa.gz
rumen__10674_0001_idba_bin.92	rumen__10674_0001_idba_bin.92	rumen	rumen	Bacteria	10674_0001_idba_bin.92	10674_0001_idba	bin.92		ERZ1037615	webin-genome-10674_0001_idba_bin.92	10674_0001_idba_bin.92.fa.gz	rumen__10674_0001_idba_bin.92.faa	rumen__10674_0001_idba_bin.92	/home/rsg-jcorre38/Jay_Proyects/MethaNet/data/blue_catalyst_poc/proteomes/rumen__10674_0001_idba_bin.92.faa	1433.0	7.0	18.0	True		https://ftp.sra.ebi.ac.uk/vol1/analysis/ERZ103/ERZ1037615/10674_0001_idba_bin.92.fa.gz	https://ftp.ebi.ac.uk/vol1/analysis/ERZ103/ERZ1037615/10674_0001_idba_bin.92.fa.gz
rumen__10674_0001_idba_bin.93	rumen__10674_0001_idba_bin.93	rumen	rumen	Bacteria	10674_0001_idba_bin.93	10674_0001_idba	bin.93		ERZ1037616	webin-genome-10674_0001_idba_bin.93	10674_0001_idba_bin.93.fa.gz	rumen__10674_0001_idba_bin.93.faa	rumen__10674_0001_idba_bin.93	/home/rsg-jcorre38/Jay_Proyects/MethaNet/data/blue_catalyst_poc/proteomes/rumen__10674_0001_idba_bin.93.faa	1178.0	7.0	19.0	True		https://ftp.sra.ebi.ac.uk/vol1/analysis/ERZ103/ERZ1037616/10674_0001_idba_bin.93.fa.gz	https://ftp.ebi.ac.uk/vol1/analysis/ERZ103/ERZ1037616/10674_0001_idba_bin.93.fa.gz
rumen__10674_0001_idba_bin.96	rumen__10674_0001_idba_bin.96	rumen	rumen	Bacteria	10674_0001_idba_bin.96	10674_0001_idba	bin.96		ERZ1037617	webin-genome-10674_0001_idba_bin.96	10674_0001_idba_bin.96.fa.gz	rumen__10674_0001_idba_bin.96.faa	rumen__10674_0001_idba_bin.96	/home/rsg-jcorre38/Jay_Proyects/MethaNet/data/blue_catalyst_poc/proteomes/rumen__10674_0001_idba_bin.96.faa	1145.0	7.0	20.0	True		https://ftp.sra.ebi.ac.uk/vol1/analysis/ERZ103/ERZ1037617/10674_0001_idba_bin.96.fa.gz	https://ftp.ebi.ac.uk/vol1/analysis/ERZ103/ERZ1037617/10674_0001_idba_bin.96.fa.gz
rumen__10674_0002_idba_bin.1	rumen__10674_0002_idba_bin.1	rumen	rumen	Bacteria	10674_0002_idba_bin.1	10674_0002_idba	bin.1		ERZ1037618	webin-genome-10674_0002_idba_bin.1	10674_0002_idba_bin.1.fa.gz	rumen__10674_0002_idba_bin.1.faa	rumen__10674_0002_idba_bin.1	/home/rsg-jcorre38/Jay_Proyects/MethaNet/data/blue_catalyst_poc/proteomes/rumen__10674_0002_idba_bin.1.faa	1358.0	7.0	21.0	True		https://ftp.sra.ebi.ac.uk/vol1/analysis/ERZ103/ERZ1037618/10674_0002_idba_bin.1.fa.gz	https://ftp.ebi.ac.uk/vol1/analysis/ERZ103/ERZ1037618/10674_0002_idba_bin.1.fa.gz
rumen__10674_0002_idba_bin.10	rumen__10674_0002_idba_bin.10	rumen	rumen	Bacteria	10674_0002_idba_bin.10	10674_0002_idba	bin.10		ERZ1037619	webin-genome-10674_0002_idba_bin.10	10674_0002_idba_bin.10.fa.gz	rumen__10674_0002_idba_bin.10.faa	rumen__10674_0002_idba_bin.10	/home/rsg-jcorre38/Jay_Proyects/MethaNet/data/blue_catalyst_poc/proteomes/rumen__10674_0002_idba_bin.10.faa	2537.0	7.0	22.0	True		https://ftp.sra.ebi.ac.uk/vol1/analysis/ERZ103/ERZ1037619/10674_0002_idba_bin.10.fa.gz	https://ftp.ebi.ac.uk/vol1/analysis/ERZ103/ERZ1037619/10674_0002_idba_bin.10.fa.gz
rumen__10674_0002_idba_bin.100	rumen__10674_0002_idba_bin.100	rumen	rumen	Bacteria	10674_0002_idba_bin.100	10674_0002_idba	bin.100		ERZ1037620	webin-genome-10674_0002_idba_bin.100	10674_0002_idba_bin.100.fa.gz	rumen__10674_0002_idba_bin.100.faa	rumen__10674_0002_idba_bin.100	/home/rsg-jcorre38/Jay_Proyects/MethaNet/data/blue_catalyst_poc/proteomes/rumen__10674_0002_idba_bin.100.faa	3084.0	7.0	23.0	True		https://ftp.sra.ebi.ac.uk/vol1/analysis/ERZ103/ERZ1037620/10674_0002_idba_bin.100.fa.gz	https://ftp.ebi.ac.uk/vol1/analysis/ERZ103/ERZ1037620/10674_0002_idba_bin.100.fa.gz
rumen__10674_0002_idba_bin.104	rumen__10674_0002_idba_bin.104	rumen	rumen	Bacteria	10674_0002_idba_bin.104	10674_0002_idba	bin.104		ERZ1037621	webin-genome-10674_0002_idba_bin.104	10674_0002_idba_bin.104.fa.gz	rumen__10674_0002_idba_bin.104.faa	rumen__10674_0002_idba_bin.104	/home/rsg-jcorre38/Jay_Proyects/MethaNet/data/blue_catalyst_poc/proteomes/rumen__10674_0002_idba_bin.104.faa	1534.0	7.0	24.0	True		https://ftp.sra.ebi.ac.uk/vol1/analysis/ERZ103/ERZ1037621/10674_0002_idba_bin.104.fa.gz	https://ftp.ebi.ac.uk/vol1/analysis/ERZ103/ERZ1037621/10674_0002_idba_bin.104.fa.gz
rumen__10674_0002_idba_bin.106	rumen__10674_0002_idba_bin.106	rumen	rumen	Bacteria	10674_0002_idba_bin.106	10674_0002_idba	bin.106		ERZ1037622	webin-genome-10674_0002_idba_bin.106	10674_0002_idba_bin.106.fa.gz	rumen__10674_0002_idba_bin.106.faa	rumen__10674_0002_idba_bin.106	/home/rsg-jcorre38/Jay_Proyects/MethaNet/data/blue_catalyst_poc/proteomes/rumen__10674_0002_idba_bin.106.faa	2407.0	8.0	0.0	True		https://ftp.sra.ebi.ac.uk/vol1/analysis/ERZ103/ERZ1037622/10674_0002_idba_bin.106.fa.gz	https://ftp.ebi.ac.uk/vol1/analysis/ERZ103/ERZ1037622/10674_0002_idba_bin.106.fa.gz
rumen__10674_0002_idba_bin.107	rumen__10674_0002_idba_bin.107	rumen	rumen	Bacteria	10674_0002_idba_bin.107	10674_0002_idba	bin.107		ERZ1037623	webin-genome-10674_0002_idba_bin.107	10674_0002_idba_bin.107.fa.gz	rumen__10674_0002_idba_bin.107.faa	rumen__10674_0002_idba_bin.107	/home/rsg-jcorre38/Jay_Proyects/MethaNet/data/blue_catalyst_poc/proteomes/rumen__10674_0002_idba_bin.107.faa	2595.0	8.0	1.0	True		https://ftp.sra.ebi.ac.uk/vol1/analysis/ERZ103/ERZ1037623/10674_0002_idba_bin.107.fa.gz	https://ftp.ebi.ac.uk/vol1/analysis/ERZ103/ERZ1037623/10674_0002_idba_bin.107.fa.gz
rumen__10674_0002_idba_bin.108	rumen__10674_0002_idba_bin.108	rumen	rumen	Bacteria	10674_0002_idba_bin.108	10674_0002_idba	bin.108		ERZ1037624	webin-genome-10674_0002_idba_bin.108	10674_0002_idba_bin.108.fa.gz	rumen__10674_0002_idba_bin.108.faa	rumen__10674_0002_idba_bin.108	/home/rsg-jcorre38/Jay_Proyects/MethaNet/data/blue_catalyst_poc/proteomes/rumen__10674_0002_idba_bin.108.faa	2499.0	8.0	2.0	True		https://ftp.sra.ebi.ac.uk/vol1/analysis/ERZ103/ERZ1037624/10674_0002_idba_bin.108.fa.gz	https://ftp.ebi.ac.uk/vol1/analysis/ERZ103/ERZ1037624/10674_0002_idba_bin.108.fa.gz
rumen__10674_0002_idba_bin.109	rumen__10674_0002_idba_bin.109	rumen	rumen	Bacteria	10674_0002_idba_bin.109	10674_0002_idba	bin.109		ERZ1037625	webin-genome-10674_0002_idba_bin.109	10674_0002_idba_bin.109.fa.gz	rumen__10674_0002_idba_bin.109.faa	rumen__10674_0002_idba_bin.109	/home/rsg-jcorre38/Jay_Proyects/MethaNet/data/blue_catalyst_poc/proteomes/rumen__10674_0002_idba_bin.109.faa	2135.0	8.0	3.0	True		https://ftp.sra.ebi.ac.uk/vol1/analysis/ERZ103/ERZ1037625/10674_0002_idba_bin.109.fa.gz	https://ftp.ebi.ac.uk/vol1/analysis/ERZ103/ERZ1037625/10674_0002_idba_bin.109.fa.gz
rumen__10674_0002_idba_bin.110	rumen__10674_0002_idba_bin.110	rumen	rumen	Bacteria	10674_0002_idba_bin.110	10674_0002_idba	bin.110		ERZ1037626	webin-genome-10674_0002_idba_bin.110	10674_0002_idba_bin.110.fa.gz	rumen__10674_0002_idba_bin.110.faa	rumen__10674_0002_idba_bin.110	/home/rsg-jcorre38/Jay_Proyects/MethaNet/data/blue_catalyst_poc/proteomes/rumen__10674_0002_idba_bin.110.faa	1959.0	8.0	4.0	True		https://ftp.sra.ebi.ac.uk/vol1/analysis/ERZ103/ERZ1037626/10674_0002_idba_bin.110.fa.gz	https://ftp.ebi.ac.uk/vol1/analysis/ERZ103/ERZ1037626/10674_0002_idba_bin.110.fa.gz
rumen__10674_0002_idba_bin.111	rumen__10674_0002_idba_bin.111	rumen	rumen	Bacteria	10674_0002_idba_bin.111	10674_0002_idba	bin.111		ERZ1037627	webin-genome-10674_0002_idba_bin.111	10674_0002_idba_bin.111.fa.gz	rumen__10674_0002_idba_bin.111.faa	rumen__10674_0002_idba_bin.111	/home/rsg-jcorre38/Jay_Proyects/MethaNet/data/blue_catalyst_poc/proteomes/rumen__10674_0002_idba_bin.111.faa	1634.0	8.0	5.0	True		https://ftp.sra.ebi.ac.uk/vol1/analysis/ERZ103/ERZ1037627/10674_0002_idba_bin.111.fa.gz	https://ftp.ebi.ac.uk/vol1/analysis/ERZ103/ERZ1037627/10674_0002_idba_bin.111.fa.gz
rumen__10674_0002_idba_bin.112	rumen__10674_0002_idba_bin.112	rumen	rumen	Bacteria	10674_0002_idba_bin.112	10674_0002_idba	bin.112		ERZ1037628	webin-genome-10674_0002_idba_bin.112	10674_0002_idba_bin.112.fa.gz	rumen__10674_0002_idba_bin.112.faa	rumen__10674_0002_idba_bin.112	/home/rsg-jcorre38/Jay_Proyects/MethaNet/data/blue_catalyst_poc/proteomes/rumen__10674_0002_idba_bin.112.faa	2352.0	8.0	6.0	True		https://ftp.sra.ebi.ac.uk/vol1/analysis/ERZ103/ERZ1037628/10674_0002_idba_bin.112.fa.gz	https://ftp.ebi.ac.uk/vol1/analysis/ERZ103/ERZ1037628/10674_0002_idba_bin.112.fa.gz
rumen__10674_0002_idba_bin.113	rumen__10674_0002_idba_bin.113	rumen	rumen	Bacteria	10674_0002_idba_bin.113	10674_0002_idba	bin.113		ERZ1037629	webin-genome-10674_0002_idba_bin.113	10674_0002_idba_bin.113.fa.gz	rumen__10674_0002_idba_bin.113.faa	rumen__10674_0002_idba_bin.113	/home/rsg-jcorre38/Jay_Proyects/MethaNet/data/blue_catalyst_poc/proteomes/rumen__10674_0002_idba_bin.113.faa	840.0	8.0	7.0	True		https://ftp.sra.ebi.ac.uk/vol1/analysis/ERZ103/ERZ1037629/10674_0002_idba_bin.113.fa.gz	https://ftp.ebi.ac.uk/vol1/analysis/ERZ103/ERZ1037629/10674_0002_idba_bin.113.fa.gz
rumen__10674_0002_idba_bin.114	rumen__10674_0002_idba_bin.114	rumen	rumen	Bacteria	10674_0002_idba_bin.114	10674_0002_idba	bin.114		ERZ1037630	webin-genome-10674_0002_idba_bin.114	10674_0002_idba_bin.114.fa.gz	rumen__10674_0002_idba_bin.114.faa	rumen__10674_0002_idba_bin.114	/home/rsg-jcorre38/Jay_Proyects/MethaNet/data/blue_catalyst_poc/proteomes/rumen__10674_0002_idba_bin.114.faa	2012.0	8.0	8.0	True		https://ftp.sra.ebi.ac.uk/vol1/analysis/ERZ103/ERZ1037630/10674_0002_idba_bin.114.fa.gz	https://ftp.ebi.ac.uk/vol1/analysis/ERZ103/ERZ1037630/10674_0002_idba_bin.114.fa.gz
rumen__10674_0002_idba_bin.116	rumen__10674_0002_idba_bin.116	rumen	rumen	Bacteria	10674_0002_idba_bin.116	10674_0002_idba	bin.116		ERZ1037631	webin-genome-10674_0002_idba_bin.116	10674_0002_idba_bin.116.fa.gz	rumen__10674_0002_idba_bin.116.faa	rumen__10674_0002_idba_bin.116	/home/rsg-jcorre38/Jay_Proyects/MethaNet/data/blue_catalyst_poc/proteomes/rumen__10674_0002_idba_bin.116.faa	2298.0	8.0	9.0	True		https://ftp.sra.ebi.ac.uk/vol1/analysis/ERZ103/ERZ1037631/10674_0002_idba_bin.116.fa.gz	https://ftp.ebi.ac.uk/vol1/analysis/ERZ103/ERZ1037631/10674_0002_idba_bin.116.fa.gz
rumen__10674_0002_idba_bin.117	rumen__10674_0002_idba_bin.117	rumen	rumen	Bacteria	10674_0002_idba_bin.117	10674_0002_idba	bin.117		ERZ1037632	webin-genome-10674_0002_idba_bin.117	10674_0002_idba_bin.117.fa.gz	rumen__10674_0002_idba_bin.117.faa	rumen__10674_0002_idba_bin.117	/home/rsg-jcorre38/Jay_Proyects/MethaNet/data/blue_catalyst_poc/proteomes/rumen__10674_0002_idba_bin.117.faa	1963.0	8.0	10.0	True		https://ftp.sra.ebi.ac.uk/vol1/analysis/ERZ103/ERZ1037632/10674_0002_idba_bin.117.fa.gz	https://ftp.ebi.ac.uk/vol1/analysis/ERZ103/ERZ1037632/10674_0002_idba_bin.117.fa.gz
rumen__10674_0002_idba_bin.121	rumen__10674_0002_idba_bin.121	rumen	rumen	Bacteria	10674_0002_idba_bin.121	10674_0002_idba	bin.121		ERZ1037633	webin-genome-10674_0002_idba_bin.121	10674_0002_idba_bin.121.fa.gz	rumen__10674_0002_idba_bin.121.faa	rumen__10674_0002_idba_bin.121	/home/rsg-jcorre38/Jay_Proyects/MethaNet/data/blue_catalyst_poc/proteomes/rumen__10674_0002_idba_bin.121.faa	2253.0	8.0	11.0	True		https://ftp.sra.ebi.ac.uk/vol1/analysis/ERZ103/ERZ1037633/10674_0002_idba_bin.121.fa.gz	https://ftp.ebi.ac.uk/vol1/analysis/ERZ103/ERZ1037633/10674_0002_idba_bin.121.fa.gz
rumen__10674_0002_idba_bin.125	rumen__10674_0002_idba_bin.125	rumen	rumen	Bacteria	10674_0002_idba_bin.125	10674_0002_idba	bin.125		ERZ1037634	webin-genome-10674_0002_idba_bin.125	10674_0002_idba_bin.125.fa.gz	rumen__10674_0002_idba_bin.125.faa	rumen__10674_0002_idba_bin.125	/home/rsg-jcorre38/Jay_Proyects/MethaNet/data/blue_catalyst_poc/proteomes/rumen__10674_0002_idba_bin.125.faa	1590.0	8.0	12.0	True		https://ftp.sra.ebi.ac.uk/vol1/analysis/ERZ103/ERZ1037634/10674_0002_idba_bin.125.fa.gz	https://ftp.ebi.ac.uk/vol1/analysis/ERZ103/ERZ1037634/10674_0002_idba_bin.125.fa.gz
rumen__10674_0002_idba_bin.126	rumen__10674_0002_idba_bin.126	rumen	rumen	Bacteria	10674_0002_idba_bin.126	10674_0002_idba	bin.126		ERZ1037635	webin-genome-10674_0002_idba_bin.126	10674_0002_idba_bin.126.fa.gz	rumen__10674_0002_idba_bin.126.faa	rumen__10674_0002_idba_bin.126	/home/rsg-jcorre38/Jay_Proyects/MethaNet/data/blue_catalyst_poc/proteomes/rumen__10674_0002_idba_bin.126.faa	1528.0	8.0	13.0	True		https://ftp.sra.ebi.ac.uk/vol1/analysis/ERZ103/ERZ1037635/10674_0002_idba_bin.126.fa.gz	https://ftp.ebi.ac.uk/vol1/analysis/ERZ103/ERZ1037635/10674_0002_idba_bin.126.fa.gz
rumen__10674_0002_idba_bin.14	rumen__10674_0002_idba_bin.14	rumen	rumen	Bacteria	10674_0002_idba_bin.14	10674_0002_idba	bin.14		ERZ1037636	webin-genome-10674_0002_idba_bin.14	10674_0002_idba_bin.14.fa.gz	rumen__10674_0002_idba_bin.14.faa	rumen__10674_0002_idba_bin.14	/home/rsg-jcorre38/Jay_Proyects/MethaNet/data/blue_catalyst_poc/proteomes/rumen__10674_0002_idba_bin.14.faa	1275.0	8.0	14.0	True		https://ftp.sra.ebi.ac.uk/vol1/analysis/ERZ103/ERZ1037636/10674_0002_idba_bin.14.fa.gz	https://ftp.ebi.ac.uk/vol1/analysis/ERZ103/ERZ1037636/10674_0002_idba_bin.14.fa.gz
rumen__10674_0002_idba_bin.2	rumen__10674_0002_idba_bin.2	rumen	rumen	Bacteria	10674_0002_idba_bin.2	10674_0002_idba	bin.2		ERZ1037637	webin-genome-10674_0002_idba_bin.2	10674_0002_idba_bin.2.fa.gz	rumen__10674_0002_idba_bin.2.faa	rumen__10674_0002_idba_bin.2	/home/rsg-jcorre38/Jay_Proyects/MethaNet/data/blue_catalyst_poc/proteomes/rumen__10674_0002_idba_bin.2.faa	951.0	8.0	15.0	True		https://ftp.sra.ebi.ac.uk/vol1/analysis/ERZ103/ERZ1037637/10674_0002_idba_bin.2.fa.gz	https://ftp.ebi.ac.uk/vol1/analysis/ERZ103/ERZ1037637/10674_0002_idba_bin.2.fa.gz
rumen__10674_0002_idba_bin.20	rumen__10674_0002_idba_bin.20	rumen	rumen	Bacteria	10674_0002_idba_bin.20	10674_0002_idba	bin.20		ERZ1037638	webin-genome-10674_0002_idba_bin.20	10674_0002_idba_bin.20.fa.gz	rumen__10674_0002_idba_bin.20.faa	rumen__10674_0002_idba_bin.20	/home/rsg-jcorre38/Jay_Proyects/MethaNet/data/blue_catalyst_poc/proteomes/rumen__10674_0002_idba_bin.20.faa	2053.0	8.0	16.0	True		https://ftp.sra.ebi.ac.uk/vol1/analysis/ERZ103/ERZ1037638/10674_0002_idba_bin.20.fa.gz	https://ftp.ebi.ac.uk/vol1/analysis/ERZ103/ERZ1037638/10674_0002_idba_bin.20.fa.gz
rumen__10674_0002_idba_bin.22	rumen__10674_0002_idba_bin.22	rumen	rumen	Bacteria	10674_0002_idba_bin.22	10674_0002_idba	bin.22		ERZ1037639	webin-genome-10674_0002_idba_bin.22	10674_0002_idba_bin.22.fa.gz	rumen__10674_0002_idba_bin.22.faa	rumen__10674_0002_idba_bin.22	/home/rsg-jcorre38/Jay_Proyects/MethaNet/data/blue_catalyst_poc/proteomes/rumen__10674_0002_idba_bin.22.faa	2391.0	8.0	17.0	True		https://ftp.sra.ebi.ac.uk/vol1/analysis/ERZ103/ERZ1037639/10674_0002_idba_bin.22.fa.gz	https://ftp.ebi.ac.uk/vol1/analysis/ERZ103/ERZ1037639/10674_0002_idba_bin.22.fa.gz
rumen__10674_0002_idba_bin.25	rumen__10674_0002_idba_bin.25	rumen	rumen	Bacteria	10674_0002_idba_bin.25	10674_0002_idba	bin.25		ERZ1037640	webin-genome-10674_0002_idba_bin.25	10674_0002_idba_bin.25.fa.gz	rumen__10674_0002_idba_bin.25.faa	rumen__10674_0002_idba_bin.25	/home/rsg-jcorre38/Jay_Proyects/MethaNet/data/blue_catalyst_poc/proteomes/rumen__10674_0002_idba_bin.25.faa	2294.0	8.0	18.0	True		https://ftp.sra.ebi.ac.uk/vol1/analysis/ERZ103/ERZ1037640/10674_0002_idba_bin.25.fa.gz	https://ftp.ebi.ac.uk/vol1/analysis/ERZ103/ERZ1037640/10674_0002_idba_bin.25.fa.gz
rumen__10674_0002_idba_bin.26	rumen__10674_0002_idba_bin.26	rumen	rumen	Bacteria	10674_0002_idba_bin.26	10674_0002_idba	bin.26		ERZ1037641	webin-genome-10674_0002_idba_bin.26	10674_0002_idba_bin.26.fa.gz	rumen__10674_0002_idba_bin.26.faa	rumen__10674_0002_idba_bin.26	/home/rsg-jcorre38/Jay_Proyects/MethaNet/data/blue_catalyst_poc/proteomes/rumen__10674_0002_idba_bin.26.faa	2334.0	8.0	19.0	True		https://ftp.sra.ebi.ac.uk/vol1/analysis/ERZ103/ERZ1037641/10674_0002_idba_bin.26.fa.gz	https://ftp.ebi.ac.uk/vol1/analysis/ERZ103/ERZ1037641/10674_0002_idba_bin.26.fa.gz
rumen__10674_0002_idba_bin.28	rumen__10674_0002_idba_bin.28	rumen	rumen	Bacteria	10674_0002_idba_bin.28	10674_0002_idba	bin.28		ERZ1037642	webin-genome-10674_0002_idba_bin.28	10674_0002_idba_bin.28.fa.gz	rumen__10674_0002_idba_bin.28.faa	rumen__10674_0002_idba_bin.28	/home/rsg-jcorre38/Jay_Proyects/MethaNet/data/blue_catalyst_poc/proteomes/rumen__10674_0002_idba_bin.28.faa	2668.0	8.0	20.0	True		https://ftp.sra.ebi.ac.uk/vol1/analysis/ERZ103/ERZ1037642/10674_0002_idba_bin.28.fa.gz	https://ftp.ebi.ac.uk/vol1/analysis/ERZ103/ERZ1037642/10674_0002_idba_bin.28.fa.gz
rumen__10674_0002_idba_bin.3	rumen__10674_0002_idba_bin.3	rumen	rumen	Bacteria	10674_0002_idba_bin.3	10674_0002_idba	bin.3		ERZ1037643	webin-genome-10674_0002_idba_bin.3	10674_0002_idba_bin.3.fa.gz	rumen__10674_0002_idba_bin.3.faa	rumen__10674_0002_idba_bin.3	/home/rsg-jcorre38/Jay_Proyects/MethaNet/data/blue_catalyst_poc/proteomes/rumen__10674_0002_idba_bin.3.faa	1838.0	8.0	21.0	True		https://ftp.sra.ebi.ac.uk/vol1/analysis/ERZ103/ERZ1037643/10674_0002_idba_bin.3.fa.gz	https://ftp.ebi.ac.uk/vol1/analysis/ERZ103/ERZ1037643/10674_0002_idba_bin.3.fa.gz
rumen__10674_0002_idba_bin.30	rumen__10674_0002_idba_bin.30	rumen	rumen	Bacteria	10674_0002_idba_bin.30	10674_0002_idba	bin.30		ERZ1037644	webin-genome-10674_0002_idba_bin.30	10674_0002_idba_bin.30.fa.gz	rumen__10674_0002_idba_bin.30.faa	rumen__10674_0002_idba_bin.30	/home/rsg-jcorre38/Jay_Proyects/MethaNet/data/blue_catalyst_poc/proteomes/rumen__10674_0002_idba_bin.30.faa	1572.0	8.0	22.0	True		https://ftp.sra.ebi.ac.uk/vol1/analysis/ERZ103/ERZ1037644/10674_0002_idba_bin.30.fa.gz	https://ftp.ebi.ac.uk/vol1/analysis/ERZ103/ERZ1037644/10674_0002_idba_bin.30.fa.gz
rumen__10674_0002_idba_bin.32	rumen__10674_0002_idba_bin.32	rumen	rumen	Bacteria	10674_0002_idba_bin.32	10674_0002_idba	bin.32		ERZ1037645	webin-genome-10674_0002_idba_bin.32	10674_0002_idba_bin.32.fa.gz	rumen__10674_0002_idba_bin.32.faa	rumen__10674_0002_idba_bin.32	/home/rsg-jcorre38/Jay_Proyects/MethaNet/data/blue_catalyst_poc/proteomes/rumen__10674_0002_idba_bin.32.faa	2101.0	8.0	23.0	True		https://ftp.sra.ebi.ac.uk/vol1/analysis/ERZ103/ERZ1037645/10674_0002_idba_bin.32.fa.gz	https://ftp.ebi.ac.uk/vol1/analysis/ERZ103/ERZ1037645/10674_0002_idba_bin.32.fa.gz
rumen__10674_0002_idba_bin.33	rumen__10674_0002_idba_bin.33	rumen	rumen	Bacteria	10674_0002_idba_bin.33	10674_0002_idba	bin.33		ERZ1037646	webin-genome-10674_0002_idba_bin.33	10674_0002_idba_bin.33.fa.gz	rumen__10674_0002_idba_bin.33.faa	rumen__10674_0002_idba_bin.33	/home/rsg-jcorre38/Jay_Proyects/MethaNet/data/blue_catalyst_poc/proteomes/rumen__10674_0002_idba_bin.33.faa	2001.0	8.0	24.0	True		https://ftp.sra.ebi.ac.uk/vol1/analysis/ERZ103/ERZ1037646/10674_0002_idba_bin.33.fa.gz	https://ftp.ebi.ac.uk/vol1/analysis/ERZ103/ERZ1037646/10674_0002_idba_bin.33.fa.gz
rumen__10674_0002_idba_bin.37	rumen__10674_0002_idba_bin.37	rumen	rumen	Bacteria	10674_0002_idba_bin.37	10674_0002_idba	bin.37		ERZ1037647	webin-genome-10674_0002_idba_bin.37	10674_0002_idba_bin.37.fa.gz	rumen__10674_0002_idba_bin.37.faa	rumen__10674_0002_idba_bin.37	/home/rsg-jcorre38/Jay_Proyects/MethaNet/data/blue_catalyst_poc/proteomes/rumen__10674_0002_idba_bin.37.faa	1775.0	9.0	0.0	True		https://ftp.sra.ebi.ac.uk/vol1/analysis/ERZ103/ERZ1037647/10674_0002_idba_bin.37.fa.gz	https://ftp.ebi.ac.uk/vol1/analysis/ERZ103/ERZ1037647/10674_0002_idba_bin.37.fa.gz
rumen__10674_0002_idba_bin.39	rumen__10674_0002_idba_bin.39	rumen	rumen	Bacteria	10674_0002_idba_bin.39	10674_0002_idba	bin.39		ERZ1037648	webin-genome-10674_0002_idba_bin.39	10674_0002_idba_bin.39.fa.gz	rumen__10674_0002_idba_bin.39.faa	rumen__10674_0002_idba_bin.39	/home/rsg-jcorre38/Jay_Proyects/MethaNet/data/blue_catalyst_poc/proteomes/rumen__10674_0002_idba_bin.39.faa	1132.0	9.0	1.0	True		https://ftp.sra.ebi.ac.uk/vol1/analysis/ERZ103/ERZ1037648/10674_0002_idba_bin.39.fa.gz	https://ftp.ebi.ac.uk/vol1/analysis/ERZ103/ERZ1037648/10674_0002_idba_bin.39.fa.gz
rumen__10674_0002_idba_bin.4	rumen__10674_0002_idba_bin.4	rumen	rumen	Bacteria	10674_0002_idba_bin.4	10674_0002_idba	bin.4		ERZ1037649	webin-genome-10674_0002_idba_bin.4	10674_0002_idba_bin.4.fa.gz	rumen__10674_0002_idba_bin.4.faa	rumen__10674_0002_idba_bin.4	/home/rsg-jcorre38/Jay_Proyects/MethaNet/data/blue_catalyst_poc/proteomes/rumen__10674_0002_idba_bin.4.faa	1616.0	9.0	2.0	True		https://ftp.sra.ebi.ac.uk/vol1/analysis/ERZ103/ERZ1037649/10674_0002_idba_bin.4.fa.gz	https://ftp.ebi.ac.uk/vol1/analysis/ERZ103/ERZ1037649/10674_0002_idba_bin.4.fa.gz
rumen__10674_0002_idba_bin.40	rumen__10674_0002_idba_bin.40	rumen	rumen	Bacteria	10674_0002_idba_bin.40	10674_0002_idba	bin.40		ERZ1037650	webin-genome-10674_0002_idba_bin.40	10674_0002_idba_bin.40.fa.gz	rumen__10674_0002_idba_bin.40.faa	rumen__10674_0002_idba_bin.40	/home/rsg-jcorre38/Jay_Proyects/MethaNet/data/blue_catalyst_poc/proteomes/rumen__10674_0002_idba_bin.40.faa	1647.0	9.0	3.0	True		https://ftp.sra.ebi.ac.uk/vol1/analysis/ERZ103/ERZ1037650/10674_0002_idba_bin.40.fa.gz	https://ftp.ebi.ac.uk/vol1/analysis/ERZ103/ERZ1037650/10674_0002_idba_bin.40.fa.gz
rumen__10674_0002_idba_bin.41	rumen__10674_0002_idba_bin.41	rumen	rumen	Bacteria	10674_0002_idba_bin.41	10674_0002_idba	bin.41		ERZ1037651	webin-genome-10674_0002_idba_bin.41	10674_0002_idba_bin.41.fa.gz	rumen__10674_0002_idba_bin.41.faa	rumen__10674_0002_idba_bin.41	/home/rsg-jcorre38/Jay_Proyects/MethaNet/data/blue_catalyst_poc/proteomes/rumen__10674_0002_idba_bin.41.faa	1839.0	9.0	4.0	True		https://ftp.sra.ebi.ac.uk/vol1/analysis/ERZ103/ERZ1037651/10674_0002_idba_bin.41.fa.gz	https://ftp.ebi.ac.uk/vol1/analysis/ERZ103/ERZ1037651/10674_0002_idba_bin.41.fa.gz
rumen__10674_0002_idba_bin.43	rumen__10674_0002_idba_bin.43	rumen	rumen	Bacteria	10674_0002_idba_bin.43	10674_0002_idba	bin.43		ERZ1037652	webin-genome-10674_0002_idba_bin.43	10674_0002_idba_bin.43.fa.gz	rumen__10674_0002_idba_bin.43.faa	rumen__10674_0002_idba_bin.43	/home/rsg-jcorre38/Jay_Proyects/MethaNet/data/blue_catalyst_poc/proteomes/rumen__10674_0002_idba_bin.43.faa	2528.0	9.0	5.0	True		https://ftp.sra.ebi.ac.uk/vol1/analysis/ERZ103/ERZ1037652/10674_0002_idba_bin.43.fa.gz	https://ftp.ebi.ac.uk/vol1/analysis/ERZ103/ERZ1037652/10674_0002_idba_bin.43.fa.gz
rumen__10674_0002_idba_bin.46	rumen__10674_0002_idba_bin.46	rumen	rumen	Bacteria	10674_0002_idba_bin.46	10674_0002_idba	bin.46		ERZ1037653	webin-genome-10674_0002_idba_bin.46	10674_0002_idba_bin.46.fa.gz	rumen__10674_0002_idba_bin.46.faa	rumen__10674_0002_idba_bin.46	/home/rsg-jcorre38/Jay_Proyects/MethaNet/data/blue_catalyst_poc/proteomes/rumen__10674_0002_idba_bin.46.faa	1913.0	9.0	6.0	True		https://ftp.sra.ebi.ac.uk/vol1/analysis/ERZ103/ERZ1037653/10674_0002_idba_bin.46.fa.gz	https://ftp.ebi.ac.uk/vol1/analysis/ERZ103/ERZ1037653/10674_0002_idba_bin.46.fa.gz
rumen__10674_0002_idba_bin.47	rumen__10674_0002_idba_bin.47	rumen	rumen	Bacteria	10674_0002_idba_bin.47	10674_0002_idba	bin.47		ERZ1037654	webin-genome-10674_0002_idba_bin.47	10674_0002_idba_bin.47.fa.gz	rumen__10674_0002_idba_bin.47.faa	rumen__10674_0002_idba_bin.47	/home/rsg-jcorre38/Jay_Proyects/MethaNet/data/blue_catalyst_poc/proteomes/rumen__10674_0002_idba_bin.47.faa	1380.0	9.0	7.0	True		https://ftp.sra.ebi.ac.uk/vol1/analysis/ERZ103/ERZ1037654/10674_0002_idba_bin.47.fa.gz	https://ftp.ebi.ac.uk/vol1/analysis/ERZ103/ERZ1037654/10674_0002_idba_bin.47.fa.gz
rumen__10674_0002_idba_bin.51	rumen__10674_0002_idba_bin.51	rumen	rumen	Bacteria	10674_0002_idba_bin.51	10674_0002_idba	bin.51		ERZ1037655	webin-genome-10674_0002_idba_bin.51	10674_0002_idba_bin.51.fa.gz	rumen__10674_0002_idba_bin.51.faa	rumen__10674_0002_idba_bin.51	/home/rsg-jcorre38/Jay_Proyects/MethaNet/data/blue_catalyst_poc/proteomes/rumen__10674_0002_idba_bin.51.faa	1983.0	9.0	8.0	True		https://ftp.sra.ebi.ac.uk/vol1/analysis/ERZ103/ERZ1037655/10674_0002_idba_bin.51.fa.gz	https://ftp.ebi.ac.uk/vol1/analysis/ERZ103/ERZ1037655/10674_0002_idba_bin.51.fa.gz
rumen__10674_0002_idba_bin.52	rumen__10674_0002_idba_bin.52	rumen	rumen	Bacteria	10674_0002_idba_bin.52	10674_0002_idba	bin.52		ERZ1037656	webin-genome-10674_0002_idba_bin.52	10674_0002_idba_bin.52.fa.gz	rumen__10674_0002_idba_bin.52.faa	rumen__10674_0002_idba_bin.52	/home/rsg-jcorre38/Jay_Proyects/MethaNet/data/blue_catalyst_poc/proteomes/rumen__10674_0002_idba_bin.52.faa	1892.0	9.0	9.0	True		https://ftp.sra.ebi.ac.uk/vol1/analysis/ERZ103/ERZ1037656/10674_0002_idba_bin.52.fa.gz	https://ftp.ebi.ac.uk/vol1/analysis/ERZ103/ERZ1037656/10674_0002_idba_bin.52.fa.gz
rumen__10674_0002_idba_bin.55	rumen__10674_0002_idba_bin.55	rumen	rumen	Bacteria	10674_0002_idba_bin.55	10674_0002_idba	bin.55		ERZ1037657	webin-genome-10674_0002_idba_bin.55	10674_0002_idba_bin.55.fa.gz	rumen__10674_0002_idba_bin.55.faa	rumen__10674_0002_idba_bin.55	/home/rsg-jcorre38/Jay_Proyects/MethaNet/data/blue_catalyst_poc/proteomes/rumen__10674_0002_idba_bin.55.faa	2358.0	9.0	10.0	True		https://ftp.sra.ebi.ac.uk/vol1/analysis/ERZ103/ERZ1037657/10674_0002_idba_bin.55.fa.gz	https://ftp.ebi.ac.uk/vol1/analysis/ERZ103/ERZ1037657/10674_0002_idba_bin.55.fa.gz
rumen__10674_0002_idba_bin.57	rumen__10674_0002_idba_bin.57	rumen	rumen	Bacteria	10674_0002_idba_bin.57	10674_0002_idba	bin.57		ERZ1037658	webin-genome-10674_0002_idba_bin.57	10674_0002_idba_bin.57.fa.gz	rumen__10674_0002_idba_bin.57.faa	rumen__10674_0002_idba_bin.57	/home/rsg-jcorre38/Jay_Proyects/MethaNet/data/blue_catalyst_poc/proteomes/rumen__10674_0002_idba_bin.57.faa	2531.0	9.0	11.0	True		https://ftp.sra.ebi.ac.uk/vol1/analysis/ERZ103/ERZ1037658/10674_0002_idba_bin.57.fa.gz	https://ftp.ebi.ac.uk/vol1/analysis/ERZ103/ERZ1037658/10674_0002_idba_bin.57.fa.gz
rumen__10674_0002_idba_bin.6	rumen__10674_0002_idba_bin.6	rumen	rumen	Bacteria	10674_0002_idba_bin.6	10674_0002_idba	bin.6		ERZ1037659	webin-genome-10674_0002_idba_bin.6	10674_0002_idba_bin.6.fa.gz	rumen__10674_0002_idba_bin.6.faa	rumen__10674_0002_idba_bin.6	/home/rsg-jcorre38/Jay_Proyects/MethaNet/data/blue_catalyst_poc/proteomes/rumen__10674_0002_idba_bin.6.faa	2259.0	9.0	12.0	True		https://ftp.sra.ebi.ac.uk/vol1/analysis/ERZ103/ERZ1037659/10674_0002_idba_bin.6.fa.gz	https://ftp.ebi.ac.uk/vol1/analysis/ERZ103/ERZ1037659/10674_0002_idba_bin.6.fa.gz
rumen__10674_0002_idba_bin.61	rumen__10674_0002_idba_bin.61	rumen	rumen	Bacteria	10674_0002_idba_bin.61	10674_0002_idba	bin.61		ERZ1037660	webin-genome-10674_0002_idba_bin.61	10674_0002_idba_bin.61.fa.gz	rumen__10674_0002_idba_bin.61.faa	rumen__10674_0002_idba_bin.61	/home/rsg-jcorre38/Jay_Proyects/MethaNet/data/blue_catalyst_poc/proteomes/rumen__10674_0002_idba_bin.61.faa	1054.0	9.0	13.0	True		https://ftp.sra.ebi.ac.uk/vol1/analysis/ERZ103/ERZ1037660/10674_0002_idba_bin.61.fa.gz	https://ftp.ebi.ac.uk/vol1/analysis/ERZ103/ERZ1037660/10674_0002_idba_bin.61.fa.gz
rumen__10674_0002_idba_bin.62	rumen__10674_0002_idba_bin.62	rumen	rumen	Bacteria	10674_0002_idba_bin.62	10674_0002_idba	bin.62		ERZ1037661	webin-genome-10674_0002_idba_bin.62	10674_0002_idba_bin.62.fa.gz	rumen__10674_0002_idba_bin.62.faa	rumen__10674_0002_idba_bin.62	/home/rsg-jcorre38/Jay_Proyects/MethaNet/data/blue_catalyst_poc/proteomes/rumen__10674_0002_idba_bin.62.faa	932.0	9.0	14.0	True		https://ftp.sra.ebi.ac.uk/vol1/analysis/ERZ103/ERZ1037661/10674_0002_idba_bin.62.fa.gz	https://ftp.ebi.ac.uk/vol1/analysis/ERZ103/ERZ1037661/10674_0002_idba_bin.62.fa.gz
rumen__10674_0002_idba_bin.67	rumen__10674_0002_idba_bin.67	rumen	rumen	Bacteria	10674_0002_idba_bin.67	10674_0002_idba	bin.67		ERZ1037662	webin-genome-10674_0002_idba_bin.67	10674_0002_idba_bin.67.fa.gz	rumen__10674_0002_idba_bin.67.faa	rumen__10674_0002_idba_bin.67	/home/rsg-jcorre38/Jay_Proyects/MethaNet/data/blue_catalyst_poc/proteomes/rumen__10674_0002_idba_bin.67.faa	2156.0	9.0	15.0	True		https://ftp.sra.ebi.ac.uk/vol1/analysis/ERZ103/ERZ1037662/10674_0002_idba_bin.67.fa.gz	https://ftp.ebi.ac.uk/vol1/analysis/ERZ103/ERZ1037662/10674_0002_idba_bin.67.fa.gz
rumen__10674_0002_idba_bin.68	rumen__10674_0002_idba_bin.68	rumen	rumen	Bacteria	10674_0002_idba_bin.68	10674_0002_idba	bin.68		ERZ1037663	webin-genome-10674_0002_idba_bin.68	10674_0002_idba_bin.68.fa.gz	rumen__10674_0002_idba_bin.68.faa	rumen__10674_0002_idba_bin.68	/home/rsg-jcorre38/Jay_Proyects/MethaNet/data/blue_catalyst_poc/proteomes/rumen__10674_0002_idba_bin.68.faa	1490.0	9.0	16.0	True		https://ftp.sra.ebi.ac.uk/vol1/analysis/ERZ103/ERZ1037663/10674_0002_idba_bin.68.fa.gz	https://ftp.ebi.ac.uk/vol1/analysis/ERZ103/ERZ1037663/10674_0002_idba_bin.68.fa.gz
rumen__10674_0002_idba_bin.7	rumen__10674_0002_idba_bin.7	rumen	rumen	Bacteria	10674_0002_idba_bin.7	10674_0002_idba	bin.7		ERZ1037664	webin-genome-10674_0002_idba_bin.7	10674_0002_idba_bin.7.fa.gz	rumen__10674_0002_idba_bin.7.faa	rumen__10674_0002_idba_bin.7	/home/rsg-jcorre38/Jay_Proyects/MethaNet/data/blue_catalyst_poc/proteomes/rumen__10674_0002_idba_bin.7.faa	3054.0	9.0	17.0	True		https://ftp.sra.ebi.ac.uk/vol1/analysis/ERZ103/ERZ1037664/10674_0002_idba_bin.7.fa.gz	https://ftp.ebi.ac.uk/vol1/analysis/ERZ103/ERZ1037664/10674_0002_idba_bin.7.fa.gz
rumen__10674_0002_idba_bin.70	rumen__10674_0002_idba_bin.70	rumen	rumen	Bacteria	10674_0002_idba_bin.70	10674_0002_idba	bin.70		ERZ1037665	webin-genome-10674_0002_idba_bin.70	10674_0002_idba_bin.70.fa.gz	rumen__10674_0002_idba_bin.70.faa	rumen__10674_0002_idba_bin.70	/home/rsg-jcorre38/Jay_Proyects/MethaNet/data/blue_catalyst_poc/proteomes/rumen__10674_0002_idba_bin.70.faa	2089.0	9.0	18.0	True		https://ftp.sra.ebi.ac.uk/vol1/analysis/ERZ103/ERZ1037665/10674_0002_idba_bin.70.fa.gz	https://ftp.ebi.ac.uk/vol1/analysis/ERZ103/ERZ1037665/10674_0002_idba_bin.70.fa.gz
rumen__10674_0002_idba_bin.73	rumen__10674_0002_idba_bin.73	rumen	rumen	Bacteria	10674_0002_idba_bin.73	10674_0002_idba	bin.73		ERZ1037666	webin-genome-10674_0002_idba_bin.73	10674_0002_idba_bin.73.fa.gz	rumen__10674_0002_idba_bin.73.faa	rumen__10674_0002_idba_bin.73	/home/rsg-jcorre38/Jay_Proyects/MethaNet/data/blue_catalyst_poc/proteomes/rumen__10674_0002_idba_bin.73.faa	1548.0	9.0	19.0	True		https://ftp.sra.ebi.ac.uk/vol1/analysis/ERZ103/ERZ1037666/10674_0002_idba_bin.73.fa.gz	https://ftp.ebi.ac.uk/vol1/analysis/ERZ103/ERZ1037666/10674_0002_idba_bin.73.fa.gz
rumen__10674_0002_idba_bin.74	rumen__10674_0002_idba_bin.74	rumen	rumen	Bacteria	10674_0002_idba_bin.74	10674_0002_idba	bin.74		ERZ1037667	webin-genome-10674_0002_idba_bin.74	10674_0002_idba_bin.74.fa.gz	rumen__10674_0002_idba_bin.74.faa	rumen__10674_0002_idba_bin.74	/home/rsg-jcorre38/Jay_Proyects/MethaNet/data/blue_catalyst_poc/proteomes/rumen__10674_0002_idba_bin.74.faa	2046.0	9.0	20.0	True		https://ftp.sra.ebi.ac.uk/vol1/analysis/ERZ103/ERZ1037667/10674_0002_idba_bin.74.fa.gz	https://ftp.ebi.ac.uk/vol1/analysis/ERZ103/ERZ1037667/10674_0002_idba_bin.74.fa.gz
rumen__10674_0002_idba_bin.76	rumen__10674_0002_idba_bin.76	rumen	rumen	Bacteria	10674_0002_idba_bin.76	10674_0002_idba	bin.76		ERZ1037669	webin-genome-10674_0002_idba_bin.76	10674_0002_idba_bin.76.fa.gz	rumen__10674_0002_idba_bin.76.faa	rumen__10674_0002_idba_bin.76	/home/rsg-jcorre38/Jay_Proyects/MethaNet/data/blue_catalyst_poc/proteomes/rumen__10674_0002_idba_bin.76.faa	2201.0	9.0	21.0	True		https://ftp.sra.ebi.ac.uk/vol1/analysis/ERZ103/ERZ1037669/10674_0002_idba_bin.76.fa.gz	https://ftp.ebi.ac.uk/vol1/analysis/ERZ103/ERZ1037669/10674_0002_idba_bin.76.fa.gz
rumen__10674_0002_idba_bin.78	rumen__10674_0002_idba_bin.78	rumen	rumen	Bacteria	10674_0002_idba_bin.78	10674_0002_idba	bin.78		ERZ1037670	webin-genome-10674_0002_idba_bin.78	10674_0002_idba_bin.78.fa.gz	rumen__10674_0002_idba_bin.78.faa	rumen__10674_0002_idba_bin.78	/home/rsg-jcorre38/Jay_Proyects/MethaNet/data/blue_catalyst_poc/proteomes/rumen__10674_0002_idba_bin.78.faa	1721.0	9.0	22.0	True		https://ftp.sra.ebi.ac.uk/vol1/analysis/ERZ103/ERZ1037670/10674_0002_idba_bin.78.fa.gz	https://ftp.ebi.ac.uk/vol1/analysis/ERZ103/ERZ1037670/10674_0002_idba_bin.78.fa.gz
rumen__10674_0002_idba_bin.79	rumen__10674_0002_idba_bin.79	rumen	rumen	Bacteria	10674_0002_idba_bin.79	10674_0002_idba	bin.79		ERZ1037671	webin-genome-10674_0002_idba_bin.79	10674_0002_idba_bin.79.fa.gz	rumen__10674_0002_idba_bin.79.faa	rumen__10674_0002_idba_bin.79	/home/rsg-jcorre38/Jay_Proyects/MethaNet/data/blue_catalyst_poc/proteomes/rumen__10674_0002_idba_bin.79.faa	2267.0	9.0	23.0	True		https://ftp.sra.ebi.ac.uk/vol1/analysis/ERZ103/ERZ1037671/10674_0002_idba_bin.79.fa.gz	https://ftp.ebi.ac.uk/vol1/analysis/ERZ103/ERZ1037671/10674_0002_idba_bin.79.fa.gz
rumen__10674_0002_idba_bin.8	rumen__10674_0002_idba_bin.8	rumen	rumen	Archaea	10674_0002_idba_bin.8	10674_0002_idba	bin.8		ERZ1037672	webin-genome-10674_0002_idba_bin.8	10674_0002_idba_bin.8.fa.gz	rumen__10674_0002_idba_bin.8.faa	rumen__10674_0002_idba_bin.8	/home/rsg-jcorre38/Jay_Proyects/MethaNet/data/blue_catalyst_poc/proteomes/rumen__10674_0002_idba_bin.8.faa	1321.0	9.0	24.0	True		https://ftp.sra.ebi.ac.uk/vol1/analysis/ERZ103/ERZ1037672/10674_0002_idba_bin.8.fa.gz	https://ftp.ebi.ac.uk/vol1/analysis/ERZ103/ERZ1037672/10674_0002_idba_bin.8.fa.gz
rumen__10674_0002_idba_bin.81	rumen__10674_0002_idba_bin.81	rumen	rumen	Bacteria	10674_0002_idba_bin.81	10674_0002_idba	bin.81		ERZ1037673	webin-genome-10674_0002_idba_bin.81	10674_0002_idba_bin.81.fa.gz	rumen__10674_0002_idba_bin.81.faa	rumen__10674_0002_idba_bin.81	/home/rsg-jcorre38/Jay_Proyects/MethaNet/data/blue_catalyst_poc/proteomes/rumen__10674_0002_idba_bin.81.faa	2630.0	10.0	0.0	True		https://ftp.sra.ebi.ac.uk/vol1/analysis/ERZ103/ERZ1037673/10674_0002_idba_bin.81.fa.gz	https://ftp.ebi.ac.uk/vol1/analysis/ERZ103/ERZ1037673/10674_0002_idba_bin.81.fa.gz
rumen__10674_0002_idba_bin.82	rumen__10674_0002_idba_bin.82	rumen	rumen	Bacteria	10674_0002_idba_bin.82	10674_0002_idba	bin.82		ERZ1037674	webin-genome-10674_0002_idba_bin.82	10674_0002_idba_bin.82.fa.gz	rumen__10674_0002_idba_bin.82.faa	rumen__10674_0002_idba_bin.82	/home/rsg-jcorre38/Jay_Proyects/MethaNet/data/blue_catalyst_poc/proteomes/rumen__10674_0002_idba_bin.82.faa	1099.0	10.0	1.0	True		https://ftp.sra.ebi.ac.uk/vol1/analysis/ERZ103/ERZ1037674/10674_0002_idba_bin.82.fa.gz	https://ftp.ebi.ac.uk/vol1/analysis/ERZ103/ERZ1037674/10674_0002_idba_bin.82.fa.gz
rumen__10674_0002_idba_bin.84	rumen__10674_0002_idba_bin.84	rumen	rumen	Bacteria	10674_0002_idba_bin.84	10674_0002_idba	bin.84		ERZ1037675	webin-genome-10674_0002_idba_bin.84	10674_0002_idba_bin.84.fa.gz	rumen__10674_0002_idba_bin.84.faa	rumen__10674_0002_idba_bin.84	/home/rsg-jcorre38/Jay_Proyects/MethaNet/data/blue_catalyst_poc/proteomes/rumen__10674_0002_idba_bin.84.faa	1451.0	10.0	2.0	True		https://ftp.sra.ebi.ac.uk/vol1/analysis/ERZ103/ERZ1037675/10674_0002_idba_bin.84.fa.gz	https://ftp.ebi.ac.uk/vol1/analysis/ERZ103/ERZ1037675/10674_0002_idba_bin.84.fa.gz
rumen__10674_0002_idba_bin.87	rumen__10674_0002_idba_bin.87	rumen	rumen	Bacteria	10674_0002_idba_bin.87	10674_0002_idba	bin.87		ERZ1037676	webin-genome-10674_0002_idba_bin.87	10674_0002_idba_bin.87.fa.gz	rumen__10674_0002_idba_bin.87.faa	rumen__10674_0002_idba_bin.87	/home/rsg-jcorre38/Jay_Proyects/MethaNet/data/blue_catalyst_poc/proteomes/rumen__10674_0002_idba_bin.87.faa	1789.0	10.0	3.0	True		https://ftp.sra.ebi.ac.uk/vol1/analysis/ERZ103/ERZ1037676/10674_0002_idba_bin.87.fa.gz	https://ftp.ebi.ac.uk/vol1/analysis/ERZ103/ERZ1037676/10674_0002_idba_bin.87.fa.gz
rumen__10674_0002_idba_bin.88	rumen__10674_0002_idba_bin.88	rumen	rumen	Bacteria	10674_0002_idba_bin.88	10674_0002_idba	bin.88		ERZ1037677	webin-genome-10674_0002_idba_bin.88	10674_0002_idba_bin.88.fa.gz	rumen__10674_0002_idba_bin.88.faa	rumen__10674_0002_idba_bin.88	/home/rsg-jcorre38/Jay_Proyects/MethaNet/data/blue_catalyst_poc/proteomes/rumen__10674_0002_idba_bin.88.faa	2451.0	10.0	4.0	True		https://ftp.sra.ebi.ac.uk/vol1/analysis/ERZ103/ERZ1037677/10674_0002_idba_bin.88.fa.gz	https://ftp.ebi.ac.uk/vol1/analysis/ERZ103/ERZ1037677/10674_0002_idba_bin.88.fa.gz
rumen__10674_0002_idba_bin.89	rumen__10674_0002_idba_bin.89	rumen	rumen	Bacteria	10674_0002_idba_bin.89	10674_0002_idba	bin.89		ERZ1037678	webin-genome-10674_0002_idba_bin.89	10674_0002_idba_bin.89.fa.gz	rumen__10674_0002_idba_bin.89.faa	rumen__10674_0002_idba_bin.89	/home/rsg-jcorre38/Jay_Proyects/MethaNet/data/blue_catalyst_poc/proteomes/rumen__10674_0002_idba_bin.89.faa	2090.0	10.0	5.0	True		https://ftp.sra.ebi.ac.uk/vol1/analysis/ERZ103/ERZ1037678/10674_0002_idba_bin.89.fa.gz	https://ftp.ebi.ac.uk/vol1/analysis/ERZ103/ERZ1037678/10674_0002_idba_bin.89.fa.gz
rumen__10674_0002_idba_bin.92	rumen__10674_0002_idba_bin.92	rumen	rumen	Bacteria	10674_0002_idba_bin.92	10674_0002_idba	bin.92		ERZ1037679	webin-genome-10674_0002_idba_bin.92	10674_0002_idba_bin.92.fa.gz	rumen__10674_0002_idba_bin.92.faa	rumen__10674_0002_idba_bin.92	/home/rsg-jcorre38/Jay_Proyects/MethaNet/data/blue_catalyst_poc/proteomes/rumen__10674_0002_idba_bin.92.faa	1626.0	10.0	6.0	True		https://ftp.sra.ebi.ac.uk/vol1/analysis/ERZ103/ERZ1037679/10674_0002_idba_bin.92.fa.gz	https://ftp.ebi.ac.uk/vol1/analysis/ERZ103/ERZ1037679/10674_0002_idba_bin.92.fa.gz
rumen__10674_0002_idba_bin.93	rumen__10674_0002_idba_bin.93	rumen	rumen	Bacteria	10674_0002_idba_bin.93	10674_0002_idba	bin.93		ERZ1037680	webin-genome-10674_0002_idba_bin.93	10674_0002_idba_bin.93.fa.gz	rumen__10674_0002_idba_bin.93.faa	rumen__10674_0002_idba_bin.93	/home/rsg-jcorre38/Jay_Proyects/MethaNet/data/blue_catalyst_poc/proteomes/rumen__10674_0002_idba_bin.93.faa	2167.0	10.0	7.0	True		https://ftp.sra.ebi.ac.uk/vol1/analysis/ERZ103/ERZ1037680/10674_0002_idba_bin.93.fa.gz	https://ftp.ebi.ac.uk/vol1/analysis/ERZ103/ERZ1037680/10674_0002_idba_bin.93.fa.gz
rumen__10674_0002_idba_bin.94	rumen__10674_0002_idba_bin.94	rumen	rumen	Bacteria	10674_0002_idba_bin.94	10674_0002_idba	bin.94		ERZ1037681	webin-genome-10674_0002_idba_bin.94	10674_0002_idba_bin.94.fa.gz	rumen__10674_0002_idba_bin.94.faa	rumen__10674_0002_idba_bin.94	/home/rsg-jcorre38/Jay_Proyects/MethaNet/data/blue_catalyst_poc/proteomes/rumen__10674_0002_idba_bin.94.faa	2659.0	10.0	8.0	True		https://ftp.sra.ebi.ac.uk/vol1/analysis/ERZ103/ERZ1037681/10674_0002_idba_bin.94.fa.gz	https://ftp.ebi.ac.uk/vol1/analysis/ERZ103/ERZ1037681/10674_0002_idba_bin.94.fa.gz
rumen__10674_0002_idba_bin.95	rumen__10674_0002_idba_bin.95	rumen	rumen	Bacteria	10674_0002_idba_bin.95	10674_0002_idba	bin.95		ERZ1037682	webin-genome-10674_0002_idba_bin.95	10674_0002_idba_bin.95.fa.gz	rumen__10674_0002_idba_bin.95.faa	rumen__10674_0002_idba_bin.95	/home/rsg-jcorre38/Jay_Proyects/MethaNet/data/blue_catalyst_poc/proteomes/rumen__10674_0002_idba_bin.95.faa	2581.0	10.0	9.0	True		https://ftp.sra.ebi.ac.uk/vol1/analysis/ERZ103/ERZ1037682/10674_0002_idba_bin.95.fa.gz	https://ftp.ebi.ac.uk/vol1/analysis/ERZ103/ERZ1037682/10674_0002_idba_bin.95.fa.gz
rumen__10674_0002_idba_bin.96	rumen__10674_0002_idba_bin.96	rumen	rumen	Bacteria	10674_0002_idba_bin.96	10674_0002_idba	bin.96		ERZ1037683	webin-genome-10674_0002_idba_bin.96	10674_0002_idba_bin.96.fa.gz	rumen__10674_0002_idba_bin.96.faa	rumen__10674_0002_idba_bin.96	/home/rsg-jcorre38/Jay_Proyects/MethaNet/data/blue_catalyst_poc/proteomes/rumen__10674_0002_idba_bin.96.faa	2285.0	10.0	10.0	True		https://ftp.sra.ebi.ac.uk/vol1/analysis/ERZ103/ERZ1037683/10674_0002_idba_bin.96.fa.gz	https://ftp.ebi.ac.uk/vol1/analysis/ERZ103/ERZ1037683/10674_0002_idba_bin.96.fa.gz
rumen__10674_0002_idba_bin.97	rumen__10674_0002_idba_bin.97	rumen	rumen	Bacteria	10674_0002_idba_bin.97	10674_0002_idba	bin.97		ERZ1037685	webin-genome-10674_0002_idba_bin.97	10674_0002_idba_bin.97.fa.gz	rumen__10674_0002_idba_bin.97.faa	rumen__10674_0002_idba_bin.97	/home/rsg-jcorre38/Jay_Proyects/MethaNet/data/blue_catalyst_poc/proteomes/rumen__10674_0002_idba_bin.97.faa	2497.0	10.0	11.0	True		https://ftp.sra.ebi.ac.uk/vol1/analysis/ERZ103/ERZ1037685/10674_0002_idba_bin.97.fa.gz	https://ftp.ebi.ac.uk/vol1/analysis/ERZ103/ERZ1037685/10674_0002_idba_bin.97.fa.gz
rumen__10674_0002_idba_bin.98	rumen__10674_0002_idba_bin.98	rumen	rumen	Bacteria	10674_0002_idba_bin.98	10674_0002_idba	bin.98		ERZ1037686	webin-genome-10674_0002_idba_bin.98	10674_0002_idba_bin.98.fa.gz	rumen__10674_0002_idba_bin.98.faa	rumen__10674_0002_idba_bin.98	/home/rsg-jcorre38/Jay_Proyects/MethaNet/data/blue_catalyst_poc/proteomes/rumen__10674_0002_idba_bin.98.faa	2370.0	10.0	12.0	True		https://ftp.sra.ebi.ac.uk/vol1/analysis/ERZ103/ERZ1037686/10674_0002_idba_bin.98.fa.gz	https://ftp.ebi.ac.uk/vol1/analysis/ERZ103/ERZ1037686/10674_0002_idba_bin.98.fa.gz
rumen__10674_0003_idba_bin.1	rumen__10674_0003_idba_bin.1	rumen	rumen	Bacteria	10674_0003_idba_bin.1	10674_0003_idba	bin.1		ERZ1037687	webin-genome-10674_0003_idba_bin.1	10674_0003_idba_bin.1.fa.gz	rumen__10674_0003_idba_bin.1.faa	rumen__10674_0003_idba_bin.1	/home/rsg-jcorre38/Jay_Proyects/MethaNet/data/blue_catalyst_poc/proteomes/rumen__10674_0003_idba_bin.1.faa	1257.0	10.0	13.0	True		https://ftp.sra.ebi.ac.uk/vol1/analysis/ERZ103/ERZ1037687/10674_0003_idba_bin.1.fa.gz	https://ftp.ebi.ac.uk/vol1/analysis/ERZ103/ERZ1037687/10674_0003_idba_bin.1.fa.gz
rumen__10674_0003_idba_bin.10	rumen__10674_0003_idba_bin.10	rumen	rumen	Bacteria	10674_0003_idba_bin.10	10674_0003_idba	bin.10		ERZ1037688	webin-genome-10674_0003_idba_bin.10	10674_0003_idba_bin.10.fa.gz	rumen__10674_0003_idba_bin.10.faa	rumen__10674_0003_idba_bin.10	/home/rsg-jcorre38/Jay_Proyects/MethaNet/data/blue_catalyst_poc/proteomes/rumen__10674_0003_idba_bin.10.faa	1500.0	10.0	14.0	True		https://ftp.sra.ebi.ac.uk/vol1/analysis/ERZ103/ERZ1037688/10674_0003_idba_bin.10.fa.gz	https://ftp.ebi.ac.uk/vol1/analysis/ERZ103/ERZ1037688/10674_0003_idba_bin.10.fa.gz
rumen__10674_0003_idba_bin.102	rumen__10674_0003_idba_bin.102	rumen	rumen	Bacteria	10674_0003_idba_bin.102	10674_0003_idba	bin.102		ERZ1037689	webin-genome-10674_0003_idba_bin.102	10674_0003_idba_bin.102.fa.gz	rumen__10674_0003_idba_bin.102.faa	rumen__10674_0003_idba_bin.102	/home/rsg-jcorre38/Jay_Proyects/MethaNet/data/blue_catalyst_poc/proteomes/rumen__10674_0003_idba_bin.102.faa	1712.0	10.0	15.0	True		https://ftp.sra.ebi.ac.uk/vol1/analysis/ERZ103/ERZ1037689/10674_0003_idba_bin.102.fa.gz	https://ftp.ebi.ac.uk/vol1/analysis/ERZ103/ERZ1037689/10674_0003_idba_bin.102.fa.gz
rumen__10674_0003_idba_bin.103	rumen__10674_0003_idba_bin.103	rumen	rumen	Bacteria	10674_0003_idba_bin.103	10674_0003_idba	bin.103		ERZ1037690	webin-genome-10674_0003_idba_bin.103	10674_0003_idba_bin.103.fa.gz	rumen__10674_0003_idba_bin.103.faa	rumen__10674_0003_idba_bin.103	/home/rsg-jcorre38/Jay_Proyects/MethaNet/data/blue_catalyst_poc/proteomes/rumen__10674_0003_idba_bin.103.faa	1991.0	10.0	16.0	True		https://ftp.sra.ebi.ac.uk/vol1/analysis/ERZ103/ERZ1037690/10674_0003_idba_bin.103.fa.gz	https://ftp.ebi.ac.uk/vol1/analysis/ERZ103/ERZ1037690/10674_0003_idba_bin.103.fa.gz
rumen__10674_0003_idba_bin.104	rumen__10674_0003_idba_bin.104	rumen	rumen	Bacteria	10674_0003_idba_bin.104	10674_0003_idba	bin.104		ERZ1037691	webin-genome-10674_0003_idba_bin.104	10674_0003_idba_bin.104.fa.gz	rumen__10674_0003_idba_bin.104.faa	rumen__10674_0003_idba_bin.104	/home/rsg-jcorre38/Jay_Proyects/MethaNet/data/blue_catalyst_poc/proteomes/rumen__10674_0003_idba_bin.104.faa	1707.0	10.0	17.0	True		https://ftp.sra.ebi.ac.uk/vol1/analysis/ERZ103/ERZ1037691/10674_0003_idba_bin.104.fa.gz	https://ftp.ebi.ac.uk/vol1/analysis/ERZ103/ERZ1037691/10674_0003_idba_bin.104.fa.gz
rumen__10674_0003_idba_bin.106	rumen__10674_0003_idba_bin.106	rumen	rumen	Bacteria	10674_0003_idba_bin.106	10674_0003_idba	bin.106		ERZ1037692	webin-genome-10674_0003_idba_bin.106	10674_0003_idba_bin.106.fa.gz	rumen__10674_0003_idba_bin.106.faa	rumen__10674_0003_idba_bin.106	/home/rsg-jcorre38/Jay_Proyects/MethaNet/data/blue_catalyst_poc/proteomes/rumen__10674_0003_idba_bin.106.faa	1980.0	10.0	18.0	True		https://ftp.sra.ebi.ac.uk/vol1/analysis/ERZ103/ERZ1037692/10674_0003_idba_bin.106.fa.gz	https://ftp.ebi.ac.uk/vol1/analysis/ERZ103/ERZ1037692/10674_0003_idba_bin.106.fa.gz
rumen__10674_0003_idba_bin.108	rumen__10674_0003_idba_bin.108	rumen	rumen	Bacteria	10674_0003_idba_bin.108	10674_0003_idba	bin.108		ERZ1037693	webin-genome-10674_0003_idba_bin.108	10674_0003_idba_bin.108.fa.gz	rumen__10674_0003_idba_bin.108.faa	rumen__10674_0003_idba_bin.108	/home/rsg-jcorre38/Jay_Proyects/MethaNet/data/blue_catalyst_poc/proteomes/rumen__10674_0003_idba_bin.108.faa	2740.0	10.0	19.0	True		https://ftp.sra.ebi.ac.uk/vol1/analysis/ERZ103/ERZ1037693/10674_0003_idba_bin.108.fa.gz	https://ftp.ebi.ac.uk/vol1/analysis/ERZ103/ERZ1037693/10674_0003_idba_bin.108.fa.gz
rumen__10674_0003_idba_bin.109	rumen__10674_0003_idba_bin.109	rumen	rumen	Bacteria	10674_0003_idba_bin.109	10674_0003_idba	bin.109		ERZ1037694	webin-genome-10674_0003_idba_bin.109	10674_0003_idba_bin.109.fa.gz	rumen__10674_0003_idba_bin.109.faa	rumen__10674_0003_idba_bin.109	/home/rsg-jcorre38/Jay_Proyects/MethaNet/data/blue_catalyst_poc/proteomes/rumen__10674_0003_idba_bin.109.faa	2905.0	10.0	20.0	True		https://ftp.sra.ebi.ac.uk/vol1/analysis/ERZ103/ERZ1037694/10674_0003_idba_bin.109.fa.gz	https://ftp.ebi.ac.uk/vol1/analysis/ERZ103/ERZ1037694/10674_0003_idba_bin.109.fa.gz
rumen__10674_0003_idba_bin.110	rumen__10674_0003_idba_bin.110	rumen	rumen	Bacteria	10674_0003_idba_bin.110	10674_0003_idba	bin.110		ERZ1037695	webin-genome-10674_0003_idba_bin.110	10674_0003_idba_bin.110.fa.gz	rumen__10674_0003_idba_bin.110.faa	rumen__10674_0003_idba_bin.110	/home/rsg-jcorre38/Jay_Proyects/MethaNet/data/blue_catalyst_poc/proteomes/rumen__10674_0003_idba_bin.110.faa	1259.0	10.0	21.0	True		https://ftp.sra.ebi.ac.uk/vol1/analysis/ERZ103/ERZ1037695/10674_0003_idba_bin.110.fa.gz	https://ftp.ebi.ac.uk/vol1/analysis/ERZ103/ERZ1037695/10674_0003_idba_bin.110.fa.gz
rumen__10674_0003_idba_bin.113	rumen__10674_0003_idba_bin.113	rumen	rumen	Bacteria	10674_0003_idba_bin.113	10674_0003_idba	bin.113		ERZ1037696	webin-genome-10674_0003_idba_bin.113	10674_0003_idba_bin.113.fa.gz	rumen__10674_0003_idba_bin.113.faa	rumen__10674_0003_idba_bin.113	/home/rsg-jcorre38/Jay_Proyects/MethaNet/data/blue_catalyst_poc/proteomes/rumen__10674_0003_idba_bin.113.faa	2020.0	10.0	22.0	True		https://ftp.sra.ebi.ac.uk/vol1/analysis/ERZ103/ERZ1037696/10674_0003_idba_bin.113.fa.gz	https://ftp.ebi.ac.uk/vol1/analysis/ERZ103/ERZ1037696/10674_0003_idba_bin.113.fa.gz
rumen__10674_0003_idba_bin.115	rumen__10674_0003_idba_bin.115	rumen	rumen	Bacteria	10674_0003_idba_bin.115	10674_0003_idba	bin.115		ERZ1037697	webin-genome-10674_0003_idba_bin.115	10674_0003_idba_bin.115.fa.gz	rumen__10674_0003_idba_bin.115.faa	rumen__10674_0003_idba_bin.115	/home/rsg-jcorre38/Jay_Proyects/MethaNet/data/blue_catalyst_poc/proteomes/rumen__10674_0003_idba_bin.115.faa	2552.0	10.0	23.0	True		https://ftp.sra.ebi.ac.uk/vol1/analysis/ERZ103/ERZ1037697/10674_0003_idba_bin.115.fa.gz	https://ftp.ebi.ac.uk/vol1/analysis/ERZ103/ERZ1037697/10674_0003_idba_bin.115.fa.gz
rumen__10674_0003_idba_bin.118	rumen__10674_0003_idba_bin.118	rumen	rumen	Bacteria	10674_0003_idba_bin.118	10674_0003_idba	bin.118		ERZ1037698	webin-genome-10674_0003_idba_bin.118	10674_0003_idba_bin.118.fa.gz	rumen__10674_0003_idba_bin.118.faa	rumen__10674_0003_idba_bin.118	/home/rsg-jcorre38/Jay_Proyects/MethaNet/data/blue_catalyst_poc/proteomes/rumen__10674_0003_idba_bin.118.faa	1864.0	10.0	24.0	True		https://ftp.sra.ebi.ac.uk/vol1/analysis/ERZ103/ERZ1037698/10674_0003_idba_bin.118.fa.gz	https://ftp.ebi.ac.uk/vol1/analysis/ERZ103/ERZ1037698/10674_0003_idba_bin.118.fa.gz
rumen__10674_0003_idba_bin.120	rumen__10674_0003_idba_bin.120	rumen	rumen	Bacteria	10674_0003_idba_bin.120	10674_0003_idba	bin.120		ERZ1037699	webin-genome-10674_0003_idba_bin.120	10674_0003_idba_bin.120.fa.gz	rumen__10674_0003_idba_bin.120.faa	rumen__10674_0003_idba_bin.120	/home/rsg-jcorre38/Jay_Proyects/MethaNet/data/blue_catalyst_poc/proteomes/rumen__10674_0003_idba_bin.120.faa	1921.0	11.0	0.0	True		https://ftp.sra.ebi.ac.uk/vol1/analysis/ERZ103/ERZ1037699/10674_0003_idba_bin.120.fa.gz	https://ftp.ebi.ac.uk/vol1/analysis/ERZ103/ERZ1037699/10674_0003_idba_bin.120.fa.gz
rumen__10674_0003_idba_bin.125	rumen__10674_0003_idba_bin.125	rumen	rumen	Bacteria	10674_0003_idba_bin.125	10674_0003_idba	bin.125		ERZ1037700	webin-genome-10674_0003_idba_bin.125	10674_0003_idba_bin.125.fa.gz	rumen__10674_0003_idba_bin.125.faa	rumen__10674_0003_idba_bin.125	/home/rsg-jcorre38/Jay_Proyects/MethaNet/data/blue_catalyst_poc/proteomes/rumen__10674_0003_idba_bin.125.faa	2788.0	11.0	1.0	True		https://ftp.sra.ebi.ac.uk/vol1/analysis/ERZ103/ERZ1037700/10674_0003_idba_bin.125.fa.gz	https://ftp.ebi.ac.uk/vol1/analysis/ERZ103/ERZ1037700/10674_0003_idba_bin.125.fa.gz
rumen__10674_0003_idba_bin.127	rumen__10674_0003_idba_bin.127	rumen	rumen	Bacteria	10674_0003_idba_bin.127	10674_0003_idba	bin.127		ERZ1037701	webin-genome-10674_0003_idba_bin.127	10674_0003_idba_bin.127.fa.gz	rumen__10674_0003_idba_bin.127.faa	rumen__10674_0003_idba_bin.127	/home/rsg-jcorre38/Jay_Proyects/MethaNet/data/blue_catalyst_poc/proteomes/rumen__10674_0003_idba_bin.127.faa	1364.0	11.0	2.0	True		https://ftp.sra.ebi.ac.uk/vol1/analysis/ERZ103/ERZ1037701/10674_0003_idba_bin.127.fa.gz	https://ftp.ebi.ac.uk/vol1/analysis/ERZ103/ERZ1037701/10674_0003_idba_bin.127.fa.gz
rumen__10674_0003_idba_bin.128	rumen__10674_0003_idba_bin.128	rumen	rumen	Bacteria	10674_0003_idba_bin.128	10674_0003_idba	bin.128		ERZ1037702	webin-genome-10674_0003_idba_bin.128	10674_0003_idba_bin.128.fa.gz	rumen__10674_0003_idba_bin.128.faa	rumen__10674_0003_idba_bin.128	/home/rsg-jcorre38/Jay_Proyects/MethaNet/data/blue_catalyst_poc/proteomes/rumen__10674_0003_idba_bin.128.faa	1573.0	11.0	3.0	True		https://ftp.sra.ebi.ac.uk/vol1/analysis/ERZ103/ERZ1037702/10674_0003_idba_bin.128.fa.gz	https://ftp.ebi.ac.uk/vol1/analysis/ERZ103/ERZ1037702/10674_0003_idba_bin.128.fa.gz
rumen__10674_0003_idba_bin.135	rumen__10674_0003_idba_bin.135	rumen	rumen	Bacteria	10674_0003_idba_bin.135	10674_0003_idba	bin.135		ERZ1037703	webin-genome-10674_0003_idba_bin.135	10674_0003_idba_bin.135.fa.gz	rumen__10674_0003_idba_bin.135.faa	rumen__10674_0003_idba_bin.135	/home/rsg-jcorre38/Jay_Proyects/MethaNet/data/blue_catalyst_poc/proteomes/rumen__10674_0003_idba_bin.135.faa	2183.0	11.0	4.0	True		https://ftp.sra.ebi.ac.uk/vol1/analysis/ERZ103/ERZ1037703/10674_0003_idba_bin.135.fa.gz	https://ftp.ebi.ac.uk/vol1/analysis/ERZ103/ERZ1037703/10674_0003_idba_bin.135.fa.gz
rumen__10674_0003_idba_bin.144	rumen__10674_0003_idba_bin.144	rumen	rumen	Bacteria	10674_0003_idba_bin.144	10674_0003_idba	bin.144		ERZ1037704	webin-genome-10674_0003_idba_bin.144	10674_0003_idba_bin.144.fa.gz	rumen__10674_0003_idba_bin.144.faa	rumen__10674_0003_idba_bin.144	/home/rsg-jcorre38/Jay_Proyects/MethaNet/data/blue_catalyst_poc/proteomes/rumen__10674_0003_idba_bin.144.faa	1603.0	11.0	5.0	True		https://ftp.sra.ebi.ac.uk/vol1/analysis/ERZ103/ERZ1037704/10674_0003_idba_bin.144.fa.gz	https://ftp.ebi.ac.uk/vol1/analysis/ERZ103/ERZ1037704/10674_0003_idba_bin.144.fa.gz
rumen__10674_0003_idba_bin.145	rumen__10674_0003_idba_bin.145	rumen	rumen	Bacteria	10674_0003_idba_bin.145	10674_0003_idba	bin.145		ERZ1037705	webin-genome-10674_0003_idba_bin.145	10674_0003_idba_bin.145.fa.gz	rumen__10674_0003_idba_bin.145.faa	rumen__10674_0003_idba_bin.145	/home/rsg-jcorre38/Jay_Proyects/MethaNet/data/blue_catalyst_poc/proteomes/rumen__10674_0003_idba_bin.145.faa	1828.0	11.0	6.0	True		https://ftp.sra.ebi.ac.uk/vol1/analysis/ERZ103/ERZ1037705/10674_0003_idba_bin.145.fa.gz	https://ftp.ebi.ac.uk/vol1/analysis/ERZ103/ERZ1037705/10674_0003_idba_bin.145.fa.gz
rumen__10674_0003_idba_bin.148	rumen__10674_0003_idba_bin.148	rumen	rumen	Bacteria	10674_0003_idba_bin.148	10674_0003_idba	bin.148		ERZ1037706	webin-genome-10674_0003_idba_bin.148	10674_0003_idba_bin.148.fa.gz	rumen__10674_0003_idba_bin.148.faa	rumen__10674_0003_idba_bin.148	/home/rsg-jcorre38/Jay_Proyects/MethaNet/data/blue_catalyst_poc/proteomes/rumen__10674_0003_idba_bin.148.faa	2021.0	11.0	7.0	True		https://ftp.sra.ebi.ac.uk/vol1/analysis/ERZ103/ERZ1037706/10674_0003_idba_bin.148.fa.gz	https://ftp.ebi.ac.uk/vol1/analysis/ERZ103/ERZ1037706/10674_0003_idba_bin.148.fa.gz
rumen__10674_0003_idba_bin.15	rumen__10674_0003_idba_bin.15	rumen	rumen	Bacteria	10674_0003_idba_bin.15	10674_0003_idba	bin.15		ERZ1037707	webin-genome-10674_0003_idba_bin.15	10674_0003_idba_bin.15.fa.gz	rumen__10674_0003_idba_bin.15.faa	rumen__10674_0003_idba_bin.15	/home/rsg-jcorre38/Jay_Proyects/MethaNet/data/blue_catalyst_poc/proteomes/rumen__10674_0003_idba_bin.15.faa	2852.0	11.0	8.0	True		https://ftp.sra.ebi.ac.uk/vol1/analysis/ERZ103/ERZ1037707/10674_0003_idba_bin.15.fa.gz	https://ftp.ebi.ac.uk/vol1/analysis/ERZ103/ERZ1037707/10674_0003_idba_bin.15.fa.gz
rumen__10674_0003_idba_bin.150	rumen__10674_0003_idba_bin.150	rumen	rumen	Bacteria	10674_0003_idba_bin.150	10674_0003_idba	bin.150		ERZ1037708	webin-genome-10674_0003_idba_bin.150	10674_0003_idba_bin.150.fa.gz	rumen__10674_0003_idba_bin.150.faa	rumen__10674_0003_idba_bin.150	/home/rsg-jcorre38/Jay_Proyects/MethaNet/data/blue_catalyst_poc/proteomes/rumen__10674_0003_idba_bin.150.faa	2697.0	11.0	9.0	True		https://ftp.sra.ebi.ac.uk/vol1/analysis/ERZ103/ERZ1037708/10674_0003_idba_bin.150.fa.gz	https://ftp.ebi.ac.uk/vol1/analysis/ERZ103/ERZ1037708/10674_0003_idba_bin.150.fa.gz
rumen__10674_0003_idba_bin.151	rumen__10674_0003_idba_bin.151	rumen	rumen	Bacteria	10674_0003_idba_bin.151	10674_0003_idba	bin.151		ERZ1037709	webin-genome-10674_0003_idba_bin.151	10674_0003_idba_bin.151.fa.gz	rumen__10674_0003_idba_bin.151.faa	rumen__10674_0003_idba_bin.151	/home/rsg-jcorre38/Jay_Proyects/MethaNet/data/blue_catalyst_poc/proteomes/rumen__10674_0003_idba_bin.151.faa	1777.0	11.0	10.0	True		https://ftp.sra.ebi.ac.uk/vol1/analysis/ERZ103/ERZ1037709/10674_0003_idba_bin.151.fa.gz	https://ftp.ebi.ac.uk/vol1/analysis/ERZ103/ERZ1037709/10674_0003_idba_bin.151.fa.gz
rumen__10674_0003_idba_bin.152	rumen__10674_0003_idba_bin.152	rumen	rumen	Bacteria	10674_0003_idba_bin.152	10674_0003_idba	bin.152		ERZ1037710	webin-genome-10674_0003_idba_bin.152	10674_0003_idba_bin.152.fa.gz	rumen__10674_0003_idba_bin.152.faa	rumen__10674_0003_idba_bin.152	/home/rsg-jcorre38/Jay_Proyects/MethaNet/data/blue_catalyst_poc/proteomes/rumen__10674_0003_idba_bin.152.faa	989.0	11.0	11.0	True		https://ftp.sra.ebi.ac.uk/vol1/analysis/ERZ103/ERZ1037710/10674_0003_idba_bin.152.fa.gz	https://ftp.ebi.ac.uk/vol1/analysis/ERZ103/ERZ1037710/10674_0003_idba_bin.152.fa.gz
rumen__10674_0003_idba_bin.155	rumen__10674_0003_idba_bin.155	rumen	rumen	Bacteria	10674_0003_idba_bin.155	10674_0003_idba	bin.155		ERZ1037711	webin-genome-10674_0003_idba_bin.155	10674_0003_idba_bin.155.fa.gz	rumen__10674_0003_idba_bin.155.faa	rumen__10674_0003_idba_bin.155	/home/rsg-jcorre38/Jay_Proyects/MethaNet/data/blue_catalyst_poc/proteomes/rumen__10674_0003_idba_bin.155.faa	2536.0	11.0	12.0	True		https://ftp.sra.ebi.ac.uk/vol1/analysis/ERZ103/ERZ1037711/10674_0003_idba_bin.155.fa.gz	https://ftp.ebi.ac.uk/vol1/analysis/ERZ103/ERZ1037711/10674_0003_idba_bin.155.fa.gz
rumen__10674_0003_idba_bin.160	rumen__10674_0003_idba_bin.160	rumen	rumen	Bacteria	10674_0003_idba_bin.160	10674_0003_idba	bin.160		ERZ1037712	webin-genome-10674_0003_idba_bin.160	10674_0003_idba_bin.160.fa.gz	rumen__10674_0003_idba_bin.160.faa	rumen__10674_0003_idba_bin.160	/home/rsg-jcorre38/Jay_Proyects/MethaNet/data/blue_catalyst_poc/proteomes/rumen__10674_0003_idba_bin.160.faa	1942.0	11.0	13.0	True		https://ftp.sra.ebi.ac.uk/vol1/analysis/ERZ103/ERZ1037712/10674_0003_idba_bin.160.fa.gz	https://ftp.ebi.ac.uk/vol1/analysis/ERZ103/ERZ1037712/10674_0003_idba_bin.160.fa.gz
rumen__10674_0003_idba_bin.162	rumen__10674_0003_idba_bin.162	rumen	rumen	Bacteria	10674_0003_idba_bin.162	10674_0003_idba	bin.162		ERZ1037713	webin-genome-10674_0003_idba_bin.162	10674_0003_idba_bin.162.fa.gz	rumen__10674_0003_idba_bin.162.faa	rumen__10674_0003_idba_bin.162	/home/rsg-jcorre38/Jay_Proyects/MethaNet/data/blue_catalyst_poc/proteomes/rumen__10674_0003_idba_bin.162.faa	2938.0	11.0	14.0	True		https://ftp.sra.ebi.ac.uk/vol1/analysis/ERZ103/ERZ1037713/10674_0003_idba_bin.162.fa.gz	https://ftp.ebi.ac.uk/vol1/analysis/ERZ103/ERZ1037713/10674_0003_idba_bin.162.fa.gz
rumen__10674_0003_idba_bin.163	rumen__10674_0003_idba_bin.163	rumen	rumen	Bacteria	10674_0003_idba_bin.163	10674_0003_idba	bin.163		ERZ1037714	webin-genome-10674_0003_idba_bin.163	10674_0003_idba_bin.163.fa.gz	rumen__10674_0003_idba_bin.163.faa	rumen__10674_0003_idba_bin.163	/home/rsg-jcorre38/Jay_Proyects/MethaNet/data/blue_catalyst_poc/proteomes/rumen__10674_0003_idba_bin.163.faa	1697.0	11.0	15.0	True		https://ftp.sra.ebi.ac.uk/vol1/analysis/ERZ103/ERZ1037714/10674_0003_idba_bin.163.fa.gz	https://ftp.ebi.ac.uk/vol1/analysis/ERZ103/ERZ1037714/10674_0003_idba_bin.163.fa.gz
rumen__10674_0003_idba_bin.165	rumen__10674_0003_idba_bin.165	rumen	rumen	Bacteria	10674_0003_idba_bin.165	10674_0003_idba	bin.165		ERZ1037715	webin-genome-10674_0003_idba_bin.165	10674_0003_idba_bin.165.fa.gz	rumen__10674_0003_idba_bin.165.faa	rumen__10674_0003_idba_bin.165	/home/rsg-jcorre38/Jay_Proyects/MethaNet/data/blue_catalyst_poc/proteomes/rumen__10674_0003_idba_bin.165.faa	1823.0	11.0	16.0	True		https://ftp.sra.ebi.ac.uk/vol1/analysis/ERZ103/ERZ1037715/10674_0003_idba_bin.165.fa.gz	https://ftp.ebi.ac.uk/vol1/analysis/ERZ103/ERZ1037715/10674_0003_idba_bin.165.fa.gz
rumen__10674_0003_idba_bin.166	rumen__10674_0003_idba_bin.166	rumen	rumen	Bacteria	10674_0003_idba_bin.166	10674_0003_idba	bin.166		ERZ1037716	webin-genome-10674_0003_idba_bin.166	10674_0003_idba_bin.166.fa.gz	rumen__10674_0003_idba_bin.166.faa	rumen__10674_0003_idba_bin.166	/home/rsg-jcorre38/Jay_Proyects/MethaNet/data/blue_catalyst_poc/proteomes/rumen__10674_0003_idba_bin.166.faa	1953.0	11.0	17.0	True		https://ftp.sra.ebi.ac.uk/vol1/analysis/ERZ103/ERZ1037716/10674_0003_idba_bin.166.fa.gz	https://ftp.ebi.ac.uk/vol1/analysis/ERZ103/ERZ1037716/10674_0003_idba_bin.166.fa.gz
rumen__10674_0003_idba_bin.167	rumen__10674_0003_idba_bin.167	rumen	rumen	Bacteria	10674_0003_idba_bin.167	10674_0003_idba	bin.167		ERZ1037717	webin-genome-10674_0003_idba_bin.167	10674_0003_idba_bin.167.fa.gz	rumen__10674_0003_idba_bin.167.faa	rumen__10674_0003_idba_bin.167	/home/rsg-jcorre38/Jay_Proyects/MethaNet/data/blue_catalyst_poc/proteomes/rumen__10674_0003_idba_bin.167.faa	1600.0	11.0	18.0	True		https://ftp.sra.ebi.ac.uk/vol1/analysis/ERZ103/ERZ1037717/10674_0003_idba_bin.167.fa.gz	https://ftp.ebi.ac.uk/vol1/analysis/ERZ103/ERZ1037717/10674_0003_idba_bin.167.fa.gz
rumen__10674_0003_idba_bin.17	rumen__10674_0003_idba_bin.17	rumen	rumen	Bacteria	10674_0003_idba_bin.17	10674_0003_idba	bin.17		ERZ1037718	webin-genome-10674_0003_idba_bin.17	10674_0003_idba_bin.17.fa.gz	rumen__10674_0003_idba_bin.17.faa	rumen__10674_0003_idba_bin.17	/home/rsg-jcorre38/Jay_Proyects/MethaNet/data/blue_catalyst_poc/proteomes/rumen__10674_0003_idba_bin.17.faa	1963.0	11.0	19.0	True		https://ftp.sra.ebi.ac.uk/vol1/analysis/ERZ103/ERZ1037718/10674_0003_idba_bin.17.fa.gz	https://ftp.ebi.ac.uk/vol1/analysis/ERZ103/ERZ1037718/10674_0003_idba_bin.17.fa.gz
rumen__10674_0003_idba_bin.171	rumen__10674_0003_idba_bin.171	rumen	rumen	Bacteria	10674_0003_idba_bin.171	10674_0003_idba	bin.171		ERZ1037719	webin-genome-10674_0003_idba_bin.171	10674_0003_idba_bin.171.fa.gz	rumen__10674_0003_idba_bin.171.faa	rumen__10674_0003_idba_bin.171	/home/rsg-jcorre38/Jay_Proyects/MethaNet/data/blue_catalyst_poc/proteomes/rumen__10674_0003_idba_bin.171.faa	2600.0	11.0	20.0	True		https://ftp.sra.ebi.ac.uk/vol1/analysis/ERZ103/ERZ1037719/10674_0003_idba_bin.171.fa.gz	https://ftp.ebi.ac.uk/vol1/analysis/ERZ103/ERZ1037719/10674_0003_idba_bin.171.fa.gz
rumen__10674_0003_idba_bin.175	rumen__10674_0003_idba_bin.175	rumen	rumen	Bacteria	10674_0003_idba_bin.175	10674_0003_idba	bin.175		ERZ1037720	webin-genome-10674_0003_idba_bin.175	10674_0003_idba_bin.175.fa.gz	rumen__10674_0003_idba_bin.175.faa	rumen__10674_0003_idba_bin.175	/home/rsg-jcorre38/Jay_Proyects/MethaNet/data/blue_catalyst_poc/proteomes/rumen__10674_0003_idba_bin.175.faa	1263.0	11.0	21.0	True		https://ftp.sra.ebi.ac.uk/vol1/analysis/ERZ103/ERZ1037720/10674_0003_idba_bin.175.fa.gz	https://ftp.ebi.ac.uk/vol1/analysis/ERZ103/ERZ1037720/10674_0003_idba_bin.175.fa.gz
rumen__10674_0003_idba_bin.178	rumen__10674_0003_idba_bin.178	rumen	rumen	Bacteria	10674_0003_idba_bin.178	10674_0003_idba	bin.178		ERZ1037721	webin-genome-10674_0003_idba_bin.178	10674_0003_idba_bin.178.fa.gz	rumen__10674_0003_idba_bin.178.faa	rumen__10674_0003_idba_bin.178	/home/rsg-jcorre38/Jay_Proyects/MethaNet/data/blue_catalyst_poc/proteomes/rumen__10674_0003_idba_bin.178.faa	3566.0	11.0	22.0	True		https://ftp.sra.ebi.ac.uk/vol1/analysis/ERZ103/ERZ1037721/10674_0003_idba_bin.178.fa.gz	https://ftp.ebi.ac.uk/vol1/analysis/ERZ103/ERZ1037721/10674_0003_idba_bin.178.fa.gz
rumen__10674_0003_idba_bin.179	rumen__10674_0003_idba_bin.179	rumen	rumen	Bacteria	10674_0003_idba_bin.179	10674_0003_idba	bin.179		ERZ1037722	webin-genome-10674_0003_idba_bin.179	10674_0003_idba_bin.179.fa.gz	rumen__10674_0003_idba_bin.179.faa	rumen__10674_0003_idba_bin.179	/home/rsg-jcorre38/Jay_Proyects/MethaNet/data/blue_catalyst_poc/proteomes/rumen__10674_0003_idba_bin.179.faa	1079.0	11.0	23.0	True		https://ftp.sra.ebi.ac.uk/vol1/analysis/ERZ103/ERZ1037722/10674_0003_idba_bin.179.fa.gz	https://ftp.ebi.ac.uk/vol1/analysis/ERZ103/ERZ1037722/10674_0003_idba_bin.179.fa.gz
rumen__10674_0003_idba_bin.18	rumen__10674_0003_idba_bin.18	rumen	rumen	Bacteria	10674_0003_idba_bin.18	10674_0003_idba	bin.18		ERZ1037723	webin-genome-10674_0003_idba_bin.18	10674_0003_idba_bin.18.fa.gz	rumen__10674_0003_idba_bin.18.faa	rumen__10674_0003_idba_bin.18	/home/rsg-jcorre38/Jay_Proyects/MethaNet/data/blue_catalyst_poc/proteomes/rumen__10674_0003_idba_bin.18.faa	1139.0	11.0	24.0	True		https://ftp.sra.ebi.ac.uk/vol1/analysis/ERZ103/ERZ1037723/10674_0003_idba_bin.18.fa.gz	https://ftp.ebi.ac.uk/vol1/analysis/ERZ103/ERZ1037723/10674_0003_idba_bin.18.fa.gz
rumen__10674_0003_idba_bin.182	rumen__10674_0003_idba_bin.182	rumen	rumen	Bacteria	10674_0003_idba_bin.182	10674_0003_idba	bin.182		ERZ1037724	webin-genome-10674_0003_idba_bin.182	10674_0003_idba_bin.182.fa.gz	rumen__10674_0003_idba_bin.182.faa	rumen__10674_0003_idba_bin.182	/home/rsg-jcorre38/Jay_Proyects/MethaNet/data/blue_catalyst_poc/proteomes/rumen__10674_0003_idba_bin.182.faa	2476.0	12.0	0.0	True		https://ftp.sra.ebi.ac.uk/vol1/analysis/ERZ103/ERZ1037724/10674_0003_idba_bin.182.fa.gz	https://ftp.ebi.ac.uk/vol1/analysis/ERZ103/ERZ1037724/10674_0003_idba_bin.182.fa.gz
rumen__10674_0003_idba_bin.184	rumen__10674_0003_idba_bin.184	rumen	rumen	Bacteria	10674_0003_idba_bin.184	10674_0003_idba	bin.184		ERZ1037725	webin-genome-10674_0003_idba_bin.184	10674_0003_idba_bin.184.fa.gz	rumen__10674_0003_idba_bin.184.faa	rumen__10674_0003_idba_bin.184	/home/rsg-jcorre38/Jay_Proyects/MethaNet/data/blue_catalyst_poc/proteomes/rumen__10674_0003_idba_bin.184.faa	1858.0	12.0	1.0	True		https://ftp.sra.ebi.ac.uk/vol1/analysis/ERZ103/ERZ1037725/10674_0003_idba_bin.184.fa.gz	https://ftp.ebi.ac.uk/vol1/analysis/ERZ103/ERZ1037725/10674_0003_idba_bin.184.fa.gz
rumen__10674_0003_idba_bin.185	rumen__10674_0003_idba_bin.185	rumen	rumen	Bacteria	10674_0003_idba_bin.185	10674_0003_idba	bin.185		ERZ1037726	webin-genome-10674_0003_idba_bin.185	10674_0003_idba_bin.185.fa.gz	rumen__10674_0003_idba_bin.185.faa	rumen__10674_0003_idba_bin.185	/home/rsg-jcorre38/Jay_Proyects/MethaNet/data/blue_catalyst_poc/proteomes/rumen__10674_0003_idba_bin.185.faa	1284.0	12.0	2.0	True		https://ftp.sra.ebi.ac.uk/vol1/analysis/ERZ103/ERZ1037726/10674_0003_idba_bin.185.fa.gz	https://ftp.ebi.ac.uk/vol1/analysis/ERZ103/ERZ1037726/10674_0003_idba_bin.185.fa.gz
rumen__10674_0003_idba_bin.186	rumen__10674_0003_idba_bin.186	rumen	rumen	Bacteria	10674_0003_idba_bin.186	10674_0003_idba	bin.186		ERZ1037727	webin-genome-10674_0003_idba_bin.186	10674_0003_idba_bin.186.fa.gz	rumen__10674_0003_idba_bin.186.faa	rumen__10674_0003_idba_bin.186	/home/rsg-jcorre38/Jay_Proyects/MethaNet/data/blue_catalyst_poc/proteomes/rumen__10674_0003_idba_bin.186.faa	2370.0	12.0	3.0	True		https://ftp.sra.ebi.ac.uk/vol1/analysis/ERZ103/ERZ1037727/10674_0003_idba_bin.186.fa.gz	https://ftp.ebi.ac.uk/vol1/analysis/ERZ103/ERZ1037727/10674_0003_idba_bin.186.fa.gz
rumen__10674_0003_idba_bin.187	rumen__10674_0003_idba_bin.187	rumen	rumen	Bacteria	10674_0003_idba_bin.187	10674_0003_idba	bin.187		ERZ1037728	webin-genome-10674_0003_idba_bin.187	10674_0003_idba_bin.187.fa.gz	rumen__10674_0003_idba_bin.187.faa	rumen__10674_0003_idba_bin.187	/home/rsg-jcorre38/Jay_Proyects/MethaNet/data/blue_catalyst_poc/proteomes/rumen__10674_0003_idba_bin.187.faa	2669.0	12.0	4.0	True		https://ftp.sra.ebi.ac.uk/vol1/analysis/ERZ103/ERZ1037728/10674_0003_idba_bin.187.fa.gz	https://ftp.ebi.ac.uk/vol1/analysis/ERZ103/ERZ1037728/10674_0003_idba_bin.187.fa.gz
rumen__10674_0003_idba_bin.189	rumen__10674_0003_idba_bin.189	rumen	rumen	Bacteria	10674_0003_idba_bin.189	10674_0003_idba	bin.189		ERZ1037729	webin-genome-10674_0003_idba_bin.189	10674_0003_idba_bin.189.fa.gz	rumen__10674_0003_idba_bin.189.faa	rumen__10674_0003_idba_bin.189	/home/rsg-jcorre38/Jay_Proyects/MethaNet/data/blue_catalyst_poc/proteomes/rumen__10674_0003_idba_bin.189.faa	1821.0	12.0	5.0	True		https://ftp.sra.ebi.ac.uk/vol1/analysis/ERZ103/ERZ1037729/10674_0003_idba_bin.189.fa.gz	https://ftp.ebi.ac.uk/vol1/analysis/ERZ103/ERZ1037729/10674_0003_idba_bin.189.fa.gz
rumen__10674_0003_idba_bin.19	rumen__10674_0003_idba_bin.19	rumen	rumen	Bacteria	10674_0003_idba_bin.19	10674_0003_idba	bin.19		ERZ1037730	webin-genome-10674_0003_idba_bin.19	10674_0003_idba_bin.19.fa.gz	rumen__10674_0003_idba_bin.19.faa	rumen__10674_0003_idba_bin.19	/home/rsg-jcorre38/Jay_Proyects/MethaNet/data/blue_catalyst_poc/proteomes/rumen__10674_0003_idba_bin.19.faa	1925.0	12.0	6.0	True		https://ftp.sra.ebi.ac.uk/vol1/analysis/ERZ103/ERZ1037730/10674_0003_idba_bin.19.fa.gz	https://ftp.ebi.ac.uk/vol1/analysis/ERZ103/ERZ1037730/10674_0003_idba_bin.19.fa.gz
rumen__10674_0003_idba_bin.2	rumen__10674_0003_idba_bin.2	rumen	rumen	Bacteria	10674_0003_idba_bin.2	10674_0003_idba	bin.2		ERZ1037731	webin-genome-10674_0003_idba_bin.2	10674_0003_idba_bin.2.fa.gz	rumen__10674_0003_idba_bin.2.faa	rumen__10674_0003_idba_bin.2	/home/rsg-jcorre38/Jay_Proyects/MethaNet/data/blue_catalyst_poc/proteomes/rumen__10674_0003_idba_bin.2.faa	1734.0	12.0	7.0	True		https://ftp.sra.ebi.ac.uk/vol1/analysis/ERZ103/ERZ1037731/10674_0003_idba_bin.2.fa.gz	https://ftp.ebi.ac.uk/vol1/analysis/ERZ103/ERZ1037731/10674_0003_idba_bin.2.fa.gz
rumen__10674_0003_idba_bin.20	rumen__10674_0003_idba_bin.20	rumen	rumen	Bacteria	10674_0003_idba_bin.20	10674_0003_idba	bin.20		ERZ1037732	webin-genome-10674_0003_idba_bin.20	10674_0003_idba_bin.20.fa.gz	rumen__10674_0003_idba_bin.20.faa	rumen__10674_0003_idba_bin.20	/home/rsg-jcorre38/Jay_Proyects/MethaNet/data/blue_catalyst_poc/proteomes/rumen__10674_0003_idba_bin.20.faa	2115.0	12.0	8.0	True		https://ftp.sra.ebi.ac.uk/vol1/analysis/ERZ103/ERZ1037732/10674_0003_idba_bin.20.fa.gz	https://ftp.ebi.ac.uk/vol1/analysis/ERZ103/ERZ1037732/10674_0003_idba_bin.20.fa.gz
rumen__10674_0003_idba_bin.24	rumen__10674_0003_idba_bin.24	rumen	rumen	Bacteria	10674_0003_idba_bin.24	10674_0003_idba	bin.24		ERZ1037733	webin-genome-10674_0003_idba_bin.24	10674_0003_idba_bin.24.fa.gz	rumen__10674_0003_idba_bin.24.faa	rumen__10674_0003_idba_bin.24	/home/rsg-jcorre38/Jay_Proyects/MethaNet/data/blue_catalyst_poc/proteomes/rumen__10674_0003_idba_bin.24.faa	1089.0	12.0	9.0	True		https://ftp.sra.ebi.ac.uk/vol1/analysis/ERZ103/ERZ1037733/10674_0003_idba_bin.24.fa.gz	https://ftp.ebi.ac.uk/vol1/analysis/ERZ103/ERZ1037733/10674_0003_idba_bin.24.fa.gz
rumen__10674_0003_idba_bin.27	rumen__10674_0003_idba_bin.27	rumen	rumen	Bacteria	10674_0003_idba_bin.27	10674_0003_idba	bin.27		ERZ1037734	webin-genome-10674_0003_idba_bin.27	10674_0003_idba_bin.27.fa.gz	rumen__10674_0003_idba_bin.27.faa	rumen__10674_0003_idba_bin.27	/home/rsg-jcorre38/Jay_Proyects/MethaNet/data/blue_catalyst_poc/proteomes/rumen__10674_0003_idba_bin.27.faa	2529.0	12.0	10.0	True		https://ftp.sra.ebi.ac.uk/vol1/analysis/ERZ103/ERZ1037734/10674_0003_idba_bin.27.fa.gz	https://ftp.ebi.ac.uk/vol1/analysis/ERZ103/ERZ1037734/10674_0003_idba_bin.27.fa.gz
rumen__10674_0003_idba_bin.28	rumen__10674_0003_idba_bin.28	rumen	rumen	Bacteria	10674_0003_idba_bin.28	10674_0003_idba	bin.28		ERZ1037735	webin-genome-10674_0003_idba_bin.28	10674_0003_idba_bin.28.fa.gz	rumen__10674_0003_idba_bin.28.faa	rumen__10674_0003_idba_bin.28	/home/rsg-jcorre38/Jay_Proyects/MethaNet/data/blue_catalyst_poc/proteomes/rumen__10674_0003_idba_bin.28.faa	2655.0	12.0	11.0	True		https://ftp.sra.ebi.ac.uk/vol1/analysis/ERZ103/ERZ1037735/10674_0003_idba_bin.28.fa.gz	https://ftp.ebi.ac.uk/vol1/analysis/ERZ103/ERZ1037735/10674_0003_idba_bin.28.fa.gz
rumen__10674_0003_idba_bin.29	rumen__10674_0003_idba_bin.29	rumen	rumen	Bacteria	10674_0003_idba_bin.29	10674_0003_idba	bin.29		ERZ1037736	webin-genome-10674_0003_idba_bin.29	10674_0003_idba_bin.29.fa.gz	rumen__10674_0003_idba_bin.29.faa	rumen__10674_0003_idba_bin.29	/home/rsg-jcorre38/Jay_Proyects/MethaNet/data/blue_catalyst_poc/proteomes/rumen__10674_0003_idba_bin.29.faa	1427.0	12.0	12.0	True		https://ftp.sra.ebi.ac.uk/vol1/analysis/ERZ103/ERZ1037736/10674_0003_idba_bin.29.fa.gz	https://ftp.ebi.ac.uk/vol1/analysis/ERZ103/ERZ1037736/10674_0003_idba_bin.29.fa.gz
rumen__10674_0003_idba_bin.3	rumen__10674_0003_idba_bin.3	rumen	rumen	Bacteria	10674_0003_idba_bin.3	10674_0003_idba	bin.3		ERZ1037737	webin-genome-10674_0003_idba_bin.3	10674_0003_idba_bin.3.fa.gz	rumen__10674_0003_idba_bin.3.faa	rumen__10674_0003_idba_bin.3	/home/rsg-jcorre38/Jay_Proyects/MethaNet/data/blue_catalyst_poc/proteomes/rumen__10674_0003_idba_bin.3.faa	1962.0	12.0	13.0	True		https://ftp.sra.ebi.ac.uk/vol1/analysis/ERZ103/ERZ1037737/10674_0003_idba_bin.3.fa.gz	https://ftp.ebi.ac.uk/vol1/analysis/ERZ103/ERZ1037737/10674_0003_idba_bin.3.fa.gz
rumen__10674_0003_idba_bin.31	rumen__10674_0003_idba_bin.31	rumen	rumen	Bacteria	10674_0003_idba_bin.31	10674_0003_idba	bin.31		ERZ1037738	webin-genome-10674_0003_idba_bin.31	10674_0003_idba_bin.31.fa.gz	rumen__10674_0003_idba_bin.31.faa	rumen__10674_0003_idba_bin.31	/home/rsg-jcorre38/Jay_Proyects/MethaNet/data/blue_catalyst_poc/proteomes/rumen__10674_0003_idba_bin.31.faa	1671.0	12.0	14.0	True		https://ftp.sra.ebi.ac.uk/vol1/analysis/ERZ103/ERZ1037738/10674_0003_idba_bin.31.fa.gz	https://ftp.ebi.ac.uk/vol1/analysis/ERZ103/ERZ1037738/10674_0003_idba_bin.31.fa.gz
rumen__10674_0003_idba_bin.33	rumen__10674_0003_idba_bin.33	rumen	rumen	Bacteria	10674_0003_idba_bin.33	10674_0003_idba	bin.33		ERZ1037739	webin-genome-10674_0003_idba_bin.33	10674_0003_idba_bin.33.fa.gz	rumen__10674_0003_idba_bin.33.faa	rumen__10674_0003_idba_bin.33	/home/rsg-jcorre38/Jay_Proyects/MethaNet/data/blue_catalyst_poc/proteomes/rumen__10674_0003_idba_bin.33.faa	1185.0	12.0	15.0	True		https://ftp.sra.ebi.ac.uk/vol1/analysis/ERZ103/ERZ1037739/10674_0003_idba_bin.33.fa.gz	https://ftp.ebi.ac.uk/vol1/analysis/ERZ103/ERZ1037739/10674_0003_idba_bin.33.fa.gz
rumen__10674_0003_idba_bin.36	rumen__10674_0003_idba_bin.36	rumen	rumen	Bacteria	10674_0003_idba_bin.36	10674_0003_idba	bin.36		ERZ1037740	webin-genome-10674_0003_idba_bin.36	10674_0003_idba_bin.36.fa.gz	rumen__10674_0003_idba_bin.36.faa	rumen__10674_0003_idba_bin.36	/home/rsg-jcorre38/Jay_Proyects/MethaNet/data/blue_catalyst_poc/proteomes/rumen__10674_0003_idba_bin.36.faa	1661.0	12.0	16.0	True		https://ftp.sra.ebi.ac.uk/vol1/analysis/ERZ103/ERZ1037740/10674_0003_idba_bin.36.fa.gz	https://ftp.ebi.ac.uk/vol1/analysis/ERZ103/ERZ1037740/10674_0003_idba_bin.36.fa.gz
rumen__10674_0003_idba_bin.41	rumen__10674_0003_idba_bin.41	rumen	rumen	Bacteria	10674_0003_idba_bin.41	10674_0003_idba	bin.41		ERZ1037741	webin-genome-10674_0003_idba_bin.41	10674_0003_idba_bin.41.fa.gz	rumen__10674_0003_idba_bin.41.faa	rumen__10674_0003_idba_bin.41	/home/rsg-jcorre38/Jay_Proyects/MethaNet/data/blue_catalyst_poc/proteomes/rumen__10674_0003_idba_bin.41.faa	2093.0	12.0	17.0	True		https://ftp.sra.ebi.ac.uk/vol1/analysis/ERZ103/ERZ1037741/10674_0003_idba_bin.41.fa.gz	https://ftp.ebi.ac.uk/vol1/analysis/ERZ103/ERZ1037741/10674_0003_idba_bin.41.fa.gz
rumen__10674_0003_idba_bin.44	rumen__10674_0003_idba_bin.44	rumen	rumen	Bacteria	10674_0003_idba_bin.44	10674_0003_idba	bin.44		ERZ1037742	webin-genome-10674_0003_idba_bin.44	10674_0003_idba_bin.44.fa.gz	rumen__10674_0003_idba_bin.44.faa	rumen__10674_0003_idba_bin.44	/home/rsg-jcorre38/Jay_Proyects/MethaNet/data/blue_catalyst_poc/proteomes/rumen__10674_0003_idba_bin.44.faa	2257.0	12.0	18.0	True		https://ftp.sra.ebi.ac.uk/vol1/analysis/ERZ103/ERZ1037742/10674_0003_idba_bin.44.fa.gz	https://ftp.ebi.ac.uk/vol1/analysis/ERZ103/ERZ1037742/10674_0003_idba_bin.44.fa.gz
rumen__10674_0003_idba_bin.46	rumen__10674_0003_idba_bin.46	rumen	rumen	Bacteria	10674_0003_idba_bin.46	10674_0003_idba	bin.46		ERZ1037743	webin-genome-10674_0003_idba_bin.46	10674_0003_idba_bin.46.fa.gz	rumen__10674_0003_idba_bin.46.faa	rumen__10674_0003_idba_bin.46	/home/rsg-jcorre38/Jay_Proyects/MethaNet/data/blue_catalyst_poc/proteomes/rumen__10674_0003_idba_bin.46.faa	1487.0	12.0	19.0	True		https://ftp.sra.ebi.ac.uk/vol1/analysis/ERZ103/ERZ1037743/10674_0003_idba_bin.46.fa.gz	https://ftp.ebi.ac.uk/vol1/analysis/ERZ103/ERZ1037743/10674_0003_idba_bin.46.fa.gz
rumen__10674_0003_idba_bin.47	rumen__10674_0003_idba_bin.47	rumen	rumen	Bacteria	10674_0003_idba_bin.47	10674_0003_idba	bin.47		ERZ1037745	webin-genome-10674_0003_idba_bin.47	10674_0003_idba_bin.47.fa.gz	rumen__10674_0003_idba_bin.47.faa	rumen__10674_0003_idba_bin.47	/home/rsg-jcorre38/Jay_Proyects/MethaNet/data/blue_catalyst_poc/proteomes/rumen__10674_0003_idba_bin.47.faa	1399.0	12.0	20.0	True		https://ftp.sra.ebi.ac.uk/vol1/analysis/ERZ103/ERZ1037745/10674_0003_idba_bin.47.fa.gz	https://ftp.ebi.ac.uk/vol1/analysis/ERZ103/ERZ1037745/10674_0003_idba_bin.47.fa.gz
rumen__10674_0003_idba_bin.48	rumen__10674_0003_idba_bin.48	rumen	rumen	Bacteria	10674_0003_idba_bin.48	10674_0003_idba	bin.48		ERZ1037746	webin-genome-10674_0003_idba_bin.48	10674_0003_idba_bin.48.fa.gz	rumen__10674_0003_idba_bin.48.faa	rumen__10674_0003_idba_bin.48	/home/rsg-jcorre38/Jay_Proyects/MethaNet/data/blue_catalyst_poc/proteomes/rumen__10674_0003_idba_bin.48.faa	1806.0	12.0	21.0	True		https://ftp.sra.ebi.ac.uk/vol1/analysis/ERZ103/ERZ1037746/10674_0003_idba_bin.48.fa.gz	https://ftp.ebi.ac.uk/vol1/analysis/ERZ103/ERZ1037746/10674_0003_idba_bin.48.fa.gz
rumen__10674_0003_idba_bin.49	rumen__10674_0003_idba_bin.49	rumen	rumen	Bacteria	10674_0003_idba_bin.49	10674_0003_idba	bin.49		ERZ1037748	webin-genome-10674_0003_idba_bin.49	10674_0003_idba_bin.49.fa.gz	rumen__10674_0003_idba_bin.49.faa	rumen__10674_0003_idba_bin.49	/home/rsg-jcorre38/Jay_Proyects/MethaNet/data/blue_catalyst_poc/proteomes/rumen__10674_0003_idba_bin.49.faa	1822.0	12.0	22.0	True		https://ftp.sra.ebi.ac.uk/vol1/analysis/ERZ103/ERZ1037748/10674_0003_idba_bin.49.fa.gz	https://ftp.ebi.ac.uk/vol1/analysis/ERZ103/ERZ1037748/10674_0003_idba_bin.49.fa.gz
rumen__10674_0003_idba_bin.5	rumen__10674_0003_idba_bin.5	rumen	rumen	Bacteria	10674_0003_idba_bin.5	10674_0003_idba	bin.5		ERZ1037749	webin-genome-10674_0003_idba_bin.5	10674_0003_idba_bin.5.fa.gz	rumen__10674_0003_idba_bin.5.faa	rumen__10674_0003_idba_bin.5	/home/rsg-jcorre38/Jay_Proyects/MethaNet/data/blue_catalyst_poc/proteomes/rumen__10674_0003_idba_bin.5.faa	2064.0	12.0	23.0	True		https://ftp.sra.ebi.ac.uk/vol1/analysis/ERZ103/ERZ1037749/10674_0003_idba_bin.5.fa.gz	https://ftp.ebi.ac.uk/vol1/analysis/ERZ103/ERZ1037749/10674_0003_idba_bin.5.fa.gz
rumen__10674_0003_idba_bin.52	rumen__10674_0003_idba_bin.52	rumen	rumen	Bacteria	10674_0003_idba_bin.52	10674_0003_idba	bin.52		ERZ1037750	webin-genome-10674_0003_idba_bin.52	10674_0003_idba_bin.52.fa.gz	rumen__10674_0003_idba_bin.52.faa	rumen__10674_0003_idba_bin.52	/home/rsg-jcorre38/Jay_Proyects/MethaNet/data/blue_catalyst_poc/proteomes/rumen__10674_0003_idba_bin.52.faa	370.0	12.0	24.0	True		https://ftp.sra.ebi.ac.uk/vol1/analysis/ERZ103/ERZ1037750/10674_0003_idba_bin.52.fa.gz	https://ftp.ebi.ac.uk/vol1/analysis/ERZ103/ERZ1037750/10674_0003_idba_bin.52.fa.gz
rumen__10674_0003_idba_bin.53	rumen__10674_0003_idba_bin.53	rumen	rumen	Bacteria	10674_0003_idba_bin.53	10674_0003_idba	bin.53		ERZ1037751	webin-genome-10674_0003_idba_bin.53	10674_0003_idba_bin.53.fa.gz	rumen__10674_0003_idba_bin.53.faa	rumen__10674_0003_idba_bin.53	/home/rsg-jcorre38/Jay_Proyects/MethaNet/data/blue_catalyst_poc/proteomes/rumen__10674_0003_idba_bin.53.faa	2555.0	13.0	0.0	True		https://ftp.sra.ebi.ac.uk/vol1/analysis/ERZ103/ERZ1037751/10674_0003_idba_bin.53.fa.gz	https://ftp.ebi.ac.uk/vol1/analysis/ERZ103/ERZ1037751/10674_0003_idba_bin.53.fa.gz
rumen__10674_0003_idba_bin.56	rumen__10674_0003_idba_bin.56	rumen	rumen	Bacteria	10674_0003_idba_bin.56	10674_0003_idba	bin.56		ERZ1037752	webin-genome-10674_0003_idba_bin.56	10674_0003_idba_bin.56.fa.gz	rumen__10674_0003_idba_bin.56.faa	rumen__10674_0003_idba_bin.56	/home/rsg-jcorre38/Jay_Proyects/MethaNet/data/blue_catalyst_poc/proteomes/rumen__10674_0003_idba_bin.56.faa	2093.0	13.0	1.0	True		https://ftp.sra.ebi.ac.uk/vol1/analysis/ERZ103/ERZ1037752/10674_0003_idba_bin.56.fa.gz	https://ftp.ebi.ac.uk/vol1/analysis/ERZ103/ERZ1037752/10674_0003_idba_bin.56.fa.gz
rumen__10674_0003_idba_bin.60	rumen__10674_0003_idba_bin.60	rumen	rumen	Bacteria	10674_0003_idba_bin.60	10674_0003_idba	bin.60		ERZ1037753	webin-genome-10674_0003_idba_bin.60	10674_0003_idba_bin.60.fa.gz	rumen__10674_0003_idba_bin.60.faa	rumen__10674_0003_idba_bin.60	/home/rsg-jcorre38/Jay_Proyects/MethaNet/data/blue_catalyst_poc/proteomes/rumen__10674_0003_idba_bin.60.faa	1826.0	13.0	2.0	True		https://ftp.sra.ebi.ac.uk/vol1/analysis/ERZ103/ERZ1037753/10674_0003_idba_bin.60.fa.gz	https://ftp.ebi.ac.uk/vol1/analysis/ERZ103/ERZ1037753/10674_0003_idba_bin.60.fa.gz
rumen__10674_0003_idba_bin.61	rumen__10674_0003_idba_bin.61	rumen	rumen	Bacteria	10674_0003_idba_bin.61	10674_0003_idba	bin.61		ERZ1037754	webin-genome-10674_0003_idba_bin.61	10674_0003_idba_bin.61.fa.gz	rumen__10674_0003_idba_bin.61.faa	rumen__10674_0003_idba_bin.61	/home/rsg-jcorre38/Jay_Proyects/MethaNet/data/blue_catalyst_poc/proteomes/rumen__10674_0003_idba_bin.61.faa	1745.0	13.0	3.0	True		https://ftp.sra.ebi.ac.uk/vol1/analysis/ERZ103/ERZ1037754/10674_0003_idba_bin.61.fa.gz	https://ftp.ebi.ac.uk/vol1/analysis/ERZ103/ERZ1037754/10674_0003_idba_bin.61.fa.gz
rumen__10674_0003_idba_bin.62	rumen__10674_0003_idba_bin.62	rumen	rumen	Bacteria	10674_0003_idba_bin.62	10674_0003_idba	bin.62		ERZ1037755	webin-genome-10674_0003_idba_bin.62	10674_0003_idba_bin.62.fa.gz	rumen__10674_0003_idba_bin.62.faa	rumen__10674_0003_idba_bin.62	/home/rsg-jcorre38/Jay_Proyects/MethaNet/data/blue_catalyst_poc/proteomes/rumen__10674_0003_idba_bin.62.faa	2826.0	13.0	4.0	True		https://ftp.sra.ebi.ac.uk/vol1/analysis/ERZ103/ERZ1037755/10674_0003_idba_bin.62.fa.gz	https://ftp.ebi.ac.uk/vol1/analysis/ERZ103/ERZ1037755/10674_0003_idba_bin.62.fa.gz
rumen__10674_0003_idba_bin.64	rumen__10674_0003_idba_bin.64	rumen	rumen	Bacteria	10674_0003_idba_bin.64	10674_0003_idba	bin.64		ERZ1037756	webin-genome-10674_0003_idba_bin.64	10674_0003_idba_bin.64.fa.gz	rumen__10674_0003_idba_bin.64.faa	rumen__10674_0003_idba_bin.64	/home/rsg-jcorre38/Jay_Proyects/MethaNet/data/blue_catalyst_poc/proteomes/rumen__10674_0003_idba_bin.64.faa	943.0	13.0	5.0	True		https://ftp.sra.ebi.ac.uk/vol1/analysis/ERZ103/ERZ1037756/10674_0003_idba_bin.64.fa.gz	https://ftp.ebi.ac.uk/vol1/analysis/ERZ103/ERZ1037756/10674_0003_idba_bin.64.fa.gz
rumen__10674_0003_idba_bin.65	rumen__10674_0003_idba_bin.65	rumen	rumen	Bacteria	10674_0003_idba_bin.65	10674_0003_idba	bin.65		ERZ1037757	webin-genome-10674_0003_idba_bin.65	10674_0003_idba_bin.65.fa.gz	rumen__10674_0003_idba_bin.65.faa	rumen__10674_0003_idba_bin.65	/home/rsg-jcorre38/Jay_Proyects/MethaNet/data/blue_catalyst_poc/proteomes/rumen__10674_0003_idba_bin.65.faa	2102.0	13.0	6.0	True		https://ftp.sra.ebi.ac.uk/vol1/analysis/ERZ103/ERZ1037757/10674_0003_idba_bin.65.fa.gz	https://ftp.ebi.ac.uk/vol1/analysis/ERZ103/ERZ1037757/10674_0003_idba_bin.65.fa.gz
rumen__10674_0003_idba_bin.67	rumen__10674_0003_idba_bin.67	rumen	rumen	Bacteria	10674_0003_idba_bin.67	10674_0003_idba	bin.67		ERZ1037758	webin-genome-10674_0003_idba_bin.67	10674_0003_idba_bin.67.fa.gz	rumen__10674_0003_idba_bin.67.faa	rumen__10674_0003_idba_bin.67	/home/rsg-jcorre38/Jay_Proyects/MethaNet/data/blue_catalyst_poc/proteomes/rumen__10674_0003_idba_bin.67.faa	2328.0	13.0	7.0	True		https://ftp.sra.ebi.ac.uk/vol1/analysis/ERZ103/ERZ1037758/10674_0003_idba_bin.67.fa.gz	https://ftp.ebi.ac.uk/vol1/analysis/ERZ103/ERZ1037758/10674_0003_idba_bin.67.fa.gz
rumen__10674_0003_idba_bin.69	rumen__10674_0003_idba_bin.69	rumen	rumen	Bacteria	10674_0003_idba_bin.69	10674_0003_idba	bin.69		ERZ1037759	webin-genome-10674_0003_idba_bin.69	10674_0003_idba_bin.69.fa.gz	rumen__10674_0003_idba_bin.69.faa	rumen__10674_0003_idba_bin.69	/home/rsg-jcorre38/Jay_Proyects/MethaNet/data/blue_catalyst_poc/proteomes/rumen__10674_0003_idba_bin.69.faa	2202.0	13.0	8.0	True		https://ftp.sra.ebi.ac.uk/vol1/analysis/ERZ103/ERZ1037759/10674_0003_idba_bin.69.fa.gz	https://ftp.ebi.ac.uk/vol1/analysis/ERZ103/ERZ1037759/10674_0003_idba_bin.69.fa.gz
rumen__10674_0003_idba_bin.7	rumen__10674_0003_idba_bin.7	rumen	rumen	Bacteria	10674_0003_idba_bin.7	10674_0003_idba	bin.7		ERZ1037760	webin-genome-10674_0003_idba_bin.7	10674_0003_idba_bin.7.fa.gz	rumen__10674_0003_idba_bin.7.faa	rumen__10674_0003_idba_bin.7	/home/rsg-jcorre38/Jay_Proyects/MethaNet/data/blue_catalyst_poc/proteomes/rumen__10674_0003_idba_bin.7.faa	1189.0	13.0	9.0	True		https://ftp.sra.ebi.ac.uk/vol1/analysis/ERZ103/ERZ1037760/10674_0003_idba_bin.7.fa.gz	https://ftp.ebi.ac.uk/vol1/analysis/ERZ103/ERZ1037760/10674_0003_idba_bin.7.fa.gz
rumen__10674_0003_idba_bin.71	rumen__10674_0003_idba_bin.71	rumen	rumen	Bacteria	10674_0003_idba_bin.71	10674_0003_idba	bin.71		ERZ1037761	webin-genome-10674_0003_idba_bin.71	10674_0003_idba_bin.71.fa.gz	rumen__10674_0003_idba_bin.71.faa	rumen__10674_0003_idba_bin.71	/home/rsg-jcorre38/Jay_Proyects/MethaNet/data/blue_catalyst_poc/proteomes/rumen__10674_0003_idba_bin.71.faa	1025.0	13.0	10.0	True		https://ftp.sra.ebi.ac.uk/vol1/analysis/ERZ103/ERZ1037761/10674_0003_idba_bin.71.fa.gz	https://ftp.ebi.ac.uk/vol1/analysis/ERZ103/ERZ1037761/10674_0003_idba_bin.71.fa.gz
rumen__10674_0003_idba_bin.72	rumen__10674_0003_idba_bin.72	rumen	rumen	Bacteria	10674_0003_idba_bin.72	10674_0003_idba	bin.72		ERZ1037762	webin-genome-10674_0003_idba_bin.72	10674_0003_idba_bin.72.fa.gz	rumen__10674_0003_idba_bin.72.faa	rumen__10674_0003_idba_bin.72	/home/rsg-jcorre38/Jay_Proyects/MethaNet/data/blue_catalyst_poc/proteomes/rumen__10674_0003_idba_bin.72.faa	3187.0	13.0	11.0	True		https://ftp.sra.ebi.ac.uk/vol1/analysis/ERZ103/ERZ1037762/10674_0003_idba_bin.72.fa.gz	https://ftp.ebi.ac.uk/vol1/analysis/ERZ103/ERZ1037762/10674_0003_idba_bin.72.fa.gz
rumen__10674_0003_idba_bin.73	rumen__10674_0003_idba_bin.73	rumen	rumen	Bacteria	10674_0003_idba_bin.73	10674_0003_idba	bin.73		ERZ1037763	webin-genome-10674_0003_idba_bin.73	10674_0003_idba_bin.73.fa.gz	rumen__10674_0003_idba_bin.73.faa	rumen__10674_0003_idba_bin.73	/home/rsg-jcorre38/Jay_Proyects/MethaNet/data/blue_catalyst_poc/proteomes/rumen__10674_0003_idba_bin.73.faa	1916.0	13.0	12.0	True		https://ftp.sra.ebi.ac.uk/vol1/analysis/ERZ103/ERZ1037763/10674_0003_idba_bin.73.fa.gz	https://ftp.ebi.ac.uk/vol1/analysis/ERZ103/ERZ1037763/10674_0003_idba_bin.73.fa.gz
rumen__10674_0003_idba_bin.74	rumen__10674_0003_idba_bin.74	rumen	rumen	Bacteria	10674_0003_idba_bin.74	10674_0003_idba	bin.74		ERZ1037764	webin-genome-10674_0003_idba_bin.74	10674_0003_idba_bin.74.fa.gz	rumen__10674_0003_idba_bin.74.faa	rumen__10674_0003_idba_bin.74	/home/rsg-jcorre38/Jay_Proyects/MethaNet/data/blue_catalyst_poc/proteomes/rumen__10674_0003_idba_bin.74.faa	2416.0	13.0	13.0	True		https://ftp.sra.ebi.ac.uk/vol1/analysis/ERZ103/ERZ1037764/10674_0003_idba_bin.74.fa.gz	https://ftp.ebi.ac.uk/vol1/analysis/ERZ103/ERZ1037764/10674_0003_idba_bin.74.fa.gz
rumen__10674_0003_idba_bin.75	rumen__10674_0003_idba_bin.75	rumen	rumen	Bacteria	10674_0003_idba_bin.75	10674_0003_idba	bin.75		ERZ1037765	webin-genome-10674_0003_idba_bin.75	10674_0003_idba_bin.75.fa.gz	rumen__10674_0003_idba_bin.75.faa	rumen__10674_0003_idba_bin.75	/home/rsg-jcorre38/Jay_Proyects/MethaNet/data/blue_catalyst_poc/proteomes/rumen__10674_0003_idba_bin.75.faa	2151.0	13.0	14.0	True		https://ftp.sra.ebi.ac.uk/vol1/analysis/ERZ103/ERZ1037765/10674_0003_idba_bin.75.fa.gz	https://ftp.ebi.ac.uk/vol1/analysis/ERZ103/ERZ1037765/10674_0003_idba_bin.75.fa.gz
rumen__10674_0003_idba_bin.77	rumen__10674_0003_idba_bin.77	rumen	rumen	Bacteria	10674_0003_idba_bin.77	10674_0003_idba	bin.77		ERZ1037766	webin-genome-10674_0003_idba_bin.77	10674_0003_idba_bin.77.fa.gz	rumen__10674_0003_idba_bin.77.faa	rumen__10674_0003_idba_bin.77	/home/rsg-jcorre38/Jay_Proyects/MethaNet/data/blue_catalyst_poc/proteomes/rumen__10674_0003_idba_bin.77.faa	1721.0	13.0	15.0	True		https://ftp.sra.ebi.ac.uk/vol1/analysis/ERZ103/ERZ1037766/10674_0003_idba_bin.77.fa.gz	https://ftp.ebi.ac.uk/vol1/analysis/ERZ103/ERZ1037766/10674_0003_idba_bin.77.fa.gz
rumen__10674_0003_idba_bin.78	rumen__10674_0003_idba_bin.78	rumen	rumen	Bacteria	10674_0003_idba_bin.78	10674_0003_idba	bin.78		ERZ1037767	webin-genome-10674_0003_idba_bin.78	10674_0003_idba_bin.78.fa.gz	rumen__10674_0003_idba_bin.78.faa	rumen__10674_0003_idba_bin.78	/home/rsg-jcorre38/Jay_Proyects/MethaNet/data/blue_catalyst_poc/proteomes/rumen__10674_0003_idba_bin.78.faa	2822.0	13.0	16.0	True		https://ftp.sra.ebi.ac.uk/vol1/analysis/ERZ103/ERZ1037767/10674_0003_idba_bin.78.fa.gz	https://ftp.ebi.ac.uk/vol1/analysis/ERZ103/ERZ1037767/10674_0003_idba_bin.78.fa.gz
rumen__10674_0003_idba_bin.80	rumen__10674_0003_idba_bin.80	rumen	rumen	Bacteria	10674_0003_idba_bin.80	10674_0003_idba	bin.80		ERZ1037768	webin-genome-10674_0003_idba_bin.80	10674_0003_idba_bin.80.fa.gz	rumen__10674_0003_idba_bin.80.faa	rumen__10674_0003_idba_bin.80	/home/rsg-jcorre38/Jay_Proyects/MethaNet/data/blue_catalyst_poc/proteomes/rumen__10674_0003_idba_bin.80.faa	1958.0	13.0	17.0	True		https://ftp.sra.ebi.ac.uk/vol1/analysis/ERZ103/ERZ1037768/10674_0003_idba_bin.80.fa.gz	https://ftp.ebi.ac.uk/vol1/analysis/ERZ103/ERZ1037768/10674_0003_idba_bin.80.fa.gz
rumen__10674_0003_idba_bin.83	rumen__10674_0003_idba_bin.83	rumen	rumen	Bacteria	10674_0003_idba_bin.83	10674_0003_idba	bin.83		ERZ1037769	webin-genome-10674_0003_idba_bin.83	10674_0003_idba_bin.83.fa.gz	rumen__10674_0003_idba_bin.83.faa	rumen__10674_0003_idba_bin.83	/home/rsg-jcorre38/Jay_Proyects/MethaNet/data/blue_catalyst_poc/proteomes/rumen__10674_0003_idba_bin.83.faa	2127.0	13.0	18.0	True		https://ftp.sra.ebi.ac.uk/vol1/analysis/ERZ103/ERZ1037769/10674_0003_idba_bin.83.fa.gz	https://ftp.ebi.ac.uk/vol1/analysis/ERZ103/ERZ1037769/10674_0003_idba_bin.83.fa.gz
rumen__10674_0003_idba_bin.84	rumen__10674_0003_idba_bin.84	rumen	rumen	Bacteria	10674_0003_idba_bin.84	10674_0003_idba	bin.84		ERZ1037770	webin-genome-10674_0003_idba_bin.84	10674_0003_idba_bin.84.fa.gz	rumen__10674_0003_idba_bin.84.faa	rumen__10674_0003_idba_bin.84	/home/rsg-jcorre38/Jay_Proyects/MethaNet/data/blue_catalyst_poc/proteomes/rumen__10674_0003_idba_bin.84.faa	2220.0	13.0	19.0	True		https://ftp.sra.ebi.ac.uk/vol1/analysis/ERZ103/ERZ1037770/10674_0003_idba_bin.84.fa.gz	https://ftp.ebi.ac.uk/vol1/analysis/ERZ103/ERZ1037770/10674_0003_idba_bin.84.fa.gz
rumen__10674_0003_idba_bin.85	rumen__10674_0003_idba_bin.85	rumen	rumen	Bacteria	10674_0003_idba_bin.85	10674_0003_idba	bin.85		ERZ1037771	webin-genome-10674_0003_idba_bin.85	10674_0003_idba_bin.85.fa.gz	rumen__10674_0003_idba_bin.85.faa	rumen__10674_0003_idba_bin.85	/home/rsg-jcorre38/Jay_Proyects/MethaNet/data/blue_catalyst_poc/proteomes/rumen__10674_0003_idba_bin.85.faa	1869.0	13.0	20.0	True		https://ftp.sra.ebi.ac.uk/vol1/analysis/ERZ103/ERZ1037771/10674_0003_idba_bin.85.fa.gz	https://ftp.ebi.ac.uk/vol1/analysis/ERZ103/ERZ1037771/10674_0003_idba_bin.85.fa.gz
rumen__10674_0003_idba_bin.86	rumen__10674_0003_idba_bin.86	rumen	rumen	Bacteria	10674_0003_idba_bin.86	10674_0003_idba	bin.86		ERZ1037772	webin-genome-10674_0003_idba_bin.86	10674_0003_idba_bin.86.fa.gz	rumen__10674_0003_idba_bin.86.faa	rumen__10674_0003_idba_bin.86	/home/rsg-jcorre38/Jay_Proyects/MethaNet/data/blue_catalyst_poc/proteomes/rumen__10674_0003_idba_bin.86.faa	1815.0	13.0	21.0	True		https://ftp.sra.ebi.ac.uk/vol1/analysis/ERZ103/ERZ1037772/10674_0003_idba_bin.86.fa.gz	https://ftp.ebi.ac.uk/vol1/analysis/ERZ103/ERZ1037772/10674_0003_idba_bin.86.fa.gz
rumen__10674_0003_idba_bin.87	rumen__10674_0003_idba_bin.87	rumen	rumen	Bacteria	10674_0003_idba_bin.87	10674_0003_idba	bin.87		ERZ1037773	webin-genome-10674_0003_idba_bin.87	10674_0003_idba_bin.87.fa.gz	rumen__10674_0003_idba_bin.87.faa	rumen__10674_0003_idba_bin.87	/home/rsg-jcorre38/Jay_Proyects/MethaNet/data/blue_catalyst_poc/proteomes/rumen__10674_0003_idba_bin.87.faa	1421.0	13.0	22.0	True		https://ftp.sra.ebi.ac.uk/vol1/analysis/ERZ103/ERZ1037773/10674_0003_idba_bin.87.fa.gz	https://ftp.ebi.ac.uk/vol1/analysis/ERZ103/ERZ1037773/10674_0003_idba_bin.87.fa.gz
rumen__10674_0003_idba_bin.88	rumen__10674_0003_idba_bin.88	rumen	rumen	Bacteria	10674_0003_idba_bin.88	10674_0003_idba	bin.88		ERZ1037774	webin-genome-10674_0003_idba_bin.88	10674_0003_idba_bin.88.fa.gz	rumen__10674_0003_idba_bin.88.faa	rumen__10674_0003_idba_bin.88	/home/rsg-jcorre38/Jay_Proyects/MethaNet/data/blue_catalyst_poc/proteomes/rumen__10674_0003_idba_bin.88.faa	1309.0	13.0	23.0	True		https://ftp.sra.ebi.ac.uk/vol1/analysis/ERZ103/ERZ1037774/10674_0003_idba_bin.88.fa.gz	https://ftp.ebi.ac.uk/vol1/analysis/ERZ103/ERZ1037774/10674_0003_idba_bin.88.fa.gz
rumen__10674_0003_idba_bin.89	rumen__10674_0003_idba_bin.89	rumen	rumen	Bacteria	10674_0003_idba_bin.89	10674_0003_idba	bin.89		ERZ1037775	webin-genome-10674_0003_idba_bin.89	10674_0003_idba_bin.89.fa.gz	rumen__10674_0003_idba_bin.89.faa	rumen__10674_0003_idba_bin.89	/home/rsg-jcorre38/Jay_Proyects/MethaNet/data/blue_catalyst_poc/proteomes/rumen__10674_0003_idba_bin.89.faa	2304.0	13.0	24.0	True		https://ftp.sra.ebi.ac.uk/vol1/analysis/ERZ103/ERZ1037775/10674_0003_idba_bin.89.fa.gz	https://ftp.ebi.ac.uk/vol1/analysis/ERZ103/ERZ1037775/10674_0003_idba_bin.89.fa.gz
rumen__10674_0003_idba_bin.9	rumen__10674_0003_idba_bin.9	rumen	rumen	Bacteria	10674_0003_idba_bin.9	10674_0003_idba	bin.9		ERZ1037776	webin-genome-10674_0003_idba_bin.9	10674_0003_idba_bin.9.fa.gz	rumen__10674_0003_idba_bin.9.faa	rumen__10674_0003_idba_bin.9	/home/rsg-jcorre38/Jay_Proyects/MethaNet/data/blue_catalyst_poc/proteomes/rumen__10674_0003_idba_bin.9.faa	2129.0	14.0	0.0	True		https://ftp.sra.ebi.ac.uk/vol1/analysis/ERZ103/ERZ1037776/10674_0003_idba_bin.9.fa.gz	https://ftp.ebi.ac.uk/vol1/analysis/ERZ103/ERZ1037776/10674_0003_idba_bin.9.fa.gz
rumen__10674_0003_idba_bin.93	rumen__10674_0003_idba_bin.93	rumen	rumen	Bacteria	10674_0003_idba_bin.93	10674_0003_idba	bin.93		ERZ1037777	webin-genome-10674_0003_idba_bin.93	10674_0003_idba_bin.93.fa.gz	rumen__10674_0003_idba_bin.93.faa	rumen__10674_0003_idba_bin.93	/home/rsg-jcorre38/Jay_Proyects/MethaNet/data/blue_catalyst_poc/proteomes/rumen__10674_0003_idba_bin.93.faa	2316.0	14.0	1.0	True		https://ftp.sra.ebi.ac.uk/vol1/analysis/ERZ103/ERZ1037777/10674_0003_idba_bin.93.fa.gz	https://ftp.ebi.ac.uk/vol1/analysis/ERZ103/ERZ1037777/10674_0003_idba_bin.93.fa.gz
rumen__10674_0003_idba_bin.96	rumen__10674_0003_idba_bin.96	rumen	rumen	Bacteria	10674_0003_idba_bin.96	10674_0003_idba	bin.96		ERZ1037778	webin-genome-10674_0003_idba_bin.96	10674_0003_idba_bin.96.fa.gz	rumen__10674_0003_idba_bin.96.faa	rumen__10674_0003_idba_bin.96	/home/rsg-jcorre38/Jay_Proyects/MethaNet/data/blue_catalyst_poc/proteomes/rumen__10674_0003_idba_bin.96.faa	2238.0	14.0	2.0	True		https://ftp.sra.ebi.ac.uk/vol1/analysis/ERZ103/ERZ1037778/10674_0003_idba_bin.96.fa.gz	https://ftp.ebi.ac.uk/vol1/analysis/ERZ103/ERZ1037778/10674_0003_idba_bin.96.fa.gz
rumen__10674_0003_idba_bin.98	rumen__10674_0003_idba_bin.98	rumen	rumen	Bacteria	10674_0003_idba_bin.98	10674_0003_idba	bin.98		ERZ1037779	webin-genome-10674_0003_idba_bin.98	10674_0003_idba_bin.98.fa.gz	rumen__10674_0003_idba_bin.98.faa	rumen__10674_0003_idba_bin.98	/home/rsg-jcorre38/Jay_Proyects/MethaNet/data/blue_catalyst_poc/proteomes/rumen__10674_0003_idba_bin.98.faa	1607.0	14.0	3.0	True		https://ftp.sra.ebi.ac.uk/vol1/analysis/ERZ103/ERZ1037779/10674_0003_idba_bin.98.fa.gz	https://ftp.ebi.ac.uk/vol1/analysis/ERZ103/ERZ1037779/10674_0003_idba_bin.98.fa.gz
rumen__10674_0004_idba_bin.103	rumen__10674_0004_idba_bin.103	rumen	rumen	Bacteria	10674_0004_idba_bin.103	10674_0004_idba	bin.103		ERZ1037780	webin-genome-10674_0004_idba_bin.103	10674_0004_idba_bin.103.fa.gz	rumen__10674_0004_idba_bin.103.faa	rumen__10674_0004_idba_bin.103	/home/rsg-jcorre38/Jay_Proyects/MethaNet/data/blue_catalyst_poc/proteomes/rumen__10674_0004_idba_bin.103.faa	2313.0	14.0	4.0	True		https://ftp.sra.ebi.ac.uk/vol1/analysis/ERZ103/ERZ1037780/10674_0004_idba_bin.103.fa.gz	https://ftp.ebi.ac.uk/vol1/analysis/ERZ103/ERZ1037780/10674_0004_idba_bin.103.fa.gz
rumen__10674_0004_idba_bin.105	rumen__10674_0004_idba_bin.105	rumen	rumen	Bacteria	10674_0004_idba_bin.105	10674_0004_idba	bin.105		ERZ1037781	webin-genome-10674_0004_idba_bin.105	10674_0004_idba_bin.105.fa.gz	rumen__10674_0004_idba_bin.105.faa	rumen__10674_0004_idba_bin.105	/home/rsg-jcorre38/Jay_Proyects/MethaNet/data/blue_catalyst_poc/proteomes/rumen__10674_0004_idba_bin.105.faa	3281.0	14.0	5.0	True		https://ftp.sra.ebi.ac.uk/vol1/analysis/ERZ103/ERZ1037781/10674_0004_idba_bin.105.fa.gz	https://ftp.ebi.ac.uk/vol1/analysis/ERZ103/ERZ1037781/10674_0004_idba_bin.105.fa.gz
rumen__10674_0004_idba_bin.107	rumen__10674_0004_idba_bin.107	rumen	rumen	Bacteria	10674_0004_idba_bin.107	10674_0004_idba	bin.107		ERZ1037782	webin-genome-10674_0004_idba_bin.107	10674_0004_idba_bin.107.fa.gz	rumen__10674_0004_idba_bin.107.faa	rumen__10674_0004_idba_bin.107	/home/rsg-jcorre38/Jay_Proyects/MethaNet/data/blue_catalyst_poc/proteomes/rumen__10674_0004_idba_bin.107.faa	2238.0	14.0	6.0	True		https://ftp.sra.ebi.ac.uk/vol1/analysis/ERZ103/ERZ1037782/10674_0004_idba_bin.107.fa.gz	https://ftp.ebi.ac.uk/vol1/analysis/ERZ103/ERZ1037782/10674_0004_idba_bin.107.fa.gz
rumen__10674_0004_idba_bin.108	rumen__10674_0004_idba_bin.108	rumen	rumen	Bacteria	10674_0004_idba_bin.108	10674_0004_idba	bin.108		ERZ1037783	webin-genome-10674_0004_idba_bin.108	10674_0004_idba_bin.108.fa.gz	rumen__10674_0004_idba_bin.108.faa	rumen__10674_0004_idba_bin.108	/home/rsg-jcorre38/Jay_Proyects/MethaNet/data/blue_catalyst_poc/proteomes/rumen__10674_0004_idba_bin.108.faa	2454.0	14.0	7.0	True		https://ftp.sra.ebi.ac.uk/vol1/analysis/ERZ103/ERZ1037783/10674_0004_idba_bin.108.fa.gz	https://ftp.ebi.ac.uk/vol1/analysis/ERZ103/ERZ1037783/10674_0004_idba_bin.108.fa.gz
rumen__10674_0004_idba_bin.110	rumen__10674_0004_idba_bin.110	rumen	rumen	Bacteria	10674_0004_idba_bin.110	10674_0004_idba	bin.110		ERZ1037784	webin-genome-10674_0004_idba_bin.110	10674_0004_idba_bin.110.fa.gz	rumen__10674_0004_idba_bin.110.faa	rumen__10674_0004_idba_bin.110	/home/rsg-jcorre38/Jay_Proyects/MethaNet/data/blue_catalyst_poc/proteomes/rumen__10674_0004_idba_bin.110.faa	3763.0	14.0	8.0	True		https://ftp.sra.ebi.ac.uk/vol1/analysis/ERZ103/ERZ1037784/10674_0004_idba_bin.110.fa.gz	https://ftp.ebi.ac.uk/vol1/analysis/ERZ103/ERZ1037784/10674_0004_idba_bin.110.fa.gz
rumen__10674_0004_idba_bin.116	rumen__10674_0004_idba_bin.116	rumen	rumen	Bacteria	10674_0004_idba_bin.116	10674_0004_idba	bin.116		ERZ1037785	webin-genome-10674_0004_idba_bin.116	10674_0004_idba_bin.116.fa.gz	rumen__10674_0004_idba_bin.116.faa	rumen__10674_0004_idba_bin.116	/home/rsg-jcorre38/Jay_Proyects/MethaNet/data/blue_catalyst_poc/proteomes/rumen__10674_0004_idba_bin.116.faa	1548.0	14.0	9.0	True		https://ftp.sra.ebi.ac.uk/vol1/analysis/ERZ103/ERZ1037785/10674_0004_idba_bin.116.fa.gz	https://ftp.ebi.ac.uk/vol1/analysis/ERZ103/ERZ1037785/10674_0004_idba_bin.116.fa.gz
rumen__10674_0004_idba_bin.118	rumen__10674_0004_idba_bin.118	rumen	rumen	Bacteria	10674_0004_idba_bin.118	10674_0004_idba	bin.118		ERZ1037786	webin-genome-10674_0004_idba_bin.118	10674_0004_idba_bin.118.fa.gz	rumen__10674_0004_idba_bin.118.faa	rumen__10674_0004_idba_bin.118	/home/rsg-jcorre38/Jay_Proyects/MethaNet/data/blue_catalyst_poc/proteomes/rumen__10674_0004_idba_bin.118.faa	3492.0	14.0	10.0	True		https://ftp.sra.ebi.ac.uk/vol1/analysis/ERZ103/ERZ1037786/10674_0004_idba_bin.118.fa.gz	https://ftp.ebi.ac.uk/vol1/analysis/ERZ103/ERZ1037786/10674_0004_idba_bin.118.fa.gz
rumen__10674_0004_idba_bin.119	rumen__10674_0004_idba_bin.119	rumen	rumen	Bacteria	10674_0004_idba_bin.119	10674_0004_idba	bin.119		ERZ1037787	webin-genome-10674_0004_idba_bin.119	10674_0004_idba_bin.119.fa.gz	rumen__10674_0004_idba_bin.119.faa	rumen__10674_0004_idba_bin.119	/home/rsg-jcorre38/Jay_Proyects/MethaNet/data/blue_catalyst_poc/proteomes/rumen__10674_0004_idba_bin.119.faa	2274.0	14.0	11.0	True		https://ftp.sra.ebi.ac.uk/vol1/analysis/ERZ103/ERZ1037787/10674_0004_idba_bin.119.fa.gz	https://ftp.ebi.ac.uk/vol1/analysis/ERZ103/ERZ1037787/10674_0004_idba_bin.119.fa.gz
rumen__10674_0004_idba_bin.12	rumen__10674_0004_idba_bin.12	rumen	rumen	Bacteria	10674_0004_idba_bin.12	10674_0004_idba	bin.12		ERZ1037788	webin-genome-10674_0004_idba_bin.12	10674_0004_idba_bin.12.fa.gz	rumen__10674_0004_idba_bin.12.faa	rumen__10674_0004_idba_bin.12	/home/rsg-jcorre38/Jay_Proyects/MethaNet/data/blue_catalyst_poc/proteomes/rumen__10674_0004_idba_bin.12.faa	2479.0	14.0	12.0	True		https://ftp.sra.ebi.ac.uk/vol1/analysis/ERZ103/ERZ1037788/10674_0004_idba_bin.12.fa.gz	https://ftp.ebi.ac.uk/vol1/analysis/ERZ103/ERZ1037788/10674_0004_idba_bin.12.fa.gz
rumen__10674_0004_idba_bin.120	rumen__10674_0004_idba_bin.120	rumen	rumen	Bacteria	10674_0004_idba_bin.120	10674_0004_idba	bin.120		ERZ1037789	webin-genome-10674_0004_idba_bin.120	10674_0004_idba_bin.120.fa.gz	rumen__10674_0004_idba_bin.120.faa	rumen__10674_0004_idba_bin.120	/home/rsg-jcorre38/Jay_Proyects/MethaNet/data/blue_catalyst_poc/proteomes/rumen__10674_0004_idba_bin.120.faa	2005.0	14.0	13.0	True		https://ftp.sra.ebi.ac.uk/vol1/analysis/ERZ103/ERZ1037789/10674_0004_idba_bin.120.fa.gz	https://ftp.ebi.ac.uk/vol1/analysis/ERZ103/ERZ1037789/10674_0004_idba_bin.120.fa.gz
rumen__10674_0004_idba_bin.121	rumen__10674_0004_idba_bin.121	rumen	rumen	Bacteria	10674_0004_idba_bin.121	10674_0004_idba	bin.121		ERZ1037790	webin-genome-10674_0004_idba_bin.121	10674_0004_idba_bin.121.fa.gz	rumen__10674_0004_idba_bin.121.faa	rumen__10674_0004_idba_bin.121	/home/rsg-jcorre38/Jay_Proyects/MethaNet/data/blue_catalyst_poc/proteomes/rumen__10674_0004_idba_bin.121.faa	2233.0	14.0	14.0	True		https://ftp.sra.ebi.ac.uk/vol1/analysis/ERZ103/ERZ1037790/10674_0004_idba_bin.121.fa.gz	https://ftp.ebi.ac.uk/vol1/analysis/ERZ103/ERZ1037790/10674_0004_idba_bin.121.fa.gz
rumen__10674_0004_idba_bin.122	rumen__10674_0004_idba_bin.122	rumen	rumen	Bacteria	10674_0004_idba_bin.122	10674_0004_idba	bin.122		ERZ1037791	webin-genome-10674_0004_idba_bin.122	10674_0004_idba_bin.122.fa.gz	rumen__10674_0004_idba_bin.122.faa	rumen__10674_0004_idba_bin.122	/home/rsg-jcorre38/Jay_Proyects/MethaNet/data/blue_catalyst_poc/proteomes/rumen__10674_0004_idba_bin.122.faa	2124.0	14.0	15.0	True		https://ftp.sra.ebi.ac.uk/vol1/analysis/ERZ103/ERZ1037791/10674_0004_idba_bin.122.fa.gz	https://ftp.ebi.ac.uk/vol1/analysis/ERZ103/ERZ1037791/10674_0004_idba_bin.122.fa.gz
rumen__10674_0004_idba_bin.123	rumen__10674_0004_idba_bin.123	rumen	rumen	Bacteria	10674_0004_idba_bin.123	10674_0004_idba	bin.123		ERZ1037792	webin-genome-10674_0004_idba_bin.123	10674_0004_idba_bin.123.fa.gz	rumen__10674_0004_idba_bin.123.faa	rumen__10674_0004_idba_bin.123	/home/rsg-jcorre38/Jay_Proyects/MethaNet/data/blue_catalyst_poc/proteomes/rumen__10674_0004_idba_bin.123.faa	2274.0	14.0	16.0	True		https://ftp.sra.ebi.ac.uk/vol1/analysis/ERZ103/ERZ1037792/10674_0004_idba_bin.123.fa.gz	https://ftp.ebi.ac.uk/vol1/analysis/ERZ103/ERZ1037792/10674_0004_idba_bin.123.fa.gz
rumen__10674_0004_idba_bin.124	rumen__10674_0004_idba_bin.124	rumen	rumen	Bacteria	10674_0004_idba_bin.124	10674_0004_idba	bin.124		ERZ1037793	webin-genome-10674_0004_idba_bin.124	10674_0004_idba_bin.124.fa.gz	rumen__10674_0004_idba_bin.124.faa	rumen__10674_0004_idba_bin.124	/home/rsg-jcorre38/Jay_Proyects/MethaNet/data/blue_catalyst_poc/proteomes/rumen__10674_0004_idba_bin.124.faa	1398.0	14.0	17.0	True		https://ftp.sra.ebi.ac.uk/vol1/analysis/ERZ103/ERZ1037793/10674_0004_idba_bin.124.fa.gz	https://ftp.ebi.ac.uk/vol1/analysis/ERZ103/ERZ1037793/10674_0004_idba_bin.124.fa.gz
rumen__10674_0004_idba_bin.125	rumen__10674_0004_idba_bin.125	rumen	rumen	Bacteria	10674_0004_idba_bin.125	10674_0004_idba	bin.125		ERZ1037794	webin-genome-10674_0004_idba_bin.125	10674_0004_idba_bin.125.fa.gz	rumen__10674_0004_idba_bin.125.faa	rumen__10674_0004_idba_bin.125	/home/rsg-jcorre38/Jay_Proyects/MethaNet/data/blue_catalyst_poc/proteomes/rumen__10674_0004_idba_bin.125.faa	659.0	14.0	18.0	True		https://ftp.sra.ebi.ac.uk/vol1/analysis/ERZ103/ERZ1037794/10674_0004_idba_bin.125.fa.gz	https://ftp.ebi.ac.uk/vol1/analysis/ERZ103/ERZ1037794/10674_0004_idba_bin.125.fa.gz
rumen__10674_0004_idba_bin.126	rumen__10674_0004_idba_bin.126	rumen	rumen	Bacteria	10674_0004_idba_bin.126	10674_0004_idba	bin.126		ERZ1037795	webin-genome-10674_0004_idba_bin.126	10674_0004_idba_bin.126.fa.gz	rumen__10674_0004_idba_bin.126.faa	rumen__10674_0004_idba_bin.126	/home/rsg-jcorre38/Jay_Proyects/MethaNet/data/blue_catalyst_poc/proteomes/rumen__10674_0004_idba_bin.126.faa	1594.0	14.0	19.0	True		https://ftp.sra.ebi.ac.uk/vol1/analysis/ERZ103/ERZ1037795/10674_0004_idba_bin.126.fa.gz	https://ftp.ebi.ac.uk/vol1/analysis/ERZ103/ERZ1037795/10674_0004_idba_bin.126.fa.gz
rumen__10674_0004_idba_bin.127	rumen__10674_0004_idba_bin.127	rumen	rumen	Bacteria	10674_0004_idba_bin.127	10674_0004_idba	bin.127		ERZ1037796	webin-genome-10674_0004_idba_bin.127	10674_0004_idba_bin.127.fa.gz	rumen__10674_0004_idba_bin.127.faa	rumen__10674_0004_idba_bin.127	/home/rsg-jcorre38/Jay_Proyects/MethaNet/data/blue_catalyst_poc/proteomes/rumen__10674_0004_idba_bin.127.faa	1818.0	14.0	20.0	True		https://ftp.sra.ebi.ac.uk/vol1/analysis/ERZ103/ERZ1037796/10674_0004_idba_bin.127.fa.gz	https://ftp.ebi.ac.uk/vol1/analysis/ERZ103/ERZ1037796/10674_0004_idba_bin.127.fa.gz
rumen__10674_0004_idba_bin.130	rumen__10674_0004_idba_bin.130	rumen	rumen	Bacteria	10674_0004_idba_bin.130	10674_0004_idba	bin.130		ERZ1037797	webin-genome-10674_0004_idba_bin.130	10674_0004_idba_bin.130.fa.gz	rumen__10674_0004_idba_bin.130.faa	rumen__10674_0004_idba_bin.130	/home/rsg-jcorre38/Jay_Proyects/MethaNet/data/blue_catalyst_poc/proteomes/rumen__10674_0004_idba_bin.130.faa	1461.0	14.0	21.0	True		https://ftp.sra.ebi.ac.uk/vol1/analysis/ERZ103/ERZ1037797/10674_0004_idba_bin.130.fa.gz	https://ftp.ebi.ac.uk/vol1/analysis/ERZ103/ERZ1037797/10674_0004_idba_bin.130.fa.gz
rumen__10674_0004_idba_bin.134	rumen__10674_0004_idba_bin.134	rumen	rumen	Bacteria	10674_0004_idba_bin.134	10674_0004_idba	bin.134		ERZ1037798	webin-genome-10674_0004_idba_bin.134	10674_0004_idba_bin.134.fa.gz	rumen__10674_0004_idba_bin.134.faa	rumen__10674_0004_idba_bin.134	/home/rsg-jcorre38/Jay_Proyects/MethaNet/data/blue_catalyst_poc/proteomes/rumen__10674_0004_idba_bin.134.faa	2114.0	14.0	22.0	True		https://ftp.sra.ebi.ac.uk/vol1/analysis/ERZ103/ERZ1037798/10674_0004_idba_bin.134.fa.gz	https://ftp.ebi.ac.uk/vol1/analysis/ERZ103/ERZ1037798/10674_0004_idba_bin.134.fa.gz
rumen__10674_0004_idba_bin.138	rumen__10674_0004_idba_bin.138	rumen	rumen	Bacteria	10674_0004_idba_bin.138	10674_0004_idba	bin.138		ERZ1037799	webin-genome-10674_0004_idba_bin.138	10674_0004_idba_bin.138.fa.gz	rumen__10674_0004_idba_bin.138.faa	rumen__10674_0004_idba_bin.138	/home/rsg-jcorre38/Jay_Proyects/MethaNet/data/blue_catalyst_poc/proteomes/rumen__10674_0004_idba_bin.138.faa	2145.0	14.0	23.0	True		https://ftp.sra.ebi.ac.uk/vol1/analysis/ERZ103/ERZ1037799/10674_0004_idba_bin.138.fa.gz	https://ftp.ebi.ac.uk/vol1/analysis/ERZ103/ERZ1037799/10674_0004_idba_bin.138.fa.gz
rumen__10674_0004_idba_bin.14	rumen__10674_0004_idba_bin.14	rumen	rumen	Bacteria	10674_0004_idba_bin.14	10674_0004_idba	bin.14		ERZ1037800	webin-genome-10674_0004_idba_bin.14	10674_0004_idba_bin.14.fa.gz	rumen__10674_0004_idba_bin.14.faa	rumen__10674_0004_idba_bin.14	/home/rsg-jcorre38/Jay_Proyects/MethaNet/data/blue_catalyst_poc/proteomes/rumen__10674_0004_idba_bin.14.faa	3034.0	14.0	24.0	True		https://ftp.sra.ebi.ac.uk/vol1/analysis/ERZ103/ERZ1037800/10674_0004_idba_bin.14.fa.gz	https://ftp.ebi.ac.uk/vol1/analysis/ERZ103/ERZ1037800/10674_0004_idba_bin.14.fa.gz
rumen__10674_0004_idba_bin.143	rumen__10674_0004_idba_bin.143	rumen	rumen	Bacteria	10674_0004_idba_bin.143	10674_0004_idba	bin.143		ERZ1037801	webin-genome-10674_0004_idba_bin.143	10674_0004_idba_bin.143.fa.gz	rumen__10674_0004_idba_bin.143.faa	rumen__10674_0004_idba_bin.143	/home/rsg-jcorre38/Jay_Proyects/MethaNet/data/blue_catalyst_poc/proteomes/rumen__10674_0004_idba_bin.143.faa	1653.0	15.0	0.0	True		https://ftp.sra.ebi.ac.uk/vol1/analysis/ERZ103/ERZ1037801/10674_0004_idba_bin.143.fa.gz	https://ftp.ebi.ac.uk/vol1/analysis/ERZ103/ERZ1037801/10674_0004_idba_bin.143.fa.gz
rumen__10674_0004_idba_bin.144	rumen__10674_0004_idba_bin.144	rumen	rumen	Bacteria	10674_0004_idba_bin.144	10674_0004_idba	bin.144		ERZ1037802	webin-genome-10674_0004_idba_bin.144	10674_0004_idba_bin.144.fa.gz	rumen__10674_0004_idba_bin.144.faa	rumen__10674_0004_idba_bin.144	/home/rsg-jcorre38/Jay_Proyects/MethaNet/data/blue_catalyst_poc/proteomes/rumen__10674_0004_idba_bin.144.faa	1765.0	15.0	1.0	True		https://ftp.sra.ebi.ac.uk/vol1/analysis/ERZ103/ERZ1037802/10674_0004_idba_bin.144.fa.gz	https://ftp.ebi.ac.uk/vol1/analysis/ERZ103/ERZ1037802/10674_0004_idba_bin.144.fa.gz
rumen__10674_0004_idba_bin.145	rumen__10674_0004_idba_bin.145	rumen	rumen	Bacteria	10674_0004_idba_bin.145	10674_0004_idba	bin.145		ERZ1037803	webin-genome-10674_0004_idba_bin.145	10674_0004_idba_bin.145.fa.gz	rumen__10674_0004_idba_bin.145.faa	rumen__10674_0004_idba_bin.145	/home/rsg-jcorre38/Jay_Proyects/MethaNet/data/blue_catalyst_poc/proteomes/rumen__10674_0004_idba_bin.145.faa	1266.0	15.0	2.0	True		https://ftp.sra.ebi.ac.uk/vol1/analysis/ERZ103/ERZ1037803/10674_0004_idba_bin.145.fa.gz	https://ftp.ebi.ac.uk/vol1/analysis/ERZ103/ERZ1037803/10674_0004_idba_bin.145.fa.gz
rumen__10674_0004_idba_bin.146	rumen__10674_0004_idba_bin.146	rumen	rumen	Bacteria	10674_0004_idba_bin.146	10674_0004_idba	bin.146		ERZ1037804	webin-genome-10674_0004_idba_bin.146	10674_0004_idba_bin.146.fa.gz	rumen__10674_0004_idba_bin.146.faa	rumen__10674_0004_idba_bin.146	/home/rsg-jcorre38/Jay_Proyects/MethaNet/data/blue_catalyst_poc/proteomes/rumen__10674_0004_idba_bin.146.faa	1916.0	15.0	3.0	True		https://ftp.sra.ebi.ac.uk/vol1/analysis/ERZ103/ERZ1037804/10674_0004_idba_bin.146.fa.gz	https://ftp.ebi.ac.uk/vol1/analysis/ERZ103/ERZ1037804/10674_0004_idba_bin.146.fa.gz
rumen__10674_0004_idba_bin.147	rumen__10674_0004_idba_bin.147	rumen	rumen	Bacteria	10674_0004_idba_bin.147	10674_0004_idba	bin.147		ERZ1037805	webin-genome-10674_0004_idba_bin.147	10674_0004_idba_bin.147.fa.gz	rumen__10674_0004_idba_bin.147.faa	rumen__10674_0004_idba_bin.147	/home/rsg-jcorre38/Jay_Proyects/MethaNet/data/blue_catalyst_poc/proteomes/rumen__10674_0004_idba_bin.147.faa	1894.0	15.0	4.0	True		https://ftp.sra.ebi.ac.uk/vol1/analysis/ERZ103/ERZ1037805/10674_0004_idba_bin.147.fa.gz	https://ftp.ebi.ac.uk/vol1/analysis/ERZ103/ERZ1037805/10674_0004_idba_bin.147.fa.gz
rumen__10674_0004_idba_bin.148	rumen__10674_0004_idba_bin.148	rumen	rumen	Bacteria	10674_0004_idba_bin.148	10674_0004_idba	bin.148		ERZ1037806	webin-genome-10674_0004_idba_bin.148	10674_0004_idba_bin.148.fa.gz	rumen__10674_0004_idba_bin.148.faa	rumen__10674_0004_idba_bin.148	/home/rsg-jcorre38/Jay_Proyects/MethaNet/data/blue_catalyst_poc/proteomes/rumen__10674_0004_idba_bin.148.faa	2570.0	15.0	5.0	True		https://ftp.sra.ebi.ac.uk/vol1/analysis/ERZ103/ERZ1037806/10674_0004_idba_bin.148.fa.gz	https://ftp.ebi.ac.uk/vol1/analysis/ERZ103/ERZ1037806/10674_0004_idba_bin.148.fa.gz
rumen__10674_0004_idba_bin.149	rumen__10674_0004_idba_bin.149	rumen	rumen	Bacteria	10674_0004_idba_bin.149	10674_0004_idba	bin.149		ERZ1037807	webin-genome-10674_0004_idba_bin.149	10674_0004_idba_bin.149.fa.gz	rumen__10674_0004_idba_bin.149.faa	rumen__10674_0004_idba_bin.149	/home/rsg-jcorre38/Jay_Proyects/MethaNet/data/blue_catalyst_poc/proteomes/rumen__10674_0004_idba_bin.149.faa	1739.0	15.0	6.0	True		https://ftp.sra.ebi.ac.uk/vol1/analysis/ERZ103/ERZ1037807/10674_0004_idba_bin.149.fa.gz	https://ftp.ebi.ac.uk/vol1/analysis/ERZ103/ERZ1037807/10674_0004_idba_bin.149.fa.gz
rumen__10674_0004_idba_bin.15	rumen__10674_0004_idba_bin.15	rumen	rumen	Bacteria	10674_0004_idba_bin.15	10674_0004_idba	bin.15		ERZ1037808	webin-genome-10674_0004_idba_bin.15	10674_0004_idba_bin.15.fa.gz	rumen__10674_0004_idba_bin.15.faa	rumen__10674_0004_idba_bin.15	/home/rsg-jcorre38/Jay_Proyects/MethaNet/data/blue_catalyst_poc/proteomes/rumen__10674_0004_idba_bin.15.faa	1769.0	15.0	7.0	True		https://ftp.sra.ebi.ac.uk/vol1/analysis/ERZ103/ERZ1037808/10674_0004_idba_bin.15.fa.gz	https://ftp.ebi.ac.uk/vol1/analysis/ERZ103/ERZ1037808/10674_0004_idba_bin.15.fa.gz
rumen__10674_0004_idba_bin.152	rumen__10674_0004_idba_bin.152	rumen	rumen	Bacteria	10674_0004_idba_bin.152	10674_0004_idba	bin.152		ERZ1037809	webin-genome-10674_0004_idba_bin.152	10674_0004_idba_bin.152.fa.gz	rumen__10674_0004_idba_bin.152.faa	rumen__10674_0004_idba_bin.152	/home/rsg-jcorre38/Jay_Proyects/MethaNet/data/blue_catalyst_poc/proteomes/rumen__10674_0004_idba_bin.152.faa	1689.0	15.0	8.0	True		https://ftp.sra.ebi.ac.uk/vol1/analysis/ERZ103/ERZ1037809/10674_0004_idba_bin.152.fa.gz	https://ftp.ebi.ac.uk/vol1/analysis/ERZ103/ERZ1037809/10674_0004_idba_bin.152.fa.gz
rumen__10674_0004_idba_bin.153	rumen__10674_0004_idba_bin.153	rumen	rumen	Bacteria	10674_0004_idba_bin.153	10674_0004_idba	bin.153		ERZ1037810	webin-genome-10674_0004_idba_bin.153	10674_0004_idba_bin.153.fa.gz	rumen__10674_0004_idba_bin.153.faa	rumen__10674_0004_idba_bin.153	/home/rsg-jcorre38/Jay_Proyects/MethaNet/data/blue_catalyst_poc/proteomes/rumen__10674_0004_idba_bin.153.faa	1756.0	15.0	9.0	True		https://ftp.sra.ebi.ac.uk/vol1/analysis/ERZ103/ERZ1037810/10674_0004_idba_bin.153.fa.gz	https://ftp.ebi.ac.uk/vol1/analysis/ERZ103/ERZ1037810/10674_0004_idba_bin.153.fa.gz
rumen__10674_0004_idba_bin.156	rumen__10674_0004_idba_bin.156	rumen	rumen	Bacteria	10674_0004_idba_bin.156	10674_0004_idba	bin.156		ERZ1037811	webin-genome-10674_0004_idba_bin.156	10674_0004_idba_bin.156.fa.gz	rumen__10674_0004_idba_bin.156.faa	rumen__10674_0004_idba_bin.156	/home/rsg-jcorre38/Jay_Proyects/MethaNet/data/blue_catalyst_poc/proteomes/rumen__10674_0004_idba_bin.156.faa	2048.0	15.0	10.0	True		https://ftp.sra.ebi.ac.uk/vol1/analysis/ERZ103/ERZ1037811/10674_0004_idba_bin.156.fa.gz	https://ftp.ebi.ac.uk/vol1/analysis/ERZ103/ERZ1037811/10674_0004_idba_bin.156.fa.gz
rumen__10674_0004_idba_bin.159	rumen__10674_0004_idba_bin.159	rumen	rumen	Bacteria	10674_0004_idba_bin.159	10674_0004_idba	bin.159		ERZ1037812	webin-genome-10674_0004_idba_bin.159	10674_0004_idba_bin.159.fa.gz	rumen__10674_0004_idba_bin.159.faa	rumen__10674_0004_idba_bin.159	/home/rsg-jcorre38/Jay_Proyects/MethaNet/data/blue_catalyst_poc/proteomes/rumen__10674_0004_idba_bin.159.faa	2206.0	15.0	11.0	True		https://ftp.sra.ebi.ac.uk/vol1/analysis/ERZ103/ERZ1037812/10674_0004_idba_bin.159.fa.gz	https://ftp.ebi.ac.uk/vol1/analysis/ERZ103/ERZ1037812/10674_0004_idba_bin.159.fa.gz
rumen__10674_0004_idba_bin.160	rumen__10674_0004_idba_bin.160	rumen	rumen	Bacteria	10674_0004_idba_bin.160	10674_0004_idba	bin.160		ERZ1037813	webin-genome-10674_0004_idba_bin.160	10674_0004_idba_bin.160.fa.gz	rumen__10674_0004_idba_bin.160.faa	rumen__10674_0004_idba_bin.160	/home/rsg-jcorre38/Jay_Proyects/MethaNet/data/blue_catalyst_poc/proteomes/rumen__10674_0004_idba_bin.160.faa	1979.0	15.0	12.0	True		https://ftp.sra.ebi.ac.uk/vol1/analysis/ERZ103/ERZ1037813/10674_0004_idba_bin.160.fa.gz	https://ftp.ebi.ac.uk/vol1/analysis/ERZ103/ERZ1037813/10674_0004_idba_bin.160.fa.gz
rumen__10674_0004_idba_bin.163	rumen__10674_0004_idba_bin.163	rumen	rumen	Bacteria	10674_0004_idba_bin.163	10674_0004_idba	bin.163		ERZ1037814	webin-genome-10674_0004_idba_bin.163	10674_0004_idba_bin.163.fa.gz	rumen__10674_0004_idba_bin.163.faa	rumen__10674_0004_idba_bin.163	/home/rsg-jcorre38/Jay_Proyects/MethaNet/data/blue_catalyst_poc/proteomes/rumen__10674_0004_idba_bin.163.faa	2370.0	15.0	13.0	True		https://ftp.sra.ebi.ac.uk/vol1/analysis/ERZ103/ERZ1037814/10674_0004_idba_bin.163.fa.gz	https://ftp.ebi.ac.uk/vol1/analysis/ERZ103/ERZ1037814/10674_0004_idba_bin.163.fa.gz
rumen__10674_0004_idba_bin.164	rumen__10674_0004_idba_bin.164	rumen	rumen	Bacteria	10674_0004_idba_bin.164	10674_0004_idba	bin.164		ERZ1037815	webin-genome-10674_0004_idba_bin.164	10674_0004_idba_bin.164.fa.gz	rumen__10674_0004_idba_bin.164.faa	rumen__10674_0004_idba_bin.164	/home/rsg-jcorre38/Jay_Proyects/MethaNet/data/blue_catalyst_poc/proteomes/rumen__10674_0004_idba_bin.164.faa	2218.0	15.0	14.0	True		https://ftp.sra.ebi.ac.uk/vol1/analysis/ERZ103/ERZ1037815/10674_0004_idba_bin.164.fa.gz	https://ftp.ebi.ac.uk/vol1/analysis/ERZ103/ERZ1037815/10674_0004_idba_bin.164.fa.gz
rumen__10674_0004_idba_bin.165	rumen__10674_0004_idba_bin.165	rumen	rumen	Bacteria	10674_0004_idba_bin.165	10674_0004_idba	bin.165		ERZ1037816	webin-genome-10674_0004_idba_bin.165	10674_0004_idba_bin.165.fa.gz	rumen__10674_0004_idba_bin.165.faa	rumen__10674_0004_idba_bin.165	/home/rsg-jcorre38/Jay_Proyects/MethaNet/data/blue_catalyst_poc/proteomes/rumen__10674_0004_idba_bin.165.faa	1853.0	15.0	15.0	True		https://ftp.sra.ebi.ac.uk/vol1/analysis/ERZ103/ERZ1037816/10674_0004_idba_bin.165.fa.gz	https://ftp.ebi.ac.uk/vol1/analysis/ERZ103/ERZ1037816/10674_0004_idba_bin.165.fa.gz
rumen__10674_0004_idba_bin.166	rumen__10674_0004_idba_bin.166	rumen	rumen	Bacteria	10674_0004_idba_bin.166	10674_0004_idba	bin.166		ERZ1037817	webin-genome-10674_0004_idba_bin.166	10674_0004_idba_bin.166.fa.gz	rumen__10674_0004_idba_bin.166.faa	rumen__10674_0004_idba_bin.166	/home/rsg-jcorre38/Jay_Proyects/MethaNet/data/blue_catalyst_poc/proteomes/rumen__10674_0004_idba_bin.166.faa	2155.0	15.0	16.0	True		https://ftp.sra.ebi.ac.uk/vol1/analysis/ERZ103/ERZ1037817/10674_0004_idba_bin.166.fa.gz	https://ftp.ebi.ac.uk/vol1/analysis/ERZ103/ERZ1037817/10674_0004_idba_bin.166.fa.gz
rumen__10674_0004_idba_bin.168	rumen__10674_0004_idba_bin.168	rumen	rumen	Bacteria	10674_0004_idba_bin.168	10674_0004_idba	bin.168		ERZ1037818	webin-genome-10674_0004_idba_bin.168	10674_0004_idba_bin.168.fa.gz	rumen__10674_0004_idba_bin.168.faa	rumen__10674_0004_idba_bin.168	/home/rsg-jcorre38/Jay_Proyects/MethaNet/data/blue_catalyst_poc/proteomes/rumen__10674_0004_idba_bin.168.faa	2302.0	15.0	17.0	True		https://ftp.sra.ebi.ac.uk/vol1/analysis/ERZ103/ERZ1037818/10674_0004_idba_bin.168.fa.gz	https://ftp.ebi.ac.uk/vol1/analysis/ERZ103/ERZ1037818/10674_0004_idba_bin.168.fa.gz
rumen__10674_0004_idba_bin.17	rumen__10674_0004_idba_bin.17	rumen	rumen	Bacteria	10674_0004_idba_bin.17	10674_0004_idba	bin.17		ERZ1037819	webin-genome-10674_0004_idba_bin.17	10674_0004_idba_bin.17.fa.gz	rumen__10674_0004_idba_bin.17.faa	rumen__10674_0004_idba_bin.17	/home/rsg-jcorre38/Jay_Proyects/MethaNet/data/blue_catalyst_poc/proteomes/rumen__10674_0004_idba_bin.17.faa	2219.0	15.0	18.0	True		https://ftp.sra.ebi.ac.uk/vol1/analysis/ERZ103/ERZ1037819/10674_0004_idba_bin.17.fa.gz	https://ftp.ebi.ac.uk/vol1/analysis/ERZ103/ERZ1037819/10674_0004_idba_bin.17.fa.gz
rumen__10674_0004_idba_bin.170	rumen__10674_0004_idba_bin.170	rumen	rumen	Bacteria	10674_0004_idba_bin.170	10674_0004_idba	bin.170		ERZ1037820	webin-genome-10674_0004_idba_bin.170	10674_0004_idba_bin.170.fa.gz	rumen__10674_0004_idba_bin.170.faa	rumen__10674_0004_idba_bin.170	/home/rsg-jcorre38/Jay_Proyects/MethaNet/data/blue_catalyst_poc/proteomes/rumen__10674_0004_idba_bin.170.faa	2410.0	15.0	19.0	True		https://ftp.sra.ebi.ac.uk/vol1/analysis/ERZ103/ERZ1037820/10674_0004_idba_bin.170.fa.gz	https://ftp.ebi.ac.uk/vol1/analysis/ERZ103/ERZ1037820/10674_0004_idba_bin.170.fa.gz
rumen__10674_0004_idba_bin.171	rumen__10674_0004_idba_bin.171	rumen	rumen	Bacteria	10674_0004_idba_bin.171	10674_0004_idba	bin.171		ERZ1037821	webin-genome-10674_0004_idba_bin.171	10674_0004_idba_bin.171.fa.gz	rumen__10674_0004_idba_bin.171.faa	rumen__10674_0004_idba_bin.171	/home/rsg-jcorre38/Jay_Proyects/MethaNet/data/blue_catalyst_poc/proteomes/rumen__10674_0004_idba_bin.171.faa	2508.0	15.0	20.0	True		https://ftp.sra.ebi.ac.uk/vol1/analysis/ERZ103/ERZ1037821/10674_0004_idba_bin.171.fa.gz	https://ftp.ebi.ac.uk/vol1/analysis/ERZ103/ERZ1037821/10674_0004_idba_bin.171.fa.gz
rumen__10674_0004_idba_bin.172	rumen__10674_0004_idba_bin.172	rumen	rumen	Bacteria	10674_0004_idba_bin.172	10674_0004_idba	bin.172		ERZ1037822	webin-genome-10674_0004_idba_bin.172	10674_0004_idba_bin.172.fa.gz	rumen__10674_0004_idba_bin.172.faa	rumen__10674_0004_idba_bin.172	/home/rsg-jcorre38/Jay_Proyects/MethaNet/data/blue_catalyst_poc/proteomes/rumen__10674_0004_idba_bin.172.faa	2386.0	15.0	21.0	True		https://ftp.sra.ebi.ac.uk/vol1/analysis/ERZ103/ERZ1037822/10674_0004_idba_bin.172.fa.gz	https://ftp.ebi.ac.uk/vol1/analysis/ERZ103/ERZ1037822/10674_0004_idba_bin.172.fa.gz
rumen__10674_0004_idba_bin.175	rumen__10674_0004_idba_bin.175	rumen	rumen	Bacteria	10674_0004_idba_bin.175	10674_0004_idba	bin.175		ERZ1037823	webin-genome-10674_0004_idba_bin.175	10674_0004_idba_bin.175.fa.gz	rumen__10674_0004_idba_bin.175.faa	rumen__10674_0004_idba_bin.175	/home/rsg-jcorre38/Jay_Proyects/MethaNet/data/blue_catalyst_poc/proteomes/rumen__10674_0004_idba_bin.175.faa	1961.0	15.0	22.0	True		https://ftp.sra.ebi.ac.uk/vol1/analysis/ERZ103/ERZ1037823/10674_0004_idba_bin.175.fa.gz	https://ftp.ebi.ac.uk/vol1/analysis/ERZ103/ERZ1037823/10674_0004_idba_bin.175.fa.gz
rumen__10674_0004_idba_bin.178	rumen__10674_0004_idba_bin.178	rumen	rumen	Bacteria	10674_0004_idba_bin.178	10674_0004_idba	bin.178		ERZ1037824	webin-genome-10674_0004_idba_bin.178	10674_0004_idba_bin.178.fa.gz	rumen__10674_0004_idba_bin.178.faa	rumen__10674_0004_idba_bin.178	/home/rsg-jcorre38/Jay_Proyects/MethaNet/data/blue_catalyst_poc/proteomes/rumen__10674_0004_idba_bin.178.faa	2721.0	15.0	23.0	True		https://ftp.sra.ebi.ac.uk/vol1/analysis/ERZ103/ERZ1037824/10674_0004_idba_bin.178.fa.gz	https://ftp.ebi.ac.uk/vol1/analysis/ERZ103/ERZ1037824/10674_0004_idba_bin.178.fa.gz
rumen__10674_0004_idba_bin.18	rumen__10674_0004_idba_bin.18	rumen	rumen	Bacteria	10674_0004_idba_bin.18	10674_0004_idba	bin.18		ERZ1037825	webin-genome-10674_0004_idba_bin.18	10674_0004_idba_bin.18.fa.gz	rumen__10674_0004_idba_bin.18.faa	rumen__10674_0004_idba_bin.18	/home/rsg-jcorre38/Jay_Proyects/MethaNet/data/blue_catalyst_poc/proteomes/rumen__10674_0004_idba_bin.18.faa	1445.0	15.0	24.0	True		https://ftp.sra.ebi.ac.uk/vol1/analysis/ERZ103/ERZ1037825/10674_0004_idba_bin.18.fa.gz	https://ftp.ebi.ac.uk/vol1/analysis/ERZ103/ERZ1037825/10674_0004_idba_bin.18.fa.gz
rumen__10674_0004_idba_bin.182	rumen__10674_0004_idba_bin.182	rumen	rumen	Bacteria	10674_0004_idba_bin.182	10674_0004_idba	bin.182		ERZ1037826	webin-genome-10674_0004_idba_bin.182	10674_0004_idba_bin.182.fa.gz	rumen__10674_0004_idba_bin.182.faa	rumen__10674_0004_idba_bin.182	/home/rsg-jcorre38/Jay_Proyects/MethaNet/data/blue_catalyst_poc/proteomes/rumen__10674_0004_idba_bin.182.faa	1645.0	16.0	0.0	True		https://ftp.sra.ebi.ac.uk/vol1/analysis/ERZ103/ERZ1037826/10674_0004_idba_bin.182.fa.gz	https://ftp.ebi.ac.uk/vol1/analysis/ERZ103/ERZ1037826/10674_0004_idba_bin.182.fa.gz
rumen__10674_0004_idba_bin.186	rumen__10674_0004_idba_bin.186	rumen	rumen	Bacteria	10674_0004_idba_bin.186	10674_0004_idba	bin.186		ERZ1037827	webin-genome-10674_0004_idba_bin.186	10674_0004_idba_bin.186.fa.gz	rumen__10674_0004_idba_bin.186.faa	rumen__10674_0004_idba_bin.186	/home/rsg-jcorre38/Jay_Proyects/MethaNet/data/blue_catalyst_poc/proteomes/rumen__10674_0004_idba_bin.186.faa	1405.0	16.0	1.0	True		https://ftp.sra.ebi.ac.uk/vol1/analysis/ERZ103/ERZ1037827/10674_0004_idba_bin.186.fa.gz	https://ftp.ebi.ac.uk/vol1/analysis/ERZ103/ERZ1037827/10674_0004_idba_bin.186.fa.gz
rumen__10674_0004_idba_bin.187	rumen__10674_0004_idba_bin.187	rumen	rumen	Bacteria	10674_0004_idba_bin.187	10674_0004_idba	bin.187		ERZ1037828	webin-genome-10674_0004_idba_bin.187	10674_0004_idba_bin.187.fa.gz	rumen__10674_0004_idba_bin.187.faa	rumen__10674_0004_idba_bin.187	/home/rsg-jcorre38/Jay_Proyects/MethaNet/data/blue_catalyst_poc/proteomes/rumen__10674_0004_idba_bin.187.faa	2806.0	16.0	2.0	True		https://ftp.sra.ebi.ac.uk/vol1/analysis/ERZ103/ERZ1037828/10674_0004_idba_bin.187.fa.gz	https://ftp.ebi.ac.uk/vol1/analysis/ERZ103/ERZ1037828/10674_0004_idba_bin.187.fa.gz
rumen__10674_0004_idba_bin.189	rumen__10674_0004_idba_bin.189	rumen	rumen	Bacteria	10674_0004_idba_bin.189	10674_0004_idba	bin.189		ERZ1037829	webin-genome-10674_0004_idba_bin.189	10674_0004_idba_bin.189.fa.gz	rumen__10674_0004_idba_bin.189.faa	rumen__10674_0004_idba_bin.189	/home/rsg-jcorre38/Jay_Proyects/MethaNet/data/blue_catalyst_poc/proteomes/rumen__10674_0004_idba_bin.189.faa	1826.0	16.0	3.0	True		https://ftp.sra.ebi.ac.uk/vol1/analysis/ERZ103/ERZ1037829/10674_0004_idba_bin.189.fa.gz	https://ftp.ebi.ac.uk/vol1/analysis/ERZ103/ERZ1037829/10674_0004_idba_bin.189.fa.gz
rumen__10674_0004_idba_bin.19	rumen__10674_0004_idba_bin.19	rumen	rumen	Bacteria	10674_0004_idba_bin.19	10674_0004_idba	bin.19		ERZ1037830	webin-genome-10674_0004_idba_bin.19	10674_0004_idba_bin.19.fa.gz	rumen__10674_0004_idba_bin.19.faa	rumen__10674_0004_idba_bin.19	/home/rsg-jcorre38/Jay_Proyects/MethaNet/data/blue_catalyst_poc/proteomes/rumen__10674_0004_idba_bin.19.faa	2448.0	16.0	4.0	True		https://ftp.sra.ebi.ac.uk/vol1/analysis/ERZ103/ERZ1037830/10674_0004_idba_bin.19.fa.gz	https://ftp.ebi.ac.uk/vol1/analysis/ERZ103/ERZ1037830/10674_0004_idba_bin.19.fa.gz
rumen__10674_0004_idba_bin.191	rumen__10674_0004_idba_bin.191	rumen	rumen	Bacteria	10674_0004_idba_bin.191	10674_0004_idba	bin.191		ERZ1037831	webin-genome-10674_0004_idba_bin.191	10674_0004_idba_bin.191.fa.gz	rumen__10674_0004_idba_bin.191.faa	rumen__10674_0004_idba_bin.191	/home/rsg-jcorre38/Jay_Proyects/MethaNet/data/blue_catalyst_poc/proteomes/rumen__10674_0004_idba_bin.191.faa	1300.0	16.0	5.0	True		https://ftp.sra.ebi.ac.uk/vol1/analysis/ERZ103/ERZ1037831/10674_0004_idba_bin.191.fa.gz	https://ftp.ebi.ac.uk/vol1/analysis/ERZ103/ERZ1037831/10674_0004_idba_bin.191.fa.gz
rumen__10674_0004_idba_bin.193	rumen__10674_0004_idba_bin.193	rumen	rumen	Bacteria	10674_0004_idba_bin.193	10674_0004_idba	bin.193		ERZ1037832	webin-genome-10674_0004_idba_bin.193	10674_0004_idba_bin.193.fa.gz	rumen__10674_0004_idba_bin.193.faa	rumen__10674_0004_idba_bin.193	/home/rsg-jcorre38/Jay_Proyects/MethaNet/data/blue_catalyst_poc/proteomes/rumen__10674_0004_idba_bin.193.faa	944.0	16.0	6.0	True		https://ftp.sra.ebi.ac.uk/vol1/analysis/ERZ103/ERZ1037832/10674_0004_idba_bin.193.fa.gz	https://ftp.ebi.ac.uk/vol1/analysis/ERZ103/ERZ1037832/10674_0004_idba_bin.193.fa.gz
rumen__10674_0004_idba_bin.194	rumen__10674_0004_idba_bin.194	rumen	rumen	Bacteria	10674_0004_idba_bin.194	10674_0004_idba	bin.194		ERZ1037833	webin-genome-10674_0004_idba_bin.194	10674_0004_idba_bin.194.fa.gz	rumen__10674_0004_idba_bin.194.faa	rumen__10674_0004_idba_bin.194	/home/rsg-jcorre38/Jay_Proyects/MethaNet/data/blue_catalyst_poc/proteomes/rumen__10674_0004_idba_bin.194.faa	2196.0	16.0	7.0	True		https://ftp.sra.ebi.ac.uk/vol1/analysis/ERZ103/ERZ1037833/10674_0004_idba_bin.194.fa.gz	https://ftp.ebi.ac.uk/vol1/analysis/ERZ103/ERZ1037833/10674_0004_idba_bin.194.fa.gz
rumen__10674_0004_idba_bin.196	rumen__10674_0004_idba_bin.196	rumen	rumen	Bacteria	10674_0004_idba_bin.196	10674_0004_idba	bin.196		ERZ1037834	webin-genome-10674_0004_idba_bin.196	10674_0004_idba_bin.196.fa.gz	rumen__10674_0004_idba_bin.196.faa	rumen__10674_0004_idba_bin.196	/home/rsg-jcorre38/Jay_Proyects/MethaNet/data/blue_catalyst_poc/proteomes/rumen__10674_0004_idba_bin.196.faa	2192.0	16.0	8.0	True		https://ftp.sra.ebi.ac.uk/vol1/analysis/ERZ103/ERZ1037834/10674_0004_idba_bin.196.fa.gz	https://ftp.ebi.ac.uk/vol1/analysis/ERZ103/ERZ1037834/10674_0004_idba_bin.196.fa.gz
rumen__10674_0004_idba_bin.198	rumen__10674_0004_idba_bin.198	rumen	rumen	Bacteria	10674_0004_idba_bin.198	10674_0004_idba	bin.198		ERZ1037835	webin-genome-10674_0004_idba_bin.198	10674_0004_idba_bin.198.fa.gz	rumen__10674_0004_idba_bin.198.faa	rumen__10674_0004_idba_bin.198	/home/rsg-jcorre38/Jay_Proyects/MethaNet/data/blue_catalyst_poc/proteomes/rumen__10674_0004_idba_bin.198.faa	1993.0	16.0	9.0	True		https://ftp.sra.ebi.ac.uk/vol1/analysis/ERZ103/ERZ1037835/10674_0004_idba_bin.198.fa.gz	https://ftp.ebi.ac.uk/vol1/analysis/ERZ103/ERZ1037835/10674_0004_idba_bin.198.fa.gz
rumen__10674_0004_idba_bin.199	rumen__10674_0004_idba_bin.199	rumen	rumen	Bacteria	10674_0004_idba_bin.199	10674_0004_idba	bin.199		ERZ1037836	webin-genome-10674_0004_idba_bin.199	10674_0004_idba_bin.199.fa.gz	rumen__10674_0004_idba_bin.199.faa	rumen__10674_0004_idba_bin.199	/home/rsg-jcorre38/Jay_Proyects/MethaNet/data/blue_catalyst_poc/proteomes/rumen__10674_0004_idba_bin.199.faa	1986.0	16.0	10.0	True		https://ftp.sra.ebi.ac.uk/vol1/analysis/ERZ103/ERZ1037836/10674_0004_idba_bin.199.fa.gz	https://ftp.ebi.ac.uk/vol1/analysis/ERZ103/ERZ1037836/10674_0004_idba_bin.199.fa.gz
rumen__10674_0004_idba_bin.2	rumen__10674_0004_idba_bin.2	rumen	rumen	Bacteria	10674_0004_idba_bin.2	10674_0004_idba	bin.2		ERZ1037837	webin-genome-10674_0004_idba_bin.2	10674_0004_idba_bin.2.fa.gz	rumen__10674_0004_idba_bin.2.faa	rumen__10674_0004_idba_bin.2	/home/rsg-jcorre38/Jay_Proyects/MethaNet/data/blue_catalyst_poc/proteomes/rumen__10674_0004_idba_bin.2.faa	1703.0	16.0	11.0	True		https://ftp.sra.ebi.ac.uk/vol1/analysis/ERZ103/ERZ1037837/10674_0004_idba_bin.2.fa.gz	https://ftp.ebi.ac.uk/vol1/analysis/ERZ103/ERZ1037837/10674_0004_idba_bin.2.fa.gz
rumen__10674_0004_idba_bin.200	rumen__10674_0004_idba_bin.200	rumen	rumen	Bacteria	10674_0004_idba_bin.200	10674_0004_idba	bin.200		ERZ1037838	webin-genome-10674_0004_idba_bin.200	10674_0004_idba_bin.200.fa.gz	rumen__10674_0004_idba_bin.200.faa	rumen__10674_0004_idba_bin.200	/home/rsg-jcorre38/Jay_Proyects/MethaNet/data/blue_catalyst_poc/proteomes/rumen__10674_0004_idba_bin.200.faa	1422.0	16.0	12.0	True		https://ftp.sra.ebi.ac.uk/vol1/analysis/ERZ103/ERZ1037838/10674_0004_idba_bin.200.fa.gz	https://ftp.ebi.ac.uk/vol1/analysis/ERZ103/ERZ1037838/10674_0004_idba_bin.200.fa.gz
rumen__10674_0004_idba_bin.201	rumen__10674_0004_idba_bin.201	rumen	rumen	Bacteria	10674_0004_idba_bin.201	10674_0004_idba	bin.201		ERZ1037839	webin-genome-10674_0004_idba_bin.201	10674_0004_idba_bin.201.fa.gz	rumen__10674_0004_idba_bin.201.faa	rumen__10674_0004_idba_bin.201	/home/rsg-jcorre38/Jay_Proyects/MethaNet/data/blue_catalyst_poc/proteomes/rumen__10674_0004_idba_bin.201.faa	1833.0	16.0	13.0	True		https://ftp.sra.ebi.ac.uk/vol1/analysis/ERZ103/ERZ1037839/10674_0004_idba_bin.201.fa.gz	https://ftp.ebi.ac.uk/vol1/analysis/ERZ103/ERZ1037839/10674_0004_idba_bin.201.fa.gz
rumen__10674_0004_idba_bin.202	rumen__10674_0004_idba_bin.202	rumen	rumen	Bacteria	10674_0004_idba_bin.202	10674_0004_idba	bin.202		ERZ1037840	webin-genome-10674_0004_idba_bin.202	10674_0004_idba_bin.202.fa.gz	rumen__10674_0004_idba_bin.202.faa	rumen__10674_0004_idba_bin.202	/home/rsg-jcorre38/Jay_Proyects/MethaNet/data/blue_catalyst_poc/proteomes/rumen__10674_0004_idba_bin.202.faa	1548.0	16.0	14.0	True		https://ftp.sra.ebi.ac.uk/vol1/analysis/ERZ103/ERZ1037840/10674_0004_idba_bin.202.fa.gz	https://ftp.ebi.ac.uk/vol1/analysis/ERZ103/ERZ1037840/10674_0004_idba_bin.202.fa.gz
rumen__10674_0004_idba_bin.206	rumen__10674_0004_idba_bin.206	rumen	rumen	Bacteria	10674_0004_idba_bin.206	10674_0004_idba	bin.206		ERZ1037841	webin-genome-10674_0004_idba_bin.206	10674_0004_idba_bin.206.fa.gz	rumen__10674_0004_idba_bin.206.faa	rumen__10674_0004_idba_bin.206	/home/rsg-jcorre38/Jay_Proyects/MethaNet/data/blue_catalyst_poc/proteomes/rumen__10674_0004_idba_bin.206.faa	2082.0	16.0	15.0	True		https://ftp.sra.ebi.ac.uk/vol1/analysis/ERZ103/ERZ1037841/10674_0004_idba_bin.206.fa.gz	https://ftp.ebi.ac.uk/vol1/analysis/ERZ103/ERZ1037841/10674_0004_idba_bin.206.fa.gz
rumen__10674_0004_idba_bin.21	rumen__10674_0004_idba_bin.21	rumen	rumen	Bacteria	10674_0004_idba_bin.21	10674_0004_idba	bin.21		ERZ1037842	webin-genome-10674_0004_idba_bin.21	10674_0004_idba_bin.21.fa.gz	rumen__10674_0004_idba_bin.21.faa	rumen__10674_0004_idba_bin.21	/home/rsg-jcorre38/Jay_Proyects/MethaNet/data/blue_catalyst_poc/proteomes/rumen__10674_0004_idba_bin.21.faa	2155.0	16.0	16.0	True		https://ftp.sra.ebi.ac.uk/vol1/analysis/ERZ103/ERZ1037842/10674_0004_idba_bin.21.fa.gz	https://ftp.ebi.ac.uk/vol1/analysis/ERZ103/ERZ1037842/10674_0004_idba_bin.21.fa.gz
rumen__10674_0004_idba_bin.22	rumen__10674_0004_idba_bin.22	rumen	rumen	Bacteria	10674_0004_idba_bin.22	10674_0004_idba	bin.22		ERZ1037843	webin-genome-10674_0004_idba_bin.22	10674_0004_idba_bin.22.fa.gz	rumen__10674_0004_idba_bin.22.faa	rumen__10674_0004_idba_bin.22	/home/rsg-jcorre38/Jay_Proyects/MethaNet/data/blue_catalyst_poc/proteomes/rumen__10674_0004_idba_bin.22.faa	1316.0	16.0	17.0	True		https://ftp.sra.ebi.ac.uk/vol1/analysis/ERZ103/ERZ1037843/10674_0004_idba_bin.22.fa.gz	https://ftp.ebi.ac.uk/vol1/analysis/ERZ103/ERZ1037843/10674_0004_idba_bin.22.fa.gz
rumen__10674_0004_idba_bin.23	rumen__10674_0004_idba_bin.23	rumen	rumen	Archaea	10674_0004_idba_bin.23	10674_0004_idba	bin.23		ERZ1037844	webin-genome-10674_0004_idba_bin.23	10674_0004_idba_bin.23.fa.gz	rumen__10674_0004_idba_bin.23.faa	rumen__10674_0004_idba_bin.23	/home/rsg-jcorre38/Jay_Proyects/MethaNet/data/blue_catalyst_poc/proteomes/rumen__10674_0004_idba_bin.23.faa	1606.0	16.0	18.0	True		https://ftp.sra.ebi.ac.uk/vol1/analysis/ERZ103/ERZ1037844/10674_0004_idba_bin.23.fa.gz	https://ftp.ebi.ac.uk/vol1/analysis/ERZ103/ERZ1037844/10674_0004_idba_bin.23.fa.gz
rumen__10674_0004_idba_bin.25	rumen__10674_0004_idba_bin.25	rumen	rumen	Bacteria	10674_0004_idba_bin.25	10674_0004_idba	bin.25		ERZ1037845	webin-genome-10674_0004_idba_bin.25	10674_0004_idba_bin.25.fa.gz	rumen__10674_0004_idba_bin.25.faa	rumen__10674_0004_idba_bin.25	/home/rsg-jcorre38/Jay_Proyects/MethaNet/data/blue_catalyst_poc/proteomes/rumen__10674_0004_idba_bin.25.faa	1486.0	16.0	19.0	True		https://ftp.sra.ebi.ac.uk/vol1/analysis/ERZ103/ERZ1037845/10674_0004_idba_bin.25.fa.gz	https://ftp.ebi.ac.uk/vol1/analysis/ERZ103/ERZ1037845/10674_0004_idba_bin.25.fa.gz
rumen__10674_0004_idba_bin.26	rumen__10674_0004_idba_bin.26	rumen	rumen	Bacteria	10674_0004_idba_bin.26	10674_0004_idba	bin.26		ERZ1037846	webin-genome-10674_0004_idba_bin.26	10674_0004_idba_bin.26.fa.gz	rumen__10674_0004_idba_bin.26.faa	rumen__10674_0004_idba_bin.26	/home/rsg-jcorre38/Jay_Proyects/MethaNet/data/blue_catalyst_poc/proteomes/rumen__10674_0004_idba_bin.26.faa	3371.0	16.0	20.0	True		https://ftp.sra.ebi.ac.uk/vol1/analysis/ERZ103/ERZ1037846/10674_0004_idba_bin.26.fa.gz	https://ftp.ebi.ac.uk/vol1/analysis/ERZ103/ERZ1037846/10674_0004_idba_bin.26.fa.gz
rumen__10674_0004_idba_bin.3	rumen__10674_0004_idba_bin.3	rumen	rumen	Bacteria	10674_0004_idba_bin.3	10674_0004_idba	bin.3		ERZ1037847	webin-genome-10674_0004_idba_bin.3	10674_0004_idba_bin.3.fa.gz	rumen__10674_0004_idba_bin.3.faa	rumen__10674_0004_idba_bin.3	/home/rsg-jcorre38/Jay_Proyects/MethaNet/data/blue_catalyst_poc/proteomes/rumen__10674_0004_idba_bin.3.faa	1832.0	16.0	21.0	True		https://ftp.sra.ebi.ac.uk/vol1/analysis/ERZ103/ERZ1037847/10674_0004_idba_bin.3.fa.gz	https://ftp.ebi.ac.uk/vol1/analysis/ERZ103/ERZ1037847/10674_0004_idba_bin.3.fa.gz
rumen__10674_0004_idba_bin.31	rumen__10674_0004_idba_bin.31	rumen	rumen	Bacteria	10674_0004_idba_bin.31	10674_0004_idba	bin.31		ERZ1037848	webin-genome-10674_0004_idba_bin.31	10674_0004_idba_bin.31.fa.gz	rumen__10674_0004_idba_bin.31.faa	rumen__10674_0004_idba_bin.31	/home/rsg-jcorre38/Jay_Proyects/MethaNet/data/blue_catalyst_poc/proteomes/rumen__10674_0004_idba_bin.31.faa	1514.0	16.0	22.0	True		https://ftp.sra.ebi.ac.uk/vol1/analysis/ERZ103/ERZ1037848/10674_0004_idba_bin.31.fa.gz	https://ftp.ebi.ac.uk/vol1/analysis/ERZ103/ERZ1037848/10674_0004_idba_bin.31.fa.gz
rumen__10674_0004_idba_bin.32	rumen__10674_0004_idba_bin.32	rumen	rumen	Bacteria	10674_0004_idba_bin.32	10674_0004_idba	bin.32		ERZ1037849	webin-genome-10674_0004_idba_bin.32	10674_0004_idba_bin.32.fa.gz	rumen__10674_0004_idba_bin.32.faa	rumen__10674_0004_idba_bin.32	/home/rsg-jcorre38/Jay_Proyects/MethaNet/data/blue_catalyst_poc/proteomes/rumen__10674_0004_idba_bin.32.faa	1871.0	16.0	23.0	True		https://ftp.sra.ebi.ac.uk/vol1/analysis/ERZ103/ERZ1037849/10674_0004_idba_bin.32.fa.gz	https://ftp.ebi.ac.uk/vol1/analysis/ERZ103/ERZ1037849/10674_0004_idba_bin.32.fa.gz
rumen__10674_0004_idba_bin.33	rumen__10674_0004_idba_bin.33	rumen	rumen	Bacteria	10674_0004_idba_bin.33	10674_0004_idba	bin.33		ERZ1037850	webin-genome-10674_0004_idba_bin.33	10674_0004_idba_bin.33.fa.gz	rumen__10674_0004_idba_bin.33.faa	rumen__10674_0004_idba_bin.33	/home/rsg-jcorre38/Jay_Proyects/MethaNet/data/blue_catalyst_poc/proteomes/rumen__10674_0004_idba_bin.33.faa	2400.0	16.0	24.0	True		https://ftp.sra.ebi.ac.uk/vol1/analysis/ERZ103/ERZ1037850/10674_0004_idba_bin.33.fa.gz	https://ftp.ebi.ac.uk/vol1/analysis/ERZ103/ERZ1037850/10674_0004_idba_bin.33.fa.gz
rumen__10674_0004_idba_bin.35	rumen__10674_0004_idba_bin.35	rumen	rumen	Bacteria	10674_0004_idba_bin.35	10674_0004_idba	bin.35		ERZ1037851	webin-genome-10674_0004_idba_bin.35	10674_0004_idba_bin.35.fa.gz	rumen__10674_0004_idba_bin.35.faa	rumen__10674_0004_idba_bin.35	/home/rsg-jcorre38/Jay_Proyects/MethaNet/data/blue_catalyst_poc/proteomes/rumen__10674_0004_idba_bin.35.faa	1860.0	17.0	0.0	True		https://ftp.sra.ebi.ac.uk/vol1/analysis/ERZ103/ERZ1037851/10674_0004_idba_bin.35.fa.gz	https://ftp.ebi.ac.uk/vol1/analysis/ERZ103/ERZ1037851/10674_0004_idba_bin.35.fa.gz
rumen__10674_0004_idba_bin.37	rumen__10674_0004_idba_bin.37	rumen	rumen	Bacteria	10674_0004_idba_bin.37	10674_0004_idba	bin.37		ERZ1037852	webin-genome-10674_0004_idba_bin.37	10674_0004_idba_bin.37.fa.gz	rumen__10674_0004_idba_bin.37.faa	rumen__10674_0004_idba_bin.37	/home/rsg-jcorre38/Jay_Proyects/MethaNet/data/blue_catalyst_poc/proteomes/rumen__10674_0004_idba_bin.37.faa	2027.0	17.0	1.0	True		https://ftp.sra.ebi.ac.uk/vol1/analysis/ERZ103/ERZ1037852/10674_0004_idba_bin.37.fa.gz	https://ftp.ebi.ac.uk/vol1/analysis/ERZ103/ERZ1037852/10674_0004_idba_bin.37.fa.gz
rumen__10674_0004_idba_bin.38	rumen__10674_0004_idba_bin.38	rumen	rumen	Bacteria	10674_0004_idba_bin.38	10674_0004_idba	bin.38		ERZ1037853	webin-genome-10674_0004_idba_bin.38	10674_0004_idba_bin.38.fa.gz	rumen__10674_0004_idba_bin.38.faa	rumen__10674_0004_idba_bin.38	/home/rsg-jcorre38/Jay_Proyects/MethaNet/data/blue_catalyst_poc/proteomes/rumen__10674_0004_idba_bin.38.faa	2375.0	17.0	2.0	True		https://ftp.sra.ebi.ac.uk/vol1/analysis/ERZ103/ERZ1037853/10674_0004_idba_bin.38.fa.gz	https://ftp.ebi.ac.uk/vol1/analysis/ERZ103/ERZ1037853/10674_0004_idba_bin.38.fa.gz
rumen__10674_0004_idba_bin.41	rumen__10674_0004_idba_bin.41	rumen	rumen	Bacteria	10674_0004_idba_bin.41	10674_0004_idba	bin.41		ERZ1037854	webin-genome-10674_0004_idba_bin.41	10674_0004_idba_bin.41.fa.gz	rumen__10674_0004_idba_bin.41.faa	rumen__10674_0004_idba_bin.41	/home/rsg-jcorre38/Jay_Proyects/MethaNet/data/blue_catalyst_poc/proteomes/rumen__10674_0004_idba_bin.41.faa	1296.0	17.0	3.0	True		https://ftp.sra.ebi.ac.uk/vol1/analysis/ERZ103/ERZ1037854/10674_0004_idba_bin.41.fa.gz	https://ftp.ebi.ac.uk/vol1/analysis/ERZ103/ERZ1037854/10674_0004_idba_bin.41.fa.gz
rumen__10674_0004_idba_bin.42	rumen__10674_0004_idba_bin.42	rumen	rumen	Bacteria	10674_0004_idba_bin.42	10674_0004_idba	bin.42		ERZ1037855	webin-genome-10674_0004_idba_bin.42	10674_0004_idba_bin.42.fa.gz	rumen__10674_0004_idba_bin.42.faa	rumen__10674_0004_idba_bin.42	/home/rsg-jcorre38/Jay_Proyects/MethaNet/data/blue_catalyst_poc/proteomes/rumen__10674_0004_idba_bin.42.faa	1376.0	17.0	4.0	True		https://ftp.sra.ebi.ac.uk/vol1/analysis/ERZ103/ERZ1037855/10674_0004_idba_bin.42.fa.gz	https://ftp.ebi.ac.uk/vol1/analysis/ERZ103/ERZ1037855/10674_0004_idba_bin.42.fa.gz
rumen__10674_0004_idba_bin.46	rumen__10674_0004_idba_bin.46	rumen	rumen	Bacteria	10674_0004_idba_bin.46	10674_0004_idba	bin.46		ERZ1037856	webin-genome-10674_0004_idba_bin.46	10674_0004_idba_bin.46.fa.gz	rumen__10674_0004_idba_bin.46.faa	rumen__10674_0004_idba_bin.46	/home/rsg-jcorre38/Jay_Proyects/MethaNet/data/blue_catalyst_poc/proteomes/rumen__10674_0004_idba_bin.46.faa	1564.0	17.0	5.0	True		https://ftp.sra.ebi.ac.uk/vol1/analysis/ERZ103/ERZ1037856/10674_0004_idba_bin.46.fa.gz	https://ftp.ebi.ac.uk/vol1/analysis/ERZ103/ERZ1037856/10674_0004_idba_bin.46.fa.gz
rumen__10674_0004_idba_bin.53	rumen__10674_0004_idba_bin.53	rumen	rumen	Bacteria	10674_0004_idba_bin.53	10674_0004_idba	bin.53		ERZ1037857	webin-genome-10674_0004_idba_bin.53	10674_0004_idba_bin.53.fa.gz	rumen__10674_0004_idba_bin.53.faa	rumen__10674_0004_idba_bin.53	/home/rsg-jcorre38/Jay_Proyects/MethaNet/data/blue_catalyst_poc/proteomes/rumen__10674_0004_idba_bin.53.faa	2050.0	17.0	6.0	True		https://ftp.sra.ebi.ac.uk/vol1/analysis/ERZ103/ERZ1037857/10674_0004_idba_bin.53.fa.gz	https://ftp.ebi.ac.uk/vol1/analysis/ERZ103/ERZ1037857/10674_0004_idba_bin.53.fa.gz
rumen__10674_0004_idba_bin.54	rumen__10674_0004_idba_bin.54	rumen	rumen	Bacteria	10674_0004_idba_bin.54	10674_0004_idba	bin.54		ERZ1037858	webin-genome-10674_0004_idba_bin.54	10674_0004_idba_bin.54.fa.gz	rumen__10674_0004_idba_bin.54.faa	rumen__10674_0004_idba_bin.54	/home/rsg-jcorre38/Jay_Proyects/MethaNet/data/blue_catalyst_poc/proteomes/rumen__10674_0004_idba_bin.54.faa	1743.0	17.0	7.0	True		https://ftp.sra.ebi.ac.uk/vol1/analysis/ERZ103/ERZ1037858/10674_0004_idba_bin.54.fa.gz	https://ftp.ebi.ac.uk/vol1/analysis/ERZ103/ERZ1037858/10674_0004_idba_bin.54.fa.gz
rumen__10674_0004_idba_bin.60	rumen__10674_0004_idba_bin.60	rumen	rumen	Bacteria	10674_0004_idba_bin.60	10674_0004_idba	bin.60		ERZ1037859	webin-genome-10674_0004_idba_bin.60	10674_0004_idba_bin.60.fa.gz	rumen__10674_0004_idba_bin.60.faa	rumen__10674_0004_idba_bin.60	/home/rsg-jcorre38/Jay_Proyects/MethaNet/data/blue_catalyst_poc/proteomes/rumen__10674_0004_idba_bin.60.faa	1227.0	17.0	8.0	True		https://ftp.sra.ebi.ac.uk/vol1/analysis/ERZ103/ERZ1037859/10674_0004_idba_bin.60.fa.gz	https://ftp.ebi.ac.uk/vol1/analysis/ERZ103/ERZ1037859/10674_0004_idba_bin.60.fa.gz
rumen__10674_0004_idba_bin.63	rumen__10674_0004_idba_bin.63	rumen	rumen	Bacteria	10674_0004_idba_bin.63	10674_0004_idba	bin.63		ERZ1037860	webin-genome-10674_0004_idba_bin.63	10674_0004_idba_bin.63.fa.gz	rumen__10674_0004_idba_bin.63.faa	rumen__10674_0004_idba_bin.63	/home/rsg-jcorre38/Jay_Proyects/MethaNet/data/blue_catalyst_poc/proteomes/rumen__10674_0004_idba_bin.63.faa	2142.0	17.0	9.0	True		https://ftp.sra.ebi.ac.uk/vol1/analysis/ERZ103/ERZ1037860/10674_0004_idba_bin.63.fa.gz	https://ftp.ebi.ac.uk/vol1/analysis/ERZ103/ERZ1037860/10674_0004_idba_bin.63.fa.gz
rumen__10674_0004_idba_bin.64	rumen__10674_0004_idba_bin.64	rumen	rumen	Bacteria	10674_0004_idba_bin.64	10674_0004_idba	bin.64		ERZ1037861	webin-genome-10674_0004_idba_bin.64	10674_0004_idba_bin.64.fa.gz	rumen__10674_0004_idba_bin.64.faa	rumen__10674_0004_idba_bin.64	/home/rsg-jcorre38/Jay_Proyects/MethaNet/data/blue_catalyst_poc/proteomes/rumen__10674_0004_idba_bin.64.faa	2223.0	17.0	10.0	True		https://ftp.sra.ebi.ac.uk/vol1/analysis/ERZ103/ERZ1037861/10674_0004_idba_bin.64.fa.gz	https://ftp.ebi.ac.uk/vol1/analysis/ERZ103/ERZ1037861/10674_0004_idba_bin.64.fa.gz
rumen__10674_0004_idba_bin.69	rumen__10674_0004_idba_bin.69	rumen	rumen	Bacteria	10674_0004_idba_bin.69	10674_0004_idba	bin.69		ERZ1037862	webin-genome-10674_0004_idba_bin.69	10674_0004_idba_bin.69.fa.gz	rumen__10674_0004_idba_bin.69.faa	rumen__10674_0004_idba_bin.69	/home/rsg-jcorre38/Jay_Proyects/MethaNet/data/blue_catalyst_poc/proteomes/rumen__10674_0004_idba_bin.69.faa	2177.0	17.0	11.0	True		https://ftp.sra.ebi.ac.uk/vol1/analysis/ERZ103/ERZ1037862/10674_0004_idba_bin.69.fa.gz	https://ftp.ebi.ac.uk/vol1/analysis/ERZ103/ERZ1037862/10674_0004_idba_bin.69.fa.gz
rumen__10674_0004_idba_bin.71	rumen__10674_0004_idba_bin.71	rumen	rumen	Bacteria	10674_0004_idba_bin.71	10674_0004_idba	bin.71		ERZ1037863	webin-genome-10674_0004_idba_bin.71	10674_0004_idba_bin.71.fa.gz	rumen__10674_0004_idba_bin.71.faa	rumen__10674_0004_idba_bin.71	/home/rsg-jcorre38/Jay_Proyects/MethaNet/data/blue_catalyst_poc/proteomes/rumen__10674_0004_idba_bin.71.faa	2434.0	17.0	12.0	True		https://ftp.sra.ebi.ac.uk/vol1/analysis/ERZ103/ERZ1037863/10674_0004_idba_bin.71.fa.gz	https://ftp.ebi.ac.uk/vol1/analysis/ERZ103/ERZ1037863/10674_0004_idba_bin.71.fa.gz
rumen__10674_0004_idba_bin.72	rumen__10674_0004_idba_bin.72	rumen	rumen	Bacteria	10674_0004_idba_bin.72	10674_0004_idba	bin.72		ERZ1037864	webin-genome-10674_0004_idba_bin.72	10674_0004_idba_bin.72.fa.gz	rumen__10674_0004_idba_bin.72.faa	rumen__10674_0004_idba_bin.72	/home/rsg-jcorre38/Jay_Proyects/MethaNet/data/blue_catalyst_poc/proteomes/rumen__10674_0004_idba_bin.72.faa	1919.0	17.0	13.0	True		https://ftp.sra.ebi.ac.uk/vol1/analysis/ERZ103/ERZ1037864/10674_0004_idba_bin.72.fa.gz	https://ftp.ebi.ac.uk/vol1/analysis/ERZ103/ERZ1037864/10674_0004_idba_bin.72.fa.gz
rumen__10674_0004_idba_bin.74	rumen__10674_0004_idba_bin.74	rumen	rumen	Bacteria	10674_0004_idba_bin.74	10674_0004_idba	bin.74		ERZ1037865	webin-genome-10674_0004_idba_bin.74	10674_0004_idba_bin.74.fa.gz	rumen__10674_0004_idba_bin.74.faa	rumen__10674_0004_idba_bin.74	/home/rsg-jcorre38/Jay_Proyects/MethaNet/data/blue_catalyst_poc/proteomes/rumen__10674_0004_idba_bin.74.faa	3321.0	17.0	14.0	True		https://ftp.sra.ebi.ac.uk/vol1/analysis/ERZ103/ERZ1037865/10674_0004_idba_bin.74.fa.gz	https://ftp.ebi.ac.uk/vol1/analysis/ERZ103/ERZ1037865/10674_0004_idba_bin.74.fa.gz
rumen__10674_0004_idba_bin.76	rumen__10674_0004_idba_bin.76	rumen	rumen	Bacteria	10674_0004_idba_bin.76	10674_0004_idba	bin.76		ERZ1037867	webin-genome-10674_0004_idba_bin.76	10674_0004_idba_bin.76.fa.gz	rumen__10674_0004_idba_bin.76.faa	rumen__10674_0004_idba_bin.76	/home/rsg-jcorre38/Jay_Proyects/MethaNet/data/blue_catalyst_poc/proteomes/rumen__10674_0004_idba_bin.76.faa	2708.0	17.0	15.0	True		https://ftp.sra.ebi.ac.uk/vol1/analysis/ERZ103/ERZ1037867/10674_0004_idba_bin.76.fa.gz	https://ftp.ebi.ac.uk/vol1/analysis/ERZ103/ERZ1037867/10674_0004_idba_bin.76.fa.gz
rumen__10674_0004_idba_bin.77	rumen__10674_0004_idba_bin.77	rumen	rumen	Bacteria	10674_0004_idba_bin.77	10674_0004_idba	bin.77		ERZ1037868	webin-genome-10674_0004_idba_bin.77	10674_0004_idba_bin.77.fa.gz	rumen__10674_0004_idba_bin.77.faa	rumen__10674_0004_idba_bin.77	/home/rsg-jcorre38/Jay_Proyects/MethaNet/data/blue_catalyst_poc/proteomes/rumen__10674_0004_idba_bin.77.faa	1600.0	17.0	16.0	True		https://ftp.sra.ebi.ac.uk/vol1/analysis/ERZ103/ERZ1037868/10674_0004_idba_bin.77.fa.gz	https://ftp.ebi.ac.uk/vol1/analysis/ERZ103/ERZ1037868/10674_0004_idba_bin.77.fa.gz
rumen__10674_0004_idba_bin.78	rumen__10674_0004_idba_bin.78	rumen	rumen	Bacteria	10674_0004_idba_bin.78	10674_0004_idba	bin.78		ERZ1037869	webin-genome-10674_0004_idba_bin.78	10674_0004_idba_bin.78.fa.gz	rumen__10674_0004_idba_bin.78.faa	rumen__10674_0004_idba_bin.78	/home/rsg-jcorre38/Jay_Proyects/MethaNet/data/blue_catalyst_poc/proteomes/rumen__10674_0004_idba_bin.78.faa	1832.0	17.0	17.0	True		https://ftp.sra.ebi.ac.uk/vol1/analysis/ERZ103/ERZ1037869/10674_0004_idba_bin.78.fa.gz	https://ftp.ebi.ac.uk/vol1/analysis/ERZ103/ERZ1037869/10674_0004_idba_bin.78.fa.gz
rumen__10674_0004_idba_bin.79	rumen__10674_0004_idba_bin.79	rumen	rumen	Archaea	10674_0004_idba_bin.79	10674_0004_idba	bin.79		ERZ1037870	webin-genome-10674_0004_idba_bin.79	10674_0004_idba_bin.79.fa.gz	rumen__10674_0004_idba_bin.79.faa	rumen__10674_0004_idba_bin.79	/home/rsg-jcorre38/Jay_Proyects/MethaNet/data/blue_catalyst_poc/proteomes/rumen__10674_0004_idba_bin.79.faa	1748.0	17.0	18.0	True		https://ftp.sra.ebi.ac.uk/vol1/analysis/ERZ103/ERZ1037870/10674_0004_idba_bin.79.fa.gz	https://ftp.ebi.ac.uk/vol1/analysis/ERZ103/ERZ1037870/10674_0004_idba_bin.79.fa.gz
rumen__10674_0004_idba_bin.8	rumen__10674_0004_idba_bin.8	rumen	rumen	Bacteria	10674_0004_idba_bin.8	10674_0004_idba	bin.8		ERZ1037871	webin-genome-10674_0004_idba_bin.8	10674_0004_idba_bin.8.fa.gz	rumen__10674_0004_idba_bin.8.faa	rumen__10674_0004_idba_bin.8	/home/rsg-jcorre38/Jay_Proyects/MethaNet/data/blue_catalyst_poc/proteomes/rumen__10674_0004_idba_bin.8.faa	2447.0	17.0	19.0	True		https://ftp.sra.ebi.ac.uk/vol1/analysis/ERZ103/ERZ1037871/10674_0004_idba_bin.8.fa.gz	https://ftp.ebi.ac.uk/vol1/analysis/ERZ103/ERZ1037871/10674_0004_idba_bin.8.fa.gz
rumen__10674_0004_idba_bin.81	rumen__10674_0004_idba_bin.81	rumen	rumen	Bacteria	10674_0004_idba_bin.81	10674_0004_idba	bin.81		ERZ1037872	webin-genome-10674_0004_idba_bin.81	10674_0004_idba_bin.81.fa.gz	rumen__10674_0004_idba_bin.81.faa	rumen__10674_0004_idba_bin.81	/home/rsg-jcorre38/Jay_Proyects/MethaNet/data/blue_catalyst_poc/proteomes/rumen__10674_0004_idba_bin.81.faa	1690.0	17.0	20.0	True		https://ftp.sra.ebi.ac.uk/vol1/analysis/ERZ103/ERZ1037872/10674_0004_idba_bin.81.fa.gz	https://ftp.ebi.ac.uk/vol1/analysis/ERZ103/ERZ1037872/10674_0004_idba_bin.81.fa.gz
rumen__10674_0004_idba_bin.82	rumen__10674_0004_idba_bin.82	rumen	rumen	Bacteria	10674_0004_idba_bin.82	10674_0004_idba	bin.82		ERZ1037873	webin-genome-10674_0004_idba_bin.82	10674_0004_idba_bin.82.fa.gz	rumen__10674_0004_idba_bin.82.faa	rumen__10674_0004_idba_bin.82	/home/rsg-jcorre38/Jay_Proyects/MethaNet/data/blue_catalyst_poc/proteomes/rumen__10674_0004_idba_bin.82.faa	2502.0	17.0	21.0	True		https://ftp.sra.ebi.ac.uk/vol1/analysis/ERZ103/ERZ1037873/10674_0004_idba_bin.82.fa.gz	https://ftp.ebi.ac.uk/vol1/analysis/ERZ103/ERZ1037873/10674_0004_idba_bin.82.fa.gz
rumen__10674_0004_idba_bin.83	rumen__10674_0004_idba_bin.83	rumen	rumen	Bacteria	10674_0004_idba_bin.83	10674_0004_idba	bin.83		ERZ1037874	webin-genome-10674_0004_idba_bin.83	10674_0004_idba_bin.83.fa.gz	rumen__10674_0004_idba_bin.83.faa	rumen__10674_0004_idba_bin.83	/home/rsg-jcorre38/Jay_Proyects/MethaNet/data/blue_catalyst_poc/proteomes/rumen__10674_0004_idba_bin.83.faa	1826.0	17.0	22.0	True		https://ftp.sra.ebi.ac.uk/vol1/analysis/ERZ103/ERZ1037874/10674_0004_idba_bin.83.fa.gz	https://ftp.ebi.ac.uk/vol1/analysis/ERZ103/ERZ1037874/10674_0004_idba_bin.83.fa.gz
rumen__10674_0004_idba_bin.84	rumen__10674_0004_idba_bin.84	rumen	rumen	Bacteria	10674_0004_idba_bin.84	10674_0004_idba	bin.84		ERZ1037875	webin-genome-10674_0004_idba_bin.84	10674_0004_idba_bin.84.fa.gz	rumen__10674_0004_idba_bin.84.faa	rumen__10674_0004_idba_bin.84	/home/rsg-jcorre38/Jay_Proyects/MethaNet/data/blue_catalyst_poc/proteomes/rumen__10674_0004_idba_bin.84.faa	2346.0	17.0	23.0	True		https://ftp.sra.ebi.ac.uk/vol1/analysis/ERZ103/ERZ1037875/10674_0004_idba_bin.84.fa.gz	https://ftp.ebi.ac.uk/vol1/analysis/ERZ103/ERZ1037875/10674_0004_idba_bin.84.fa.gz
rumen__10674_0004_idba_bin.87	rumen__10674_0004_idba_bin.87	rumen	rumen	Bacteria	10674_0004_idba_bin.87	10674_0004_idba	bin.87		ERZ1037876	webin-genome-10674_0004_idba_bin.87	10674_0004_idba_bin.87.fa.gz	rumen__10674_0004_idba_bin.87.faa	rumen__10674_0004_idba_bin.87	/home/rsg-jcorre38/Jay_Proyects/MethaNet/data/blue_catalyst_poc/proteomes/rumen__10674_0004_idba_bin.87.faa	2830.0	17.0	24.0	True		https://ftp.sra.ebi.ac.uk/vol1/analysis/ERZ103/ERZ1037876/10674_0004_idba_bin.87.fa.gz	https://ftp.ebi.ac.uk/vol1/analysis/ERZ103/ERZ1037876/10674_0004_idba_bin.87.fa.gz
rumen__10674_0004_idba_bin.88	rumen__10674_0004_idba_bin.88	rumen	rumen	Bacteria	10674_0004_idba_bin.88	10674_0004_idba	bin.88		ERZ1037877	webin-genome-10674_0004_idba_bin.88	10674_0004_idba_bin.88.fa.gz	rumen__10674_0004_idba_bin.88.faa	rumen__10674_0004_idba_bin.88	/home/rsg-jcorre38/Jay_Proyects/MethaNet/data/blue_catalyst_poc/proteomes/rumen__10674_0004_idba_bin.88.faa	2429.0	18.0	0.0	True		https://ftp.sra.ebi.ac.uk/vol1/analysis/ERZ103/ERZ1037877/10674_0004_idba_bin.88.fa.gz	https://ftp.ebi.ac.uk/vol1/analysis/ERZ103/ERZ1037877/10674_0004_idba_bin.88.fa.gz
rumen__10674_0004_idba_bin.89	rumen__10674_0004_idba_bin.89	rumen	rumen	Bacteria	10674_0004_idba_bin.89	10674_0004_idba	bin.89		ERZ1037878	webin-genome-10674_0004_idba_bin.89	10674_0004_idba_bin.89.fa.gz	rumen__10674_0004_idba_bin.89.faa	rumen__10674_0004_idba_bin.89	/home/rsg-jcorre38/Jay_Proyects/MethaNet/data/blue_catalyst_poc/proteomes/rumen__10674_0004_idba_bin.89.faa	1350.0	18.0	1.0	True		https://ftp.sra.ebi.ac.uk/vol1/analysis/ERZ103/ERZ1037878/10674_0004_idba_bin.89.fa.gz	https://ftp.ebi.ac.uk/vol1/analysis/ERZ103/ERZ1037878/10674_0004_idba_bin.89.fa.gz
rumen__10674_0004_idba_bin.91	rumen__10674_0004_idba_bin.91	rumen	rumen	Bacteria	10674_0004_idba_bin.91	10674_0004_idba	bin.91		ERZ1037879	webin-genome-10674_0004_idba_bin.91	10674_0004_idba_bin.91.fa.gz	rumen__10674_0004_idba_bin.91.faa	rumen__10674_0004_idba_bin.91	/home/rsg-jcorre38/Jay_Proyects/MethaNet/data/blue_catalyst_poc/proteomes/rumen__10674_0004_idba_bin.91.faa	1336.0	18.0	2.0	True		https://ftp.sra.ebi.ac.uk/vol1/analysis/ERZ103/ERZ1037879/10674_0004_idba_bin.91.fa.gz	https://ftp.ebi.ac.uk/vol1/analysis/ERZ103/ERZ1037879/10674_0004_idba_bin.91.fa.gz
rumen__10674_0004_idba_bin.94	rumen__10674_0004_idba_bin.94	rumen	rumen	Bacteria	10674_0004_idba_bin.94	10674_0004_idba	bin.94		ERZ1037880	webin-genome-10674_0004_idba_bin.94	10674_0004_idba_bin.94.fa.gz	rumen__10674_0004_idba_bin.94.faa	rumen__10674_0004_idba_bin.94	/home/rsg-jcorre38/Jay_Proyects/MethaNet/data/blue_catalyst_poc/proteomes/rumen__10674_0004_idba_bin.94.faa	1732.0	18.0	3.0	True		https://ftp.sra.ebi.ac.uk/vol1/analysis/ERZ103/ERZ1037880/10674_0004_idba_bin.94.fa.gz	https://ftp.ebi.ac.uk/vol1/analysis/ERZ103/ERZ1037880/10674_0004_idba_bin.94.fa.gz
rumen__10674_0005_idba_bin.100	rumen__10674_0005_idba_bin.100	rumen	rumen	Bacteria	10674_0005_idba_bin.100	10674_0005_idba	bin.100		ERZ1037881	webin-genome-10674_0005_idba_bin.100	10674_0005_idba_bin.100.fa.gz	rumen__10674_0005_idba_bin.100.faa	rumen__10674_0005_idba_bin.100	/home/rsg-jcorre38/Jay_Proyects/MethaNet/data/blue_catalyst_poc/proteomes/rumen__10674_0005_idba_bin.100.faa	2600.0	18.0	4.0	True		https://ftp.sra.ebi.ac.uk/vol1/analysis/ERZ103/ERZ1037881/10674_0005_idba_bin.100.fa.gz	https://ftp.ebi.ac.uk/vol1/analysis/ERZ103/ERZ1037881/10674_0005_idba_bin.100.fa.gz
rumen__10674_0005_idba_bin.103	rumen__10674_0005_idba_bin.103	rumen	rumen	Bacteria	10674_0005_idba_bin.103	10674_0005_idba	bin.103		ERZ1037882	webin-genome-10674_0005_idba_bin.103	10674_0005_idba_bin.103.fa.gz	rumen__10674_0005_idba_bin.103.faa	rumen__10674_0005_idba_bin.103	/home/rsg-jcorre38/Jay_Proyects/MethaNet/data/blue_catalyst_poc/proteomes/rumen__10674_0005_idba_bin.103.faa	2602.0	18.0	5.0	True		https://ftp.sra.ebi.ac.uk/vol1/analysis/ERZ103/ERZ1037882/10674_0005_idba_bin.103.fa.gz	https://ftp.ebi.ac.uk/vol1/analysis/ERZ103/ERZ1037882/10674_0005_idba_bin.103.fa.gz
rumen__10674_0005_idba_bin.109	rumen__10674_0005_idba_bin.109	rumen	rumen	Bacteria	10674_0005_idba_bin.109	10674_0005_idba	bin.109		ERZ1037883	webin-genome-10674_0005_idba_bin.109	10674_0005_idba_bin.109.fa.gz	rumen__10674_0005_idba_bin.109.faa	rumen__10674_0005_idba_bin.109	/home/rsg-jcorre38/Jay_Proyects/MethaNet/data/blue_catalyst_poc/proteomes/rumen__10674_0005_idba_bin.109.faa	2128.0	18.0	6.0	True		https://ftp.sra.ebi.ac.uk/vol1/analysis/ERZ103/ERZ1037883/10674_0005_idba_bin.109.fa.gz	https://ftp.ebi.ac.uk/vol1/analysis/ERZ103/ERZ1037883/10674_0005_idba_bin.109.fa.gz
rumen__10674_0005_idba_bin.110	rumen__10674_0005_idba_bin.110	rumen	rumen	Bacteria	10674_0005_idba_bin.110	10674_0005_idba	bin.110		ERZ1037884	webin-genome-10674_0005_idba_bin.110	10674_0005_idba_bin.110.fa.gz	rumen__10674_0005_idba_bin.110.faa	rumen__10674_0005_idba_bin.110	/home/rsg-jcorre38/Jay_Proyects/MethaNet/data/blue_catalyst_poc/proteomes/rumen__10674_0005_idba_bin.110.faa	1796.0	18.0	7.0	True		https://ftp.sra.ebi.ac.uk/vol1/analysis/ERZ103/ERZ1037884/10674_0005_idba_bin.110.fa.gz	https://ftp.ebi.ac.uk/vol1/analysis/ERZ103/ERZ1037884/10674_0005_idba_bin.110.fa.gz
rumen__10674_0005_idba_bin.111	rumen__10674_0005_idba_bin.111	rumen	rumen	Bacteria	10674_0005_idba_bin.111	10674_0005_idba	bin.111		ERZ1037885	webin-genome-10674_0005_idba_bin.111	10674_0005_idba_bin.111.fa.gz	rumen__10674_0005_idba_bin.111.faa	rumen__10674_0005_idba_bin.111	/home/rsg-jcorre38/Jay_Proyects/MethaNet/data/blue_catalyst_poc/proteomes/rumen__10674_0005_idba_bin.111.faa	2105.0	18.0	8.0	True		https://ftp.sra.ebi.ac.uk/vol1/analysis/ERZ103/ERZ1037885/10674_0005_idba_bin.111.fa.gz	https://ftp.ebi.ac.uk/vol1/analysis/ERZ103/ERZ1037885/10674_0005_idba_bin.111.fa.gz
rumen__10674_0005_idba_bin.112	rumen__10674_0005_idba_bin.112	rumen	rumen	Bacteria	10674_0005_idba_bin.112	10674_0005_idba	bin.112		ERZ1037886	webin-genome-10674_0005_idba_bin.112	10674_0005_idba_bin.112.fa.gz	rumen__10674_0005_idba_bin.112.faa	rumen__10674_0005_idba_bin.112	/home/rsg-jcorre38/Jay_Proyects/MethaNet/data/blue_catalyst_poc/proteomes/rumen__10674_0005_idba_bin.112.faa	1838.0	18.0	9.0	True		https://ftp.sra.ebi.ac.uk/vol1/analysis/ERZ103/ERZ1037886/10674_0005_idba_bin.112.fa.gz	https://ftp.ebi.ac.uk/vol1/analysis/ERZ103/ERZ1037886/10674_0005_idba_bin.112.fa.gz
rumen__10674_0005_idba_bin.116	rumen__10674_0005_idba_bin.116	rumen	rumen	Bacteria	10674_0005_idba_bin.116	10674_0005_idba	bin.116		ERZ1037887	webin-genome-10674_0005_idba_bin.116	10674_0005_idba_bin.116.fa.gz	rumen__10674_0005_idba_bin.116.faa	rumen__10674_0005_idba_bin.116	/home/rsg-jcorre38/Jay_Proyects/MethaNet/data/blue_catalyst_poc/proteomes/rumen__10674_0005_idba_bin.116.faa	1596.0	18.0	10.0	True		https://ftp.sra.ebi.ac.uk/vol1/analysis/ERZ103/ERZ1037887/10674_0005_idba_bin.116.fa.gz	https://ftp.ebi.ac.uk/vol1/analysis/ERZ103/ERZ1037887/10674_0005_idba_bin.116.fa.gz
rumen__10674_0005_idba_bin.117	rumen__10674_0005_idba_bin.117	rumen	rumen	Bacteria	10674_0005_idba_bin.117	10674_0005_idba	bin.117		ERZ1037888	webin-genome-10674_0005_idba_bin.117	10674_0005_idba_bin.117.fa.gz	rumen__10674_0005_idba_bin.117.faa	rumen__10674_0005_idba_bin.117	/home/rsg-jcorre38/Jay_Proyects/MethaNet/data/blue_catalyst_poc/proteomes/rumen__10674_0005_idba_bin.117.faa	2164.0	18.0	11.0	True		https://ftp.sra.ebi.ac.uk/vol1/analysis/ERZ103/ERZ1037888/10674_0005_idba_bin.117.fa.gz	https://ftp.ebi.ac.uk/vol1/analysis/ERZ103/ERZ1037888/10674_0005_idba_bin.117.fa.gz
rumen__10674_0005_idba_bin.16	rumen__10674_0005_idba_bin.16	rumen	rumen	Bacteria	10674_0005_idba_bin.16	10674_0005_idba	bin.16		ERZ1037889	webin-genome-10674_0005_idba_bin.16	10674_0005_idba_bin.16.fa.gz	rumen__10674_0005_idba_bin.16.faa	rumen__10674_0005_idba_bin.16	/home/rsg-jcorre38/Jay_Proyects/MethaNet/data/blue_catalyst_poc/proteomes/rumen__10674_0005_idba_bin.16.faa	1723.0	18.0	12.0	True		https://ftp.sra.ebi.ac.uk/vol1/analysis/ERZ103/ERZ1037889/10674_0005_idba_bin.16.fa.gz	https://ftp.ebi.ac.uk/vol1/analysis/ERZ103/ERZ1037889/10674_0005_idba_bin.16.fa.gz
rumen__10674_0005_idba_bin.20	rumen__10674_0005_idba_bin.20	rumen	rumen	Bacteria	10674_0005_idba_bin.20	10674_0005_idba	bin.20		ERZ1037890	webin-genome-10674_0005_idba_bin.20	10674_0005_idba_bin.20.fa.gz	rumen__10674_0005_idba_bin.20.faa	rumen__10674_0005_idba_bin.20	/home/rsg-jcorre38/Jay_Proyects/MethaNet/data/blue_catalyst_poc/proteomes/rumen__10674_0005_idba_bin.20.faa	1885.0	18.0	13.0	True		https://ftp.sra.ebi.ac.uk/vol1/analysis/ERZ103/ERZ1037890/10674_0005_idba_bin.20.fa.gz	https://ftp.ebi.ac.uk/vol1/analysis/ERZ103/ERZ1037890/10674_0005_idba_bin.20.fa.gz
rumen__10674_0005_idba_bin.34	rumen__10674_0005_idba_bin.34	rumen	rumen	Bacteria	10674_0005_idba_bin.34	10674_0005_idba	bin.34		ERZ1037891	webin-genome-10674_0005_idba_bin.34	10674_0005_idba_bin.34.fa.gz	rumen__10674_0005_idba_bin.34.faa	rumen__10674_0005_idba_bin.34	/home/rsg-jcorre38/Jay_Proyects/MethaNet/data/blue_catalyst_poc/proteomes/rumen__10674_0005_idba_bin.34.faa	1935.0	18.0	14.0	True		https://ftp.sra.ebi.ac.uk/vol1/analysis/ERZ103/ERZ1037891/10674_0005_idba_bin.34.fa.gz	https://ftp.ebi.ac.uk/vol1/analysis/ERZ103/ERZ1037891/10674_0005_idba_bin.34.fa.gz
rumen__10674_0005_idba_bin.37	rumen__10674_0005_idba_bin.37	rumen	rumen	Bacteria	10674_0005_idba_bin.37	10674_0005_idba	bin.37		ERZ1037892	webin-genome-10674_0005_idba_bin.37	10674_0005_idba_bin.37.fa.gz	rumen__10674_0005_idba_bin.37.faa	rumen__10674_0005_idba_bin.37	/home/rsg-jcorre38/Jay_Proyects/MethaNet/data/blue_catalyst_poc/proteomes/rumen__10674_0005_idba_bin.37.faa	2015.0	18.0	15.0	True		https://ftp.sra.ebi.ac.uk/vol1/analysis/ERZ103/ERZ1037892/10674_0005_idba_bin.37.fa.gz	https://ftp.ebi.ac.uk/vol1/analysis/ERZ103/ERZ1037892/10674_0005_idba_bin.37.fa.gz
rumen__10674_0005_idba_bin.39	rumen__10674_0005_idba_bin.39	rumen	rumen	Bacteria	10674_0005_idba_bin.39	10674_0005_idba	bin.39		ERZ1037893	webin-genome-10674_0005_idba_bin.39	10674_0005_idba_bin.39.fa.gz	rumen__10674_0005_idba_bin.39.faa	rumen__10674_0005_idba_bin.39	/home/rsg-jcorre38/Jay_Proyects/MethaNet/data/blue_catalyst_poc/proteomes/rumen__10674_0005_idba_bin.39.faa	1746.0	18.0	16.0	True		https://ftp.sra.ebi.ac.uk/vol1/analysis/ERZ103/ERZ1037893/10674_0005_idba_bin.39.fa.gz	https://ftp.ebi.ac.uk/vol1/analysis/ERZ103/ERZ1037893/10674_0005_idba_bin.39.fa.gz
rumen__10674_0005_idba_bin.45	rumen__10674_0005_idba_bin.45	rumen	rumen	Bacteria	10674_0005_idba_bin.45	10674_0005_idba	bin.45		ERZ1037894	webin-genome-10674_0005_idba_bin.45	10674_0005_idba_bin.45.fa.gz	rumen__10674_0005_idba_bin.45.faa	rumen__10674_0005_idba_bin.45	/home/rsg-jcorre38/Jay_Proyects/MethaNet/data/blue_catalyst_poc/proteomes/rumen__10674_0005_idba_bin.45.faa	1961.0	18.0	17.0	True		https://ftp.sra.ebi.ac.uk/vol1/analysis/ERZ103/ERZ1037894/10674_0005_idba_bin.45.fa.gz	https://ftp.ebi.ac.uk/vol1/analysis/ERZ103/ERZ1037894/10674_0005_idba_bin.45.fa.gz
rumen__10674_0005_idba_bin.46	rumen__10674_0005_idba_bin.46	rumen	rumen	Bacteria	10674_0005_idba_bin.46	10674_0005_idba	bin.46		ERZ1037895	webin-genome-10674_0005_idba_bin.46	10674_0005_idba_bin.46.fa.gz	rumen__10674_0005_idba_bin.46.faa	rumen__10674_0005_idba_bin.46	/home/rsg-jcorre38/Jay_Proyects/MethaNet/data/blue_catalyst_poc/proteomes/rumen__10674_0005_idba_bin.46.faa	2609.0	18.0	18.0	True		https://ftp.sra.ebi.ac.uk/vol1/analysis/ERZ103/ERZ1037895/10674_0005_idba_bin.46.fa.gz	https://ftp.ebi.ac.uk/vol1/analysis/ERZ103/ERZ1037895/10674_0005_idba_bin.46.fa.gz
rumen__10674_0005_idba_bin.49	rumen__10674_0005_idba_bin.49	rumen	rumen	Bacteria	10674_0005_idba_bin.49	10674_0005_idba	bin.49		ERZ1037896	webin-genome-10674_0005_idba_bin.49	10674_0005_idba_bin.49.fa.gz	rumen__10674_0005_idba_bin.49.faa	rumen__10674_0005_idba_bin.49	/home/rsg-jcorre38/Jay_Proyects/MethaNet/data/blue_catalyst_poc/proteomes/rumen__10674_0005_idba_bin.49.faa	1404.0	18.0	19.0	True		https://ftp.sra.ebi.ac.uk/vol1/analysis/ERZ103/ERZ1037896/10674_0005_idba_bin.49.fa.gz	https://ftp.ebi.ac.uk/vol1/analysis/ERZ103/ERZ1037896/10674_0005_idba_bin.49.fa.gz
rumen__10674_0005_idba_bin.50	rumen__10674_0005_idba_bin.50	rumen	rumen	Bacteria	10674_0005_idba_bin.50	10674_0005_idba	bin.50		ERZ1037897	webin-genome-10674_0005_idba_bin.50	10674_0005_idba_bin.50.fa.gz	rumen__10674_0005_idba_bin.50.faa	rumen__10674_0005_idba_bin.50	/home/rsg-jcorre38/Jay_Proyects/MethaNet/data/blue_catalyst_poc/proteomes/rumen__10674_0005_idba_bin.50.faa	3041.0	18.0	20.0	True		https://ftp.sra.ebi.ac.uk/vol1/analysis/ERZ103/ERZ1037897/10674_0005_idba_bin.50.fa.gz	https://ftp.ebi.ac.uk/vol1/analysis/ERZ103/ERZ1037897/10674_0005_idba_bin.50.fa.gz
rumen__10674_0005_idba_bin.52	rumen__10674_0005_idba_bin.52	rumen	rumen	Bacteria	10674_0005_idba_bin.52	10674_0005_idba	bin.52		ERZ1037898	webin-genome-10674_0005_idba_bin.52	10674_0005_idba_bin.52.fa.gz	rumen__10674_0005_idba_bin.52.faa	rumen__10674_0005_idba_bin.52	/home/rsg-jcorre38/Jay_Proyects/MethaNet/data/blue_catalyst_poc/proteomes/rumen__10674_0005_idba_bin.52.faa	2597.0	18.0	21.0	True		https://ftp.sra.ebi.ac.uk/vol1/analysis/ERZ103/ERZ1037898/10674_0005_idba_bin.52.fa.gz	https://ftp.ebi.ac.uk/vol1/analysis/ERZ103/ERZ1037898/10674_0005_idba_bin.52.fa.gz
rumen__10674_0005_idba_bin.53	rumen__10674_0005_idba_bin.53	rumen	rumen	Archaea	10674_0005_idba_bin.53	10674_0005_idba	bin.53		ERZ1037899	webin-genome-10674_0005_idba_bin.53	10674_0005_idba_bin.53.fa.gz	rumen__10674_0005_idba_bin.53.faa	rumen__10674_0005_idba_bin.53	/home/rsg-jcorre38/Jay_Proyects/MethaNet/data/blue_catalyst_poc/proteomes/rumen__10674_0005_idba_bin.53.faa	1787.0	18.0	22.0	True		https://ftp.sra.ebi.ac.uk/vol1/analysis/ERZ103/ERZ1037899/10674_0005_idba_bin.53.fa.gz	https://ftp.ebi.ac.uk/vol1/analysis/ERZ103/ERZ1037899/10674_0005_idba_bin.53.fa.gz
rumen__10674_0005_idba_bin.54	rumen__10674_0005_idba_bin.54	rumen	rumen	Bacteria	10674_0005_idba_bin.54	10674_0005_idba	bin.54		ERZ1037900	webin-genome-10674_0005_idba_bin.54	10674_0005_idba_bin.54.fa.gz	rumen__10674_0005_idba_bin.54.faa	rumen__10674_0005_idba_bin.54	/home/rsg-jcorre38/Jay_Proyects/MethaNet/data/blue_catalyst_poc/proteomes/rumen__10674_0005_idba_bin.54.faa	2683.0	18.0	23.0	True		https://ftp.sra.ebi.ac.uk/vol1/analysis/ERZ103/ERZ1037900/10674_0005_idba_bin.54.fa.gz	https://ftp.ebi.ac.uk/vol1/analysis/ERZ103/ERZ1037900/10674_0005_idba_bin.54.fa.gz
rumen__10674_0005_idba_bin.57	rumen__10674_0005_idba_bin.57	rumen	rumen	Bacteria	10674_0005_idba_bin.57	10674_0005_idba	bin.57		ERZ1037901	webin-genome-10674_0005_idba_bin.57	10674_0005_idba_bin.57.fa.gz	rumen__10674_0005_idba_bin.57.faa	rumen__10674_0005_idba_bin.57	/home/rsg-jcorre38/Jay_Proyects/MethaNet/data/blue_catalyst_poc/proteomes/rumen__10674_0005_idba_bin.57.faa	2151.0	18.0	24.0	True		https://ftp.sra.ebi.ac.uk/vol1/analysis/ERZ103/ERZ1037901/10674_0005_idba_bin.57.fa.gz	https://ftp.ebi.ac.uk/vol1/analysis/ERZ103/ERZ1037901/10674_0005_idba_bin.57.fa.gz
rumen__10674_0005_idba_bin.59	rumen__10674_0005_idba_bin.59	rumen	rumen	Bacteria	10674_0005_idba_bin.59	10674_0005_idba	bin.59		ERZ1037902	webin-genome-10674_0005_idba_bin.59	10674_0005_idba_bin.59.fa.gz	rumen__10674_0005_idba_bin.59.faa	rumen__10674_0005_idba_bin.59	/home/rsg-jcorre38/Jay_Proyects/MethaNet/data/blue_catalyst_poc/proteomes/rumen__10674_0005_idba_bin.59.faa	2216.0	19.0	0.0	True		https://ftp.sra.ebi.ac.uk/vol1/analysis/ERZ103/ERZ1037902/10674_0005_idba_bin.59.fa.gz	https://ftp.ebi.ac.uk/vol1/analysis/ERZ103/ERZ1037902/10674_0005_idba_bin.59.fa.gz
rumen__10674_0005_idba_bin.6	rumen__10674_0005_idba_bin.6	rumen	rumen	Bacteria	10674_0005_idba_bin.6	10674_0005_idba	bin.6		ERZ1037903	webin-genome-10674_0005_idba_bin.6	10674_0005_idba_bin.6.fa.gz	rumen__10674_0005_idba_bin.6.faa	rumen__10674_0005_idba_bin.6	/home/rsg-jcorre38/Jay_Proyects/MethaNet/data/blue_catalyst_poc/proteomes/rumen__10674_0005_idba_bin.6.faa	877.0	19.0	1.0	True		https://ftp.sra.ebi.ac.uk/vol1/analysis/ERZ103/ERZ1037903/10674_0005_idba_bin.6.fa.gz	https://ftp.ebi.ac.uk/vol1/analysis/ERZ103/ERZ1037903/10674_0005_idba_bin.6.fa.gz
rumen__10674_0005_idba_bin.66	rumen__10674_0005_idba_bin.66	rumen	rumen	Bacteria	10674_0005_idba_bin.66	10674_0005_idba	bin.66		ERZ1037904	webin-genome-10674_0005_idba_bin.66	10674_0005_idba_bin.66.fa.gz	rumen__10674_0005_idba_bin.66.faa	rumen__10674_0005_idba_bin.66	/home/rsg-jcorre38/Jay_Proyects/MethaNet/data/blue_catalyst_poc/proteomes/rumen__10674_0005_idba_bin.66.faa	2451.0	19.0	2.0	True		https://ftp.sra.ebi.ac.uk/vol1/analysis/ERZ103/ERZ1037904/10674_0005_idba_bin.66.fa.gz	https://ftp.ebi.ac.uk/vol1/analysis/ERZ103/ERZ1037904/10674_0005_idba_bin.66.fa.gz
rumen__10674_0005_idba_bin.69	rumen__10674_0005_idba_bin.69	rumen	rumen	Bacteria	10674_0005_idba_bin.69	10674_0005_idba	bin.69		ERZ1037905	webin-genome-10674_0005_idba_bin.69	10674_0005_idba_bin.69.fa.gz	rumen__10674_0005_idba_bin.69.faa	rumen__10674_0005_idba_bin.69	/home/rsg-jcorre38/Jay_Proyects/MethaNet/data/blue_catalyst_poc/proteomes/rumen__10674_0005_idba_bin.69.faa	2620.0	19.0	3.0	True		https://ftp.sra.ebi.ac.uk/vol1/analysis/ERZ103/ERZ1037905/10674_0005_idba_bin.69.fa.gz	https://ftp.ebi.ac.uk/vol1/analysis/ERZ103/ERZ1037905/10674_0005_idba_bin.69.fa.gz
rumen__10674_0005_idba_bin.7	rumen__10674_0005_idba_bin.7	rumen	rumen	Bacteria	10674_0005_idba_bin.7	10674_0005_idba	bin.7		ERZ1037906	webin-genome-10674_0005_idba_bin.7	10674_0005_idba_bin.7.fa.gz	rumen__10674_0005_idba_bin.7.faa	rumen__10674_0005_idba_bin.7	/home/rsg-jcorre38/Jay_Proyects/MethaNet/data/blue_catalyst_poc/proteomes/rumen__10674_0005_idba_bin.7.faa	1623.0	19.0	4.0	True		https://ftp.sra.ebi.ac.uk/vol1/analysis/ERZ103/ERZ1037906/10674_0005_idba_bin.7.fa.gz	https://ftp.ebi.ac.uk/vol1/analysis/ERZ103/ERZ1037906/10674_0005_idba_bin.7.fa.gz
rumen__10674_0005_idba_bin.71	rumen__10674_0005_idba_bin.71	rumen	rumen	Bacteria	10674_0005_idba_bin.71	10674_0005_idba	bin.71		ERZ1037907	webin-genome-10674_0005_idba_bin.71	10674_0005_idba_bin.71.fa.gz	rumen__10674_0005_idba_bin.71.faa	rumen__10674_0005_idba_bin.71	/home/rsg-jcorre38/Jay_Proyects/MethaNet/data/blue_catalyst_poc/proteomes/rumen__10674_0005_idba_bin.71.faa	3111.0	19.0	5.0	True		https://ftp.sra.ebi.ac.uk/vol1/analysis/ERZ103/ERZ1037907/10674_0005_idba_bin.71.fa.gz	https://ftp.ebi.ac.uk/vol1/analysis/ERZ103/ERZ1037907/10674_0005_idba_bin.71.fa.gz
rumen__10674_0005_idba_bin.72	rumen__10674_0005_idba_bin.72	rumen	rumen	Archaea	10674_0005_idba_bin.72	10674_0005_idba	bin.72		ERZ1037908	webin-genome-10674_0005_idba_bin.72	10674_0005_idba_bin.72.fa.gz	rumen__10674_0005_idba_bin.72.faa	rumen__10674_0005_idba_bin.72	/home/rsg-jcorre38/Jay_Proyects/MethaNet/data/blue_catalyst_poc/proteomes/rumen__10674_0005_idba_bin.72.faa	1983.0	19.0	6.0	True		https://ftp.sra.ebi.ac.uk/vol1/analysis/ERZ103/ERZ1037908/10674_0005_idba_bin.72.fa.gz	https://ftp.ebi.ac.uk/vol1/analysis/ERZ103/ERZ1037908/10674_0005_idba_bin.72.fa.gz
rumen__10674_0005_idba_bin.73	rumen__10674_0005_idba_bin.73	rumen	rumen	Bacteria	10674_0005_idba_bin.73	10674_0005_idba	bin.73		ERZ1037909	webin-genome-10674_0005_idba_bin.73	10674_0005_idba_bin.73.fa.gz	rumen__10674_0005_idba_bin.73.faa	rumen__10674_0005_idba_bin.73	/home/rsg-jcorre38/Jay_Proyects/MethaNet/data/blue_catalyst_poc/proteomes/rumen__10674_0005_idba_bin.73.faa	4761.0	19.0	7.0	True		https://ftp.sra.ebi.ac.uk/vol1/analysis/ERZ103/ERZ1037909/10674_0005_idba_bin.73.fa.gz	https://ftp.ebi.ac.uk/vol1/analysis/ERZ103/ERZ1037909/10674_0005_idba_bin.73.fa.gz
rumen__10674_0005_idba_bin.74	rumen__10674_0005_idba_bin.74	rumen	rumen	Bacteria	10674_0005_idba_bin.74	10674_0005_idba	bin.74		ERZ1037910	webin-genome-10674_0005_idba_bin.74	10674_0005_idba_bin.74.fa.gz	rumen__10674_0005_idba_bin.74.faa	rumen__10674_0005_idba_bin.74	/home/rsg-jcorre38/Jay_Proyects/MethaNet/data/blue_catalyst_poc/proteomes/rumen__10674_0005_idba_bin.74.faa	1760.0	19.0	8.0	True		https://ftp.sra.ebi.ac.uk/vol1/analysis/ERZ103/ERZ1037910/10674_0005_idba_bin.74.fa.gz	https://ftp.ebi.ac.uk/vol1/analysis/ERZ103/ERZ1037910/10674_0005_idba_bin.74.fa.gz
rumen__10674_0005_idba_bin.77	rumen__10674_0005_idba_bin.77	rumen	rumen	Bacteria	10674_0005_idba_bin.77	10674_0005_idba	bin.77		ERZ1037912	webin-genome-10674_0005_idba_bin.77	10674_0005_idba_bin.77.fa.gz	rumen__10674_0005_idba_bin.77.faa	rumen__10674_0005_idba_bin.77	/home/rsg-jcorre38/Jay_Proyects/MethaNet/data/blue_catalyst_poc/proteomes/rumen__10674_0005_idba_bin.77.faa	1737.0	19.0	9.0	True		https://ftp.sra.ebi.ac.uk/vol1/analysis/ERZ103/ERZ1037912/10674_0005_idba_bin.77.fa.gz	https://ftp.ebi.ac.uk/vol1/analysis/ERZ103/ERZ1037912/10674_0005_idba_bin.77.fa.gz
rumen__10674_0005_idba_bin.79	rumen__10674_0005_idba_bin.79	rumen	rumen	Bacteria	10674_0005_idba_bin.79	10674_0005_idba	bin.79		ERZ1037913	webin-genome-10674_0005_idba_bin.79	10674_0005_idba_bin.79.fa.gz	rumen__10674_0005_idba_bin.79.faa	rumen__10674_0005_idba_bin.79	/home/rsg-jcorre38/Jay_Proyects/MethaNet/data/blue_catalyst_poc/proteomes/rumen__10674_0005_idba_bin.79.faa	2025.0	19.0	10.0	True		https://ftp.sra.ebi.ac.uk/vol1/analysis/ERZ103/ERZ1037913/10674_0005_idba_bin.79.fa.gz	https://ftp.ebi.ac.uk/vol1/analysis/ERZ103/ERZ1037913/10674_0005_idba_bin.79.fa.gz
rumen__10674_0005_idba_bin.82	rumen__10674_0005_idba_bin.82	rumen	rumen	Bacteria	10674_0005_idba_bin.82	10674_0005_idba	bin.82		ERZ1037914	webin-genome-10674_0005_idba_bin.82	10674_0005_idba_bin.82.fa.gz	rumen__10674_0005_idba_bin.82.faa	rumen__10674_0005_idba_bin.82	/home/rsg-jcorre38/Jay_Proyects/MethaNet/data/blue_catalyst_poc/proteomes/rumen__10674_0005_idba_bin.82.faa	2319.0	19.0	11.0	True		https://ftp.sra.ebi.ac.uk/vol1/analysis/ERZ103/ERZ1037914/10674_0005_idba_bin.82.fa.gz	https://ftp.ebi.ac.uk/vol1/analysis/ERZ103/ERZ1037914/10674_0005_idba_bin.82.fa.gz
rumen__10674_0006_idba_bin.12	rumen__10674_0006_idba_bin.12	rumen	rumen	Bacteria	10674_0006_idba_bin.12	10674_0006_idba	bin.12		ERZ1037915	webin-genome-10674_0006_idba_bin.12	10674_0006_idba_bin.12.fa.gz	rumen__10674_0006_idba_bin.12.faa	rumen__10674_0006_idba_bin.12	/home/rsg-jcorre38/Jay_Proyects/MethaNet/data/blue_catalyst_poc/proteomes/rumen__10674_0006_idba_bin.12.faa	1585.0	19.0	12.0	True		https://ftp.sra.ebi.ac.uk/vol1/analysis/ERZ103/ERZ1037915/10674_0006_idba_bin.12.fa.gz	https://ftp.ebi.ac.uk/vol1/analysis/ERZ103/ERZ1037915/10674_0006_idba_bin.12.fa.gz
rumen__10674_0006_idba_bin.13	rumen__10674_0006_idba_bin.13	rumen	rumen	Bacteria	10674_0006_idba_bin.13	10674_0006_idba	bin.13		ERZ1037916	webin-genome-10674_0006_idba_bin.13	10674_0006_idba_bin.13.fa.gz	rumen__10674_0006_idba_bin.13.faa	rumen__10674_0006_idba_bin.13	/home/rsg-jcorre38/Jay_Proyects/MethaNet/data/blue_catalyst_poc/proteomes/rumen__10674_0006_idba_bin.13.faa	2527.0	19.0	13.0	True		https://ftp.sra.ebi.ac.uk/vol1/analysis/ERZ103/ERZ1037916/10674_0006_idba_bin.13.fa.gz	https://ftp.ebi.ac.uk/vol1/analysis/ERZ103/ERZ1037916/10674_0006_idba_bin.13.fa.gz
rumen__10674_0006_idba_bin.15	rumen__10674_0006_idba_bin.15	rumen	rumen	Bacteria	10674_0006_idba_bin.15	10674_0006_idba	bin.15		ERZ1037917	webin-genome-10674_0006_idba_bin.15	10674_0006_idba_bin.15.fa.gz	rumen__10674_0006_idba_bin.15.faa	rumen__10674_0006_idba_bin.15	/home/rsg-jcorre38/Jay_Proyects/MethaNet/data/blue_catalyst_poc/proteomes/rumen__10674_0006_idba_bin.15.faa	1774.0	19.0	14.0	True		https://ftp.sra.ebi.ac.uk/vol1/analysis/ERZ103/ERZ1037917/10674_0006_idba_bin.15.fa.gz	https://ftp.ebi.ac.uk/vol1/analysis/ERZ103/ERZ1037917/10674_0006_idba_bin.15.fa.gz
rumen__10674_0006_idba_bin.21	rumen__10674_0006_idba_bin.21	rumen	rumen	Bacteria	10674_0006_idba_bin.21	10674_0006_idba	bin.21		ERZ1037918	webin-genome-10674_0006_idba_bin.21	10674_0006_idba_bin.21.fa.gz	rumen__10674_0006_idba_bin.21.faa	rumen__10674_0006_idba_bin.21	/home/rsg-jcorre38/Jay_Proyects/MethaNet/data/blue_catalyst_poc/proteomes/rumen__10674_0006_idba_bin.21.faa	1259.0	19.0	15.0	True		https://ftp.sra.ebi.ac.uk/vol1/analysis/ERZ103/ERZ1037918/10674_0006_idba_bin.21.fa.gz	https://ftp.ebi.ac.uk/vol1/analysis/ERZ103/ERZ1037918/10674_0006_idba_bin.21.fa.gz
rumen__10674_0006_idba_bin.22	rumen__10674_0006_idba_bin.22	rumen	rumen	Bacteria	10674_0006_idba_bin.22	10674_0006_idba	bin.22		ERZ1037919	webin-genome-10674_0006_idba_bin.22	10674_0006_idba_bin.22.fa.gz	rumen__10674_0006_idba_bin.22.faa	rumen__10674_0006_idba_bin.22	/home/rsg-jcorre38/Jay_Proyects/MethaNet/data/blue_catalyst_poc/proteomes/rumen__10674_0006_idba_bin.22.faa	1885.0	19.0	16.0	True		https://ftp.sra.ebi.ac.uk/vol1/analysis/ERZ103/ERZ1037919/10674_0006_idba_bin.22.fa.gz	https://ftp.ebi.ac.uk/vol1/analysis/ERZ103/ERZ1037919/10674_0006_idba_bin.22.fa.gz
rumen__10674_0006_idba_bin.25	rumen__10674_0006_idba_bin.25	rumen	rumen	Bacteria	10674_0006_idba_bin.25	10674_0006_idba	bin.25		ERZ1037920	webin-genome-10674_0006_idba_bin.25	10674_0006_idba_bin.25.fa.gz	rumen__10674_0006_idba_bin.25.faa	rumen__10674_0006_idba_bin.25	/home/rsg-jcorre38/Jay_Proyects/MethaNet/data/blue_catalyst_poc/proteomes/rumen__10674_0006_idba_bin.25.faa	1984.0	19.0	17.0	True		https://ftp.sra.ebi.ac.uk/vol1/analysis/ERZ103/ERZ1037920/10674_0006_idba_bin.25.fa.gz	https://ftp.ebi.ac.uk/vol1/analysis/ERZ103/ERZ1037920/10674_0006_idba_bin.25.fa.gz
rumen__10674_0006_idba_bin.26	rumen__10674_0006_idba_bin.26	rumen	rumen	Bacteria	10674_0006_idba_bin.26	10674_0006_idba	bin.26		ERZ1037921	webin-genome-10674_0006_idba_bin.26	10674_0006_idba_bin.26.fa.gz	rumen__10674_0006_idba_bin.26.faa	rumen__10674_0006_idba_bin.26	/home/rsg-jcorre38/Jay_Proyects/MethaNet/data/blue_catalyst_poc/proteomes/rumen__10674_0006_idba_bin.26.faa	1799.0	19.0	18.0	True		https://ftp.sra.ebi.ac.uk/vol1/analysis/ERZ103/ERZ1037921/10674_0006_idba_bin.26.fa.gz	https://ftp.ebi.ac.uk/vol1/analysis/ERZ103/ERZ1037921/10674_0006_idba_bin.26.fa.gz
rumen__10674_0006_idba_bin.27	rumen__10674_0006_idba_bin.27	rumen	rumen	Bacteria	10674_0006_idba_bin.27	10674_0006_idba	bin.27		ERZ1037922	webin-genome-10674_0006_idba_bin.27	10674_0006_idba_bin.27.fa.gz	rumen__10674_0006_idba_bin.27.faa	rumen__10674_0006_idba_bin.27	/home/rsg-jcorre38/Jay_Proyects/MethaNet/data/blue_catalyst_poc/proteomes/rumen__10674_0006_idba_bin.27.faa	1855.0	19.0	19.0	True		https://ftp.sra.ebi.ac.uk/vol1/analysis/ERZ103/ERZ1037922/10674_0006_idba_bin.27.fa.gz	https://ftp.ebi.ac.uk/vol1/analysis/ERZ103/ERZ1037922/10674_0006_idba_bin.27.fa.gz
rumen__10674_0006_idba_bin.3	rumen__10674_0006_idba_bin.3	rumen	rumen	Bacteria	10674_0006_idba_bin.3	10674_0006_idba	bin.3		ERZ1037923	webin-genome-10674_0006_idba_bin.3	10674_0006_idba_bin.3.fa.gz	rumen__10674_0006_idba_bin.3.faa	rumen__10674_0006_idba_bin.3	/home/rsg-jcorre38/Jay_Proyects/MethaNet/data/blue_catalyst_poc/proteomes/rumen__10674_0006_idba_bin.3.faa	2152.0	19.0	20.0	True		https://ftp.sra.ebi.ac.uk/vol1/analysis/ERZ103/ERZ1037923/10674_0006_idba_bin.3.fa.gz	https://ftp.ebi.ac.uk/vol1/analysis/ERZ103/ERZ1037923/10674_0006_idba_bin.3.fa.gz
rumen__10674_0006_idba_bin.36	rumen__10674_0006_idba_bin.36	rumen	rumen	Bacteria	10674_0006_idba_bin.36	10674_0006_idba	bin.36		ERZ1037924	webin-genome-10674_0006_idba_bin.36	10674_0006_idba_bin.36.fa.gz	rumen__10674_0006_idba_bin.36.faa	rumen__10674_0006_idba_bin.36	/home/rsg-jcorre38/Jay_Proyects/MethaNet/data/blue_catalyst_poc/proteomes/rumen__10674_0006_idba_bin.36.faa	2047.0	19.0	21.0	True		https://ftp.sra.ebi.ac.uk/vol1/analysis/ERZ103/ERZ1037924/10674_0006_idba_bin.36.fa.gz	https://ftp.ebi.ac.uk/vol1/analysis/ERZ103/ERZ1037924/10674_0006_idba_bin.36.fa.gz
rumen__10674_0006_idba_bin.39	rumen__10674_0006_idba_bin.39	rumen	rumen	Bacteria	10674_0006_idba_bin.39	10674_0006_idba	bin.39		ERZ1037925	webin-genome-10674_0006_idba_bin.39	10674_0006_idba_bin.39.fa.gz	rumen__10674_0006_idba_bin.39.faa	rumen__10674_0006_idba_bin.39	/home/rsg-jcorre38/Jay_Proyects/MethaNet/data/blue_catalyst_poc/proteomes/rumen__10674_0006_idba_bin.39.faa	1559.0	19.0	22.0	True		https://ftp.sra.ebi.ac.uk/vol1/analysis/ERZ103/ERZ1037925/10674_0006_idba_bin.39.fa.gz	https://ftp.ebi.ac.uk/vol1/analysis/ERZ103/ERZ1037925/10674_0006_idba_bin.39.fa.gz
rumen__10674_0006_idba_bin.4	rumen__10674_0006_idba_bin.4	rumen	rumen	Bacteria	10674_0006_idba_bin.4	10674_0006_idba	bin.4		ERZ1037926	webin-genome-10674_0006_idba_bin.4	10674_0006_idba_bin.4.fa.gz	rumen__10674_0006_idba_bin.4.faa	rumen__10674_0006_idba_bin.4	/home/rsg-jcorre38/Jay_Proyects/MethaNet/data/blue_catalyst_poc/proteomes/rumen__10674_0006_idba_bin.4.faa	1410.0	19.0	23.0	True		https://ftp.sra.ebi.ac.uk/vol1/analysis/ERZ103/ERZ1037926/10674_0006_idba_bin.4.fa.gz	https://ftp.ebi.ac.uk/vol1/analysis/ERZ103/ERZ1037926/10674_0006_idba_bin.4.fa.gz
rumen__10674_0006_idba_bin.42	rumen__10674_0006_idba_bin.42	rumen	rumen	Bacteria	10674_0006_idba_bin.42	10674_0006_idba	bin.42		ERZ1037927	webin-genome-10674_0006_idba_bin.42	10674_0006_idba_bin.42.fa.gz	rumen__10674_0006_idba_bin.42.faa	rumen__10674_0006_idba_bin.42	/home/rsg-jcorre38/Jay_Proyects/MethaNet/data/blue_catalyst_poc/proteomes/rumen__10674_0006_idba_bin.42.faa	1093.0	19.0	24.0	True		https://ftp.sra.ebi.ac.uk/vol1/analysis/ERZ103/ERZ1037927/10674_0006_idba_bin.42.fa.gz	https://ftp.ebi.ac.uk/vol1/analysis/ERZ103/ERZ1037927/10674_0006_idba_bin.42.fa.gz
rumen__10674_0006_idba_bin.45	rumen__10674_0006_idba_bin.45	rumen	rumen	Bacteria	10674_0006_idba_bin.45	10674_0006_idba	bin.45		ERZ1037928	webin-genome-10674_0006_idba_bin.45	10674_0006_idba_bin.45.fa.gz	rumen__10674_0006_idba_bin.45.faa	rumen__10674_0006_idba_bin.45	/home/rsg-jcorre38/Jay_Proyects/MethaNet/data/blue_catalyst_poc/proteomes/rumen__10674_0006_idba_bin.45.faa	1615.0	20.0	0.0	True		https://ftp.sra.ebi.ac.uk/vol1/analysis/ERZ103/ERZ1037928/10674_0006_idba_bin.45.fa.gz	https://ftp.ebi.ac.uk/vol1/analysis/ERZ103/ERZ1037928/10674_0006_idba_bin.45.fa.gz
rumen__10674_0006_idba_bin.48	rumen__10674_0006_idba_bin.48	rumen	rumen	Bacteria	10674_0006_idba_bin.48	10674_0006_idba	bin.48		ERZ1037929	webin-genome-10674_0006_idba_bin.48	10674_0006_idba_bin.48.fa.gz	rumen__10674_0006_idba_bin.48.faa	rumen__10674_0006_idba_bin.48	/home/rsg-jcorre38/Jay_Proyects/MethaNet/data/blue_catalyst_poc/proteomes/rumen__10674_0006_idba_bin.48.faa	1798.0	20.0	1.0	True		https://ftp.sra.ebi.ac.uk/vol1/analysis/ERZ103/ERZ1037929/10674_0006_idba_bin.48.fa.gz	https://ftp.ebi.ac.uk/vol1/analysis/ERZ103/ERZ1037929/10674_0006_idba_bin.48.fa.gz
rumen__10674_0006_idba_bin.5	rumen__10674_0006_idba_bin.5	rumen	rumen	Bacteria	10674_0006_idba_bin.5	10674_0006_idba	bin.5		ERZ1037930	webin-genome-10674_0006_idba_bin.5	10674_0006_idba_bin.5.fa.gz	rumen__10674_0006_idba_bin.5.faa	rumen__10674_0006_idba_bin.5	/home/rsg-jcorre38/Jay_Proyects/MethaNet/data/blue_catalyst_poc/proteomes/rumen__10674_0006_idba_bin.5.faa	1284.0	20.0	2.0	True		https://ftp.sra.ebi.ac.uk/vol1/analysis/ERZ103/ERZ1037930/10674_0006_idba_bin.5.fa.gz	https://ftp.ebi.ac.uk/vol1/analysis/ERZ103/ERZ1037930/10674_0006_idba_bin.5.fa.gz
rumen__10674_0006_idba_bin.52	rumen__10674_0006_idba_bin.52	rumen	rumen	Bacteria	10674_0006_idba_bin.52	10674_0006_idba	bin.52		ERZ1037931	webin-genome-10674_0006_idba_bin.52	10674_0006_idba_bin.52.fa.gz	rumen__10674_0006_idba_bin.52.faa	rumen__10674_0006_idba_bin.52	/home/rsg-jcorre38/Jay_Proyects/MethaNet/data/blue_catalyst_poc/proteomes/rumen__10674_0006_idba_bin.52.faa	2089.0	20.0	3.0	True		https://ftp.sra.ebi.ac.uk/vol1/analysis/ERZ103/ERZ1037931/10674_0006_idba_bin.52.fa.gz	https://ftp.ebi.ac.uk/vol1/analysis/ERZ103/ERZ1037931/10674_0006_idba_bin.52.fa.gz
rumen__10674_0006_idba_bin.56	rumen__10674_0006_idba_bin.56	rumen	rumen	Archaea	10674_0006_idba_bin.56	10674_0006_idba	bin.56		ERZ1037932	webin-genome-10674_0006_idba_bin.56	10674_0006_idba_bin.56.fa.gz	rumen__10674_0006_idba_bin.56.faa	rumen__10674_0006_idba_bin.56	/home/rsg-jcorre38/Jay_Proyects/MethaNet/data/blue_catalyst_poc/proteomes/rumen__10674_0006_idba_bin.56.faa	2091.0	20.0	4.0	True		https://ftp.sra.ebi.ac.uk/vol1/analysis/ERZ103/ERZ1037932/10674_0006_idba_bin.56.fa.gz	https://ftp.ebi.ac.uk/vol1/analysis/ERZ103/ERZ1037932/10674_0006_idba_bin.56.fa.gz
rumen__10674_0006_idba_bin.59	rumen__10674_0006_idba_bin.59	rumen	rumen	Bacteria	10674_0006_idba_bin.59	10674_0006_idba	bin.59		ERZ1037933	webin-genome-10674_0006_idba_bin.59	10674_0006_idba_bin.59.fa.gz	rumen__10674_0006_idba_bin.59.faa	rumen__10674_0006_idba_bin.59	/home/rsg-jcorre38/Jay_Proyects/MethaNet/data/blue_catalyst_poc/proteomes/rumen__10674_0006_idba_bin.59.faa	1177.0	20.0	5.0	True		https://ftp.sra.ebi.ac.uk/vol1/analysis/ERZ103/ERZ1037933/10674_0006_idba_bin.59.fa.gz	https://ftp.ebi.ac.uk/vol1/analysis/ERZ103/ERZ1037933/10674_0006_idba_bin.59.fa.gz
rumen__10674_0006_idba_bin.6	rumen__10674_0006_idba_bin.6	rumen	rumen	Bacteria	10674_0006_idba_bin.6	10674_0006_idba	bin.6		ERZ1037934	webin-genome-10674_0006_idba_bin.6	10674_0006_idba_bin.6.fa.gz	rumen__10674_0006_idba_bin.6.faa	rumen__10674_0006_idba_bin.6	/home/rsg-jcorre38/Jay_Proyects/MethaNet/data/blue_catalyst_poc/proteomes/rumen__10674_0006_idba_bin.6.faa	1886.0	20.0	6.0	True		https://ftp.sra.ebi.ac.uk/vol1/analysis/ERZ103/ERZ1037934/10674_0006_idba_bin.6.fa.gz	https://ftp.ebi.ac.uk/vol1/analysis/ERZ103/ERZ1037934/10674_0006_idba_bin.6.fa.gz
rumen__10674_0006_idba_bin.60	rumen__10674_0006_idba_bin.60	rumen	rumen	Bacteria	10674_0006_idba_bin.60	10674_0006_idba	bin.60		ERZ1037935	webin-genome-10674_0006_idba_bin.60	10674_0006_idba_bin.60.fa.gz	rumen__10674_0006_idba_bin.60.faa	rumen__10674_0006_idba_bin.60	/home/rsg-jcorre38/Jay_Proyects/MethaNet/data/blue_catalyst_poc/proteomes/rumen__10674_0006_idba_bin.60.faa	1688.0	20.0	7.0	True		https://ftp.sra.ebi.ac.uk/vol1/analysis/ERZ103/ERZ1037935/10674_0006_idba_bin.60.fa.gz	https://ftp.ebi.ac.uk/vol1/analysis/ERZ103/ERZ1037935/10674_0006_idba_bin.60.fa.gz
rumen__10674_0006_idba_bin.62	rumen__10674_0006_idba_bin.62	rumen	rumen	Bacteria	10674_0006_idba_bin.62	10674_0006_idba	bin.62		ERZ1037936	webin-genome-10674_0006_idba_bin.62	10674_0006_idba_bin.62.fa.gz	rumen__10674_0006_idba_bin.62.faa	rumen__10674_0006_idba_bin.62	/home/rsg-jcorre38/Jay_Proyects/MethaNet/data/blue_catalyst_poc/proteomes/rumen__10674_0006_idba_bin.62.faa	1926.0	20.0	8.0	True		https://ftp.sra.ebi.ac.uk/vol1/analysis/ERZ103/ERZ1037936/10674_0006_idba_bin.62.fa.gz	https://ftp.ebi.ac.uk/vol1/analysis/ERZ103/ERZ1037936/10674_0006_idba_bin.62.fa.gz
rumen__10674_0006_idba_bin.66	rumen__10674_0006_idba_bin.66	rumen	rumen	Bacteria	10674_0006_idba_bin.66	10674_0006_idba	bin.66		ERZ1037937	webin-genome-10674_0006_idba_bin.66	10674_0006_idba_bin.66.fa.gz	rumen__10674_0006_idba_bin.66.faa	rumen__10674_0006_idba_bin.66	/home/rsg-jcorre38/Jay_Proyects/MethaNet/data/blue_catalyst_poc/proteomes/rumen__10674_0006_idba_bin.66.faa	1736.0	20.0	9.0	True		https://ftp.sra.ebi.ac.uk/vol1/analysis/ERZ103/ERZ1037937/10674_0006_idba_bin.66.fa.gz	https://ftp.ebi.ac.uk/vol1/analysis/ERZ103/ERZ1037937/10674_0006_idba_bin.66.fa.gz
rumen__10674_0006_idba_bin.69	rumen__10674_0006_idba_bin.69	rumen	rumen	Bacteria	10674_0006_idba_bin.69	10674_0006_idba	bin.69		ERZ1037938	webin-genome-10674_0006_idba_bin.69	10674_0006_idba_bin.69.fa.gz	rumen__10674_0006_idba_bin.69.faa	rumen__10674_0006_idba_bin.69	/home/rsg-jcorre38/Jay_Proyects/MethaNet/data/blue_catalyst_poc/proteomes/rumen__10674_0006_idba_bin.69.faa	1777.0	20.0	10.0	True		https://ftp.sra.ebi.ac.uk/vol1/analysis/ERZ103/ERZ1037938/10674_0006_idba_bin.69.fa.gz	https://ftp.ebi.ac.uk/vol1/analysis/ERZ103/ERZ1037938/10674_0006_idba_bin.69.fa.gz
rumen__10674_0006_idba_bin.7	rumen__10674_0006_idba_bin.7	rumen	rumen	Bacteria	10674_0006_idba_bin.7	10674_0006_idba	bin.7		ERZ1037939	webin-genome-10674_0006_idba_bin.7	10674_0006_idba_bin.7.fa.gz	rumen__10674_0006_idba_bin.7.faa	rumen__10674_0006_idba_bin.7	/home/rsg-jcorre38/Jay_Proyects/MethaNet/data/blue_catalyst_poc/proteomes/rumen__10674_0006_idba_bin.7.faa	1574.0	20.0	11.0	True		https://ftp.sra.ebi.ac.uk/vol1/analysis/ERZ103/ERZ1037939/10674_0006_idba_bin.7.fa.gz	https://ftp.ebi.ac.uk/vol1/analysis/ERZ103/ERZ1037939/10674_0006_idba_bin.7.fa.gz
rumen__10674_0006_idba_bin.73	rumen__10674_0006_idba_bin.73	rumen	rumen	Bacteria	10674_0006_idba_bin.73	10674_0006_idba	bin.73		ERZ1037940	webin-genome-10674_0006_idba_bin.73	10674_0006_idba_bin.73.fa.gz	rumen__10674_0006_idba_bin.73.faa	rumen__10674_0006_idba_bin.73	/home/rsg-jcorre38/Jay_Proyects/MethaNet/data/blue_catalyst_poc/proteomes/rumen__10674_0006_idba_bin.73.faa	1670.0	20.0	12.0	True		https://ftp.sra.ebi.ac.uk/vol1/analysis/ERZ103/ERZ1037940/10674_0006_idba_bin.73.fa.gz	https://ftp.ebi.ac.uk/vol1/analysis/ERZ103/ERZ1037940/10674_0006_idba_bin.73.fa.gz
rumen__10674_0006_idba_bin.9	rumen__10674_0006_idba_bin.9	rumen	rumen	Bacteria	10674_0006_idba_bin.9	10674_0006_idba	bin.9		ERZ1037941	webin-genome-10674_0006_idba_bin.9	10674_0006_idba_bin.9.fa.gz	rumen__10674_0006_idba_bin.9.faa	rumen__10674_0006_idba_bin.9	/home/rsg-jcorre38/Jay_Proyects/MethaNet/data/blue_catalyst_poc/proteomes/rumen__10674_0006_idba_bin.9.faa	1651.0	20.0	13.0	True		https://ftp.sra.ebi.ac.uk/vol1/analysis/ERZ103/ERZ1037941/10674_0006_idba_bin.9.fa.gz	https://ftp.ebi.ac.uk/vol1/analysis/ERZ103/ERZ1037941/10674_0006_idba_bin.9.fa.gz
rumen__10674_0007_idba_bin.100	rumen__10674_0007_idba_bin.100	rumen	rumen	Bacteria	10674_0007_idba_bin.100	10674_0007_idba	bin.100		ERZ1037942	webin-genome-10674_0007_idba_bin.100	10674_0007_idba_bin.100.fa.gz	rumen__10674_0007_idba_bin.100.faa	rumen__10674_0007_idba_bin.100	/home/rsg-jcorre38/Jay_Proyects/MethaNet/data/blue_catalyst_poc/proteomes/rumen__10674_0007_idba_bin.100.faa	1724.0	20.0	14.0	True		https://ftp.sra.ebi.ac.uk/vol1/analysis/ERZ103/ERZ1037942/10674_0007_idba_bin.100.fa.gz	https://ftp.ebi.ac.uk/vol1/analysis/ERZ103/ERZ1037942/10674_0007_idba_bin.100.fa.gz
rumen__10674_0007_idba_bin.101	rumen__10674_0007_idba_bin.101	rumen	rumen	Bacteria	10674_0007_idba_bin.101	10674_0007_idba	bin.101		ERZ1037943	webin-genome-10674_0007_idba_bin.101	10674_0007_idba_bin.101.fa.gz	rumen__10674_0007_idba_bin.101.faa	rumen__10674_0007_idba_bin.101	/home/rsg-jcorre38/Jay_Proyects/MethaNet/data/blue_catalyst_poc/proteomes/rumen__10674_0007_idba_bin.101.faa	1021.0	20.0	15.0	True		https://ftp.sra.ebi.ac.uk/vol1/analysis/ERZ103/ERZ1037943/10674_0007_idba_bin.101.fa.gz	https://ftp.ebi.ac.uk/vol1/analysis/ERZ103/ERZ1037943/10674_0007_idba_bin.101.fa.gz
rumen__10674_0007_idba_bin.105	rumen__10674_0007_idba_bin.105	rumen	rumen	Bacteria	10674_0007_idba_bin.105	10674_0007_idba	bin.105		ERZ1037944	webin-genome-10674_0007_idba_bin.105	10674_0007_idba_bin.105.fa.gz	rumen__10674_0007_idba_bin.105.faa	rumen__10674_0007_idba_bin.105	/home/rsg-jcorre38/Jay_Proyects/MethaNet/data/blue_catalyst_poc/proteomes/rumen__10674_0007_idba_bin.105.faa	1912.0	20.0	16.0	True		https://ftp.sra.ebi.ac.uk/vol1/analysis/ERZ103/ERZ1037944/10674_0007_idba_bin.105.fa.gz	https://ftp.ebi.ac.uk/vol1/analysis/ERZ103/ERZ1037944/10674_0007_idba_bin.105.fa.gz
rumen__10674_0007_idba_bin.108	rumen__10674_0007_idba_bin.108	rumen	rumen	Bacteria	10674_0007_idba_bin.108	10674_0007_idba	bin.108		ERZ1037945	webin-genome-10674_0007_idba_bin.108	10674_0007_idba_bin.108.fa.gz	rumen__10674_0007_idba_bin.108.faa	rumen__10674_0007_idba_bin.108	/home/rsg-jcorre38/Jay_Proyects/MethaNet/data/blue_catalyst_poc/proteomes/rumen__10674_0007_idba_bin.108.faa	2434.0	20.0	17.0	True		https://ftp.sra.ebi.ac.uk/vol1/analysis/ERZ103/ERZ1037945/10674_0007_idba_bin.108.fa.gz	https://ftp.ebi.ac.uk/vol1/analysis/ERZ103/ERZ1037945/10674_0007_idba_bin.108.fa.gz
rumen__10674_0007_idba_bin.111	rumen__10674_0007_idba_bin.111	rumen	rumen	Bacteria	10674_0007_idba_bin.111	10674_0007_idba	bin.111		ERZ1037946	webin-genome-10674_0007_idba_bin.111	10674_0007_idba_bin.111.fa.gz	rumen__10674_0007_idba_bin.111.faa	rumen__10674_0007_idba_bin.111	/home/rsg-jcorre38/Jay_Proyects/MethaNet/data/blue_catalyst_poc/proteomes/rumen__10674_0007_idba_bin.111.faa	2601.0	20.0	18.0	True		https://ftp.sra.ebi.ac.uk/vol1/analysis/ERZ103/ERZ1037946/10674_0007_idba_bin.111.fa.gz	https://ftp.ebi.ac.uk/vol1/analysis/ERZ103/ERZ1037946/10674_0007_idba_bin.111.fa.gz
rumen__10674_0007_idba_bin.113	rumen__10674_0007_idba_bin.113	rumen	rumen	Bacteria	10674_0007_idba_bin.113	10674_0007_idba	bin.113		ERZ1037947	webin-genome-10674_0007_idba_bin.113	10674_0007_idba_bin.113.fa.gz	rumen__10674_0007_idba_bin.113.faa	rumen__10674_0007_idba_bin.113	/home/rsg-jcorre38/Jay_Proyects/MethaNet/data/blue_catalyst_poc/proteomes/rumen__10674_0007_idba_bin.113.faa	2040.0	20.0	19.0	True		https://ftp.sra.ebi.ac.uk/vol1/analysis/ERZ103/ERZ1037947/10674_0007_idba_bin.113.fa.gz	https://ftp.ebi.ac.uk/vol1/analysis/ERZ103/ERZ1037947/10674_0007_idba_bin.113.fa.gz
rumen__10674_0007_idba_bin.118	rumen__10674_0007_idba_bin.118	rumen	rumen	Bacteria	10674_0007_idba_bin.118	10674_0007_idba	bin.118		ERZ1037948	webin-genome-10674_0007_idba_bin.118	10674_0007_idba_bin.118.fa.gz	rumen__10674_0007_idba_bin.118.faa	rumen__10674_0007_idba_bin.118	/home/rsg-jcorre38/Jay_Proyects/MethaNet/data/blue_catalyst_poc/proteomes/rumen__10674_0007_idba_bin.118.faa	2375.0	20.0	20.0	True		https://ftp.sra.ebi.ac.uk/vol1/analysis/ERZ103/ERZ1037948/10674_0007_idba_bin.118.fa.gz	https://ftp.ebi.ac.uk/vol1/analysis/ERZ103/ERZ1037948/10674_0007_idba_bin.118.fa.gz
rumen__10674_0007_idba_bin.119	rumen__10674_0007_idba_bin.119	rumen	rumen	Bacteria	10674_0007_idba_bin.119	10674_0007_idba	bin.119		ERZ1037949	webin-genome-10674_0007_idba_bin.119	10674_0007_idba_bin.119.fa.gz	rumen__10674_0007_idba_bin.119.faa	rumen__10674_0007_idba_bin.119	/home/rsg-jcorre38/Jay_Proyects/MethaNet/data/blue_catalyst_poc/proteomes/rumen__10674_0007_idba_bin.119.faa	2793.0	20.0	21.0	True		https://ftp.sra.ebi.ac.uk/vol1/analysis/ERZ103/ERZ1037949/10674_0007_idba_bin.119.fa.gz	https://ftp.ebi.ac.uk/vol1/analysis/ERZ103/ERZ1037949/10674_0007_idba_bin.119.fa.gz
rumen__10674_0007_idba_bin.12	rumen__10674_0007_idba_bin.12	rumen	rumen	Bacteria	10674_0007_idba_bin.12	10674_0007_idba	bin.12		ERZ1037950	webin-genome-10674_0007_idba_bin.12	10674_0007_idba_bin.12.fa.gz	rumen__10674_0007_idba_bin.12.faa	rumen__10674_0007_idba_bin.12	/home/rsg-jcorre38/Jay_Proyects/MethaNet/data/blue_catalyst_poc/proteomes/rumen__10674_0007_idba_bin.12.faa	2450.0	20.0	22.0	True		https://ftp.sra.ebi.ac.uk/vol1/analysis/ERZ103/ERZ1037950/10674_0007_idba_bin.12.fa.gz	https://ftp.ebi.ac.uk/vol1/analysis/ERZ103/ERZ1037950/10674_0007_idba_bin.12.fa.gz
rumen__10674_0007_idba_bin.120	rumen__10674_0007_idba_bin.120	rumen	rumen	Bacteria	10674_0007_idba_bin.120	10674_0007_idba	bin.120		ERZ1037951	webin-genome-10674_0007_idba_bin.120	10674_0007_idba_bin.120.fa.gz	rumen__10674_0007_idba_bin.120.faa	rumen__10674_0007_idba_bin.120	/home/rsg-jcorre38/Jay_Proyects/MethaNet/data/blue_catalyst_poc/proteomes/rumen__10674_0007_idba_bin.120.faa	1331.0	20.0	23.0	True		https://ftp.sra.ebi.ac.uk/vol1/analysis/ERZ103/ERZ1037951/10674_0007_idba_bin.120.fa.gz	https://ftp.ebi.ac.uk/vol1/analysis/ERZ103/ERZ1037951/10674_0007_idba_bin.120.fa.gz
rumen__10674_0007_idba_bin.122	rumen__10674_0007_idba_bin.122	rumen	rumen	Bacteria	10674_0007_idba_bin.122	10674_0007_idba	bin.122		ERZ1037952	webin-genome-10674_0007_idba_bin.122	10674_0007_idba_bin.122.fa.gz	rumen__10674_0007_idba_bin.122.faa	rumen__10674_0007_idba_bin.122	/home/rsg-jcorre38/Jay_Proyects/MethaNet/data/blue_catalyst_poc/proteomes/rumen__10674_0007_idba_bin.122.faa	2174.0	20.0	24.0	True		https://ftp.sra.ebi.ac.uk/vol1/analysis/ERZ103/ERZ1037952/10674_0007_idba_bin.122.fa.gz	https://ftp.ebi.ac.uk/vol1/analysis/ERZ103/ERZ1037952/10674_0007_idba_bin.122.fa.gz
rumen__10674_0007_idba_bin.123	rumen__10674_0007_idba_bin.123	rumen	rumen	Bacteria	10674_0007_idba_bin.123	10674_0007_idba	bin.123		ERZ1037953	webin-genome-10674_0007_idba_bin.123	10674_0007_idba_bin.123.fa.gz	rumen__10674_0007_idba_bin.123.faa	rumen__10674_0007_idba_bin.123	/home/rsg-jcorre38/Jay_Proyects/MethaNet/data/blue_catalyst_poc/proteomes/rumen__10674_0007_idba_bin.123.faa	1754.0	21.0	0.0	True		https://ftp.sra.ebi.ac.uk/vol1/analysis/ERZ103/ERZ1037953/10674_0007_idba_bin.123.fa.gz	https://ftp.ebi.ac.uk/vol1/analysis/ERZ103/ERZ1037953/10674_0007_idba_bin.123.fa.gz
rumen__10674_0007_idba_bin.126	rumen__10674_0007_idba_bin.126	rumen	rumen	Bacteria	10674_0007_idba_bin.126	10674_0007_idba	bin.126		ERZ1037954	webin-genome-10674_0007_idba_bin.126	10674_0007_idba_bin.126.fa.gz	rumen__10674_0007_idba_bin.126.faa	rumen__10674_0007_idba_bin.126	/home/rsg-jcorre38/Jay_Proyects/MethaNet/data/blue_catalyst_poc/proteomes/rumen__10674_0007_idba_bin.126.faa	2148.0	21.0	1.0	True		https://ftp.sra.ebi.ac.uk/vol1/analysis/ERZ103/ERZ1037954/10674_0007_idba_bin.126.fa.gz	https://ftp.ebi.ac.uk/vol1/analysis/ERZ103/ERZ1037954/10674_0007_idba_bin.126.fa.gz
rumen__10674_0007_idba_bin.131	rumen__10674_0007_idba_bin.131	rumen	rumen	Bacteria	10674_0007_idba_bin.131	10674_0007_idba	bin.131		ERZ1037955	webin-genome-10674_0007_idba_bin.131	10674_0007_idba_bin.131.fa.gz	rumen__10674_0007_idba_bin.131.faa	rumen__10674_0007_idba_bin.131	/home/rsg-jcorre38/Jay_Proyects/MethaNet/data/blue_catalyst_poc/proteomes/rumen__10674_0007_idba_bin.131.faa	1282.0	21.0	2.0	True		https://ftp.sra.ebi.ac.uk/vol1/analysis/ERZ103/ERZ1037955/10674_0007_idba_bin.131.fa.gz	https://ftp.ebi.ac.uk/vol1/analysis/ERZ103/ERZ1037955/10674_0007_idba_bin.131.fa.gz
rumen__10674_0007_idba_bin.132	rumen__10674_0007_idba_bin.132	rumen	rumen	Bacteria	10674_0007_idba_bin.132	10674_0007_idba	bin.132		ERZ1037956	webin-genome-10674_0007_idba_bin.132	10674_0007_idba_bin.132.fa.gz	rumen__10674_0007_idba_bin.132.faa	rumen__10674_0007_idba_bin.132	/home/rsg-jcorre38/Jay_Proyects/MethaNet/data/blue_catalyst_poc/proteomes/rumen__10674_0007_idba_bin.132.faa	1766.0	21.0	3.0	True		https://ftp.sra.ebi.ac.uk/vol1/analysis/ERZ103/ERZ1037956/10674_0007_idba_bin.132.fa.gz	https://ftp.ebi.ac.uk/vol1/analysis/ERZ103/ERZ1037956/10674_0007_idba_bin.132.fa.gz
rumen__10674_0007_idba_bin.133	rumen__10674_0007_idba_bin.133	rumen	rumen	Bacteria	10674_0007_idba_bin.133	10674_0007_idba	bin.133		ERZ1037957	webin-genome-10674_0007_idba_bin.133	10674_0007_idba_bin.133.fa.gz	rumen__10674_0007_idba_bin.133.faa	rumen__10674_0007_idba_bin.133	/home/rsg-jcorre38/Jay_Proyects/MethaNet/data/blue_catalyst_poc/proteomes/rumen__10674_0007_idba_bin.133.faa	1073.0	21.0	4.0	True		https://ftp.sra.ebi.ac.uk/vol1/analysis/ERZ103/ERZ1037957/10674_0007_idba_bin.133.fa.gz	https://ftp.ebi.ac.uk/vol1/analysis/ERZ103/ERZ1037957/10674_0007_idba_bin.133.fa.gz
rumen__10674_0007_idba_bin.134	rumen__10674_0007_idba_bin.134	rumen	rumen	Bacteria	10674_0007_idba_bin.134	10674_0007_idba	bin.134		ERZ1037958	webin-genome-10674_0007_idba_bin.134	10674_0007_idba_bin.134.fa.gz	rumen__10674_0007_idba_bin.134.faa	rumen__10674_0007_idba_bin.134	/home/rsg-jcorre38/Jay_Proyects/MethaNet/data/blue_catalyst_poc/proteomes/rumen__10674_0007_idba_bin.134.faa	1468.0	21.0	5.0	True		https://ftp.sra.ebi.ac.uk/vol1/analysis/ERZ103/ERZ1037958/10674_0007_idba_bin.134.fa.gz	https://ftp.ebi.ac.uk/vol1/analysis/ERZ103/ERZ1037958/10674_0007_idba_bin.134.fa.gz
rumen__10674_0007_idba_bin.136	rumen__10674_0007_idba_bin.136	rumen	rumen	Bacteria	10674_0007_idba_bin.136	10674_0007_idba	bin.136		ERZ1037959	webin-genome-10674_0007_idba_bin.136	10674_0007_idba_bin.136.fa.gz	rumen__10674_0007_idba_bin.136.faa	rumen__10674_0007_idba_bin.136	/home/rsg-jcorre38/Jay_Proyects/MethaNet/data/blue_catalyst_poc/proteomes/rumen__10674_0007_idba_bin.136.faa	1660.0	21.0	6.0	True		https://ftp.sra.ebi.ac.uk/vol1/analysis/ERZ103/ERZ1037959/10674_0007_idba_bin.136.fa.gz	https://ftp.ebi.ac.uk/vol1/analysis/ERZ103/ERZ1037959/10674_0007_idba_bin.136.fa.gz
rumen__10674_0007_idba_bin.14	rumen__10674_0007_idba_bin.14	rumen	rumen	Bacteria	10674_0007_idba_bin.14	10674_0007_idba	bin.14		ERZ1037960	webin-genome-10674_0007_idba_bin.14	10674_0007_idba_bin.14.fa.gz	rumen__10674_0007_idba_bin.14.faa	rumen__10674_0007_idba_bin.14	/home/rsg-jcorre38/Jay_Proyects/MethaNet/data/blue_catalyst_poc/proteomes/rumen__10674_0007_idba_bin.14.faa	1732.0	21.0	7.0	True		https://ftp.sra.ebi.ac.uk/vol1/analysis/ERZ103/ERZ1037960/10674_0007_idba_bin.14.fa.gz	https://ftp.ebi.ac.uk/vol1/analysis/ERZ103/ERZ1037960/10674_0007_idba_bin.14.fa.gz
rumen__10674_0007_idba_bin.142	rumen__10674_0007_idba_bin.142	rumen	rumen	Bacteria	10674_0007_idba_bin.142	10674_0007_idba	bin.142		ERZ1037961	webin-genome-10674_0007_idba_bin.142	10674_0007_idba_bin.142.fa.gz	rumen__10674_0007_idba_bin.142.faa	rumen__10674_0007_idba_bin.142	/home/rsg-jcorre38/Jay_Proyects/MethaNet/data/blue_catalyst_poc/proteomes/rumen__10674_0007_idba_bin.142.faa	2530.0	21.0	8.0	True		https://ftp.sra.ebi.ac.uk/vol1/analysis/ERZ103/ERZ1037961/10674_0007_idba_bin.142.fa.gz	https://ftp.ebi.ac.uk/vol1/analysis/ERZ103/ERZ1037961/10674_0007_idba_bin.142.fa.gz
rumen__10674_0007_idba_bin.143	rumen__10674_0007_idba_bin.143	rumen	rumen	Bacteria	10674_0007_idba_bin.143	10674_0007_idba	bin.143		ERZ1037962	webin-genome-10674_0007_idba_bin.143	10674_0007_idba_bin.143.fa.gz	rumen__10674_0007_idba_bin.143.faa	rumen__10674_0007_idba_bin.143	/home/rsg-jcorre38/Jay_Proyects/MethaNet/data/blue_catalyst_poc/proteomes/rumen__10674_0007_idba_bin.143.faa	2042.0	21.0	9.0	True		https://ftp.sra.ebi.ac.uk/vol1/analysis/ERZ103/ERZ1037962/10674_0007_idba_bin.143.fa.gz	https://ftp.ebi.ac.uk/vol1/analysis/ERZ103/ERZ1037962/10674_0007_idba_bin.143.fa.gz
rumen__10674_0007_idba_bin.144	rumen__10674_0007_idba_bin.144	rumen	rumen	Bacteria	10674_0007_idba_bin.144	10674_0007_idba	bin.144		ERZ1037963	webin-genome-10674_0007_idba_bin.144	10674_0007_idba_bin.144.fa.gz	rumen__10674_0007_idba_bin.144.faa	rumen__10674_0007_idba_bin.144	/home/rsg-jcorre38/Jay_Proyects/MethaNet/data/blue_catalyst_poc/proteomes/rumen__10674_0007_idba_bin.144.faa	829.0	21.0	10.0	True		https://ftp.sra.ebi.ac.uk/vol1/analysis/ERZ103/ERZ1037963/10674_0007_idba_bin.144.fa.gz	https://ftp.ebi.ac.uk/vol1/analysis/ERZ103/ERZ1037963/10674_0007_idba_bin.144.fa.gz
rumen__10674_0007_idba_bin.149	rumen__10674_0007_idba_bin.149	rumen	rumen	Bacteria	10674_0007_idba_bin.149	10674_0007_idba	bin.149		ERZ1037964	webin-genome-10674_0007_idba_bin.149	10674_0007_idba_bin.149.fa.gz	rumen__10674_0007_idba_bin.149.faa	rumen__10674_0007_idba_bin.149	/home/rsg-jcorre38/Jay_Proyects/MethaNet/data/blue_catalyst_poc/proteomes/rumen__10674_0007_idba_bin.149.faa	1026.0	21.0	11.0	True		https://ftp.sra.ebi.ac.uk/vol1/analysis/ERZ103/ERZ1037964/10674_0007_idba_bin.149.fa.gz	https://ftp.ebi.ac.uk/vol1/analysis/ERZ103/ERZ1037964/10674_0007_idba_bin.149.fa.gz
rumen__10674_0007_idba_bin.150	rumen__10674_0007_idba_bin.150	rumen	rumen	Bacteria	10674_0007_idba_bin.150	10674_0007_idba	bin.150		ERZ1037965	webin-genome-10674_0007_idba_bin.150	10674_0007_idba_bin.150.fa.gz	rumen__10674_0007_idba_bin.150.faa	rumen__10674_0007_idba_bin.150	/home/rsg-jcorre38/Jay_Proyects/MethaNet/data/blue_catalyst_poc/proteomes/rumen__10674_0007_idba_bin.150.faa	2177.0	21.0	12.0	True		https://ftp.sra.ebi.ac.uk/vol1/analysis/ERZ103/ERZ1037965/10674_0007_idba_bin.150.fa.gz	https://ftp.ebi.ac.uk/vol1/analysis/ERZ103/ERZ1037965/10674_0007_idba_bin.150.fa.gz
rumen__10674_0007_idba_bin.151	rumen__10674_0007_idba_bin.151	rumen	rumen	Bacteria	10674_0007_idba_bin.151	10674_0007_idba	bin.151		ERZ1037966	webin-genome-10674_0007_idba_bin.151	10674_0007_idba_bin.151.fa.gz	rumen__10674_0007_idba_bin.151.faa	rumen__10674_0007_idba_bin.151	/home/rsg-jcorre38/Jay_Proyects/MethaNet/data/blue_catalyst_poc/proteomes/rumen__10674_0007_idba_bin.151.faa	2134.0	21.0	13.0	True		https://ftp.sra.ebi.ac.uk/vol1/analysis/ERZ103/ERZ1037966/10674_0007_idba_bin.151.fa.gz	https://ftp.ebi.ac.uk/vol1/analysis/ERZ103/ERZ1037966/10674_0007_idba_bin.151.fa.gz
rumen__10674_0007_idba_bin.152	rumen__10674_0007_idba_bin.152	rumen	rumen	Bacteria	10674_0007_idba_bin.152	10674_0007_idba	bin.152		ERZ1037967	webin-genome-10674_0007_idba_bin.152	10674_0007_idba_bin.152.fa.gz	rumen__10674_0007_idba_bin.152.faa	rumen__10674_0007_idba_bin.152	/home/rsg-jcorre38/Jay_Proyects/MethaNet/data/blue_catalyst_poc/proteomes/rumen__10674_0007_idba_bin.152.faa	1735.0	21.0	14.0	True		https://ftp.sra.ebi.ac.uk/vol1/analysis/ERZ103/ERZ1037967/10674_0007_idba_bin.152.fa.gz	https://ftp.ebi.ac.uk/vol1/analysis/ERZ103/ERZ1037967/10674_0007_idba_bin.152.fa.gz
rumen__10674_0007_idba_bin.154	rumen__10674_0007_idba_bin.154	rumen	rumen	Bacteria	10674_0007_idba_bin.154	10674_0007_idba	bin.154		ERZ1037968	webin-genome-10674_0007_idba_bin.154	10674_0007_idba_bin.154.fa.gz	rumen__10674_0007_idba_bin.154.faa	rumen__10674_0007_idba_bin.154	/home/rsg-jcorre38/Jay_Proyects/MethaNet/data/blue_catalyst_poc/proteomes/rumen__10674_0007_idba_bin.154.faa	2733.0	21.0	15.0	True		https://ftp.sra.ebi.ac.uk/vol1/analysis/ERZ103/ERZ1037968/10674_0007_idba_bin.154.fa.gz	https://ftp.ebi.ac.uk/vol1/analysis/ERZ103/ERZ1037968/10674_0007_idba_bin.154.fa.gz
rumen__10674_0007_idba_bin.156	rumen__10674_0007_idba_bin.156	rumen	rumen	Bacteria	10674_0007_idba_bin.156	10674_0007_idba	bin.156		ERZ1037970	webin-genome-10674_0007_idba_bin.156	10674_0007_idba_bin.156.fa.gz	rumen__10674_0007_idba_bin.156.faa	rumen__10674_0007_idba_bin.156	/home/rsg-jcorre38/Jay_Proyects/MethaNet/data/blue_catalyst_poc/proteomes/rumen__10674_0007_idba_bin.156.faa	2289.0	21.0	16.0	True		https://ftp.sra.ebi.ac.uk/vol1/analysis/ERZ103/ERZ1037970/10674_0007_idba_bin.156.fa.gz	https://ftp.ebi.ac.uk/vol1/analysis/ERZ103/ERZ1037970/10674_0007_idba_bin.156.fa.gz
rumen__10674_0007_idba_bin.157	rumen__10674_0007_idba_bin.157	rumen	rumen	Bacteria	10674_0007_idba_bin.157	10674_0007_idba	bin.157		ERZ1037971	webin-genome-10674_0007_idba_bin.157	10674_0007_idba_bin.157.fa.gz	rumen__10674_0007_idba_bin.157.faa	rumen__10674_0007_idba_bin.157	/home/rsg-jcorre38/Jay_Proyects/MethaNet/data/blue_catalyst_poc/proteomes/rumen__10674_0007_idba_bin.157.faa	1913.0	21.0	17.0	True		https://ftp.sra.ebi.ac.uk/vol1/analysis/ERZ103/ERZ1037971/10674_0007_idba_bin.157.fa.gz	https://ftp.ebi.ac.uk/vol1/analysis/ERZ103/ERZ1037971/10674_0007_idba_bin.157.fa.gz
rumen__10674_0007_idba_bin.160	rumen__10674_0007_idba_bin.160	rumen	rumen	Bacteria	10674_0007_idba_bin.160	10674_0007_idba	bin.160		ERZ1037972	webin-genome-10674_0007_idba_bin.160	10674_0007_idba_bin.160.fa.gz	rumen__10674_0007_idba_bin.160.faa	rumen__10674_0007_idba_bin.160	/home/rsg-jcorre38/Jay_Proyects/MethaNet/data/blue_catalyst_poc/proteomes/rumen__10674_0007_idba_bin.160.faa	2173.0	21.0	18.0	True		https://ftp.sra.ebi.ac.uk/vol1/analysis/ERZ103/ERZ1037972/10674_0007_idba_bin.160.fa.gz	https://ftp.ebi.ac.uk/vol1/analysis/ERZ103/ERZ1037972/10674_0007_idba_bin.160.fa.gz
rumen__10674_0007_idba_bin.161	rumen__10674_0007_idba_bin.161	rumen	rumen	Bacteria	10674_0007_idba_bin.161	10674_0007_idba	bin.161		ERZ1037973	webin-genome-10674_0007_idba_bin.161	10674_0007_idba_bin.161.fa.gz	rumen__10674_0007_idba_bin.161.faa	rumen__10674_0007_idba_bin.161	/home/rsg-jcorre38/Jay_Proyects/MethaNet/data/blue_catalyst_poc/proteomes/rumen__10674_0007_idba_bin.161.faa	1487.0	21.0	19.0	True		https://ftp.sra.ebi.ac.uk/vol1/analysis/ERZ103/ERZ1037973/10674_0007_idba_bin.161.fa.gz	https://ftp.ebi.ac.uk/vol1/analysis/ERZ103/ERZ1037973/10674_0007_idba_bin.161.fa.gz
rumen__10674_0007_idba_bin.163	rumen__10674_0007_idba_bin.163	rumen	rumen	Bacteria	10674_0007_idba_bin.163	10674_0007_idba	bin.163		ERZ1037974	webin-genome-10674_0007_idba_bin.163	10674_0007_idba_bin.163.fa.gz	rumen__10674_0007_idba_bin.163.faa	rumen__10674_0007_idba_bin.163	/home/rsg-jcorre38/Jay_Proyects/MethaNet/data/blue_catalyst_poc/proteomes/rumen__10674_0007_idba_bin.163.faa	2319.0	21.0	20.0	True		https://ftp.sra.ebi.ac.uk/vol1/analysis/ERZ103/ERZ1037974/10674_0007_idba_bin.163.fa.gz	https://ftp.ebi.ac.uk/vol1/analysis/ERZ103/ERZ1037974/10674_0007_idba_bin.163.fa.gz
rumen__10674_0007_idba_bin.168	rumen__10674_0007_idba_bin.168	rumen	rumen	Bacteria	10674_0007_idba_bin.168	10674_0007_idba	bin.168		ERZ1037975	webin-genome-10674_0007_idba_bin.168	10674_0007_idba_bin.168.fa.gz	rumen__10674_0007_idba_bin.168.faa	rumen__10674_0007_idba_bin.168	/home/rsg-jcorre38/Jay_Proyects/MethaNet/data/blue_catalyst_poc/proteomes/rumen__10674_0007_idba_bin.168.faa	1282.0	21.0	21.0	True		https://ftp.sra.ebi.ac.uk/vol1/analysis/ERZ103/ERZ1037975/10674_0007_idba_bin.168.fa.gz	https://ftp.ebi.ac.uk/vol1/analysis/ERZ103/ERZ1037975/10674_0007_idba_bin.168.fa.gz
rumen__10674_0007_idba_bin.17	rumen__10674_0007_idba_bin.17	rumen	rumen	Bacteria	10674_0007_idba_bin.17	10674_0007_idba	bin.17		ERZ1037976	webin-genome-10674_0007_idba_bin.17	10674_0007_idba_bin.17.fa.gz	rumen__10674_0007_idba_bin.17.faa	rumen__10674_0007_idba_bin.17	/home/rsg-jcorre38/Jay_Proyects/MethaNet/data/blue_catalyst_poc/proteomes/rumen__10674_0007_idba_bin.17.faa	1872.0	21.0	22.0	True		https://ftp.sra.ebi.ac.uk/vol1/analysis/ERZ103/ERZ1037976/10674_0007_idba_bin.17.fa.gz	https://ftp.ebi.ac.uk/vol1/analysis/ERZ103/ERZ1037976/10674_0007_idba_bin.17.fa.gz
rumen__10674_0007_idba_bin.171	rumen__10674_0007_idba_bin.171	rumen	rumen	Bacteria	10674_0007_idba_bin.171	10674_0007_idba	bin.171		ERZ1037977	webin-genome-10674_0007_idba_bin.171	10674_0007_idba_bin.171.fa.gz	rumen__10674_0007_idba_bin.171.faa	rumen__10674_0007_idba_bin.171	/home/rsg-jcorre38/Jay_Proyects/MethaNet/data/blue_catalyst_poc/proteomes/rumen__10674_0007_idba_bin.171.faa	2592.0	21.0	23.0	True		https://ftp.sra.ebi.ac.uk/vol1/analysis/ERZ103/ERZ1037977/10674_0007_idba_bin.171.fa.gz	https://ftp.ebi.ac.uk/vol1/analysis/ERZ103/ERZ1037977/10674_0007_idba_bin.171.fa.gz
rumen__10674_0007_idba_bin.173	rumen__10674_0007_idba_bin.173	rumen	rumen	Bacteria	10674_0007_idba_bin.173	10674_0007_idba	bin.173		ERZ1037978	webin-genome-10674_0007_idba_bin.173	10674_0007_idba_bin.173.fa.gz	rumen__10674_0007_idba_bin.173.faa	rumen__10674_0007_idba_bin.173	/home/rsg-jcorre38/Jay_Proyects/MethaNet/data/blue_catalyst_poc/proteomes/rumen__10674_0007_idba_bin.173.faa	2879.0	21.0	24.0	True		https://ftp.sra.ebi.ac.uk/vol1/analysis/ERZ103/ERZ1037978/10674_0007_idba_bin.173.fa.gz	https://ftp.ebi.ac.uk/vol1/analysis/ERZ103/ERZ1037978/10674_0007_idba_bin.173.fa.gz
rumen__10674_0007_idba_bin.174	rumen__10674_0007_idba_bin.174	rumen	rumen	Bacteria	10674_0007_idba_bin.174	10674_0007_idba	bin.174		ERZ1037979	webin-genome-10674_0007_idba_bin.174	10674_0007_idba_bin.174.fa.gz	rumen__10674_0007_idba_bin.174.faa	rumen__10674_0007_idba_bin.174	/home/rsg-jcorre38/Jay_Proyects/MethaNet/data/blue_catalyst_poc/proteomes/rumen__10674_0007_idba_bin.174.faa	794.0	22.0	0.0	True		https://ftp.sra.ebi.ac.uk/vol1/analysis/ERZ103/ERZ1037979/10674_0007_idba_bin.174.fa.gz	https://ftp.ebi.ac.uk/vol1/analysis/ERZ103/ERZ1037979/10674_0007_idba_bin.174.fa.gz
rumen__10674_0007_idba_bin.175	rumen__10674_0007_idba_bin.175	rumen	rumen	Bacteria	10674_0007_idba_bin.175	10674_0007_idba	bin.175		ERZ1037980	webin-genome-10674_0007_idba_bin.175	10674_0007_idba_bin.175.fa.gz	rumen__10674_0007_idba_bin.175.faa	rumen__10674_0007_idba_bin.175	/home/rsg-jcorre38/Jay_Proyects/MethaNet/data/blue_catalyst_poc/proteomes/rumen__10674_0007_idba_bin.175.faa	1977.0	22.0	1.0	True		https://ftp.sra.ebi.ac.uk/vol1/analysis/ERZ103/ERZ1037980/10674_0007_idba_bin.175.fa.gz	https://ftp.ebi.ac.uk/vol1/analysis/ERZ103/ERZ1037980/10674_0007_idba_bin.175.fa.gz
rumen__10674_0007_idba_bin.176	rumen__10674_0007_idba_bin.176	rumen	rumen	Bacteria	10674_0007_idba_bin.176	10674_0007_idba	bin.176		ERZ1037981	webin-genome-10674_0007_idba_bin.176	10674_0007_idba_bin.176.fa.gz	rumen__10674_0007_idba_bin.176.faa	rumen__10674_0007_idba_bin.176	/home/rsg-jcorre38/Jay_Proyects/MethaNet/data/blue_catalyst_poc/proteomes/rumen__10674_0007_idba_bin.176.faa	2507.0	22.0	2.0	True		https://ftp.sra.ebi.ac.uk/vol1/analysis/ERZ103/ERZ1037981/10674_0007_idba_bin.176.fa.gz	https://ftp.ebi.ac.uk/vol1/analysis/ERZ103/ERZ1037981/10674_0007_idba_bin.176.fa.gz
rumen__10674_0007_idba_bin.178	rumen__10674_0007_idba_bin.178	rumen	rumen	Bacteria	10674_0007_idba_bin.178	10674_0007_idba	bin.178		ERZ1037982	webin-genome-10674_0007_idba_bin.178	10674_0007_idba_bin.178.fa.gz	rumen__10674_0007_idba_bin.178.faa	rumen__10674_0007_idba_bin.178	/home/rsg-jcorre38/Jay_Proyects/MethaNet/data/blue_catalyst_poc/proteomes/rumen__10674_0007_idba_bin.178.faa	1338.0	22.0	3.0	True		https://ftp.sra.ebi.ac.uk/vol1/analysis/ERZ103/ERZ1037982/10674_0007_idba_bin.178.fa.gz	https://ftp.ebi.ac.uk/vol1/analysis/ERZ103/ERZ1037982/10674_0007_idba_bin.178.fa.gz
rumen__10674_0007_idba_bin.19	rumen__10674_0007_idba_bin.19	rumen	rumen	Bacteria	10674_0007_idba_bin.19	10674_0007_idba	bin.19		ERZ1037983	webin-genome-10674_0007_idba_bin.19	10674_0007_idba_bin.19.fa.gz	rumen__10674_0007_idba_bin.19.faa	rumen__10674_0007_idba_bin.19	/home/rsg-jcorre38/Jay_Proyects/MethaNet/data/blue_catalyst_poc/proteomes/rumen__10674_0007_idba_bin.19.faa	2018.0	22.0	4.0	True		https://ftp.sra.ebi.ac.uk/vol1/analysis/ERZ103/ERZ1037983/10674_0007_idba_bin.19.fa.gz	https://ftp.ebi.ac.uk/vol1/analysis/ERZ103/ERZ1037983/10674_0007_idba_bin.19.fa.gz
rumen__10674_0007_idba_bin.25	rumen__10674_0007_idba_bin.25	rumen	rumen	Bacteria	10674_0007_idba_bin.25	10674_0007_idba	bin.25		ERZ1037984	webin-genome-10674_0007_idba_bin.25	10674_0007_idba_bin.25.fa.gz	rumen__10674_0007_idba_bin.25.faa	rumen__10674_0007_idba_bin.25	/home/rsg-jcorre38/Jay_Proyects/MethaNet/data/blue_catalyst_poc/proteomes/rumen__10674_0007_idba_bin.25.faa	1750.0	22.0	5.0	True		https://ftp.sra.ebi.ac.uk/vol1/analysis/ERZ103/ERZ1037984/10674_0007_idba_bin.25.fa.gz	https://ftp.ebi.ac.uk/vol1/analysis/ERZ103/ERZ1037984/10674_0007_idba_bin.25.fa.gz
rumen__10674_0007_idba_bin.26	rumen__10674_0007_idba_bin.26	rumen	rumen	Bacteria	10674_0007_idba_bin.26	10674_0007_idba	bin.26		ERZ1037985	webin-genome-10674_0007_idba_bin.26	10674_0007_idba_bin.26.fa.gz	rumen__10674_0007_idba_bin.26.faa	rumen__10674_0007_idba_bin.26	/home/rsg-jcorre38/Jay_Proyects/MethaNet/data/blue_catalyst_poc/proteomes/rumen__10674_0007_idba_bin.26.faa	2433.0	22.0	6.0	True		https://ftp.sra.ebi.ac.uk/vol1/analysis/ERZ103/ERZ1037985/10674_0007_idba_bin.26.fa.gz	https://ftp.ebi.ac.uk/vol1/analysis/ERZ103/ERZ1037985/10674_0007_idba_bin.26.fa.gz
rumen__10674_0007_idba_bin.27	rumen__10674_0007_idba_bin.27	rumen	rumen	Archaea	10674_0007_idba_bin.27	10674_0007_idba	bin.27		ERZ1037986	webin-genome-10674_0007_idba_bin.27	10674_0007_idba_bin.27.fa.gz	rumen__10674_0007_idba_bin.27.faa	rumen__10674_0007_idba_bin.27	/home/rsg-jcorre38/Jay_Proyects/MethaNet/data/blue_catalyst_poc/proteomes/rumen__10674_0007_idba_bin.27.faa	2359.0	22.0	7.0	True		https://ftp.sra.ebi.ac.uk/vol1/analysis/ERZ103/ERZ1037986/10674_0007_idba_bin.27.fa.gz	https://ftp.ebi.ac.uk/vol1/analysis/ERZ103/ERZ1037986/10674_0007_idba_bin.27.fa.gz
rumen__10674_0007_idba_bin.30	rumen__10674_0007_idba_bin.30	rumen	rumen	Bacteria	10674_0007_idba_bin.30	10674_0007_idba	bin.30		ERZ1037987	webin-genome-10674_0007_idba_bin.30	10674_0007_idba_bin.30.fa.gz	rumen__10674_0007_idba_bin.30.faa	rumen__10674_0007_idba_bin.30	/home/rsg-jcorre38/Jay_Proyects/MethaNet/data/blue_catalyst_poc/proteomes/rumen__10674_0007_idba_bin.30.faa	1746.0	22.0	8.0	True		https://ftp.sra.ebi.ac.uk/vol1/analysis/ERZ103/ERZ1037987/10674_0007_idba_bin.30.fa.gz	https://ftp.ebi.ac.uk/vol1/analysis/ERZ103/ERZ1037987/10674_0007_idba_bin.30.fa.gz
rumen__10674_0007_idba_bin.31	rumen__10674_0007_idba_bin.31	rumen	rumen	Bacteria	10674_0007_idba_bin.31	10674_0007_idba	bin.31		ERZ1037988	webin-genome-10674_0007_idba_bin.31	10674_0007_idba_bin.31.fa.gz	rumen__10674_0007_idba_bin.31.faa	rumen__10674_0007_idba_bin.31	/home/rsg-jcorre38/Jay_Proyects/MethaNet/data/blue_catalyst_poc/proteomes/rumen__10674_0007_idba_bin.31.faa	2119.0	22.0	9.0	True		https://ftp.sra.ebi.ac.uk/vol1/analysis/ERZ103/ERZ1037988/10674_0007_idba_bin.31.fa.gz	https://ftp.ebi.ac.uk/vol1/analysis/ERZ103/ERZ1037988/10674_0007_idba_bin.31.fa.gz
rumen__10674_0007_idba_bin.34	rumen__10674_0007_idba_bin.34	rumen	rumen	Bacteria	10674_0007_idba_bin.34	10674_0007_idba	bin.34		ERZ1037989	webin-genome-10674_0007_idba_bin.34	10674_0007_idba_bin.34.fa.gz	rumen__10674_0007_idba_bin.34.faa	rumen__10674_0007_idba_bin.34	/home/rsg-jcorre38/Jay_Proyects/MethaNet/data/blue_catalyst_poc/proteomes/rumen__10674_0007_idba_bin.34.faa	1540.0	22.0	10.0	True		https://ftp.sra.ebi.ac.uk/vol1/analysis/ERZ103/ERZ1037989/10674_0007_idba_bin.34.fa.gz	https://ftp.ebi.ac.uk/vol1/analysis/ERZ103/ERZ1037989/10674_0007_idba_bin.34.fa.gz
rumen__10674_0007_idba_bin.35	rumen__10674_0007_idba_bin.35	rumen	rumen	Bacteria	10674_0007_idba_bin.35	10674_0007_idba	bin.35		ERZ1037990	webin-genome-10674_0007_idba_bin.35	10674_0007_idba_bin.35.fa.gz	rumen__10674_0007_idba_bin.35.faa	rumen__10674_0007_idba_bin.35	/home/rsg-jcorre38/Jay_Proyects/MethaNet/data/blue_catalyst_poc/proteomes/rumen__10674_0007_idba_bin.35.faa	1941.0	22.0	11.0	True		https://ftp.sra.ebi.ac.uk/vol1/analysis/ERZ103/ERZ1037990/10674_0007_idba_bin.35.fa.gz	https://ftp.ebi.ac.uk/vol1/analysis/ERZ103/ERZ1037990/10674_0007_idba_bin.35.fa.gz
rumen__10674_0007_idba_bin.36	rumen__10674_0007_idba_bin.36	rumen	rumen	Bacteria	10674_0007_idba_bin.36	10674_0007_idba	bin.36		ERZ1037991	webin-genome-10674_0007_idba_bin.36	10674_0007_idba_bin.36.fa.gz	rumen__10674_0007_idba_bin.36.faa	rumen__10674_0007_idba_bin.36	/home/rsg-jcorre38/Jay_Proyects/MethaNet/data/blue_catalyst_poc/proteomes/rumen__10674_0007_idba_bin.36.faa	2017.0	22.0	12.0	True		https://ftp.sra.ebi.ac.uk/vol1/analysis/ERZ103/ERZ1037991/10674_0007_idba_bin.36.fa.gz	https://ftp.ebi.ac.uk/vol1/analysis/ERZ103/ERZ1037991/10674_0007_idba_bin.36.fa.gz
rumen__10674_0007_idba_bin.37	rumen__10674_0007_idba_bin.37	rumen	rumen	Bacteria	10674_0007_idba_bin.37	10674_0007_idba	bin.37		ERZ1037992	webin-genome-10674_0007_idba_bin.37	10674_0007_idba_bin.37.fa.gz	rumen__10674_0007_idba_bin.37.faa	rumen__10674_0007_idba_bin.37	/home/rsg-jcorre38/Jay_Proyects/MethaNet/data/blue_catalyst_poc/proteomes/rumen__10674_0007_idba_bin.37.faa	2281.0	22.0	13.0	True		https://ftp.sra.ebi.ac.uk/vol1/analysis/ERZ103/ERZ1037992/10674_0007_idba_bin.37.fa.gz	https://ftp.ebi.ac.uk/vol1/analysis/ERZ103/ERZ1037992/10674_0007_idba_bin.37.fa.gz
rumen__10674_0007_idba_bin.39	rumen__10674_0007_idba_bin.39	rumen	rumen	Bacteria	10674_0007_idba_bin.39	10674_0007_idba	bin.39		ERZ1037993	webin-genome-10674_0007_idba_bin.39	10674_0007_idba_bin.39.fa.gz	rumen__10674_0007_idba_bin.39.faa	rumen__10674_0007_idba_bin.39	/home/rsg-jcorre38/Jay_Proyects/MethaNet/data/blue_catalyst_poc/proteomes/rumen__10674_0007_idba_bin.39.faa	1836.0	22.0	14.0	True		https://ftp.sra.ebi.ac.uk/vol1/analysis/ERZ103/ERZ1037993/10674_0007_idba_bin.39.fa.gz	https://ftp.ebi.ac.uk/vol1/analysis/ERZ103/ERZ1037993/10674_0007_idba_bin.39.fa.gz
rumen__10674_0007_idba_bin.4	rumen__10674_0007_idba_bin.4	rumen	rumen	Bacteria	10674_0007_idba_bin.4	10674_0007_idba	bin.4		ERZ1037994	webin-genome-10674_0007_idba_bin.4	10674_0007_idba_bin.4.fa.gz	rumen__10674_0007_idba_bin.4.faa	rumen__10674_0007_idba_bin.4	/home/rsg-jcorre38/Jay_Proyects/MethaNet/data/blue_catalyst_poc/proteomes/rumen__10674_0007_idba_bin.4.faa	2384.0	22.0	15.0	True		https://ftp.sra.ebi.ac.uk/vol1/analysis/ERZ103/ERZ1037994/10674_0007_idba_bin.4.fa.gz	https://ftp.ebi.ac.uk/vol1/analysis/ERZ103/ERZ1037994/10674_0007_idba_bin.4.fa.gz
rumen__10674_0007_idba_bin.42	rumen__10674_0007_idba_bin.42	rumen	rumen	Bacteria	10674_0007_idba_bin.42	10674_0007_idba	bin.42		ERZ1037995	webin-genome-10674_0007_idba_bin.42	10674_0007_idba_bin.42.fa.gz	rumen__10674_0007_idba_bin.42.faa	rumen__10674_0007_idba_bin.42	/home/rsg-jcorre38/Jay_Proyects/MethaNet/data/blue_catalyst_poc/proteomes/rumen__10674_0007_idba_bin.42.faa	2091.0	22.0	16.0	True		https://ftp.sra.ebi.ac.uk/vol1/analysis/ERZ103/ERZ1037995/10674_0007_idba_bin.42.fa.gz	https://ftp.ebi.ac.uk/vol1/analysis/ERZ103/ERZ1037995/10674_0007_idba_bin.42.fa.gz
rumen__10674_0007_idba_bin.45	rumen__10674_0007_idba_bin.45	rumen	rumen	Bacteria	10674_0007_idba_bin.45	10674_0007_idba	bin.45		ERZ1037996	webin-genome-10674_0007_idba_bin.45	10674_0007_idba_bin.45.fa.gz	rumen__10674_0007_idba_bin.45.faa	rumen__10674_0007_idba_bin.45	/home/rsg-jcorre38/Jay_Proyects/MethaNet/data/blue_catalyst_poc/proteomes/rumen__10674_0007_idba_bin.45.faa	1721.0	22.0	17.0	True		https://ftp.sra.ebi.ac.uk/vol1/analysis/ERZ103/ERZ1037996/10674_0007_idba_bin.45.fa.gz	https://ftp.ebi.ac.uk/vol1/analysis/ERZ103/ERZ1037996/10674_0007_idba_bin.45.fa.gz
rumen__10674_0007_idba_bin.47	rumen__10674_0007_idba_bin.47	rumen	rumen	Bacteria	10674_0007_idba_bin.47	10674_0007_idba	bin.47		ERZ1037997	webin-genome-10674_0007_idba_bin.47	10674_0007_idba_bin.47.fa.gz	rumen__10674_0007_idba_bin.47.faa	rumen__10674_0007_idba_bin.47	/home/rsg-jcorre38/Jay_Proyects/MethaNet/data/blue_catalyst_poc/proteomes/rumen__10674_0007_idba_bin.47.faa	1951.0	22.0	18.0	True		https://ftp.sra.ebi.ac.uk/vol1/analysis/ERZ103/ERZ1037997/10674_0007_idba_bin.47.fa.gz	https://ftp.ebi.ac.uk/vol1/analysis/ERZ103/ERZ1037997/10674_0007_idba_bin.47.fa.gz
rumen__10674_0007_idba_bin.49	rumen__10674_0007_idba_bin.49	rumen	rumen	Bacteria	10674_0007_idba_bin.49	10674_0007_idba	bin.49		ERZ1037998	webin-genome-10674_0007_idba_bin.49	10674_0007_idba_bin.49.fa.gz	rumen__10674_0007_idba_bin.49.faa	rumen__10674_0007_idba_bin.49	/home/rsg-jcorre38/Jay_Proyects/MethaNet/data/blue_catalyst_poc/proteomes/rumen__10674_0007_idba_bin.49.faa	2839.0	22.0	19.0	True		https://ftp.sra.ebi.ac.uk/vol1/analysis/ERZ103/ERZ1037998/10674_0007_idba_bin.49.fa.gz	https://ftp.ebi.ac.uk/vol1/analysis/ERZ103/ERZ1037998/10674_0007_idba_bin.49.fa.gz
rumen__10674_0007_idba_bin.5	rumen__10674_0007_idba_bin.5	rumen	rumen	Bacteria	10674_0007_idba_bin.5	10674_0007_idba	bin.5		ERZ1037999	webin-genome-10674_0007_idba_bin.5	10674_0007_idba_bin.5.fa.gz	rumen__10674_0007_idba_bin.5.faa	rumen__10674_0007_idba_bin.5	/home/rsg-jcorre38/Jay_Proyects/MethaNet/data/blue_catalyst_poc/proteomes/rumen__10674_0007_idba_bin.5.faa	1553.0	22.0	20.0	True		https://ftp.sra.ebi.ac.uk/vol1/analysis/ERZ103/ERZ1037999/10674_0007_idba_bin.5.fa.gz	https://ftp.ebi.ac.uk/vol1/analysis/ERZ103/ERZ1037999/10674_0007_idba_bin.5.fa.gz
rumen__10674_0007_idba_bin.52	rumen__10674_0007_idba_bin.52	rumen	rumen	Bacteria	10674_0007_idba_bin.52	10674_0007_idba	bin.52		ERZ1038000	webin-genome-10674_0007_idba_bin.52	10674_0007_idba_bin.52.fa.gz	rumen__10674_0007_idba_bin.52.faa	rumen__10674_0007_idba_bin.52	/home/rsg-jcorre38/Jay_Proyects/MethaNet/data/blue_catalyst_poc/proteomes/rumen__10674_0007_idba_bin.52.faa	1522.0	22.0	21.0	True		https://ftp.sra.ebi.ac.uk/vol1/analysis/ERZ103/ERZ1038000/10674_0007_idba_bin.52.fa.gz	https://ftp.ebi.ac.uk/vol1/analysis/ERZ103/ERZ1038000/10674_0007_idba_bin.52.fa.gz
rumen__10674_0007_idba_bin.55	rumen__10674_0007_idba_bin.55	rumen	rumen	Bacteria	10674_0007_idba_bin.55	10674_0007_idba	bin.55		ERZ1038001	webin-genome-10674_0007_idba_bin.55	10674_0007_idba_bin.55.fa.gz	rumen__10674_0007_idba_bin.55.faa	rumen__10674_0007_idba_bin.55	/home/rsg-jcorre38/Jay_Proyects/MethaNet/data/blue_catalyst_poc/proteomes/rumen__10674_0007_idba_bin.55.faa	2568.0	22.0	22.0	True		https://ftp.sra.ebi.ac.uk/vol1/analysis/ERZ103/ERZ1038001/10674_0007_idba_bin.55.fa.gz	https://ftp.ebi.ac.uk/vol1/analysis/ERZ103/ERZ1038001/10674_0007_idba_bin.55.fa.gz
rumen__10674_0007_idba_bin.58	rumen__10674_0007_idba_bin.58	rumen	rumen	Bacteria	10674_0007_idba_bin.58	10674_0007_idba	bin.58		ERZ1038002	webin-genome-10674_0007_idba_bin.58	10674_0007_idba_bin.58.fa.gz	rumen__10674_0007_idba_bin.58.faa	rumen__10674_0007_idba_bin.58	/home/rsg-jcorre38/Jay_Proyects/MethaNet/data/blue_catalyst_poc/proteomes/rumen__10674_0007_idba_bin.58.faa	1922.0	22.0	23.0	True		https://ftp.sra.ebi.ac.uk/vol1/analysis/ERZ103/ERZ1038002/10674_0007_idba_bin.58.fa.gz	https://ftp.ebi.ac.uk/vol1/analysis/ERZ103/ERZ1038002/10674_0007_idba_bin.58.fa.gz
rumen__10674_0007_idba_bin.59	rumen__10674_0007_idba_bin.59	rumen	rumen	Bacteria	10674_0007_idba_bin.59	10674_0007_idba	bin.59		ERZ1038003	webin-genome-10674_0007_idba_bin.59	10674_0007_idba_bin.59.fa.gz	rumen__10674_0007_idba_bin.59.faa	rumen__10674_0007_idba_bin.59	/home/rsg-jcorre38/Jay_Proyects/MethaNet/data/blue_catalyst_poc/proteomes/rumen__10674_0007_idba_bin.59.faa	694.0	22.0	24.0	True		https://ftp.sra.ebi.ac.uk/vol1/analysis/ERZ103/ERZ1038003/10674_0007_idba_bin.59.fa.gz	https://ftp.ebi.ac.uk/vol1/analysis/ERZ103/ERZ1038003/10674_0007_idba_bin.59.fa.gz
rumen__10674_0007_idba_bin.61	rumen__10674_0007_idba_bin.61	rumen	rumen	Bacteria	10674_0007_idba_bin.61	10674_0007_idba	bin.61		ERZ1038004	webin-genome-10674_0007_idba_bin.61	10674_0007_idba_bin.61.fa.gz	rumen__10674_0007_idba_bin.61.faa	rumen__10674_0007_idba_bin.61	/home/rsg-jcorre38/Jay_Proyects/MethaNet/data/blue_catalyst_poc/proteomes/rumen__10674_0007_idba_bin.61.faa	1352.0	23.0	0.0	True		https://ftp.sra.ebi.ac.uk/vol1/analysis/ERZ103/ERZ1038004/10674_0007_idba_bin.61.fa.gz	https://ftp.ebi.ac.uk/vol1/analysis/ERZ103/ERZ1038004/10674_0007_idba_bin.61.fa.gz
rumen__10674_0007_idba_bin.62	rumen__10674_0007_idba_bin.62	rumen	rumen	Bacteria	10674_0007_idba_bin.62	10674_0007_idba	bin.62		ERZ1038005	webin-genome-10674_0007_idba_bin.62	10674_0007_idba_bin.62.fa.gz	rumen__10674_0007_idba_bin.62.faa	rumen__10674_0007_idba_bin.62	/home/rsg-jcorre38/Jay_Proyects/MethaNet/data/blue_catalyst_poc/proteomes/rumen__10674_0007_idba_bin.62.faa	561.0	23.0	1.0	True		https://ftp.sra.ebi.ac.uk/vol1/analysis/ERZ103/ERZ1038005/10674_0007_idba_bin.62.fa.gz	https://ftp.ebi.ac.uk/vol1/analysis/ERZ103/ERZ1038005/10674_0007_idba_bin.62.fa.gz
rumen__10674_0007_idba_bin.63	rumen__10674_0007_idba_bin.63	rumen	rumen	Bacteria	10674_0007_idba_bin.63	10674_0007_idba	bin.63		ERZ1038006	webin-genome-10674_0007_idba_bin.63	10674_0007_idba_bin.63.fa.gz	rumen__10674_0007_idba_bin.63.faa	rumen__10674_0007_idba_bin.63	/home/rsg-jcorre38/Jay_Proyects/MethaNet/data/blue_catalyst_poc/proteomes/rumen__10674_0007_idba_bin.63.faa	946.0	23.0	2.0	True		https://ftp.sra.ebi.ac.uk/vol1/analysis/ERZ103/ERZ1038006/10674_0007_idba_bin.63.fa.gz	https://ftp.ebi.ac.uk/vol1/analysis/ERZ103/ERZ1038006/10674_0007_idba_bin.63.fa.gz
rumen__10674_0007_idba_bin.66	rumen__10674_0007_idba_bin.66	rumen	rumen	Bacteria	10674_0007_idba_bin.66	10674_0007_idba	bin.66		ERZ1038007	webin-genome-10674_0007_idba_bin.66	10674_0007_idba_bin.66.fa.gz	rumen__10674_0007_idba_bin.66.faa	rumen__10674_0007_idba_bin.66	/home/rsg-jcorre38/Jay_Proyects/MethaNet/data/blue_catalyst_poc/proteomes/rumen__10674_0007_idba_bin.66.faa	1122.0	23.0	3.0	True		https://ftp.sra.ebi.ac.uk/vol1/analysis/ERZ103/ERZ1038007/10674_0007_idba_bin.66.fa.gz	https://ftp.ebi.ac.uk/vol1/analysis/ERZ103/ERZ1038007/10674_0007_idba_bin.66.fa.gz
rumen__10674_0007_idba_bin.67	rumen__10674_0007_idba_bin.67	rumen	rumen	Bacteria	10674_0007_idba_bin.67	10674_0007_idba	bin.67		ERZ1038008	webin-genome-10674_0007_idba_bin.67	10674_0007_idba_bin.67.fa.gz	rumen__10674_0007_idba_bin.67.faa	rumen__10674_0007_idba_bin.67	/home/rsg-jcorre38/Jay_Proyects/MethaNet/data/blue_catalyst_poc/proteomes/rumen__10674_0007_idba_bin.67.faa	2074.0	23.0	4.0	True		https://ftp.sra.ebi.ac.uk/vol1/analysis/ERZ103/ERZ1038008/10674_0007_idba_bin.67.fa.gz	https://ftp.ebi.ac.uk/vol1/analysis/ERZ103/ERZ1038008/10674_0007_idba_bin.67.fa.gz
rumen__10674_0007_idba_bin.68	rumen__10674_0007_idba_bin.68	rumen	rumen	Bacteria	10674_0007_idba_bin.68	10674_0007_idba	bin.68		ERZ1038009	webin-genome-10674_0007_idba_bin.68	10674_0007_idba_bin.68.fa.gz	rumen__10674_0007_idba_bin.68.faa	rumen__10674_0007_idba_bin.68	/home/rsg-jcorre38/Jay_Proyects/MethaNet/data/blue_catalyst_poc/proteomes/rumen__10674_0007_idba_bin.68.faa	2515.0	23.0	5.0	True		https://ftp.sra.ebi.ac.uk/vol1/analysis/ERZ103/ERZ1038009/10674_0007_idba_bin.68.fa.gz	https://ftp.ebi.ac.uk/vol1/analysis/ERZ103/ERZ1038009/10674_0007_idba_bin.68.fa.gz
rumen__10674_0007_idba_bin.7	rumen__10674_0007_idba_bin.7	rumen	rumen	Bacteria	10674_0007_idba_bin.7	10674_0007_idba	bin.7		ERZ1038010	webin-genome-10674_0007_idba_bin.7	10674_0007_idba_bin.7.fa.gz	rumen__10674_0007_idba_bin.7.faa	rumen__10674_0007_idba_bin.7	/home/rsg-jcorre38/Jay_Proyects/MethaNet/data/blue_catalyst_poc/proteomes/rumen__10674_0007_idba_bin.7.faa	1359.0	23.0	6.0	True		https://ftp.sra.ebi.ac.uk/vol1/analysis/ERZ103/ERZ1038010/10674_0007_idba_bin.7.fa.gz	https://ftp.ebi.ac.uk/vol1/analysis/ERZ103/ERZ1038010/10674_0007_idba_bin.7.fa.gz
rumen__10674_0007_idba_bin.71	rumen__10674_0007_idba_bin.71	rumen	rumen	Bacteria	10674_0007_idba_bin.71	10674_0007_idba	bin.71		ERZ1038011	webin-genome-10674_0007_idba_bin.71	10674_0007_idba_bin.71.fa.gz	rumen__10674_0007_idba_bin.71.faa	rumen__10674_0007_idba_bin.71	/home/rsg-jcorre38/Jay_Proyects/MethaNet/data/blue_catalyst_poc/proteomes/rumen__10674_0007_idba_bin.71.faa	1941.0	23.0	7.0	True		https://ftp.sra.ebi.ac.uk/vol1/analysis/ERZ103/ERZ1038011/10674_0007_idba_bin.71.fa.gz	https://ftp.ebi.ac.uk/vol1/analysis/ERZ103/ERZ1038011/10674_0007_idba_bin.71.fa.gz
rumen__10674_0007_idba_bin.72	rumen__10674_0007_idba_bin.72	rumen	rumen	Bacteria	10674_0007_idba_bin.72	10674_0007_idba	bin.72		ERZ1038012	webin-genome-10674_0007_idba_bin.72	10674_0007_idba_bin.72.fa.gz	rumen__10674_0007_idba_bin.72.faa	rumen__10674_0007_idba_bin.72	/home/rsg-jcorre38/Jay_Proyects/MethaNet/data/blue_catalyst_poc/proteomes/rumen__10674_0007_idba_bin.72.faa	2573.0	23.0	8.0	True		https://ftp.sra.ebi.ac.uk/vol1/analysis/ERZ103/ERZ1038012/10674_0007_idba_bin.72.fa.gz	https://ftp.ebi.ac.uk/vol1/analysis/ERZ103/ERZ1038012/10674_0007_idba_bin.72.fa.gz
rumen__10674_0007_idba_bin.73	rumen__10674_0007_idba_bin.73	rumen	rumen	Bacteria	10674_0007_idba_bin.73	10674_0007_idba	bin.73		ERZ1038013	webin-genome-10674_0007_idba_bin.73	10674_0007_idba_bin.73.fa.gz	rumen__10674_0007_idba_bin.73.faa	rumen__10674_0007_idba_bin.73	/home/rsg-jcorre38/Jay_Proyects/MethaNet/data/blue_catalyst_poc/proteomes/rumen__10674_0007_idba_bin.73.faa	1302.0	23.0	9.0	True		https://ftp.sra.ebi.ac.uk/vol1/analysis/ERZ103/ERZ1038013/10674_0007_idba_bin.73.fa.gz	https://ftp.ebi.ac.uk/vol1/analysis/ERZ103/ERZ1038013/10674_0007_idba_bin.73.fa.gz
rumen__10674_0007_idba_bin.76	rumen__10674_0007_idba_bin.76	rumen	rumen	Bacteria	10674_0007_idba_bin.76	10674_0007_idba	bin.76		ERZ1038014	webin-genome-10674_0007_idba_bin.76	10674_0007_idba_bin.76.fa.gz	rumen__10674_0007_idba_bin.76.faa	rumen__10674_0007_idba_bin.76	/home/rsg-jcorre38/Jay_Proyects/MethaNet/data/blue_catalyst_poc/proteomes/rumen__10674_0007_idba_bin.76.faa	1708.0	23.0	10.0	True		https://ftp.sra.ebi.ac.uk/vol1/analysis/ERZ103/ERZ1038014/10674_0007_idba_bin.76.fa.gz	https://ftp.ebi.ac.uk/vol1/analysis/ERZ103/ERZ1038014/10674_0007_idba_bin.76.fa.gz
rumen__10674_0007_idba_bin.79	rumen__10674_0007_idba_bin.79	rumen	rumen	Bacteria	10674_0007_idba_bin.79	10674_0007_idba	bin.79		ERZ1038015	webin-genome-10674_0007_idba_bin.79	10674_0007_idba_bin.79.fa.gz	rumen__10674_0007_idba_bin.79.faa	rumen__10674_0007_idba_bin.79	/home/rsg-jcorre38/Jay_Proyects/MethaNet/data/blue_catalyst_poc/proteomes/rumen__10674_0007_idba_bin.79.faa	1457.0	23.0	11.0	True		https://ftp.sra.ebi.ac.uk/vol1/analysis/ERZ103/ERZ1038015/10674_0007_idba_bin.79.fa.gz	https://ftp.ebi.ac.uk/vol1/analysis/ERZ103/ERZ1038015/10674_0007_idba_bin.79.fa.gz
rumen__10674_0007_idba_bin.81	rumen__10674_0007_idba_bin.81	rumen	rumen	Bacteria	10674_0007_idba_bin.81	10674_0007_idba	bin.81		ERZ1038016	webin-genome-10674_0007_idba_bin.81	10674_0007_idba_bin.81.fa.gz	rumen__10674_0007_idba_bin.81.faa	rumen__10674_0007_idba_bin.81	/home/rsg-jcorre38/Jay_Proyects/MethaNet/data/blue_catalyst_poc/proteomes/rumen__10674_0007_idba_bin.81.faa	2286.0	23.0	12.0	True		https://ftp.sra.ebi.ac.uk/vol1/analysis/ERZ103/ERZ1038016/10674_0007_idba_bin.81.fa.gz	https://ftp.ebi.ac.uk/vol1/analysis/ERZ103/ERZ1038016/10674_0007_idba_bin.81.fa.gz
rumen__10674_0007_idba_bin.82	rumen__10674_0007_idba_bin.82	rumen	rumen	Bacteria	10674_0007_idba_bin.82	10674_0007_idba	bin.82		ERZ1038017	webin-genome-10674_0007_idba_bin.82	10674_0007_idba_bin.82.fa.gz	rumen__10674_0007_idba_bin.82.faa	rumen__10674_0007_idba_bin.82	/home/rsg-jcorre38/Jay_Proyects/MethaNet/data/blue_catalyst_poc/proteomes/rumen__10674_0007_idba_bin.82.faa	853.0	23.0	13.0	True		https://ftp.sra.ebi.ac.uk/vol1/analysis/ERZ103/ERZ1038017/10674_0007_idba_bin.82.fa.gz	https://ftp.ebi.ac.uk/vol1/analysis/ERZ103/ERZ1038017/10674_0007_idba_bin.82.fa.gz
rumen__10674_0007_idba_bin.83	rumen__10674_0007_idba_bin.83	rumen	rumen	Archaea	10674_0007_idba_bin.83	10674_0007_idba	bin.83		ERZ1038018	webin-genome-10674_0007_idba_bin.83	10674_0007_idba_bin.83.fa.gz	rumen__10674_0007_idba_bin.83.faa	rumen__10674_0007_idba_bin.83	/home/rsg-jcorre38/Jay_Proyects/MethaNet/data/blue_catalyst_poc/proteomes/rumen__10674_0007_idba_bin.83.faa	2559.0	23.0	14.0	True		https://ftp.sra.ebi.ac.uk/vol1/analysis/ERZ103/ERZ1038018/10674_0007_idba_bin.83.fa.gz	https://ftp.ebi.ac.uk/vol1/analysis/ERZ103/ERZ1038018/10674_0007_idba_bin.83.fa.gz
rumen__10674_0007_idba_bin.84	rumen__10674_0007_idba_bin.84	rumen	rumen	Bacteria	10674_0007_idba_bin.84	10674_0007_idba	bin.84		ERZ1038019	webin-genome-10674_0007_idba_bin.84	10674_0007_idba_bin.84.fa.gz	rumen__10674_0007_idba_bin.84.faa	rumen__10674_0007_idba_bin.84	/home/rsg-jcorre38/Jay_Proyects/MethaNet/data/blue_catalyst_poc/proteomes/rumen__10674_0007_idba_bin.84.faa	1303.0	23.0	15.0	True		https://ftp.sra.ebi.ac.uk/vol1/analysis/ERZ103/ERZ1038019/10674_0007_idba_bin.84.fa.gz	https://ftp.ebi.ac.uk/vol1/analysis/ERZ103/ERZ1038019/10674_0007_idba_bin.84.fa.gz
rumen__10674_0007_idba_bin.88	rumen__10674_0007_idba_bin.88	rumen	rumen	Bacteria	10674_0007_idba_bin.88	10674_0007_idba	bin.88		ERZ1038020	webin-genome-10674_0007_idba_bin.88	10674_0007_idba_bin.88.fa.gz	rumen__10674_0007_idba_bin.88.faa	rumen__10674_0007_idba_bin.88	/home/rsg-jcorre38/Jay_Proyects/MethaNet/data/blue_catalyst_poc/proteomes/rumen__10674_0007_idba_bin.88.faa	1614.0	23.0	16.0	True		https://ftp.sra.ebi.ac.uk/vol1/analysis/ERZ103/ERZ1038020/10674_0007_idba_bin.88.fa.gz	https://ftp.ebi.ac.uk/vol1/analysis/ERZ103/ERZ1038020/10674_0007_idba_bin.88.fa.gz
rumen__10674_0007_idba_bin.90	rumen__10674_0007_idba_bin.90	rumen	rumen	Bacteria	10674_0007_idba_bin.90	10674_0007_idba	bin.90		ERZ1038021	webin-genome-10674_0007_idba_bin.90	10674_0007_idba_bin.90.fa.gz	rumen__10674_0007_idba_bin.90.faa	rumen__10674_0007_idba_bin.90	/home/rsg-jcorre38/Jay_Proyects/MethaNet/data/blue_catalyst_poc/proteomes/rumen__10674_0007_idba_bin.90.faa	2739.0	23.0	17.0	True		https://ftp.sra.ebi.ac.uk/vol1/analysis/ERZ103/ERZ1038021/10674_0007_idba_bin.90.fa.gz	https://ftp.ebi.ac.uk/vol1/analysis/ERZ103/ERZ1038021/10674_0007_idba_bin.90.fa.gz
rumen__10674_0007_idba_bin.92	rumen__10674_0007_idba_bin.92	rumen	rumen	Bacteria	10674_0007_idba_bin.92	10674_0007_idba	bin.92		ERZ1038022	webin-genome-10674_0007_idba_bin.92	10674_0007_idba_bin.92.fa.gz	rumen__10674_0007_idba_bin.92.faa	rumen__10674_0007_idba_bin.92	/home/rsg-jcorre38/Jay_Proyects/MethaNet/data/blue_catalyst_poc/proteomes/rumen__10674_0007_idba_bin.92.faa	2085.0	23.0	18.0	True		https://ftp.sra.ebi.ac.uk/vol1/analysis/ERZ103/ERZ1038022/10674_0007_idba_bin.92.fa.gz	https://ftp.ebi.ac.uk/vol1/analysis/ERZ103/ERZ1038022/10674_0007_idba_bin.92.fa.gz
rumen__10674_0007_idba_bin.93	rumen__10674_0007_idba_bin.93	rumen	rumen	Bacteria	10674_0007_idba_bin.93	10674_0007_idba	bin.93		ERZ1038023	webin-genome-10674_0007_idba_bin.93	10674_0007_idba_bin.93.fa.gz	rumen__10674_0007_idba_bin.93.faa	rumen__10674_0007_idba_bin.93	/home/rsg-jcorre38/Jay_Proyects/MethaNet/data/blue_catalyst_poc/proteomes/rumen__10674_0007_idba_bin.93.faa	1564.0	23.0	19.0	True		https://ftp.sra.ebi.ac.uk/vol1/analysis/ERZ103/ERZ1038023/10674_0007_idba_bin.93.fa.gz	https://ftp.ebi.ac.uk/vol1/analysis/ERZ103/ERZ1038023/10674_0007_idba_bin.93.fa.gz
rumen__10674_0007_idba_bin.94	rumen__10674_0007_idba_bin.94	rumen	rumen	Bacteria	10674_0007_idba_bin.94	10674_0007_idba	bin.94		ERZ1038024	webin-genome-10674_0007_idba_bin.94	10674_0007_idba_bin.94.fa.gz	rumen__10674_0007_idba_bin.94.faa	rumen__10674_0007_idba_bin.94	/home/rsg-jcorre38/Jay_Proyects/MethaNet/data/blue_catalyst_poc/proteomes/rumen__10674_0007_idba_bin.94.faa	1740.0	23.0	20.0	True		https://ftp.sra.ebi.ac.uk/vol1/analysis/ERZ103/ERZ1038024/10674_0007_idba_bin.94.fa.gz	https://ftp.ebi.ac.uk/vol1/analysis/ERZ103/ERZ1038024/10674_0007_idba_bin.94.fa.gz
rumen__10674_0007_idba_bin.97	rumen__10674_0007_idba_bin.97	rumen	rumen	Bacteria	10674_0007_idba_bin.97	10674_0007_idba	bin.97		ERZ1038025	webin-genome-10674_0007_idba_bin.97	10674_0007_idba_bin.97.fa.gz	rumen__10674_0007_idba_bin.97.faa	rumen__10674_0007_idba_bin.97	/home/rsg-jcorre38/Jay_Proyects/MethaNet/data/blue_catalyst_poc/proteomes/rumen__10674_0007_idba_bin.97.faa	1971.0	23.0	21.0	True		https://ftp.sra.ebi.ac.uk/vol1/analysis/ERZ103/ERZ1038025/10674_0007_idba_bin.97.fa.gz	https://ftp.ebi.ac.uk/vol1/analysis/ERZ103/ERZ1038025/10674_0007_idba_bin.97.fa.gz
rumen__10674_0008_idba_bin.10	rumen__10674_0008_idba_bin.10	rumen	rumen	Bacteria	10674_0008_idba_bin.10	10674_0008_idba	bin.10		ERZ1038026	webin-genome-10674_0008_idba_bin.10	10674_0008_idba_bin.10.fa.gz	rumen__10674_0008_idba_bin.10.faa	rumen__10674_0008_idba_bin.10	/home/rsg-jcorre38/Jay_Proyects/MethaNet/data/blue_catalyst_poc/proteomes/rumen__10674_0008_idba_bin.10.faa	569.0	23.0	22.0	True		https://ftp.sra.ebi.ac.uk/vol1/analysis/ERZ103/ERZ1038026/10674_0008_idba_bin.10.fa.gz	https://ftp.ebi.ac.uk/vol1/analysis/ERZ103/ERZ1038026/10674_0008_idba_bin.10.fa.gz
rumen__10674_0008_idba_bin.100	rumen__10674_0008_idba_bin.100	rumen	rumen	Bacteria	10674_0008_idba_bin.100	10674_0008_idba	bin.100		ERZ1038027	webin-genome-10674_0008_idba_bin.100	10674_0008_idba_bin.100.fa.gz	rumen__10674_0008_idba_bin.100.faa	rumen__10674_0008_idba_bin.100	/home/rsg-jcorre38/Jay_Proyects/MethaNet/data/blue_catalyst_poc/proteomes/rumen__10674_0008_idba_bin.100.faa	2274.0	23.0	23.0	True		https://ftp.sra.ebi.ac.uk/vol1/analysis/ERZ103/ERZ1038027/10674_0008_idba_bin.100.fa.gz	https://ftp.ebi.ac.uk/vol1/analysis/ERZ103/ERZ1038027/10674_0008_idba_bin.100.fa.gz
rumen__10674_0008_idba_bin.101	rumen__10674_0008_idba_bin.101	rumen	rumen	Bacteria	10674_0008_idba_bin.101	10674_0008_idba	bin.101		ERZ1038028	webin-genome-10674_0008_idba_bin.101	10674_0008_idba_bin.101.fa.gz	rumen__10674_0008_idba_bin.101.faa	rumen__10674_0008_idba_bin.101	/home/rsg-jcorre38/Jay_Proyects/MethaNet/data/blue_catalyst_poc/proteomes/rumen__10674_0008_idba_bin.101.faa	1676.0	23.0	24.0	True		https://ftp.sra.ebi.ac.uk/vol1/analysis/ERZ103/ERZ1038028/10674_0008_idba_bin.101.fa.gz	https://ftp.ebi.ac.uk/vol1/analysis/ERZ103/ERZ1038028/10674_0008_idba_bin.101.fa.gz
rumen__10674_0008_idba_bin.108	rumen__10674_0008_idba_bin.108	rumen	rumen	Bacteria	10674_0008_idba_bin.108	10674_0008_idba	bin.108		ERZ1038029	webin-genome-10674_0008_idba_bin.108	10674_0008_idba_bin.108.fa.gz	rumen__10674_0008_idba_bin.108.faa	rumen__10674_0008_idba_bin.108	/home/rsg-jcorre38/Jay_Proyects/MethaNet/data/blue_catalyst_poc/proteomes/rumen__10674_0008_idba_bin.108.faa	1550.0	24.0	0.0	True		https://ftp.sra.ebi.ac.uk/vol1/analysis/ERZ103/ERZ1038029/10674_0008_idba_bin.108.fa.gz	https://ftp.ebi.ac.uk/vol1/analysis/ERZ103/ERZ1038029/10674_0008_idba_bin.108.fa.gz
rumen__10674_0008_idba_bin.111	rumen__10674_0008_idba_bin.111	rumen	rumen	Bacteria	10674_0008_idba_bin.111	10674_0008_idba	bin.111		ERZ1038030	webin-genome-10674_0008_idba_bin.111	10674_0008_idba_bin.111.fa.gz	rumen__10674_0008_idba_bin.111.faa	rumen__10674_0008_idba_bin.111	/home/rsg-jcorre38/Jay_Proyects/MethaNet/data/blue_catalyst_poc/proteomes/rumen__10674_0008_idba_bin.111.faa	1217.0	24.0	1.0	True		https://ftp.sra.ebi.ac.uk/vol1/analysis/ERZ103/ERZ1038030/10674_0008_idba_bin.111.fa.gz	https://ftp.ebi.ac.uk/vol1/analysis/ERZ103/ERZ1038030/10674_0008_idba_bin.111.fa.gz
rumen__10674_0008_idba_bin.113	rumen__10674_0008_idba_bin.113	rumen	rumen	Bacteria	10674_0008_idba_bin.113	10674_0008_idba	bin.113		ERZ1038031	webin-genome-10674_0008_idba_bin.113	10674_0008_idba_bin.113.fa.gz	rumen__10674_0008_idba_bin.113.faa	rumen__10674_0008_idba_bin.113	/home/rsg-jcorre38/Jay_Proyects/MethaNet/data/blue_catalyst_poc/proteomes/rumen__10674_0008_idba_bin.113.faa	1876.0	24.0	2.0	True		https://ftp.sra.ebi.ac.uk/vol1/analysis/ERZ103/ERZ1038031/10674_0008_idba_bin.113.fa.gz	https://ftp.ebi.ac.uk/vol1/analysis/ERZ103/ERZ1038031/10674_0008_idba_bin.113.fa.gz
rumen__10674_0008_idba_bin.15	rumen__10674_0008_idba_bin.15	rumen	rumen	Bacteria	10674_0008_idba_bin.15	10674_0008_idba	bin.15		ERZ1038032	webin-genome-10674_0008_idba_bin.15	10674_0008_idba_bin.15.fa.gz	rumen__10674_0008_idba_bin.15.faa	rumen__10674_0008_idba_bin.15	/home/rsg-jcorre38/Jay_Proyects/MethaNet/data/blue_catalyst_poc/proteomes/rumen__10674_0008_idba_bin.15.faa	3046.0	24.0	3.0	True		https://ftp.sra.ebi.ac.uk/vol1/analysis/ERZ103/ERZ1038032/10674_0008_idba_bin.15.fa.gz	https://ftp.ebi.ac.uk/vol1/analysis/ERZ103/ERZ1038032/10674_0008_idba_bin.15.fa.gz
rumen__10674_0008_idba_bin.17	rumen__10674_0008_idba_bin.17	rumen	rumen	Bacteria	10674_0008_idba_bin.17	10674_0008_idba	bin.17		ERZ1038033	webin-genome-10674_0008_idba_bin.17	10674_0008_idba_bin.17.fa.gz	rumen__10674_0008_idba_bin.17.faa	rumen__10674_0008_idba_bin.17	/home/rsg-jcorre38/Jay_Proyects/MethaNet/data/blue_catalyst_poc/proteomes/rumen__10674_0008_idba_bin.17.faa	2252.0	24.0	4.0	True		https://ftp.sra.ebi.ac.uk/vol1/analysis/ERZ103/ERZ1038033/10674_0008_idba_bin.17.fa.gz	https://ftp.ebi.ac.uk/vol1/analysis/ERZ103/ERZ1038033/10674_0008_idba_bin.17.fa.gz
rumen__10674_0008_idba_bin.19	rumen__10674_0008_idba_bin.19	rumen	rumen	Bacteria	10674_0008_idba_bin.19	10674_0008_idba	bin.19		ERZ1038034	webin-genome-10674_0008_idba_bin.19	10674_0008_idba_bin.19.fa.gz	rumen__10674_0008_idba_bin.19.faa	rumen__10674_0008_idba_bin.19	/home/rsg-jcorre38/Jay_Proyects/MethaNet/data/blue_catalyst_poc/proteomes/rumen__10674_0008_idba_bin.19.faa	1400.0	24.0	5.0	True		https://ftp.sra.ebi.ac.uk/vol1/analysis/ERZ103/ERZ1038034/10674_0008_idba_bin.19.fa.gz	https://ftp.ebi.ac.uk/vol1/analysis/ERZ103/ERZ1038034/10674_0008_idba_bin.19.fa.gz
rumen__10674_0008_idba_bin.2	rumen__10674_0008_idba_bin.2	rumen	rumen	Bacteria	10674_0008_idba_bin.2	10674_0008_idba	bin.2		ERZ1038035	webin-genome-10674_0008_idba_bin.2	10674_0008_idba_bin.2.fa.gz	rumen__10674_0008_idba_bin.2.faa	rumen__10674_0008_idba_bin.2	/home/rsg-jcorre38/Jay_Proyects/MethaNet/data/blue_catalyst_poc/proteomes/rumen__10674_0008_idba_bin.2.faa	3254.0	24.0	6.0	True		https://ftp.sra.ebi.ac.uk/vol1/analysis/ERZ103/ERZ1038035/10674_0008_idba_bin.2.fa.gz	https://ftp.ebi.ac.uk/vol1/analysis/ERZ103/ERZ1038035/10674_0008_idba_bin.2.fa.gz
rumen__10674_0008_idba_bin.3	rumen__10674_0008_idba_bin.3	rumen	rumen	Bacteria	10674_0008_idba_bin.3	10674_0008_idba	bin.3		ERZ1038036	webin-genome-10674_0008_idba_bin.3	10674_0008_idba_bin.3.fa.gz	rumen__10674_0008_idba_bin.3.faa	rumen__10674_0008_idba_bin.3	/home/rsg-jcorre38/Jay_Proyects/MethaNet/data/blue_catalyst_poc/proteomes/rumen__10674_0008_idba_bin.3.faa	1635.0	24.0	7.0	True		https://ftp.sra.ebi.ac.uk/vol1/analysis/ERZ103/ERZ1038036/10674_0008_idba_bin.3.fa.gz	https://ftp.ebi.ac.uk/vol1/analysis/ERZ103/ERZ1038036/10674_0008_idba_bin.3.fa.gz
rumen__10674_0008_idba_bin.31	rumen__10674_0008_idba_bin.31	rumen	rumen	Bacteria	10674_0008_idba_bin.31	10674_0008_idba	bin.31		ERZ1038037	webin-genome-10674_0008_idba_bin.31	10674_0008_idba_bin.31.fa.gz	rumen__10674_0008_idba_bin.31.faa	rumen__10674_0008_idba_bin.31	/home/rsg-jcorre38/Jay_Proyects/MethaNet/data/blue_catalyst_poc/proteomes/rumen__10674_0008_idba_bin.31.faa	1681.0	24.0	8.0	True		https://ftp.sra.ebi.ac.uk/vol1/analysis/ERZ103/ERZ1038037/10674_0008_idba_bin.31.fa.gz	https://ftp.ebi.ac.uk/vol1/analysis/ERZ103/ERZ1038037/10674_0008_idba_bin.31.fa.gz
rumen__10674_0008_idba_bin.4	rumen__10674_0008_idba_bin.4	rumen	rumen	Bacteria	10674_0008_idba_bin.4	10674_0008_idba	bin.4		ERZ1038038	webin-genome-10674_0008_idba_bin.4	10674_0008_idba_bin.4.fa.gz	rumen__10674_0008_idba_bin.4.faa	rumen__10674_0008_idba_bin.4	/home/rsg-jcorre38/Jay_Proyects/MethaNet/data/blue_catalyst_poc/proteomes/rumen__10674_0008_idba_bin.4.faa	1948.0	24.0	9.0	True		https://ftp.sra.ebi.ac.uk/vol1/analysis/ERZ103/ERZ1038038/10674_0008_idba_bin.4.fa.gz	https://ftp.ebi.ac.uk/vol1/analysis/ERZ103/ERZ1038038/10674_0008_idba_bin.4.fa.gz
rumen__10674_0008_idba_bin.40	rumen__10674_0008_idba_bin.40	rumen	rumen	Bacteria	10674_0008_idba_bin.40	10674_0008_idba	bin.40		ERZ1038039	webin-genome-10674_0008_idba_bin.40	10674_0008_idba_bin.40.fa.gz	rumen__10674_0008_idba_bin.40.faa	rumen__10674_0008_idba_bin.40	/home/rsg-jcorre38/Jay_Proyects/MethaNet/data/blue_catalyst_poc/proteomes/rumen__10674_0008_idba_bin.40.faa	1332.0	24.0	10.0	True		https://ftp.sra.ebi.ac.uk/vol1/analysis/ERZ103/ERZ1038039/10674_0008_idba_bin.40.fa.gz	https://ftp.ebi.ac.uk/vol1/analysis/ERZ103/ERZ1038039/10674_0008_idba_bin.40.fa.gz
rumen__10674_0008_idba_bin.41	rumen__10674_0008_idba_bin.41	rumen	rumen	Bacteria	10674_0008_idba_bin.41	10674_0008_idba	bin.41		ERZ1038040	webin-genome-10674_0008_idba_bin.41	10674_0008_idba_bin.41.fa.gz	rumen__10674_0008_idba_bin.41.faa	rumen__10674_0008_idba_bin.41	/home/rsg-jcorre38/Jay_Proyects/MethaNet/data/blue_catalyst_poc/proteomes/rumen__10674_0008_idba_bin.41.faa	2029.0	24.0	11.0	True		https://ftp.sra.ebi.ac.uk/vol1/analysis/ERZ103/ERZ1038040/10674_0008_idba_bin.41.fa.gz	https://ftp.ebi.ac.uk/vol1/analysis/ERZ103/ERZ1038040/10674_0008_idba_bin.41.fa.gz
rumen__10674_0008_idba_bin.43	rumen__10674_0008_idba_bin.43	rumen	rumen	Bacteria	10674_0008_idba_bin.43	10674_0008_idba	bin.43		ERZ1038041	webin-genome-10674_0008_idba_bin.43	10674_0008_idba_bin.43.fa.gz	rumen__10674_0008_idba_bin.43.faa	rumen__10674_0008_idba_bin.43	/home/rsg-jcorre38/Jay_Proyects/MethaNet/data/blue_catalyst_poc/proteomes/rumen__10674_0008_idba_bin.43.faa	1766.0	24.0	12.0	True		https://ftp.sra.ebi.ac.uk/vol1/analysis/ERZ103/ERZ1038041/10674_0008_idba_bin.43.fa.gz	https://ftp.ebi.ac.uk/vol1/analysis/ERZ103/ERZ1038041/10674_0008_idba_bin.43.fa.gz
rumen__10674_0008_idba_bin.44	rumen__10674_0008_idba_bin.44	rumen	rumen	Bacteria	10674_0008_idba_bin.44	10674_0008_idba	bin.44		ERZ1038042	webin-genome-10674_0008_idba_bin.44	10674_0008_idba_bin.44.fa.gz	rumen__10674_0008_idba_bin.44.faa	rumen__10674_0008_idba_bin.44	/home/rsg-jcorre38/Jay_Proyects/MethaNet/data/blue_catalyst_poc/proteomes/rumen__10674_0008_idba_bin.44.faa	1468.0	24.0	13.0	True		https://ftp.sra.ebi.ac.uk/vol1/analysis/ERZ103/ERZ1038042/10674_0008_idba_bin.44.fa.gz	https://ftp.ebi.ac.uk/vol1/analysis/ERZ103/ERZ1038042/10674_0008_idba_bin.44.fa.gz
rumen__10674_0008_idba_bin.45	rumen__10674_0008_idba_bin.45	rumen	rumen	Bacteria	10674_0008_idba_bin.45	10674_0008_idba	bin.45		ERZ1038043	webin-genome-10674_0008_idba_bin.45	10674_0008_idba_bin.45.fa.gz	rumen__10674_0008_idba_bin.45.faa	rumen__10674_0008_idba_bin.45	/home/rsg-jcorre38/Jay_Proyects/MethaNet/data/blue_catalyst_poc/proteomes/rumen__10674_0008_idba_bin.45.faa	2094.0	24.0	14.0	True		https://ftp.sra.ebi.ac.uk/vol1/analysis/ERZ103/ERZ1038043/10674_0008_idba_bin.45.fa.gz	https://ftp.ebi.ac.uk/vol1/analysis/ERZ103/ERZ1038043/10674_0008_idba_bin.45.fa.gz
rumen__10674_0008_idba_bin.48	rumen__10674_0008_idba_bin.48	rumen	rumen	Bacteria	10674_0008_idba_bin.48	10674_0008_idba	bin.48		ERZ1038044	webin-genome-10674_0008_idba_bin.48	10674_0008_idba_bin.48.fa.gz	rumen__10674_0008_idba_bin.48.faa	rumen__10674_0008_idba_bin.48	/home/rsg-jcorre38/Jay_Proyects/MethaNet/data/blue_catalyst_poc/proteomes/rumen__10674_0008_idba_bin.48.faa	927.0	24.0	15.0	True		https://ftp.sra.ebi.ac.uk/vol1/analysis/ERZ103/ERZ1038044/10674_0008_idba_bin.48.fa.gz	https://ftp.ebi.ac.uk/vol1/analysis/ERZ103/ERZ1038044/10674_0008_idba_bin.48.fa.gz
rumen__10674_0008_idba_bin.50	rumen__10674_0008_idba_bin.50	rumen	rumen	Bacteria	10674_0008_idba_bin.50	10674_0008_idba	bin.50		ERZ1038045	webin-genome-10674_0008_idba_bin.50	10674_0008_idba_bin.50.fa.gz	rumen__10674_0008_idba_bin.50.faa	rumen__10674_0008_idba_bin.50	/home/rsg-jcorre38/Jay_Proyects/MethaNet/data/blue_catalyst_poc/proteomes/rumen__10674_0008_idba_bin.50.faa	1037.0	24.0	16.0	True		https://ftp.sra.ebi.ac.uk/vol1/analysis/ERZ103/ERZ1038045/10674_0008_idba_bin.50.fa.gz	https://ftp.ebi.ac.uk/vol1/analysis/ERZ103/ERZ1038045/10674_0008_idba_bin.50.fa.gz
rumen__10674_0008_idba_bin.52	rumen__10674_0008_idba_bin.52	rumen	rumen	Bacteria	10674_0008_idba_bin.52	10674_0008_idba	bin.52		ERZ1038046	webin-genome-10674_0008_idba_bin.52	10674_0008_idba_bin.52.fa.gz	rumen__10674_0008_idba_bin.52.faa	rumen__10674_0008_idba_bin.52	/home/rsg-jcorre38/Jay_Proyects/MethaNet/data/blue_catalyst_poc/proteomes/rumen__10674_0008_idba_bin.52.faa	2014.0	24.0	17.0	True		https://ftp.sra.ebi.ac.uk/vol1/analysis/ERZ103/ERZ1038046/10674_0008_idba_bin.52.fa.gz	https://ftp.ebi.ac.uk/vol1/analysis/ERZ103/ERZ1038046/10674_0008_idba_bin.52.fa.gz
rumen__10674_0008_idba_bin.54	rumen__10674_0008_idba_bin.54	rumen	rumen	Bacteria	10674_0008_idba_bin.54	10674_0008_idba	bin.54		ERZ1038047	webin-genome-10674_0008_idba_bin.54	10674_0008_idba_bin.54.fa.gz	rumen__10674_0008_idba_bin.54.faa	rumen__10674_0008_idba_bin.54	/home/rsg-jcorre38/Jay_Proyects/MethaNet/data/blue_catalyst_poc/proteomes/rumen__10674_0008_idba_bin.54.faa	2080.0	24.0	18.0	True		https://ftp.sra.ebi.ac.uk/vol1/analysis/ERZ103/ERZ1038047/10674_0008_idba_bin.54.fa.gz	https://ftp.ebi.ac.uk/vol1/analysis/ERZ103/ERZ1038047/10674_0008_idba_bin.54.fa.gz
rumen__10674_0008_idba_bin.59	rumen__10674_0008_idba_bin.59	rumen	rumen	Bacteria	10674_0008_idba_bin.59	10674_0008_idba	bin.59		ERZ1038048	webin-genome-10674_0008_idba_bin.59	10674_0008_idba_bin.59.fa.gz	rumen__10674_0008_idba_bin.59.faa	rumen__10674_0008_idba_bin.59	/home/rsg-jcorre38/Jay_Proyects/MethaNet/data/blue_catalyst_poc/proteomes/rumen__10674_0008_idba_bin.59.faa	1955.0	24.0	19.0	True		https://ftp.sra.ebi.ac.uk/vol1/analysis/ERZ103/ERZ1038048/10674_0008_idba_bin.59.fa.gz	https://ftp.ebi.ac.uk/vol1/analysis/ERZ103/ERZ1038048/10674_0008_idba_bin.59.fa.gz
rumen__10674_0008_idba_bin.60	rumen__10674_0008_idba_bin.60	rumen	rumen	Bacteria	10674_0008_idba_bin.60	10674_0008_idba	bin.60		ERZ1038049	webin-genome-10674_0008_idba_bin.60	10674_0008_idba_bin.60.fa.gz	rumen__10674_0008_idba_bin.60.faa	rumen__10674_0008_idba_bin.60	/home/rsg-jcorre38/Jay_Proyects/MethaNet/data/blue_catalyst_poc/proteomes/rumen__10674_0008_idba_bin.60.faa	2143.0	24.0	20.0	True		https://ftp.sra.ebi.ac.uk/vol1/analysis/ERZ103/ERZ1038049/10674_0008_idba_bin.60.fa.gz	https://ftp.ebi.ac.uk/vol1/analysis/ERZ103/ERZ1038049/10674_0008_idba_bin.60.fa.gz
rumen__10674_0008_idba_bin.66	rumen__10674_0008_idba_bin.66	rumen	rumen	Bacteria	10674_0008_idba_bin.66	10674_0008_idba	bin.66		ERZ1038050	webin-genome-10674_0008_idba_bin.66	10674_0008_idba_bin.66.fa.gz	rumen__10674_0008_idba_bin.66.faa	rumen__10674_0008_idba_bin.66	/home/rsg-jcorre38/Jay_Proyects/MethaNet/data/blue_catalyst_poc/proteomes/rumen__10674_0008_idba_bin.66.faa	1770.0	24.0	21.0	True		https://ftp.sra.ebi.ac.uk/vol1/analysis/ERZ103/ERZ1038050/10674_0008_idba_bin.66.fa.gz	https://ftp.ebi.ac.uk/vol1/analysis/ERZ103/ERZ1038050/10674_0008_idba_bin.66.fa.gz
rumen__10674_0008_idba_bin.67	rumen__10674_0008_idba_bin.67	rumen	rumen	Archaea	10674_0008_idba_bin.67	10674_0008_idba	bin.67		ERZ1038051	webin-genome-10674_0008_idba_bin.67	10674_0008_idba_bin.67.fa.gz	rumen__10674_0008_idba_bin.67.faa	rumen__10674_0008_idba_bin.67	/home/rsg-jcorre38/Jay_Proyects/MethaNet/data/blue_catalyst_poc/proteomes/rumen__10674_0008_idba_bin.67.faa	2109.0	24.0	22.0	True		https://ftp.sra.ebi.ac.uk/vol1/analysis/ERZ103/ERZ1038051/10674_0008_idba_bin.67.fa.gz	https://ftp.ebi.ac.uk/vol1/analysis/ERZ103/ERZ1038051/10674_0008_idba_bin.67.fa.gz
rumen__10674_0008_idba_bin.68	rumen__10674_0008_idba_bin.68	rumen	rumen	Bacteria	10674_0008_idba_bin.68	10674_0008_idba	bin.68		ERZ1038052	webin-genome-10674_0008_idba_bin.68	10674_0008_idba_bin.68.fa.gz	rumen__10674_0008_idba_bin.68.faa	rumen__10674_0008_idba_bin.68	/home/rsg-jcorre38/Jay_Proyects/MethaNet/data/blue_catalyst_poc/proteomes/rumen__10674_0008_idba_bin.68.faa	1621.0	24.0	23.0	True		https://ftp.sra.ebi.ac.uk/vol1/analysis/ERZ103/ERZ1038052/10674_0008_idba_bin.68.fa.gz	https://ftp.ebi.ac.uk/vol1/analysis/ERZ103/ERZ1038052/10674_0008_idba_bin.68.fa.gz
rumen__10674_0008_idba_bin.78	rumen__10674_0008_idba_bin.78	rumen	rumen	Bacteria	10674_0008_idba_bin.78	10674_0008_idba	bin.78		ERZ1038053	webin-genome-10674_0008_idba_bin.78	10674_0008_idba_bin.78.fa.gz	rumen__10674_0008_idba_bin.78.faa	rumen__10674_0008_idba_bin.78	/home/rsg-jcorre38/Jay_Proyects/MethaNet/data/blue_catalyst_poc/proteomes/rumen__10674_0008_idba_bin.78.faa	715.0	24.0	24.0	True		https://ftp.sra.ebi.ac.uk/vol1/analysis/ERZ103/ERZ1038053/10674_0008_idba_bin.78.fa.gz	https://ftp.ebi.ac.uk/vol1/analysis/ERZ103/ERZ1038053/10674_0008_idba_bin.78.fa.gz
rumen__10674_0008_idba_bin.79	rumen__10674_0008_idba_bin.79	rumen	rumen	Bacteria	10674_0008_idba_bin.79	10674_0008_idba	bin.79		ERZ1038054	webin-genome-10674_0008_idba_bin.79	10674_0008_idba_bin.79.fa.gz	rumen__10674_0008_idba_bin.79.faa	rumen__10674_0008_idba_bin.79	/home/rsg-jcorre38/Jay_Proyects/MethaNet/data/blue_catalyst_poc/proteomes/rumen__10674_0008_idba_bin.79.faa	1867.0	25.0	0.0	True		https://ftp.sra.ebi.ac.uk/vol1/analysis/ERZ103/ERZ1038054/10674_0008_idba_bin.79.fa.gz	https://ftp.ebi.ac.uk/vol1/analysis/ERZ103/ERZ1038054/10674_0008_idba_bin.79.fa.gz
rumen__10674_0008_idba_bin.81	rumen__10674_0008_idba_bin.81	rumen	rumen	Bacteria	10674_0008_idba_bin.81	10674_0008_idba	bin.81		ERZ1038055	webin-genome-10674_0008_idba_bin.81	10674_0008_idba_bin.81.fa.gz	rumen__10674_0008_idba_bin.81.faa	rumen__10674_0008_idba_bin.81	/home/rsg-jcorre38/Jay_Proyects/MethaNet/data/blue_catalyst_poc/proteomes/rumen__10674_0008_idba_bin.81.faa	1360.0	25.0	1.0	True		https://ftp.sra.ebi.ac.uk/vol1/analysis/ERZ103/ERZ1038055/10674_0008_idba_bin.81.fa.gz	https://ftp.ebi.ac.uk/vol1/analysis/ERZ103/ERZ1038055/10674_0008_idba_bin.81.fa.gz
rumen__10674_0008_idba_bin.82	rumen__10674_0008_idba_bin.82	rumen	rumen	Archaea	10674_0008_idba_bin.82	10674_0008_idba	bin.82		ERZ1038056	webin-genome-10674_0008_idba_bin.82	10674_0008_idba_bin.82.fa.gz	rumen__10674_0008_idba_bin.82.faa	rumen__10674_0008_idba_bin.82	/home/rsg-jcorre38/Jay_Proyects/MethaNet/data/blue_catalyst_poc/proteomes/rumen__10674_0008_idba_bin.82.faa	2186.0	25.0	2.0	True		https://ftp.sra.ebi.ac.uk/vol1/analysis/ERZ103/ERZ1038056/10674_0008_idba_bin.82.fa.gz	https://ftp.ebi.ac.uk/vol1/analysis/ERZ103/ERZ1038056/10674_0008_idba_bin.82.fa.gz
rumen__10674_0008_idba_bin.87	rumen__10674_0008_idba_bin.87	rumen	rumen	Bacteria	10674_0008_idba_bin.87	10674_0008_idba	bin.87		ERZ1038057	webin-genome-10674_0008_idba_bin.87	10674_0008_idba_bin.87.fa.gz	rumen__10674_0008_idba_bin.87.faa	rumen__10674_0008_idba_bin.87	/home/rsg-jcorre38/Jay_Proyects/MethaNet/data/blue_catalyst_poc/proteomes/rumen__10674_0008_idba_bin.87.faa	2436.0	25.0	3.0	True		https://ftp.sra.ebi.ac.uk/vol1/analysis/ERZ103/ERZ1038057/10674_0008_idba_bin.87.fa.gz	https://ftp.ebi.ac.uk/vol1/analysis/ERZ103/ERZ1038057/10674_0008_idba_bin.87.fa.gz
rumen__10674_0008_idba_bin.95	rumen__10674_0008_idba_bin.95	rumen	rumen	Bacteria	10674_0008_idba_bin.95	10674_0008_idba	bin.95		ERZ1038058	webin-genome-10674_0008_idba_bin.95	10674_0008_idba_bin.95.fa.gz	rumen__10674_0008_idba_bin.95.faa	rumen__10674_0008_idba_bin.95	/home/rsg-jcorre38/Jay_Proyects/MethaNet/data/blue_catalyst_poc/proteomes/rumen__10674_0008_idba_bin.95.faa	1794.0	25.0	4.0	True		https://ftp.sra.ebi.ac.uk/vol1/analysis/ERZ103/ERZ1038058/10674_0008_idba_bin.95.fa.gz	https://ftp.ebi.ac.uk/vol1/analysis/ERZ103/ERZ1038058/10674_0008_idba_bin.95.fa.gz
rumen__10674_0008_idba_bin.97	rumen__10674_0008_idba_bin.97	rumen	rumen	Bacteria	10674_0008_idba_bin.97	10674_0008_idba	bin.97		ERZ1038059	webin-genome-10674_0008_idba_bin.97	10674_0008_idba_bin.97.fa.gz	rumen__10674_0008_idba_bin.97.faa	rumen__10674_0008_idba_bin.97	/home/rsg-jcorre38/Jay_Proyects/MethaNet/data/blue_catalyst_poc/proteomes/rumen__10674_0008_idba_bin.97.faa	2008.0	25.0	5.0	True		https://ftp.sra.ebi.ac.uk/vol1/analysis/ERZ103/ERZ1038059/10674_0008_idba_bin.97.fa.gz	https://ftp.ebi.ac.uk/vol1/analysis/ERZ103/ERZ1038059/10674_0008_idba_bin.97.fa.gz
rumen__10674_0008_idba_bin.99	rumen__10674_0008_idba_bin.99	rumen	rumen	Bacteria	10674_0008_idba_bin.99	10674_0008_idba	bin.99		ERZ1038060	webin-genome-10674_0008_idba_bin.99	10674_0008_idba_bin.99.fa.gz	rumen__10674_0008_idba_bin.99.faa	rumen__10674_0008_idba_bin.99	/home/rsg-jcorre38/Jay_Proyects/MethaNet/data/blue_catalyst_poc/proteomes/rumen__10674_0008_idba_bin.99.faa	1626.0	25.0	6.0	True		https://ftp.sra.ebi.ac.uk/vol1/analysis/ERZ103/ERZ1038060/10674_0008_idba_bin.99.fa.gz	https://ftp.ebi.ac.uk/vol1/analysis/ERZ103/ERZ1038060/10674_0008_idba_bin.99.fa.gz
rumen__10674_0009_idba_bin.1	rumen__10674_0009_idba_bin.1	rumen	rumen	Bacteria	10674_0009_idba_bin.1	10674_0009_idba	bin.1		ERZ1038061	webin-genome-10674_0009_idba_bin.1	10674_0009_idba_bin.1.fa.gz	rumen__10674_0009_idba_bin.1.faa	rumen__10674_0009_idba_bin.1	/home/rsg-jcorre38/Jay_Proyects/MethaNet/data/blue_catalyst_poc/proteomes/rumen__10674_0009_idba_bin.1.faa	1671.0	25.0	7.0	True		https://ftp.sra.ebi.ac.uk/vol1/analysis/ERZ103/ERZ1038061/10674_0009_idba_bin.1.fa.gz	https://ftp.ebi.ac.uk/vol1/analysis/ERZ103/ERZ1038061/10674_0009_idba_bin.1.fa.gz
rumen__10674_0009_idba_bin.10	rumen__10674_0009_idba_bin.10	rumen	rumen	Bacteria	10674_0009_idba_bin.10	10674_0009_idba	bin.10		ERZ1038062	webin-genome-10674_0009_idba_bin.10	10674_0009_idba_bin.10.fa.gz	rumen__10674_0009_idba_bin.10.faa	rumen__10674_0009_idba_bin.10	/home/rsg-jcorre38/Jay_Proyects/MethaNet/data/blue_catalyst_poc/proteomes/rumen__10674_0009_idba_bin.10.faa	2496.0	25.0	8.0	True		https://ftp.sra.ebi.ac.uk/vol1/analysis/ERZ103/ERZ1038062/10674_0009_idba_bin.10.fa.gz	https://ftp.ebi.ac.uk/vol1/analysis/ERZ103/ERZ1038062/10674_0009_idba_bin.10.fa.gz
rumen__10674_0009_idba_bin.101	rumen__10674_0009_idba_bin.101	rumen	rumen	Bacteria	10674_0009_idba_bin.101	10674_0009_idba	bin.101		ERZ1038063	webin-genome-10674_0009_idba_bin.101	10674_0009_idba_bin.101.fa.gz	rumen__10674_0009_idba_bin.101.faa	rumen__10674_0009_idba_bin.101	/home/rsg-jcorre38/Jay_Proyects/MethaNet/data/blue_catalyst_poc/proteomes/rumen__10674_0009_idba_bin.101.faa	1853.0	25.0	9.0	True		https://ftp.sra.ebi.ac.uk/vol1/analysis/ERZ103/ERZ1038063/10674_0009_idba_bin.101.fa.gz	https://ftp.ebi.ac.uk/vol1/analysis/ERZ103/ERZ1038063/10674_0009_idba_bin.101.fa.gz
rumen__10674_0009_idba_bin.104	rumen__10674_0009_idba_bin.104	rumen	rumen	Bacteria	10674_0009_idba_bin.104	10674_0009_idba	bin.104		ERZ1038064	webin-genome-10674_0009_idba_bin.104	10674_0009_idba_bin.104.fa.gz	rumen__10674_0009_idba_bin.104.faa	rumen__10674_0009_idba_bin.104	/home/rsg-jcorre38/Jay_Proyects/MethaNet/data/blue_catalyst_poc/proteomes/rumen__10674_0009_idba_bin.104.faa	1916.0	25.0	10.0	True		https://ftp.sra.ebi.ac.uk/vol1/analysis/ERZ103/ERZ1038064/10674_0009_idba_bin.104.fa.gz	https://ftp.ebi.ac.uk/vol1/analysis/ERZ103/ERZ1038064/10674_0009_idba_bin.104.fa.gz
rumen__10674_0009_idba_bin.108	rumen__10674_0009_idba_bin.108	rumen	rumen	Bacteria	10674_0009_idba_bin.108	10674_0009_idba	bin.108		ERZ1038065	webin-genome-10674_0009_idba_bin.108	10674_0009_idba_bin.108.fa.gz	rumen__10674_0009_idba_bin.108.faa	rumen__10674_0009_idba_bin.108	/home/rsg-jcorre38/Jay_Proyects/MethaNet/data/blue_catalyst_poc/proteomes/rumen__10674_0009_idba_bin.108.faa	1767.0	25.0	11.0	True		https://ftp.sra.ebi.ac.uk/vol1/analysis/ERZ103/ERZ1038065/10674_0009_idba_bin.108.fa.gz	https://ftp.ebi.ac.uk/vol1/analysis/ERZ103/ERZ1038065/10674_0009_idba_bin.108.fa.gz
rumen__10674_0009_idba_bin.11	rumen__10674_0009_idba_bin.11	rumen	rumen	Bacteria	10674_0009_idba_bin.11	10674_0009_idba	bin.11		ERZ1038066	webin-genome-10674_0009_idba_bin.11	10674_0009_idba_bin.11.fa.gz	rumen__10674_0009_idba_bin.11.faa	rumen__10674_0009_idba_bin.11	/home/rsg-jcorre38/Jay_Proyects/MethaNet/data/blue_catalyst_poc/proteomes/rumen__10674_0009_idba_bin.11.faa	2029.0	25.0	12.0	True		https://ftp.sra.ebi.ac.uk/vol1/analysis/ERZ103/ERZ1038066/10674_0009_idba_bin.11.fa.gz	https://ftp.ebi.ac.uk/vol1/analysis/ERZ103/ERZ1038066/10674_0009_idba_bin.11.fa.gz
rumen__10674_0009_idba_bin.110	rumen__10674_0009_idba_bin.110	rumen	rumen	Bacteria	10674_0009_idba_bin.110	10674_0009_idba	bin.110		ERZ1038067	webin-genome-10674_0009_idba_bin.110	10674_0009_idba_bin.110.fa.gz	rumen__10674_0009_idba_bin.110.faa	rumen__10674_0009_idba_bin.110	/home/rsg-jcorre38/Jay_Proyects/MethaNet/data/blue_catalyst_poc/proteomes/rumen__10674_0009_idba_bin.110.faa	1556.0	25.0	13.0	True		https://ftp.sra.ebi.ac.uk/vol1/analysis/ERZ103/ERZ1038067/10674_0009_idba_bin.110.fa.gz	https://ftp.ebi.ac.uk/vol1/analysis/ERZ103/ERZ1038067/10674_0009_idba_bin.110.fa.gz
rumen__10674_0009_idba_bin.111	rumen__10674_0009_idba_bin.111	rumen	rumen	Bacteria	10674_0009_idba_bin.111	10674_0009_idba	bin.111		ERZ1038068	webin-genome-10674_0009_idba_bin.111	10674_0009_idba_bin.111.fa.gz	rumen__10674_0009_idba_bin.111.faa	rumen__10674_0009_idba_bin.111	/home/rsg-jcorre38/Jay_Proyects/MethaNet/data/blue_catalyst_poc/proteomes/rumen__10674_0009_idba_bin.111.faa	1695.0	25.0	14.0	True		https://ftp.sra.ebi.ac.uk/vol1/analysis/ERZ103/ERZ1038068/10674_0009_idba_bin.111.fa.gz	https://ftp.ebi.ac.uk/vol1/analysis/ERZ103/ERZ1038068/10674_0009_idba_bin.111.fa.gz
rumen__10674_0009_idba_bin.113	rumen__10674_0009_idba_bin.113	rumen	rumen	Bacteria	10674_0009_idba_bin.113	10674_0009_idba	bin.113		ERZ1038069	webin-genome-10674_0009_idba_bin.113	10674_0009_idba_bin.113.fa.gz	rumen__10674_0009_idba_bin.113.faa	rumen__10674_0009_idba_bin.113	/home/rsg-jcorre38/Jay_Proyects/MethaNet/data/blue_catalyst_poc/proteomes/rumen__10674_0009_idba_bin.113.faa	1556.0	25.0	15.0	True		https://ftp.sra.ebi.ac.uk/vol1/analysis/ERZ103/ERZ1038069/10674_0009_idba_bin.113.fa.gz	https://ftp.ebi.ac.uk/vol1/analysis/ERZ103/ERZ1038069/10674_0009_idba_bin.113.fa.gz
rumen__10674_0009_idba_bin.114	rumen__10674_0009_idba_bin.114	rumen	rumen	Bacteria	10674_0009_idba_bin.114	10674_0009_idba	bin.114		ERZ1038070	webin-genome-10674_0009_idba_bin.114	10674_0009_idba_bin.114.fa.gz	rumen__10674_0009_idba_bin.114.faa	rumen__10674_0009_idba_bin.114	/home/rsg-jcorre38/Jay_Proyects/MethaNet/data/blue_catalyst_poc/proteomes/rumen__10674_0009_idba_bin.114.faa	1894.0	25.0	16.0	True		https://ftp.sra.ebi.ac.uk/vol1/analysis/ERZ103/ERZ1038070/10674_0009_idba_bin.114.fa.gz	https://ftp.ebi.ac.uk/vol1/analysis/ERZ103/ERZ1038070/10674_0009_idba_bin.114.fa.gz
rumen__10674_0009_idba_bin.115	rumen__10674_0009_idba_bin.115	rumen	rumen	Bacteria	10674_0009_idba_bin.115	10674_0009_idba	bin.115		ERZ1038071	webin-genome-10674_0009_idba_bin.115	10674_0009_idba_bin.115.fa.gz	rumen__10674_0009_idba_bin.115.faa	rumen__10674_0009_idba_bin.115	/home/rsg-jcorre38/Jay_Proyects/MethaNet/data/blue_catalyst_poc/proteomes/rumen__10674_0009_idba_bin.115.faa	1406.0	25.0	17.0	True		https://ftp.sra.ebi.ac.uk/vol1/analysis/ERZ103/ERZ1038071/10674_0009_idba_bin.115.fa.gz	https://ftp.ebi.ac.uk/vol1/analysis/ERZ103/ERZ1038071/10674_0009_idba_bin.115.fa.gz
rumen__10674_0009_idba_bin.117	rumen__10674_0009_idba_bin.117	rumen	rumen	Bacteria	10674_0009_idba_bin.117	10674_0009_idba	bin.117		ERZ1038072	webin-genome-10674_0009_idba_bin.117	10674_0009_idba_bin.117.fa.gz	rumen__10674_0009_idba_bin.117.faa	rumen__10674_0009_idba_bin.117	/home/rsg-jcorre38/Jay_Proyects/MethaNet/data/blue_catalyst_poc/proteomes/rumen__10674_0009_idba_bin.117.faa	2355.0	25.0	18.0	True		https://ftp.sra.ebi.ac.uk/vol1/analysis/ERZ103/ERZ1038072/10674_0009_idba_bin.117.fa.gz	https://ftp.ebi.ac.uk/vol1/analysis/ERZ103/ERZ1038072/10674_0009_idba_bin.117.fa.gz
rumen__10674_0009_idba_bin.118	rumen__10674_0009_idba_bin.118	rumen	rumen	Bacteria	10674_0009_idba_bin.118	10674_0009_idba	bin.118		ERZ1038073	webin-genome-10674_0009_idba_bin.118	10674_0009_idba_bin.118.fa.gz	rumen__10674_0009_idba_bin.118.faa	rumen__10674_0009_idba_bin.118	/home/rsg-jcorre38/Jay_Proyects/MethaNet/data/blue_catalyst_poc/proteomes/rumen__10674_0009_idba_bin.118.faa	2634.0	25.0	19.0	True		https://ftp.sra.ebi.ac.uk/vol1/analysis/ERZ103/ERZ1038073/10674_0009_idba_bin.118.fa.gz	https://ftp.ebi.ac.uk/vol1/analysis/ERZ103/ERZ1038073/10674_0009_idba_bin.118.fa.gz
rumen__10674_0009_idba_bin.12	rumen__10674_0009_idba_bin.12	rumen	rumen	Bacteria	10674_0009_idba_bin.12	10674_0009_idba	bin.12		ERZ1038074	webin-genome-10674_0009_idba_bin.12	10674_0009_idba_bin.12.fa.gz	rumen__10674_0009_idba_bin.12.faa	rumen__10674_0009_idba_bin.12	/home/rsg-jcorre38/Jay_Proyects/MethaNet/data/blue_catalyst_poc/proteomes/rumen__10674_0009_idba_bin.12.faa	2861.0	25.0	20.0	True		https://ftp.sra.ebi.ac.uk/vol1/analysis/ERZ103/ERZ1038074/10674_0009_idba_bin.12.fa.gz	https://ftp.ebi.ac.uk/vol1/analysis/ERZ103/ERZ1038074/10674_0009_idba_bin.12.fa.gz
rumen__10674_0009_idba_bin.122	rumen__10674_0009_idba_bin.122	rumen	rumen	Bacteria	10674_0009_idba_bin.122	10674_0009_idba	bin.122		ERZ1038075	webin-genome-10674_0009_idba_bin.122	10674_0009_idba_bin.122.fa.gz	rumen__10674_0009_idba_bin.122.faa	rumen__10674_0009_idba_bin.122	/home/rsg-jcorre38/Jay_Proyects/MethaNet/data/blue_catalyst_poc/proteomes/rumen__10674_0009_idba_bin.122.faa	1583.0	25.0	21.0	True		https://ftp.sra.ebi.ac.uk/vol1/analysis/ERZ103/ERZ1038075/10674_0009_idba_bin.122.fa.gz	https://ftp.ebi.ac.uk/vol1/analysis/ERZ103/ERZ1038075/10674_0009_idba_bin.122.fa.gz
rumen__10674_0009_idba_bin.123	rumen__10674_0009_idba_bin.123	rumen	rumen	Bacteria	10674_0009_idba_bin.123	10674_0009_idba	bin.123		ERZ1038076	webin-genome-10674_0009_idba_bin.123	10674_0009_idba_bin.123.fa.gz	rumen__10674_0009_idba_bin.123.faa	rumen__10674_0009_idba_bin.123	/home/rsg-jcorre38/Jay_Proyects/MethaNet/data/blue_catalyst_poc/proteomes/rumen__10674_0009_idba_bin.123.faa	1930.0	25.0	22.0	True		https://ftp.sra.ebi.ac.uk/vol1/analysis/ERZ103/ERZ1038076/10674_0009_idba_bin.123.fa.gz	https://ftp.ebi.ac.uk/vol1/analysis/ERZ103/ERZ1038076/10674_0009_idba_bin.123.fa.gz
rumen__10674_0009_idba_bin.126	rumen__10674_0009_idba_bin.126	rumen	rumen	Bacteria	10674_0009_idba_bin.126	10674_0009_idba	bin.126		ERZ1038077	webin-genome-10674_0009_idba_bin.126	10674_0009_idba_bin.126.fa.gz	rumen__10674_0009_idba_bin.126.faa	rumen__10674_0009_idba_bin.126	/home/rsg-jcorre38/Jay_Proyects/MethaNet/data/blue_catalyst_poc/proteomes/rumen__10674_0009_idba_bin.126.faa	1703.0	25.0	23.0	True		https://ftp.sra.ebi.ac.uk/vol1/analysis/ERZ103/ERZ1038077/10674_0009_idba_bin.126.fa.gz	https://ftp.ebi.ac.uk/vol1/analysis/ERZ103/ERZ1038077/10674_0009_idba_bin.126.fa.gz
rumen__10674_0009_idba_bin.133	rumen__10674_0009_idba_bin.133	rumen	rumen	Bacteria	10674_0009_idba_bin.133	10674_0009_idba	bin.133		ERZ1038078	webin-genome-10674_0009_idba_bin.133	10674_0009_idba_bin.133.fa.gz	rumen__10674_0009_idba_bin.133.faa	rumen__10674_0009_idba_bin.133	/home/rsg-jcorre38/Jay_Proyects/MethaNet/data/blue_catalyst_poc/proteomes/rumen__10674_0009_idba_bin.133.faa	2001.0	25.0	24.0	True		https://ftp.sra.ebi.ac.uk/vol1/analysis/ERZ103/ERZ1038078/10674_0009_idba_bin.133.fa.gz	https://ftp.ebi.ac.uk/vol1/analysis/ERZ103/ERZ1038078/10674_0009_idba_bin.133.fa.gz
rumen__10674_0009_idba_bin.136	rumen__10674_0009_idba_bin.136	rumen	rumen	Bacteria	10674_0009_idba_bin.136	10674_0009_idba	bin.136		ERZ1038079	webin-genome-10674_0009_idba_bin.136	10674_0009_idba_bin.136.fa.gz	rumen__10674_0009_idba_bin.136.faa	rumen__10674_0009_idba_bin.136	/home/rsg-jcorre38/Jay_Proyects/MethaNet/data/blue_catalyst_poc/proteomes/rumen__10674_0009_idba_bin.136.faa	1952.0	26.0	0.0	True		https://ftp.sra.ebi.ac.uk/vol1/analysis/ERZ103/ERZ1038079/10674_0009_idba_bin.136.fa.gz	https://ftp.ebi.ac.uk/vol1/analysis/ERZ103/ERZ1038079/10674_0009_idba_bin.136.fa.gz
rumen__10674_0009_idba_bin.138	rumen__10674_0009_idba_bin.138	rumen	rumen	Bacteria	10674_0009_idba_bin.138	10674_0009_idba	bin.138		ERZ1038080	webin-genome-10674_0009_idba_bin.138	10674_0009_idba_bin.138.fa.gz	rumen__10674_0009_idba_bin.138.faa	rumen__10674_0009_idba_bin.138	/home/rsg-jcorre38/Jay_Proyects/MethaNet/data/blue_catalyst_poc/proteomes/rumen__10674_0009_idba_bin.138.faa	2348.0	26.0	1.0	True		https://ftp.sra.ebi.ac.uk/vol1/analysis/ERZ103/ERZ1038080/10674_0009_idba_bin.138.fa.gz	https://ftp.ebi.ac.uk/vol1/analysis/ERZ103/ERZ1038080/10674_0009_idba_bin.138.fa.gz
rumen__10674_0009_idba_bin.139	rumen__10674_0009_idba_bin.139	rumen	rumen	Bacteria	10674_0009_idba_bin.139	10674_0009_idba	bin.139		ERZ1038081	webin-genome-10674_0009_idba_bin.139	10674_0009_idba_bin.139.fa.gz	rumen__10674_0009_idba_bin.139.faa	rumen__10674_0009_idba_bin.139	/home/rsg-jcorre38/Jay_Proyects/MethaNet/data/blue_catalyst_poc/proteomes/rumen__10674_0009_idba_bin.139.faa	1982.0	26.0	2.0	True		https://ftp.sra.ebi.ac.uk/vol1/analysis/ERZ103/ERZ1038081/10674_0009_idba_bin.139.fa.gz	https://ftp.ebi.ac.uk/vol1/analysis/ERZ103/ERZ1038081/10674_0009_idba_bin.139.fa.gz
rumen__10674_0009_idba_bin.14	rumen__10674_0009_idba_bin.14	rumen	rumen	Bacteria	10674_0009_idba_bin.14	10674_0009_idba	bin.14		ERZ1038082	webin-genome-10674_0009_idba_bin.14	10674_0009_idba_bin.14.fa.gz	rumen__10674_0009_idba_bin.14.faa	rumen__10674_0009_idba_bin.14	/home/rsg-jcorre38/Jay_Proyects/MethaNet/data/blue_catalyst_poc/proteomes/rumen__10674_0009_idba_bin.14.faa	2087.0	26.0	3.0	True		https://ftp.sra.ebi.ac.uk/vol1/analysis/ERZ103/ERZ1038082/10674_0009_idba_bin.14.fa.gz	https://ftp.ebi.ac.uk/vol1/analysis/ERZ103/ERZ1038082/10674_0009_idba_bin.14.fa.gz
rumen__10674_0009_idba_bin.142	rumen__10674_0009_idba_bin.142	rumen	rumen	Bacteria	10674_0009_idba_bin.142	10674_0009_idba	bin.142		ERZ1038083	webin-genome-10674_0009_idba_bin.142	10674_0009_idba_bin.142.fa.gz	rumen__10674_0009_idba_bin.142.faa	rumen__10674_0009_idba_bin.142	/home/rsg-jcorre38/Jay_Proyects/MethaNet/data/blue_catalyst_poc/proteomes/rumen__10674_0009_idba_bin.142.faa	1969.0	26.0	4.0	True		https://ftp.sra.ebi.ac.uk/vol1/analysis/ERZ103/ERZ1038083/10674_0009_idba_bin.142.fa.gz	https://ftp.ebi.ac.uk/vol1/analysis/ERZ103/ERZ1038083/10674_0009_idba_bin.142.fa.gz
rumen__10674_0009_idba_bin.144	rumen__10674_0009_idba_bin.144	rumen	rumen	Bacteria	10674_0009_idba_bin.144	10674_0009_idba	bin.144		ERZ1038084	webin-genome-10674_0009_idba_bin.144	10674_0009_idba_bin.144.fa.gz	rumen__10674_0009_idba_bin.144.faa	rumen__10674_0009_idba_bin.144	/home/rsg-jcorre38/Jay_Proyects/MethaNet/data/blue_catalyst_poc/proteomes/rumen__10674_0009_idba_bin.144.faa	1656.0	26.0	5.0	True		https://ftp.sra.ebi.ac.uk/vol1/analysis/ERZ103/ERZ1038084/10674_0009_idba_bin.144.fa.gz	https://ftp.ebi.ac.uk/vol1/analysis/ERZ103/ERZ1038084/10674_0009_idba_bin.144.fa.gz
rumen__10674_0009_idba_bin.146	rumen__10674_0009_idba_bin.146	rumen	rumen	Bacteria	10674_0009_idba_bin.146	10674_0009_idba	bin.146		ERZ1038085	webin-genome-10674_0009_idba_bin.146	10674_0009_idba_bin.146.fa.gz	rumen__10674_0009_idba_bin.146.faa	rumen__10674_0009_idba_bin.146	/home/rsg-jcorre38/Jay_Proyects/MethaNet/data/blue_catalyst_poc/proteomes/rumen__10674_0009_idba_bin.146.faa	1730.0	26.0	6.0	True		https://ftp.sra.ebi.ac.uk/vol1/analysis/ERZ103/ERZ1038085/10674_0009_idba_bin.146.fa.gz	https://ftp.ebi.ac.uk/vol1/analysis/ERZ103/ERZ1038085/10674_0009_idba_bin.146.fa.gz
rumen__10674_0009_idba_bin.148	rumen__10674_0009_idba_bin.148	rumen	rumen	Bacteria	10674_0009_idba_bin.148	10674_0009_idba	bin.148		ERZ1038086	webin-genome-10674_0009_idba_bin.148	10674_0009_idba_bin.148.fa.gz	rumen__10674_0009_idba_bin.148.faa	rumen__10674_0009_idba_bin.148	/home/rsg-jcorre38/Jay_Proyects/MethaNet/data/blue_catalyst_poc/proteomes/rumen__10674_0009_idba_bin.148.faa	1924.0	26.0	7.0	True		https://ftp.sra.ebi.ac.uk/vol1/analysis/ERZ103/ERZ1038086/10674_0009_idba_bin.148.fa.gz	https://ftp.ebi.ac.uk/vol1/analysis/ERZ103/ERZ1038086/10674_0009_idba_bin.148.fa.gz
rumen__10674_0009_idba_bin.149	rumen__10674_0009_idba_bin.149	rumen	rumen	Bacteria	10674_0009_idba_bin.149	10674_0009_idba	bin.149		ERZ1038087	webin-genome-10674_0009_idba_bin.149	10674_0009_idba_bin.149.fa.gz	rumen__10674_0009_idba_bin.149.faa	rumen__10674_0009_idba_bin.149	/home/rsg-jcorre38/Jay_Proyects/MethaNet/data/blue_catalyst_poc/proteomes/rumen__10674_0009_idba_bin.149.faa	710.0	26.0	8.0	True		https://ftp.sra.ebi.ac.uk/vol1/analysis/ERZ103/ERZ1038087/10674_0009_idba_bin.149.fa.gz	https://ftp.ebi.ac.uk/vol1/analysis/ERZ103/ERZ1038087/10674_0009_idba_bin.149.fa.gz
rumen__10674_0009_idba_bin.15	rumen__10674_0009_idba_bin.15	rumen	rumen	Bacteria	10674_0009_idba_bin.15	10674_0009_idba	bin.15		ERZ1038088	webin-genome-10674_0009_idba_bin.15	10674_0009_idba_bin.15.fa.gz	rumen__10674_0009_idba_bin.15.faa	rumen__10674_0009_idba_bin.15	/home/rsg-jcorre38/Jay_Proyects/MethaNet/data/blue_catalyst_poc/proteomes/rumen__10674_0009_idba_bin.15.faa	1558.0	26.0	9.0	True		https://ftp.sra.ebi.ac.uk/vol1/analysis/ERZ103/ERZ1038088/10674_0009_idba_bin.15.fa.gz	https://ftp.ebi.ac.uk/vol1/analysis/ERZ103/ERZ1038088/10674_0009_idba_bin.15.fa.gz
rumen__10674_0009_idba_bin.151	rumen__10674_0009_idba_bin.151	rumen	rumen	Bacteria	10674_0009_idba_bin.151	10674_0009_idba	bin.151		ERZ1038089	webin-genome-10674_0009_idba_bin.151	10674_0009_idba_bin.151.fa.gz	rumen__10674_0009_idba_bin.151.faa	rumen__10674_0009_idba_bin.151	/home/rsg-jcorre38/Jay_Proyects/MethaNet/data/blue_catalyst_poc/proteomes/rumen__10674_0009_idba_bin.151.faa	2315.0	26.0	10.0	True		https://ftp.sra.ebi.ac.uk/vol1/analysis/ERZ103/ERZ1038089/10674_0009_idba_bin.151.fa.gz	https://ftp.ebi.ac.uk/vol1/analysis/ERZ103/ERZ1038089/10674_0009_idba_bin.151.fa.gz
rumen__10674_0009_idba_bin.153	rumen__10674_0009_idba_bin.153	rumen	rumen	Bacteria	10674_0009_idba_bin.153	10674_0009_idba	bin.153		ERZ1038090	webin-genome-10674_0009_idba_bin.153	10674_0009_idba_bin.153.fa.gz	rumen__10674_0009_idba_bin.153.faa	rumen__10674_0009_idba_bin.153	/home/rsg-jcorre38/Jay_Proyects/MethaNet/data/blue_catalyst_poc/proteomes/rumen__10674_0009_idba_bin.153.faa	1659.0	26.0	11.0	True		https://ftp.sra.ebi.ac.uk/vol1/analysis/ERZ103/ERZ1038090/10674_0009_idba_bin.153.fa.gz	https://ftp.ebi.ac.uk/vol1/analysis/ERZ103/ERZ1038090/10674_0009_idba_bin.153.fa.gz
rumen__10674_0009_idba_bin.157	rumen__10674_0009_idba_bin.157	rumen	rumen	Bacteria	10674_0009_idba_bin.157	10674_0009_idba	bin.157		ERZ1038091	webin-genome-10674_0009_idba_bin.157	10674_0009_idba_bin.157.fa.gz	rumen__10674_0009_idba_bin.157.faa	rumen__10674_0009_idba_bin.157	/home/rsg-jcorre38/Jay_Proyects/MethaNet/data/blue_catalyst_poc/proteomes/rumen__10674_0009_idba_bin.157.faa	1735.0	26.0	12.0	True		https://ftp.sra.ebi.ac.uk/vol1/analysis/ERZ103/ERZ1038091/10674_0009_idba_bin.157.fa.gz	https://ftp.ebi.ac.uk/vol1/analysis/ERZ103/ERZ1038091/10674_0009_idba_bin.157.fa.gz
rumen__10674_0009_idba_bin.158	rumen__10674_0009_idba_bin.158	rumen	rumen	Bacteria	10674_0009_idba_bin.158	10674_0009_idba	bin.158		ERZ1038092	webin-genome-10674_0009_idba_bin.158	10674_0009_idba_bin.158.fa.gz	rumen__10674_0009_idba_bin.158.faa	rumen__10674_0009_idba_bin.158	/home/rsg-jcorre38/Jay_Proyects/MethaNet/data/blue_catalyst_poc/proteomes/rumen__10674_0009_idba_bin.158.faa	1742.0	26.0	13.0	True		https://ftp.sra.ebi.ac.uk/vol1/analysis/ERZ103/ERZ1038092/10674_0009_idba_bin.158.fa.gz	https://ftp.ebi.ac.uk/vol1/analysis/ERZ103/ERZ1038092/10674_0009_idba_bin.158.fa.gz
rumen__10674_0009_idba_bin.159	rumen__10674_0009_idba_bin.159	rumen	rumen	Bacteria	10674_0009_idba_bin.159	10674_0009_idba	bin.159		ERZ1038093	webin-genome-10674_0009_idba_bin.159	10674_0009_idba_bin.159.fa.gz	rumen__10674_0009_idba_bin.159.faa	rumen__10674_0009_idba_bin.159	/home/rsg-jcorre38/Jay_Proyects/MethaNet/data/blue_catalyst_poc/proteomes/rumen__10674_0009_idba_bin.159.faa	1556.0	26.0	14.0	True		https://ftp.sra.ebi.ac.uk/vol1/analysis/ERZ103/ERZ1038093/10674_0009_idba_bin.159.fa.gz	https://ftp.ebi.ac.uk/vol1/analysis/ERZ103/ERZ1038093/10674_0009_idba_bin.159.fa.gz
rumen__10674_0009_idba_bin.161	rumen__10674_0009_idba_bin.161	rumen	rumen	Bacteria	10674_0009_idba_bin.161	10674_0009_idba	bin.161		ERZ1038094	webin-genome-10674_0009_idba_bin.161	10674_0009_idba_bin.161.fa.gz	rumen__10674_0009_idba_bin.161.faa	rumen__10674_0009_idba_bin.161	/home/rsg-jcorre38/Jay_Proyects/MethaNet/data/blue_catalyst_poc/proteomes/rumen__10674_0009_idba_bin.161.faa	1955.0	26.0	15.0	True		https://ftp.sra.ebi.ac.uk/vol1/analysis/ERZ103/ERZ1038094/10674_0009_idba_bin.161.fa.gz	https://ftp.ebi.ac.uk/vol1/analysis/ERZ103/ERZ1038094/10674_0009_idba_bin.161.fa.gz
rumen__10674_0009_idba_bin.162	rumen__10674_0009_idba_bin.162	rumen	rumen	Bacteria	10674_0009_idba_bin.162	10674_0009_idba	bin.162		ERZ1038095	webin-genome-10674_0009_idba_bin.162	10674_0009_idba_bin.162.fa.gz	rumen__10674_0009_idba_bin.162.faa	rumen__10674_0009_idba_bin.162	/home/rsg-jcorre38/Jay_Proyects/MethaNet/data/blue_catalyst_poc/proteomes/rumen__10674_0009_idba_bin.162.faa	2152.0	26.0	16.0	True		https://ftp.sra.ebi.ac.uk/vol1/analysis/ERZ103/ERZ1038095/10674_0009_idba_bin.162.fa.gz	https://ftp.ebi.ac.uk/vol1/analysis/ERZ103/ERZ1038095/10674_0009_idba_bin.162.fa.gz
rumen__10674_0009_idba_bin.163	rumen__10674_0009_idba_bin.163	rumen	rumen	Bacteria	10674_0009_idba_bin.163	10674_0009_idba	bin.163		ERZ1038096	webin-genome-10674_0009_idba_bin.163	10674_0009_idba_bin.163.fa.gz	rumen__10674_0009_idba_bin.163.faa	rumen__10674_0009_idba_bin.163	/home/rsg-jcorre38/Jay_Proyects/MethaNet/data/blue_catalyst_poc/proteomes/rumen__10674_0009_idba_bin.163.faa	1722.0	26.0	17.0	True		https://ftp.sra.ebi.ac.uk/vol1/analysis/ERZ103/ERZ1038096/10674_0009_idba_bin.163.fa.gz	https://ftp.ebi.ac.uk/vol1/analysis/ERZ103/ERZ1038096/10674_0009_idba_bin.163.fa.gz
rumen__10674_0009_idba_bin.165	rumen__10674_0009_idba_bin.165	rumen	rumen	Bacteria	10674_0009_idba_bin.165	10674_0009_idba	bin.165		ERZ1038097	webin-genome-10674_0009_idba_bin.165	10674_0009_idba_bin.165.fa.gz	rumen__10674_0009_idba_bin.165.faa	rumen__10674_0009_idba_bin.165	/home/rsg-jcorre38/Jay_Proyects/MethaNet/data/blue_catalyst_poc/proteomes/rumen__10674_0009_idba_bin.165.faa	1547.0	26.0	18.0	True		https://ftp.sra.ebi.ac.uk/vol1/analysis/ERZ103/ERZ1038097/10674_0009_idba_bin.165.fa.gz	https://ftp.ebi.ac.uk/vol1/analysis/ERZ103/ERZ1038097/10674_0009_idba_bin.165.fa.gz
rumen__10674_0009_idba_bin.168	rumen__10674_0009_idba_bin.168	rumen	rumen	Bacteria	10674_0009_idba_bin.168	10674_0009_idba	bin.168		ERZ1038098	webin-genome-10674_0009_idba_bin.168	10674_0009_idba_bin.168.fa.gz	rumen__10674_0009_idba_bin.168.faa	rumen__10674_0009_idba_bin.168	/home/rsg-jcorre38/Jay_Proyects/MethaNet/data/blue_catalyst_poc/proteomes/rumen__10674_0009_idba_bin.168.faa	1902.0	26.0	19.0	True		https://ftp.sra.ebi.ac.uk/vol1/analysis/ERZ103/ERZ1038098/10674_0009_idba_bin.168.fa.gz	https://ftp.ebi.ac.uk/vol1/analysis/ERZ103/ERZ1038098/10674_0009_idba_bin.168.fa.gz
rumen__10674_0009_idba_bin.169	rumen__10674_0009_idba_bin.169	rumen	rumen	Bacteria	10674_0009_idba_bin.169	10674_0009_idba	bin.169		ERZ1038099	webin-genome-10674_0009_idba_bin.169	10674_0009_idba_bin.169.fa.gz	rumen__10674_0009_idba_bin.169.faa	rumen__10674_0009_idba_bin.169	/home/rsg-jcorre38/Jay_Proyects/MethaNet/data/blue_catalyst_poc/proteomes/rumen__10674_0009_idba_bin.169.faa	1456.0	26.0	20.0	True		https://ftp.sra.ebi.ac.uk/vol1/analysis/ERZ103/ERZ1038099/10674_0009_idba_bin.169.fa.gz	https://ftp.ebi.ac.uk/vol1/analysis/ERZ103/ERZ1038099/10674_0009_idba_bin.169.fa.gz
rumen__10674_0009_idba_bin.171	rumen__10674_0009_idba_bin.171	rumen	rumen	Bacteria	10674_0009_idba_bin.171	10674_0009_idba	bin.171		ERZ1038100	webin-genome-10674_0009_idba_bin.171	10674_0009_idba_bin.171.fa.gz	rumen__10674_0009_idba_bin.171.faa	rumen__10674_0009_idba_bin.171	/home/rsg-jcorre38/Jay_Proyects/MethaNet/data/blue_catalyst_poc/proteomes/rumen__10674_0009_idba_bin.171.faa	2291.0	26.0	21.0	True		https://ftp.sra.ebi.ac.uk/vol1/analysis/ERZ103/ERZ1038100/10674_0009_idba_bin.171.fa.gz	https://ftp.ebi.ac.uk/vol1/analysis/ERZ103/ERZ1038100/10674_0009_idba_bin.171.fa.gz
rumen__10674_0009_idba_bin.172	rumen__10674_0009_idba_bin.172	rumen	rumen	Bacteria	10674_0009_idba_bin.172	10674_0009_idba	bin.172		ERZ1038101	webin-genome-10674_0009_idba_bin.172	10674_0009_idba_bin.172.fa.gz	rumen__10674_0009_idba_bin.172.faa	rumen__10674_0009_idba_bin.172	/home/rsg-jcorre38/Jay_Proyects/MethaNet/data/blue_catalyst_poc/proteomes/rumen__10674_0009_idba_bin.172.faa	3374.0	26.0	22.0	True		https://ftp.sra.ebi.ac.uk/vol1/analysis/ERZ103/ERZ1038101/10674_0009_idba_bin.172.fa.gz	https://ftp.ebi.ac.uk/vol1/analysis/ERZ103/ERZ1038101/10674_0009_idba_bin.172.fa.gz
rumen__10674_0009_idba_bin.18	rumen__10674_0009_idba_bin.18	rumen	rumen	Bacteria	10674_0009_idba_bin.18	10674_0009_idba	bin.18		ERZ1038102	webin-genome-10674_0009_idba_bin.18	10674_0009_idba_bin.18.fa.gz	rumen__10674_0009_idba_bin.18.faa	rumen__10674_0009_idba_bin.18	/home/rsg-jcorre38/Jay_Proyects/MethaNet/data/blue_catalyst_poc/proteomes/rumen__10674_0009_idba_bin.18.faa	2917.0	26.0	23.0	True		https://ftp.sra.ebi.ac.uk/vol1/analysis/ERZ103/ERZ1038102/10674_0009_idba_bin.18.fa.gz	https://ftp.ebi.ac.uk/vol1/analysis/ERZ103/ERZ1038102/10674_0009_idba_bin.18.fa.gz
rumen__10674_0009_idba_bin.181	rumen__10674_0009_idba_bin.181	rumen	rumen	Bacteria	10674_0009_idba_bin.181	10674_0009_idba	bin.181		ERZ1038103	webin-genome-10674_0009_idba_bin.181	10674_0009_idba_bin.181.fa.gz	rumen__10674_0009_idba_bin.181.faa	rumen__10674_0009_idba_bin.181	/home/rsg-jcorre38/Jay_Proyects/MethaNet/data/blue_catalyst_poc/proteomes/rumen__10674_0009_idba_bin.181.faa	2556.0	26.0	24.0	True		https://ftp.sra.ebi.ac.uk/vol1/analysis/ERZ103/ERZ1038103/10674_0009_idba_bin.181.fa.gz	https://ftp.ebi.ac.uk/vol1/analysis/ERZ103/ERZ1038103/10674_0009_idba_bin.181.fa.gz
rumen__10674_0009_idba_bin.182	rumen__10674_0009_idba_bin.182	rumen	rumen	Bacteria	10674_0009_idba_bin.182	10674_0009_idba	bin.182		ERZ1038104	webin-genome-10674_0009_idba_bin.182	10674_0009_idba_bin.182.fa.gz	rumen__10674_0009_idba_bin.182.faa	rumen__10674_0009_idba_bin.182	/home/rsg-jcorre38/Jay_Proyects/MethaNet/data/blue_catalyst_poc/proteomes/rumen__10674_0009_idba_bin.182.faa	3254.0	27.0	0.0	True		https://ftp.sra.ebi.ac.uk/vol1/analysis/ERZ103/ERZ1038104/10674_0009_idba_bin.182.fa.gz	https://ftp.ebi.ac.uk/vol1/analysis/ERZ103/ERZ1038104/10674_0009_idba_bin.182.fa.gz
rumen__10674_0009_idba_bin.183	rumen__10674_0009_idba_bin.183	rumen	rumen	Bacteria	10674_0009_idba_bin.183	10674_0009_idba	bin.183		ERZ1038105	webin-genome-10674_0009_idba_bin.183	10674_0009_idba_bin.183.fa.gz	rumen__10674_0009_idba_bin.183.faa	rumen__10674_0009_idba_bin.183	/home/rsg-jcorre38/Jay_Proyects/MethaNet/data/blue_catalyst_poc/proteomes/rumen__10674_0009_idba_bin.183.faa	2382.0	27.0	1.0	True		https://ftp.sra.ebi.ac.uk/vol1/analysis/ERZ103/ERZ1038105/10674_0009_idba_bin.183.fa.gz	https://ftp.ebi.ac.uk/vol1/analysis/ERZ103/ERZ1038105/10674_0009_idba_bin.183.fa.gz
rumen__10674_0009_idba_bin.184	rumen__10674_0009_idba_bin.184	rumen	rumen	Bacteria	10674_0009_idba_bin.184	10674_0009_idba	bin.184		ERZ1038106	webin-genome-10674_0009_idba_bin.184	10674_0009_idba_bin.184.fa.gz	rumen__10674_0009_idba_bin.184.faa	rumen__10674_0009_idba_bin.184	/home/rsg-jcorre38/Jay_Proyects/MethaNet/data/blue_catalyst_poc/proteomes/rumen__10674_0009_idba_bin.184.faa	2262.0	27.0	2.0	True		https://ftp.sra.ebi.ac.uk/vol1/analysis/ERZ103/ERZ1038106/10674_0009_idba_bin.184.fa.gz	https://ftp.ebi.ac.uk/vol1/analysis/ERZ103/ERZ1038106/10674_0009_idba_bin.184.fa.gz
rumen__10674_0009_idba_bin.185	rumen__10674_0009_idba_bin.185	rumen	rumen	Bacteria	10674_0009_idba_bin.185	10674_0009_idba	bin.185		ERZ1038107	webin-genome-10674_0009_idba_bin.185	10674_0009_idba_bin.185.fa.gz	rumen__10674_0009_idba_bin.185.faa	rumen__10674_0009_idba_bin.185	/home/rsg-jcorre38/Jay_Proyects/MethaNet/data/blue_catalyst_poc/proteomes/rumen__10674_0009_idba_bin.185.faa	1891.0	27.0	3.0	True		https://ftp.sra.ebi.ac.uk/vol1/analysis/ERZ103/ERZ1038107/10674_0009_idba_bin.185.fa.gz	https://ftp.ebi.ac.uk/vol1/analysis/ERZ103/ERZ1038107/10674_0009_idba_bin.185.fa.gz
rumen__10674_0009_idba_bin.187	rumen__10674_0009_idba_bin.187	rumen	rumen	Bacteria	10674_0009_idba_bin.187	10674_0009_idba	bin.187		ERZ1038108	webin-genome-10674_0009_idba_bin.187	10674_0009_idba_bin.187.fa.gz	rumen__10674_0009_idba_bin.187.faa	rumen__10674_0009_idba_bin.187	/home/rsg-jcorre38/Jay_Proyects/MethaNet/data/blue_catalyst_poc/proteomes/rumen__10674_0009_idba_bin.187.faa	2232.0	27.0	4.0	True		https://ftp.sra.ebi.ac.uk/vol1/analysis/ERZ103/ERZ1038108/10674_0009_idba_bin.187.fa.gz	https://ftp.ebi.ac.uk/vol1/analysis/ERZ103/ERZ1038108/10674_0009_idba_bin.187.fa.gz
rumen__10674_0009_idba_bin.189	rumen__10674_0009_idba_bin.189	rumen	rumen	Bacteria	10674_0009_idba_bin.189	10674_0009_idba	bin.189		ERZ1038109	webin-genome-10674_0009_idba_bin.189	10674_0009_idba_bin.189.fa.gz	rumen__10674_0009_idba_bin.189.faa	rumen__10674_0009_idba_bin.189	/home/rsg-jcorre38/Jay_Proyects/MethaNet/data/blue_catalyst_poc/proteomes/rumen__10674_0009_idba_bin.189.faa	1874.0	27.0	5.0	True		https://ftp.sra.ebi.ac.uk/vol1/analysis/ERZ103/ERZ1038109/10674_0009_idba_bin.189.fa.gz	https://ftp.ebi.ac.uk/vol1/analysis/ERZ103/ERZ1038109/10674_0009_idba_bin.189.fa.gz
rumen__10676_0040_idba_bin.58	rumen__10676_0040_idba_bin.58	rumen	rumen	Bacteria	10676_0040_idba_bin.58	10676_0040_idba	bin.58		ERZ1042108	webin-genome-10676_0040_idba_bin.58	10676_0040_idba_bin.58.fa.gz	rumen__10676_0040_idba_bin.58.faa	rumen__10676_0040_idba_bin.58	/home/rsg-jcorre38/Jay_Proyects/MethaNet/data/blue_catalyst_poc/proteomes/rumen__10676_0040_idba_bin.58.faa	2141.0	27.0	6.0	True		https://ftp.sra.ebi.ac.uk/vol1/analysis/ERZ104/ERZ1042108/10676_0040_idba_bin.58.fa.gz	https://ftp.ebi.ac.uk/vol1/analysis/ERZ104/ERZ1042108/10676_0040_idba_bin.58.fa.gz
rumen__10676_0040_idba_bin.61	rumen__10676_0040_idba_bin.61	rumen	rumen	Bacteria	10676_0040_idba_bin.61	10676_0040_idba	bin.61		ERZ1042112	webin-genome-10676_0040_idba_bin.61	10676_0040_idba_bin.61.fa.gz	rumen__10676_0040_idba_bin.61.faa	rumen__10676_0040_idba_bin.61	/home/rsg-jcorre38/Jay_Proyects/MethaNet/data/blue_catalyst_poc/proteomes/rumen__10676_0040_idba_bin.61.faa	912.0	27.0	7.0	True		https://ftp.sra.ebi.ac.uk/vol1/analysis/ERZ104/ERZ1042112/10676_0040_idba_bin.61.fa.gz	https://ftp.ebi.ac.uk/vol1/analysis/ERZ104/ERZ1042112/10676_0040_idba_bin.61.fa.gz
rumen__10676_0041_idba_bin.114	rumen__10676_0041_idba_bin.114	rumen	rumen	Bacteria	10676_0041_idba_bin.114	10676_0041_idba	bin.114		ERZ1042128	webin-genome-10676_0041_idba_bin.114	10676_0041_idba_bin.114.fa.gz	rumen__10676_0041_idba_bin.114.faa	rumen__10676_0041_idba_bin.114	/home/rsg-jcorre38/Jay_Proyects/MethaNet/data/blue_catalyst_poc/proteomes/rumen__10676_0041_idba_bin.114.faa	1800.0	27.0	8.0	True		https://ftp.sra.ebi.ac.uk/vol1/analysis/ERZ104/ERZ1042128/10676_0041_idba_bin.114.fa.gz	https://ftp.ebi.ac.uk/vol1/analysis/ERZ104/ERZ1042128/10676_0041_idba_bin.114.fa.gz
rumen__10676_0041_idba_bin.63	rumen__10676_0041_idba_bin.63	rumen	rumen	Bacteria	10676_0041_idba_bin.63	10676_0041_idba	bin.63		ERZ1042158	webin-genome-10676_0041_idba_bin.63	10676_0041_idba_bin.63.fa.gz	rumen__10676_0041_idba_bin.63.faa	rumen__10676_0041_idba_bin.63	/home/rsg-jcorre38/Jay_Proyects/MethaNet/data/blue_catalyst_poc/proteomes/rumen__10676_0041_idba_bin.63.faa	1663.0	27.0	9.0	True		https://ftp.sra.ebi.ac.uk/vol1/analysis/ERZ104/ERZ1042158/10676_0041_idba_bin.63.fa.gz	https://ftp.ebi.ac.uk/vol1/analysis/ERZ104/ERZ1042158/10676_0041_idba_bin.63.fa.gz
rumen__10676_0041_idba_bin.71	rumen__10676_0041_idba_bin.71	rumen	rumen	Bacteria	10676_0041_idba_bin.71	10676_0041_idba	bin.71		ERZ1042161	webin-genome-10676_0041_idba_bin.71	10676_0041_idba_bin.71.fa.gz	rumen__10676_0041_idba_bin.71.faa	rumen__10676_0041_idba_bin.71	/home/rsg-jcorre38/Jay_Proyects/MethaNet/data/blue_catalyst_poc/proteomes/rumen__10676_0041_idba_bin.71.faa	1729.0	27.0	10.0	True		https://ftp.sra.ebi.ac.uk/vol1/analysis/ERZ104/ERZ1042161/10676_0041_idba_bin.71.fa.gz	https://ftp.ebi.ac.uk/vol1/analysis/ERZ104/ERZ1042161/10676_0041_idba_bin.71.fa.gz
rumen__10676_0041_idba_bin.75	rumen__10676_0041_idba_bin.75	rumen	rumen	Bacteria	10676_0041_idba_bin.75	10676_0041_idba	bin.75		ERZ1042163	webin-genome-10676_0041_idba_bin.75	10676_0041_idba_bin.75.fa.gz	rumen__10676_0041_idba_bin.75.faa	rumen__10676_0041_idba_bin.75	/home/rsg-jcorre38/Jay_Proyects/MethaNet/data/blue_catalyst_poc/proteomes/rumen__10676_0041_idba_bin.75.faa	862.0	27.0	11.0	True		https://ftp.sra.ebi.ac.uk/vol1/analysis/ERZ104/ERZ1042163/10676_0041_idba_bin.75.fa.gz	https://ftp.ebi.ac.uk/vol1/analysis/ERZ104/ERZ1042163/10676_0041_idba_bin.75.fa.gz
